date,ticker,sector,close,forward_return_20d,target,up_probability,universe_rank,universe_percentile,sector_rank,sector_percentile,cross_section_size,training_observations
2023-07-27,DIS,Communication Services,85.36000061035156,-0.033856599917806984,0.0,0.5323043057061121,1,1.0,1,1.0,33,10659
2023-07-27,AMT,Real Estate,193.22999572753906,-0.08321690310301533,0.0,0.5300598167231622,2,0.9696969696969697,1,1.0,33,10659
2023-07-27,UNP,Industrials,232.10000610351562,-0.041275319169022495,0.0,0.5290305095554593,3,0.9393939393939394,1,1.0,33,10659
2023-07-27,XOM,Energy,105.41999816894531,0.008821858483485823,1.0,0.5209264255920946,4,0.9090909090909091,1,1.0,33,10659
2023-07-27,NEE,Utilities,73.2699966430664,-0.0825712528940834,0.0,0.5135824941842094,5,0.8787878787878788,1,1.0,33,10659
2023-07-27,META,Communication Services,311.7099914550781,-0.08007440293640766,0.0,0.5105051624131831,6,0.8484848484848485,2,0.6666666666666666,33,10659
2023-07-27,NEM,Materials,42.11000061035156,-0.07242933253035366,0.0,0.5018380677515465,7,0.8181818181818182,1,1.0,33,10659
2023-07-27,GOOGL,Communication Services,129.39999389648438,0.0029366684755525174,1.0,0.489205049144849,8,0.7878787878787878,3,0.3333333333333333,33,10659
2023-07-27,SO,Utilities,72.86000061035156,-0.07452649272149903,0.0,0.48872890451053896,9,0.7575757575757576,2,0.6666666666666666,33,10659
2023-07-27,MSFT,Information Technology,330.7200012207031,-0.032504837809389286,0.0,0.47193522085532585,10,0.7272727272727273,1,1.0,33,10659
2023-07-27,CVX,Energy,159.66000366210938,-0.010772899794886603,0.0,0.4706311448148723,11,0.696969696969697,2,0.6666666666666666,33,10659
2023-07-27,JNJ,Health Care,173.69000244140625,-0.049513535509430384,0.0,0.46946022025207196,12,0.6666666666666666,1,1.0,33,10659
2023-07-27,HON,Industrials,194.1455841064453,-0.057278152084426326,0.0,0.46818217500801335,13,0.6363636363636364,2,0.6666666666666666,33,10659
2023-07-27,LLY,Health Care,454.989990234375,0.204422101061418,1.0,0.46592761357036616,14,0.6060606060606061,2,0.6666666666666666,33,10659
2023-07-27,UNH,Health Care,505.2300109863281,-0.03390535896585145,0.0,0.4619016398290998,15,0.5757575757575758,3,0.3333333333333333,33,10659
2023-07-27,PLD,Real Estate,124.94000244140625,-0.02561233003927177,0.0,0.4615540337236379,16,0.5454545454545454,2,0.6666666666666666,33,10659
2023-07-27,HD,Consumer Discretionary,329.7099914550781,-0.021594720517159605,0.0,0.4611157487057381,17,0.5151515151515151,1,1.0,33,10659
2023-07-27,AMZN,Consumer Discretionary,128.25,0.02799217417458566,1.0,0.45744479502289626,18,0.48484848484848486,2,0.6666666666666666,33,10659
2023-07-27,LIN,Materials,384.6300048828125,-0.01739334517972546,0.0,0.44605993615128703,19,0.45454545454545453,2,0.6666666666666666,33,10659
2023-07-27,COP,Energy,115.77999877929688,-0.008464292087333347,0.0,0.44536690964447484,20,0.42424242424242425,3,0.3333333333333333,33,10659
2023-07-27,NVDA,Information Technology,45.900001525878906,0.0275162664836055,1.0,0.4402932584243615,21,0.3939393939393939,2,0.6666666666666666,33,10659
2023-07-27,DUK,Utilities,94.44000244140625,-0.0471199117174701,0.0,0.4385554884411067,22,0.36363636363636365,3,0.3333333333333333,33,10659
2023-07-27,GS,Financials,354.510009765625,-0.09745851276072204,0.0,0.41074450289231207,23,0.3333333333333333,1,1.0,33,10659
2023-07-27,KO,Consumer Staples,62.439998626708984,-0.03731579224219839,0.0,0.4091614895803445,24,0.30303030303030304,1,1.0,33,10659
2023-07-27,APD,Materials,302.8900146484375,-0.053682884807205955,0.0,0.4069469586662812,25,0.2727272727272727,3,0.3333333333333333,33,10659
2023-07-27,JPM,Financials,156.02000427246094,-0.05633898413162264,0.0,0.39994033400042595,26,0.24242424242424243,2,0.6666666666666666,33,10659
2023-07-27,BLK,Financials,729.0700073242188,-0.07668678400978879,0.0,0.38874505667311643,27,0.21212121212121213,3,0.3333333333333333,33,10659
2023-07-27,O,Real Estate,62.189998626708984,-0.09374494524998411,0.0,0.3713337155795796,28,0.18181818181818182,3,0.3333333333333333,33,10659
2023-07-27,CAT,Industrials,258.29998779296875,0.04258614215969936,1.0,0.3602138233234777,29,0.15151515151515152,3,0.3333333333333333,33,10659
2023-07-27,MCD,Consumer Discretionary,295.19000244140625,-0.04349739568310518,0.0,0.3602133718411477,30,0.12121212121212122,3,0.3333333333333333,33,10659
2023-07-27,WMT,Consumer Staples,53.0533332824707,-0.014262404339263735,0.0,0.35854045099595105,31,0.09090909090909091,2,0.6666666666666666,33,10659
2023-07-27,PG,Consumer Staples,152.11000061035156,0.0028268534222331,1.0,0.3456083804264188,32,0.06060606060606061,3,0.3333333333333333,33,10659
2023-07-27,AAPL,Information Technology,193.22000122070312,-0.08715451936394181,0.0,0.28911175736229316,33,0.030303030303030304,3,0.3333333333333333,33,10659
2023-08-24,HON,Industrials,183.02528381347656,0.02495142664558525,1.0,0.6716907925157524,1,1.0,1,1.0,33,11319
2023-08-24,MCD,Consumer Discretionary,282.3500061035156,-0.03587747357476101,0.0,0.6481220932687313,2,0.9696969696969697,1,1.0,33,11319
2023-08-24,KO,Consumer Staples,60.11000061035156,-0.04175681435275547,0.0,0.6411901148290939,3,0.9393939393939394,1,1.0,33,11319
2023-08-24,APD,Materials,286.6300048828125,3.492225326895415e-05,1.0,0.5677448748865899,4,0.9090909090909091,1,1.0,33,11319
2023-08-24,NEM,Materials,39.060001373291016,0.043010758988978326,1.0,0.5565800514647974,5,0.8787878787878788,2,0.6666666666666666,33,11319
2023-08-24,AAPL,Information Technology,176.3800048828125,-0.009014693007498797,0.0,0.5362442901010283,6,0.8484848484848485,1,1.0,33,11319
2023-08-24,NVDA,Information Technology,47.16299819946289,-0.11774055511963966,0.0,0.5323324803546916,7,0.8181818181818182,2,0.6666666666666666,33,11319
2023-08-24,NEE,Utilities,67.22000122070312,0.0071406682359778095,1.0,0.531275070890603,8,0.7878787878787878,1,1.0,33,11319
2023-08-24,MSFT,Information Technology,319.9700012207031,-0.009250840528129523,0.0,0.5309259754674583,9,0.7575757575757576,3,0.3333333333333333,33,11319
2023-08-24,DIS,Communication Services,82.47000122070312,-0.01479327273729758,0.0,0.5219700579184579,10,0.7272727272727273,1,1.0,33,11319
2023-08-24,AMT,Real Estate,177.14999389648438,-0.06175550414644582,0.0,0.5214805276050527,11,0.696969696969697,1,1.0,33,11319
2023-08-24,META,Communication Services,286.75,0.042999081333097156,1.0,0.5095615943794002,12,0.6666666666666666,2,0.6666666666666666,33,11319
2023-08-24,O,Real Estate,56.36000061035156,-0.08516677049465715,0.0,0.5089608255230836,13,0.6363636363636364,2,0.6666666666666666,33,11319
2023-08-24,PLD,Real Estate,121.73999786376953,-0.06300310747112259,0.0,0.5088622707504044,14,0.6060606060606061,3,0.3333333333333333,33,11319
2023-08-24,BLK,Financials,673.1599731445312,-0.01940103107673885,0.0,0.48778692448047223,15,0.5757575757575758,1,1.0,33,11319
2023-08-24,DUK,Utilities,89.98999786376953,0.03711527999302078,1.0,0.4857194991663895,16,0.5454545454545454,2,0.6666666666666666,33,11319
2023-08-24,GOOGL,Communication Services,129.77999877929688,0.0036215227702567354,1.0,0.4835591305220763,17,0.5151515151515151,3,0.3333333333333333,33,11319
2023-08-24,SO,Utilities,67.43000030517578,0.028770612970875797,1.0,0.48071793777512806,18,0.48484848484848486,3,0.3333333333333333,33,11319
2023-08-24,GS,Financials,319.9599914550781,0.024784421193712713,1.0,0.4802856388133891,19,0.45454545454545453,2,0.6666666666666666,33,11319
2023-08-24,JPM,Financials,147.22999572753906,-0.010188141299520725,0.0,0.4728671589405649,20,0.42424242424242425,3,0.3333333333333333,33,11319
2023-08-24,LIN,Materials,377.94000244140625,-0.013203128015401355,0.0,0.46620494055639217,21,0.3939393939393939,3,0.3333333333333333,33,11319
2023-08-24,LLY,Health Care,548.0,0.004634996400262326,1.0,0.46430274511319897,22,0.36363636363636365,1,1.0,33,11319
2023-08-24,JNJ,Health Care,165.08999633789062,-0.027802994970671957,0.0,0.46361974720536203,23,0.3333333333333333,2,0.6666666666666666,33,11319
2023-08-24,XOM,Energy,106.3499984741211,0.08077107748502144,1.0,0.45862369400195113,24,0.30303030303030304,1,1.0,33,11319
2023-08-24,WMT,Consumer Staples,52.29666519165039,0.03480152133700609,1.0,0.4500750079987207,25,0.2727272727272727,2,0.6666666666666666,33,11319
2023-08-24,AMZN,Consumer Discretionary,131.83999633789062,-0.02063107779320683,0.0,0.4499353206716822,26,0.24242424242424243,2,0.6666666666666666,33,11319
2023-08-24,CVX,Energy,157.94000244140625,0.05280483860309326,1.0,0.43933441264268946,27,0.21212121212121213,2,0.6666666666666666,33,11319
2023-08-24,CAT,Industrials,269.29998779296875,0.013962160921134448,1.0,0.43156249751815323,28,0.18181818181818182,2,0.6666666666666666,33,11319
2023-08-24,PG,Consumer Staples,152.5399932861328,-0.006293375490566522,0.0,0.41487495566723026,29,0.15151515151515152,3,0.3333333333333333,33,11319
2023-08-24,UNP,Industrials,222.52000427246094,-0.05968002212976953,0.0,0.407571115688368,30,0.12121212121212122,3,0.3333333333333333,33,11319
2023-08-24,UNH,Health Care,488.1000061035156,0.0368776885370139,1.0,0.40670792716256954,31,0.09090909090909091,3,0.3333333333333333,33,11319
2023-08-24,HD,Consumer Discretionary,322.5899963378906,-0.05226443951443194,0.0,0.3911312851815976,32,0.06060606060606061,3,0.3333333333333333,33,11319
2023-08-24,COP,Energy,114.80000305175781,0.037979098383698284,1.0,0.3588484724256801,33,0.030303030303030304,3,0.3333333333333333,33,11319
2023-09-22,AMT,Real Estate,166.2100067138672,-0.036820950176076006,0.0,0.6194573979115571,1,1.0,1,1.0,33,11979
2023-09-22,O,Real Estate,51.560001373291016,-0.04286273933876861,0.0,0.6194197756623242,2,0.9696969696969697,2,0.6666666666666666,33,11979
2023-09-22,PLD,Real Estate,114.06999969482422,-0.10204260034004886,0.0,0.601760350284865,3,0.9393939393939394,3,0.3333333333333333,33,11979
2023-09-22,NVDA,Information Technology,41.61000061035156,-0.005359278286057756,0.0,0.5944108573576827,4,0.9090909090909091,1,1.0,33,11979
2023-09-22,AAPL,Information Technology,174.7899932861328,-0.010927332665970457,0.0,0.5684944204590705,5,0.8787878787878788,2,0.6666666666666666,33,11979
2023-09-22,NEE,Utilities,67.69999694824219,-0.23249628616383888,0.0,0.5620656121887603,6,0.8484848484848485,1,1.0,33,11979
2023-09-22,JPM,Financials,145.72999572753906,-0.01907636629931997,0.0,0.5607685390194138,7,0.8181818181818182,1,1.0,33,11979
2023-09-22,KO,Consumer Staples,57.599998474121094,-0.052604146867438084,0.0,0.5536078123980304,8,0.7878787878787878,1,1.0,33,11979
2023-09-22,META,Communication Services,299.0799865722656,0.03199815351705726,1.0,0.543240322954336,9,0.7575757575757576,1,1.0,33,11979
2023-09-22,GS,Financials,327.8900146484375,-0.08490660163993935,0.0,0.5300763025940595,10,0.7272727272727273,2,0.6666666666666666,33,11979
2023-09-22,HON,Industrials,187.59202575683594,-0.044577974465820014,0.0,0.5175785748139713,11,0.696969696969697,1,1.0,33,11979
2023-09-22,DIS,Communication Services,81.25,0.017230788010817344,1.0,0.5110826595349413,12,0.6666666666666666,2,0.6666666666666666,33,11979
2023-09-22,PG,Consumer Staples,151.5800018310547,-0.023288024387486672,0.0,0.5065050117404715,13,0.6363636363636364,2,0.6666666666666666,33,11979
2023-09-22,JNJ,Health Care,160.5,-0.04672897196261683,0.0,0.5060872154850489,14,0.6060606060606061,1,1.0,33,11979
2023-09-22,AMZN,Consumer Discretionary,129.1199951171875,-0.03059167516740713,0.0,0.5029953302152537,15,0.5757575757575758,1,1.0,33,11979
2023-09-22,UNP,Industrials,209.24000549316406,0.010036277908600955,1.0,0.5017168251802253,16,0.5454545454545454,2,0.6666666666666666,33,11979
2023-09-22,BLK,Financials,660.0999755859375,-0.06858045776461341,0.0,0.5010160085254541,17,0.5151515151515151,3,0.3333333333333333,33,11979
2023-09-22,MSFT,Information Technology,317.010009765625,0.030472235464272357,1.0,0.4962214956190765,18,0.48484848484848486,3,0.3333333333333333,33,11979
2023-09-22,UNH,Health Care,506.1000061035156,0.041355508676043096,1.0,0.4952342606582824,19,0.45454545454545453,2,0.6666666666666666,33,11979
2023-09-22,MCD,Consumer Discretionary,272.2200012207031,-0.05183313425122238,0.0,0.4932248326142323,20,0.42424242424242425,2,0.6666666666666666,33,11979
2023-09-22,APD,Materials,286.6400146484375,-0.02815380586034566,0.0,0.4909302536396668,21,0.3939393939393939,1,1.0,33,11979
2023-09-22,NEM,Materials,40.7400016784668,-0.04761910558368099,0.0,0.48200254731330516,22,0.36363636363636365,2,0.6666666666666666,33,11979
2023-09-22,LIN,Materials,372.95001220703125,-0.017670000374770067,0.0,0.48154259547338485,23,0.3333333333333333,3,0.3333333333333333,33,11979
2023-09-22,HD,Consumer Discretionary,305.7300109863281,-0.0631930351289024,0.0,0.47989135362918517,24,0.30303030303030304,3,0.3333333333333333,33,11979
2023-09-22,CAT,Industrials,273.05999755859375,-0.08738006600630555,0.0,0.4724867363262597,25,0.2727272727272727,3,0.3333333333333333,33,11979
2023-09-22,LLY,Health Care,550.5399780273438,0.06193925597061756,1.0,0.45613145870922533,26,0.24242424242424243,3,0.3333333333333333,33,11979
2023-09-22,COP,Energy,119.16000366210938,0.04112112911962318,1.0,0.4442109795824455,27,0.21212121212121213,1,1.0,33,11979
2023-09-22,DUK,Utilities,93.33000183105469,-0.06750244217461854,0.0,0.4433528423907697,28,0.18181818181818182,2,0.6666666666666666,33,11979
2023-09-22,GOOGL,Communication Services,130.25,0.041074902906069966,1.0,0.42926113068895233,29,0.15151515151515152,3,0.3333333333333333,33,11979
2023-09-22,SO,Utilities,69.37000274658203,-0.0524722393762308,0.0,0.4197763232572293,30,0.12121212121212122,3,0.3333333333333333,33,11979
2023-09-22,WMT,Consumer Staples,54.116668701171875,-0.022112790032115304,0.0,0.40428615551041963,31,0.09090909090909091,3,0.3333333333333333,33,11979
2023-09-22,XOM,Energy,114.94000244140625,-0.03358274341710843,0.0,0.39688804551567847,32,0.06060606060606061,2,0.6666666666666666,33,11979
2023-09-22,CVX,Energy,166.27999877929688,0.0033076921806320936,1.0,0.3538687710410996,33,0.030303030303030304,3,0.3333333333333333,33,11979
2023-10-20,PLD,Real Estate,102.43000030517578,0.07458751700562471,1.0,0.6563987850680021,1,1.0,1,1.0,33,12639
2023-10-20,HD,Consumer Discretionary,286.4100036621094,0.07283260041493511,1.0,0.6461093854622414,2,0.9696969696969697,1,1.0,33,12639
2023-10-20,CAT,Industrials,249.1999969482422,0.015529736851402687,1.0,0.6220232044493061,3,0.9393939393939394,1,1.0,33,12639
2023-10-20,BLK,Financials,614.8300170898438,0.16594825468127605,1.0,0.6202850252184916,4,0.9090909090909091,1,1.0,33,12639
2023-10-20,AMT,Real Estate,160.08999633789062,0.23518027369935246,1.0,0.6001804365493351,5,0.8787878787878788,2,0.6666666666666666,33,12639
2023-10-20,KO,Consumer Staples,54.56999969482422,0.04929445925879539,1.0,0.5961408981846222,6,0.8484848484848485,1,1.0,33,12639
2023-10-20,GS,Financials,300.04998779296875,0.13044497997261595,1.0,0.591074410753892,7,0.8181818181818182,2,0.6666666666666666,33,12639
2023-10-20,NVDA,Information Technology,41.387001037597656,0.19114695676811722,1.0,0.5808673823903385,8,0.7878787878787878,1,1.0,33,12639
2023-10-20,O,Real Estate,49.349998474121094,0.07213782134477387,1.0,0.5758811316693815,9,0.7575757575757576,3,0.3333333333333333,33,12639
2023-10-20,AMZN,Consumer Discretionary,125.16999816894531,0.15986254533476862,1.0,0.5701648357348993,10,0.7272727272727273,2,0.6666666666666666,33,12639
2023-10-20,SO,Utilities,65.7300033569336,0.06146345777885398,1.0,0.5589934808069794,11,0.696969696969697,1,1.0,33,12639
2023-10-20,XOM,Energy,111.08000183105469,-0.05509545053744369,0.0,0.5484786963478413,12,0.6666666666666666,1,1.0,33,12639
2023-10-20,CVX,Energy,166.8300018310547,-0.13408856243879408,0.0,0.5374282855015277,13,0.6363636363636364,2,0.6666666666666666,33,12639
2023-10-20,DIS,Communication Services,82.6500015258789,0.1391409532690593,1.0,0.5277069035116018,14,0.6060606060606061,1,1.0,33,12639
2023-10-20,NEM,Materials,38.79999923706055,-0.06314435080192704,0.0,0.52674059168078,15,0.5757575757575758,1,1.0,33,12639
2023-10-20,NEE,Utilities,51.959999084472656,0.10411855163078321,1.0,0.5192382199145913,16,0.5454545454545454,2,0.6666666666666666,33,12639
2023-10-20,DUK,Utilities,87.02999877929688,0.03424110535139402,1.0,0.5033820766250008,17,0.5151515151515151,3,0.3333333333333333,33,12639
2023-10-20,COP,Energy,124.05999755859375,-0.07633404326185345,0.0,0.5029260841262005,18,0.48484848484848486,3,0.3333333333333333,33,12639
2023-10-20,MSFT,Information Technology,326.6700134277344,0.13218229681596871,1.0,0.4908778336778254,19,0.45454545454545453,2,0.6666666666666666,33,12639
2023-10-20,META,Communication Services,308.6499938964844,0.0855014261146827,1.0,0.4890792802707665,20,0.42424242424242425,2,0.6666666666666666,33,12639
2023-10-20,GOOGL,Communication Services,135.60000610351562,-0.0021387059872289838,0.0,0.4853669035605288,21,0.3939393939393939,3,0.3333333333333333,33,12639
2023-10-20,UNP,Industrials,211.33999633789062,0.03723862265708555,1.0,0.48198063741854935,22,0.36363636363636365,2,0.6666666666666666,33,12639
2023-10-20,APD,Materials,278.57000732421875,-0.03080021848819403,0.0,0.4807552620875424,23,0.3333333333333333,2,0.6666666666666666,33,12639
2023-10-20,LLY,Health Care,584.6400146484375,0.012092924102141911,1.0,0.47799989731429887,24,0.30303030303030304,1,1.0,33,12639
2023-10-20,MCD,Consumer Discretionary,258.1099853515625,0.0683430151856026,1.0,0.4758212712580175,25,0.2727272727272727,3,0.3333333333333333,33,12639
2023-10-20,LIN,Materials,366.3599853515625,0.11333120753186776,1.0,0.4580752960733955,26,0.24242424242424243,3,0.3333333333333333,33,12639
2023-10-20,HON,Industrials,179.22955322265625,0.054544496384637986,1.0,0.45460744533513586,27,0.21212121212121213,3,0.3333333333333333,33,12639
2023-10-20,PG,Consumer Staples,148.0500030517578,0.020398542453289537,1.0,0.4365663837023388,28,0.18181818181818182,2,0.6666666666666666,33,12639
2023-10-20,AAPL,Information Technology,172.8800048828125,0.09723505948526823,1.0,0.4361123916800589,29,0.15151515151515152,3,0.3333333333333333,33,12639
2023-10-20,JNJ,Health Care,153.0,-0.02098043603834765,0.0,0.4222261529481707,30,0.12121212121212122,2,0.6666666666666666,33,12639
2023-10-20,WMT,Consumer Staples,52.91999816894531,-0.021478937709134338,0.0,0.41095620348246437,31,0.09090909090909091,3,0.3333333333333333,33,12639
2023-10-20,JPM,Financials,142.9499969482422,0.06904519473022575,1.0,0.4008519269427234,32,0.06060606060606061,3,0.3333333333333333,33,12639
2023-10-20,UNH,Health Care,527.030029296875,0.017570059039752728,1.0,0.36646602631520814,33,0.030303030303030304,3,0.3333333333333333,33,12639
2023-11-17,CVX,Energy,144.4600067138672,0.036134471267562196,1.0,0.6266582026681397,1,1.0,1,1.0,33,13299
2023-11-17,CAT,Industrials,253.07000732421875,0.12897610616118138,1.0,0.572246524938787,2,0.9696969696969697,1,1.0,33,13299
2023-11-17,APD,Materials,269.989990234375,0.004481729013752878,1.0,0.5702650102156307,3,0.9393939393939394,1,1.0,33,13299
2023-11-17,XOM,Energy,104.95999908447266,-0.03153580018545765,0.0,0.5567927021074871,4,0.9090909090909091,2,0.6666666666666666,33,13299
2023-11-17,NEM,Materials,36.349998474121094,0.13039895123630818,1.0,0.5550629362725443,5,0.8787878787878788,2,0.6666666666666666,33,13299
2023-11-17,COP,Energy,114.58999633789062,0.0027053425071605908,1.0,0.5428315126995876,6,0.8484848484848485,3,0.3333333333333333,33,13299
2023-11-17,GOOGL,Communication Services,135.30999755859375,0.0036213546818806286,1.0,0.5297380807459164,7,0.8181818181818182,1,1.0,33,13299
2023-11-17,WMT,Consumer Staples,51.78333282470703,-0.0024460963749448617,0.0,0.5260721711644726,8,0.7878787878787878,1,1.0,33,13299
2023-11-17,NEE,Utilities,57.369998931884766,0.06327350768169127,1.0,0.5219298800719128,9,0.7575757575757576,1,1.0,33,13299
2023-11-17,NVDA,Information Technology,49.29800033569336,0.015801844361002626,1.0,0.5061484368062374,10,0.7272727272727273,1,1.0,33,13299
2023-11-17,DIS,Communication Services,94.1500015258789,-0.013701549597668006,0.0,0.5048874387167132,11,0.696969696969697,2,0.6666666666666666,33,13299
2023-11-17,LIN,Materials,407.8800048828125,0.002991078763602717,1.0,0.5027859607863374,12,0.6666666666666666,3,0.3333333333333333,33,13299
2023-11-17,LLY,Health Care,591.7100219726562,-0.02019572385675006,0.0,0.5001616281990738,13,0.6363636363636364,1,1.0,33,13299
2023-11-17,BLK,Financials,716.8599853515625,0.11101193917361152,1.0,0.49659210485624017,14,0.6060606060606061,1,1.0,33,13299
2023-11-17,AMT,Real Estate,197.74000549316406,0.0654900201703994,1.0,0.49658068760580665,15,0.5757575757575758,1,1.0,33,13299
2023-11-17,PLD,Real Estate,110.06999969482422,0.20541467287766535,1.0,0.4939304661063296,16,0.5454545454545454,2,0.6666666666666666,33,13299
2023-11-17,O,Real Estate,52.90999984741211,0.06804003939714942,1.0,0.4869863876411132,17,0.5151515151515151,3,0.3333333333333333,33,13299
2023-11-17,HD,Consumer Discretionary,307.2699890136719,0.14169951541536507,1.0,0.4867434081125273,18,0.48484848484848486,1,1.0,33,13299
2023-11-17,SO,Utilities,69.7699966430664,0.023649155873119554,1.0,0.47962399160939034,19,0.45454545454545453,2,0.6666666666666666,33,13299
2023-11-17,UNP,Industrials,219.2100067138672,0.09985857725108893,1.0,0.4785746847517864,20,0.42424242424242425,2,0.6666666666666666,33,13299
2023-11-17,MCD,Consumer Discretionary,275.75,0.052511372570546166,1.0,0.4722737489959832,21,0.3939393939393939,2,0.6666666666666666,33,13299
2023-11-17,HON,Industrials,189.0055389404297,0.07264262452522541,1.0,0.4718294316961019,22,0.36363636363636365,3,0.3333333333333333,33,13299
2023-11-17,JPM,Financials,152.82000732421875,0.08775021437389441,1.0,0.4710177395136239,23,0.3333333333333333,2,0.6666666666666666,33,13299
2023-11-17,META,Communication Services,335.0400085449219,0.028593559956828773,1.0,0.46858552030557404,24,0.30303030303030304,3,0.3333333333333333,33,13299
2023-11-17,DUK,Utilities,90.01000213623047,0.07954667106749058,1.0,0.46777851690900557,25,0.2727272727272727,3,0.3333333333333333,33,13299
2023-11-17,AAPL,Information Technology,189.69000244140625,0.03268489044464706,1.0,0.45537600272144185,26,0.24242424242424243,2,0.6666666666666666,33,13299
2023-11-17,GS,Financials,339.19000244140625,0.10970250062575482,1.0,0.45438972198175803,27,0.21212121212121213,3,0.3333333333333333,33,13299
2023-11-17,AMZN,Consumer Discretionary,145.17999267578125,0.061234433785176234,1.0,0.45090139973966453,28,0.18181818181818182,3,0.3333333333333333,33,13299
2023-11-17,JNJ,Health Care,149.7899932861328,0.03771953674155415,1.0,0.446751123336525,29,0.15151515151515152,2,0.6666666666666666,33,13299
2023-11-17,MSFT,Information Technology,369.8500061035156,0.007570603614334148,1.0,0.4314027932303813,30,0.12121212121212122,3,0.3333333333333333,33,13299
2023-11-17,KO,Consumer Staples,57.2599983215332,0.030737027380746573,1.0,0.3437531951402326,31,0.09090909090909091,2,0.6666666666666666,33,13299
2023-11-17,PG,Consumer Staples,151.07000732421875,-0.03243535392672148,0.0,0.3394771290532317,32,0.06060606060606061,3,0.3333333333333333,33,13299
2023-11-17,UNH,Health Care,536.2899780273438,-0.0181617979701989,0.0,0.32019941081153164,33,0.030303030303030304,3,0.3333333333333333,33,13299
2023-12-18,COP,Energy,114.9000015258789,-0.06936467462890361,0.0,0.543865484727959,1,1.0,1,1.0,33,13959
2023-12-18,PLD,Real Estate,132.67999267578125,-0.04838702814250795,0.0,0.5404449311636788,2,0.9696969696969697,1,1.0,33,13959
2023-12-18,APD,Materials,271.20001220703125,-0.041187363292621515,0.0,0.532358238872013,3,0.9393939393939394,1,1.0,33,13959
2023-12-18,XOM,Energy,101.6500015258789,-0.04771272406608218,0.0,0.5316125756086351,4,0.9090909090909091,2,0.6666666666666666,33,13959
2023-12-18,CVX,Energy,149.67999267578125,-0.052511930359242176,0.0,0.5238258910257816,5,0.8787878787878788,3,0.3333333333333333,33,13959
2023-12-18,LLY,Health Care,579.760009765625,0.07518622375823103,1.0,0.5183911289222484,6,0.8484848484848485,1,1.0,33,13959
2023-12-18,GOOGL,Communication Services,135.8000030517578,0.056553700318063616,1.0,0.5183853665233755,7,0.8181818181818182,1,1.0,33,13959
2023-12-18,META,Communication Services,344.6199951171875,0.09143407292693517,1.0,0.5181106082549145,8,0.7878787878787878,2,0.6666666666666666,33,13959
2023-12-18,NVDA,Information Technology,50.07699966430664,0.1403837854987875,1.0,0.5178943461158098,9,0.7575757575757576,1,1.0,33,13959
2023-12-18,PG,Consumer Staples,146.1699981689453,0.0134774662747561,1.0,0.5114461059325459,10,0.7272727272727273,1,1.0,33,13959
2023-12-18,UNH,Health Care,526.5499877929688,-0.019390297548567026,0.0,0.5061026016691776,11,0.696969696969697,2,0.6666666666666666,33,13959
2023-12-18,CAT,Industrials,285.7099914550781,-0.01333519188177501,0.0,0.49432633518849733,12,0.6666666666666666,1,1.0,33,13959
2023-12-18,LIN,Materials,409.1000061035156,-0.003055487610243879,0.0,0.4932578963977997,13,0.6363636363636364,2,0.6666666666666666,33,13959
2023-12-18,WMT,Consumer Staples,51.65666580200195,0.05336519591462818,1.0,0.48921372832881693,14,0.6060606060606061,2,0.6666666666666666,33,13959
2023-12-18,AMZN,Consumer Discretionary,154.07000732421875,-0.0036996644195599337,0.0,0.4872499005348301,15,0.5757575757575758,1,1.0,33,13959
2023-12-18,HD,Consumer Discretionary,350.80999755859375,0.02021035998754983,1.0,0.4795637047395858,16,0.5454545454545454,2,0.6666666666666666,33,13959
2023-12-18,SO,Utilities,71.41999816894531,-0.03710447485045121,0.0,0.4785675386864124,17,0.5151515151515151,1,1.0,33,13959
2023-12-18,NEM,Materials,41.09000015258789,-0.15745926494710993,0.0,0.47565848745212863,18,0.48484848484848486,3,0.3333333333333333,33,13959
2023-12-18,O,Real Estate,56.5099983215332,-0.006901422778839983,0.0,0.4742523795324076,19,0.45454545454545453,2,0.6666666666666666,33,13959
2023-12-18,DIS,Communication Services,92.86000061035156,-0.006999801008039652,0.0,0.47418429726685457,20,0.42424242424242425,3,0.3333333333333333,33,13959
2023-12-18,JPM,Financials,166.22999572753906,0.007158770811477089,1.0,0.47341495633288444,21,0.3939393939393939,1,1.0,33,13959
2023-12-18,MSFT,Information Technology,372.6499938964844,0.05694351688785404,1.0,0.47097197428050097,22,0.36363636363636365,2,0.6666666666666666,33,13959
2023-12-18,DUK,Utilities,97.16999816894531,-0.013481502349275698,0.0,0.47092187740067054,23,0.3333333333333333,2,0.6666666666666666,33,13959
2023-12-18,NEE,Utilities,61.0,-0.05491800777247691,0.0,0.4690607671539396,24,0.30303030303030304,3,0.3333333333333333,33,13959
2023-12-18,UNP,Industrials,241.10000610351562,-0.012899214150232319,0.0,0.46628884849937935,25,0.2727272727272727,2,0.6666666666666666,33,13959
2023-12-18,GS,Financials,376.3999938964844,0.0013549675183184284,1.0,0.4630554224277653,26,0.24242424242424243,2,0.6666666666666666,33,13959
2023-12-18,BLK,Financials,796.4400024414062,-0.0014815838885089416,0.0,0.460864286405642,27,0.21212121212121213,3,0.3333333333333333,33,13959
2023-12-18,AMT,Real Estate,210.69000244140625,-0.03217997389877303,0.0,0.45095275230176685,28,0.18181818181818182,3,0.3333333333333333,33,13959
2023-12-18,HON,Industrials,202.7353973388672,-0.02423210022649358,0.0,0.4442342310570973,29,0.15151515151515152,3,0.3333333333333333,33,13959
2023-12-18,JNJ,Health Care,155.44000244140625,0.03712045922436191,1.0,0.31092131844312704,30,0.12121212121212122,3,0.3333333333333333,33,13959
2023-12-18,AAPL,Information Technology,195.88999938964844,-0.03706158828657169,0.0,0.3008553259899841,31,0.09090909090909091,3,0.3333333333333333,33,13959
2023-12-18,MCD,Consumer Discretionary,290.2300109863281,0.014230004509867555,1.0,0.29744713844253867,32,0.06060606060606061,3,0.3333333333333333,33,13959
2023-12-18,KO,Consumer Staples,59.02000045776367,0.01931547578459014,1.0,0.28849729754270925,33,0.030303030303030304,3,0.3333333333333333,33,13959
2024-01-18,NEM,Materials,34.619998931884766,-0.044482875457623194,0.0,0.5911403762767768,1,1.0,1,1.0,33,14619
2024-01-18,COP,Energy,106.93000030517578,0.0380622807744182,1.0,0.5454631921540688,2,0.9696969696969697,1,1.0,33,14619
2024-01-18,DIS,Communication Services,92.20999908447266,0.2194989487553065,1.0,0.5329979386016659,3,0.9393939393939394,1,1.0,33,14619
2024-01-18,MSFT,Information Technology,393.8699951171875,0.032218758978151296,1.0,0.5190607019403547,4,0.9090909090909091,1,1.0,33,14619
2024-01-18,XOM,Energy,96.80000305175781,0.07159090998654616,1.0,0.5142567166259517,5,0.8787878787878788,2,0.6666666666666666,33,14619
2024-01-18,UNH,Health Care,516.3400268554688,0.008792612989917403,1.0,0.5138518870648767,6,0.8484848484848485,1,1.0,33,14619
2024-01-18,AAPL,Information Technology,188.6300048828125,-0.025287622058984383,0.0,0.5042747701727377,7,0.8181818181818182,2,0.6666666666666666,33,14619
2024-01-18,NVDA,Information Technology,57.106998443603516,0.27231336108658666,1.0,0.49507969659641676,8,0.7878787878787878,3,0.3333333333333333,33,14619
2024-01-18,META,Communication Services,376.1300048828125,0.28686888175832137,1.0,0.4853404594428882,9,0.7575757575757576,2,0.6666666666666666,33,14619
2024-01-18,CVX,Energy,141.82000732421875,0.08912705356693285,1.0,0.4835311942423423,10,0.7272727272727273,3,0.3333333333333333,33,14619
2024-01-18,AMZN,Consumer Discretionary,153.5,0.10618894496259168,1.0,0.48042731480509276,11,0.696969696969697,1,1.0,33,14619
2024-01-18,SO,Utilities,68.7699966430664,-0.028209901217252975,0.0,0.4772595798249672,12,0.6666666666666666,1,1.0,33,14619
2024-01-18,LLY,Health Care,623.3499755859375,0.21565742997675708,1.0,0.47004735263707215,13,0.6363636363636364,2,0.6666666666666666,33,14619
2024-01-18,CAT,Industrials,281.8999938964844,0.14604474749599428,1.0,0.4684488313136161,14,0.6060606060606061,1,1.0,33,14619
2024-01-18,NEE,Utilities,57.650001525878906,-0.006591518786771444,0.0,0.46834854152009453,15,0.5757575757575758,2,0.6666666666666666,33,14619
2024-01-18,O,Real Estate,56.119998931884766,-0.0730577076292791,0.0,0.46071143609716697,16,0.5454545454545454,1,1.0,33,14619
2024-01-18,WMT,Consumer Staples,54.413333892822266,0.03706198955435691,1.0,0.4412671248041523,17,0.5151515151515151,1,1.0,33,14619
2024-01-18,GOOGL,Communication Services,143.47999572753906,-0.004948365460132553,0.0,0.4366744425049862,18,0.48484848484848486,3,0.3333333333333333,33,14619
2024-01-18,PLD,Real Estate,126.26000213623047,0.05417395732264452,1.0,0.42909589885348803,19,0.45454545454545453,2,0.6666666666666666,33,14619
2024-01-18,APD,Materials,260.0299987792969,-0.12721609809001955,0.0,0.40933350005278085,20,0.42424242424242425,2,0.6666666666666666,33,14619
2024-01-18,HD,Consumer Discretionary,357.8999938964844,0.008885143140575202,1.0,0.4087202356717257,21,0.3939393939393939,2,0.6666666666666666,33,14619
2024-01-18,PG,Consumer Staples,148.13999938964844,0.059875760454521254,1.0,0.40028414153072245,22,0.36363636363636365,2,0.6666666666666666,33,14619
2024-01-18,AMT,Real Estate,203.91000366210938,-0.07086458088729508,0.0,0.39514826883001725,23,0.3333333333333333,3,0.3333333333333333,33,14619
2024-01-18,LIN,Materials,407.8500061035156,0.05109720737040102,1.0,0.3725675808297685,24,0.30303030303030304,3,0.3333333333333333,33,14619
2024-01-18,BLK,Financials,795.260009765625,0.003508258925487784,1.0,0.3444802513834872,25,0.2727272727272727,1,1.0,33,14619
2024-01-18,HON,Industrials,197.82269287109375,-0.010892893120201697,0.0,0.32284072392433105,26,0.24242424242424243,2,0.6666666666666666,33,14619
2024-01-18,UNP,Industrials,237.99000549316406,0.052775315217825414,1.0,0.322418430654878,27,0.21212121212121213,3,0.3333333333333333,33,14619
2024-01-18,MCD,Consumer Discretionary,294.3599853515625,-0.00849300218918747,0.0,0.32066925797330464,28,0.18181818181818182,3,0.3333333333333333,33,14619
2024-01-18,DUK,Utilities,95.86000061035156,-0.03651157915413206,0.0,0.31911624667386834,29,0.15151515151515152,3,0.3333333333333333,33,14619
2024-01-18,KO,Consumer Staples,60.15999984741211,-0.012632950855399616,0.0,0.3169027398967328,30,0.12121212121212122,3,0.3333333333333333,33,14619
2024-01-18,JNJ,Health Care,161.2100067138672,-0.020408215420283038,0.0,0.3162807123882787,31,0.09090909090909091,3,0.3333333333333333,33,14619
2024-01-18,JPM,Financials,167.4199981689453,0.07436385786887167,1.0,0.31375010863848457,32,0.06060606060606061,2,0.6666666666666666,33,14619
2024-01-18,GS,Financials,376.9100036621094,0.022578360040700796,1.0,0.3111632195349354,33,0.030303030303030304,3,0.3333333333333333,33,14619
2024-02-15,NEM,Materials,33.08000183105469,0.024183772454012598,1.0,0.6179500683691334,1,1.0,1,1.0,33,15279
2024-02-15,AMT,Real Estate,189.4600067138672,0.04159183650787179,1.0,0.6167499792079139,2,0.9696969696969697,1,1.0,33,15279
2024-02-15,NEE,Utilities,57.27000045776367,0.049065852118569175,1.0,0.5921826531488772,3,0.9393939393939394,1,1.0,33,15279
2024-02-15,META,Communication Services,484.0299987792969,0.00014463426728772433,1.0,0.5908454037821952,4,0.9090909090909091,1,1.0,33,15279
2024-02-15,O,Real Estate,52.02000045776367,0.0032679386284000245,1.0,0.583581956969889,5,0.8787878787878788,2,0.6666666666666666,33,15279
2024-02-15,NVDA,Information Technology,72.65799713134766,0.20891025700931887,1.0,0.5555388061241573,6,0.8484848484848485,1,1.0,33,15279
2024-02-15,HON,Industrials,195.66783142089844,-0.0013134697835274212,0.0,0.5282716226453588,7,0.8181818181818182,1,1.0,33,15279
2024-02-15,SO,Utilities,66.83000183105469,0.033817064864806845,1.0,0.5225193249472053,8,0.7878787878787878,2,0.6666666666666666,33,15279
2024-02-15,UNH,Health Care,520.8800048828125,-0.057710023953322254,0.0,0.5204660039088151,9,0.7575757575757576,1,1.0,33,15279
2024-02-15,COP,Energy,111.0,0.08144144968943556,1.0,0.5187585447375405,10,0.7272727272727273,1,1.0,33,15279
2024-02-15,DUK,Utilities,92.36000061035156,0.025443898425631994,1.0,0.5161413364967642,11,0.696969696969697,3,0.3333333333333333,33,15279
2024-02-15,DIS,Communication Services,112.44999694824219,-0.004446420752062252,0.0,0.5160347249856815,12,0.6666666666666666,2,0.6666666666666666,33,15279
2024-02-15,LIN,Materials,428.69000244140625,0.09223450120072774,1.0,0.5066766664367623,13,0.6363636363636364,2,0.6666666666666666,33,15279
2024-02-15,PLD,Real Estate,133.10000610351562,-0.03065365622809635,0.0,0.5025492982338161,14,0.6060606060606061,3,0.3333333333333333,33,15279
2024-02-15,LLY,Health Care,757.780029296875,-0.004763976678124449,0.0,0.5012725015626036,15,0.5757575757575758,2,0.6666666666666666,33,15279
2024-02-15,JPM,Financials,179.8699951171875,0.05798636914275246,1.0,0.4971648741073572,16,0.5454545454545454,1,1.0,33,15279
2024-02-15,MCD,Consumer Discretionary,291.8599853515625,-0.04358244138127754,0.0,0.49279149735550815,17,0.5151515151515151,1,1.0,33,15279
2024-02-15,CVX,Energy,154.4600067138672,0.007056819179801055,1.0,0.4904318531977943,18,0.48484848484848486,2,0.6666666666666666,33,15279
2024-02-15,GS,Financials,385.4200134277344,0.00464422698609912,1.0,0.48605211256998093,19,0.45454545454545453,2,0.6666666666666666,33,15279
2024-02-15,XOM,Energy,103.7300033569336,0.07268864400001784,1.0,0.48354095629524835,20,0.42424242424242425,3,0.3333333333333333,33,15279
2024-02-15,BLK,Financials,798.0499877929688,0.005601192665440902,1.0,0.4798254409983514,21,0.3939393939393939,3,0.3333333333333333,33,15279
2024-02-15,GOOGL,Communication Services,142.77000427246094,-0.011136874337030367,0.0,0.4793509719674313,22,0.36363636363636365,3,0.3333333333333333,33,15279
2024-02-15,HD,Consumer Discretionary,361.0799865722656,0.03364912170680734,1.0,0.47244266909432925,23,0.3333333333333333,2,0.6666666666666666,33,15279
2024-02-15,APD,Materials,226.9499969482422,0.07790265773214511,1.0,0.47197697142943185,24,0.30303030303030304,3,0.3333333333333333,33,15279
2024-02-15,AMZN,Consumer Discretionary,169.8000030517578,0.02720845132010541,1.0,0.4704524929029774,25,0.2727272727272727,3,0.3333333333333333,33,15279
2024-02-15,CAT,Industrials,323.07000732421875,0.07397775514487615,1.0,0.46832948514318207,26,0.24242424242424243,2,0.6666666666666666,33,15279
2024-02-15,MSFT,Information Technology,406.55999755859375,0.02425230206697737,1.0,0.46641527661596577,27,0.21212121212121213,2,0.6666666666666666,33,15279
2024-02-15,PG,Consumer Staples,157.00999450683594,0.027832689184549286,1.0,0.46154850430030564,28,0.18181818181818182,1,1.0,33,15279
2024-02-15,AAPL,Information Technology,183.86000061035156,-0.06113350079327273,0.0,0.42762619494873433,29,0.15151515151515152,3,0.3333333333333333,33,15279
2024-02-15,KO,Consumer Staples,59.400001525878906,0.008080800166767821,1.0,0.40549976908247914,30,0.12121212121212122,2,0.6666666666666666,33,15279
2024-02-15,JNJ,Health Care,157.9199981689453,0.0016463684767638043,1.0,0.4044142446384619,31,0.09090909090909091,3,0.3333333333333333,33,15279
2024-02-15,UNP,Industrials,250.5500030517578,-0.025623620398117053,0.0,0.3780289054740894,32,0.06060606060606061,3,0.3333333333333333,33,15279
2024-02-15,WMT,Consumer Staples,56.43000030517578,0.07531454859145525,1.0,0.340795276553648,33,0.030303030303030304,3,0.3333333333333333,33,15279
2024-03-15,NVDA,Information Technology,87.83699798583984,-0.020902337024908735,0.0,0.6133833514411825,1,1.0,1,1.0,33,15939
2024-03-15,AAPL,Information Technology,172.6199951171875,0.0004055574452497268,1.0,0.5365032774505725,2,0.9696969696969697,2,0.6666666666666666,33,15939
2024-03-15,GOOGL,Communication Services,141.17999267578125,0.09689763878927482,1.0,0.5304746067374558,3,0.9393939393939394,1,1.0,33,15939
2024-03-15,UNH,Health Care,490.82000732421875,-0.09207041637884028,0.0,0.5294751075554057,4,0.9090909090909091,1,1.0,33,15939
2024-03-15,NEM,Materials,33.880001068115234,0.13459260374360515,1.0,0.5214107189522673,5,0.8787878787878788,1,1.0,33,15939
2024-03-15,NEE,Utilities,60.08000183105469,0.044440713841077395,1.0,0.5068707348184206,6,0.8484848484848485,1,1.0,33,15939
2024-03-15,COP,Energy,120.04000091552734,0.08505497339722168,1.0,0.5049052933325104,7,0.8181818181818182,1,1.0,33,15939
2024-03-15,MSFT,Information Technology,416.4200134277344,-0.006675949016987648,0.0,0.5029734918244838,8,0.7878787878787878,3,0.3333333333333333,33,15939
2024-03-15,APD,Materials,244.6300048828125,-0.05506275171418895,0.0,0.5022640331039219,9,0.7575757575757576,2,0.6666666666666666,33,15939
2024-03-15,LIN,Materials,468.2300109863281,-0.05014631791086477,0.0,0.5011928104978681,10,0.7272727272727273,3,0.3333333333333333,33,15939
2024-03-15,XOM,Energy,111.2699966430664,0.07558195304963577,1.0,0.4951249196743896,11,0.696969696969697,2,0.6666666666666666,33,15939
2024-03-15,DIS,Communication Services,111.94999694824219,0.008932559421706232,1.0,0.49287292345580386,12,0.6666666666666666,2,0.6666666666666666,33,15939
2024-03-15,LLY,Health Care,754.1699829101562,-0.004508218910790673,0.0,0.49286579228201277,13,0.6363636363636364,2,0.6666666666666666,33,15939
2024-03-15,CAT,Industrials,346.9700012207031,0.048822671648293126,1.0,0.4897925068236513,14,0.6060606060606061,1,1.0,33,15939
2024-03-15,AMZN,Consumer Discretionary,174.4199981689453,0.0527462277538322,1.0,0.4870832223906993,15,0.5757575757575758,1,1.0,33,15939
2024-03-15,MCD,Consumer Discretionary,279.1400146484375,-0.0462492046450913,0.0,0.481379762441248,16,0.5454545454545454,2,0.6666666666666666,33,15939
2024-03-15,AMT,Real Estate,197.33999633789062,-0.09739536625811096,0.0,0.4784299012828491,17,0.5151515151515151,1,1.0,33,15939
2024-03-15,META,Communication Services,484.1000061035156,0.03331957174023126,1.0,0.47750983307701955,18,0.48484848484848486,3,0.3333333333333333,33,15939
2024-03-15,WMT,Consumer Staples,60.68000030517578,-0.012359920834344895,0.0,0.477007564814634,19,0.45454545454545453,1,1.0,33,15939
2024-03-15,O,Real Estate,52.189998626708984,-0.01034675445562716,0.0,0.4611242272735144,20,0.42424242424242425,2,0.6666666666666666,33,15939
2024-03-15,KO,Consumer Staples,59.880001068115234,-0.029058143744645104,0.0,0.4362794400220138,21,0.3939393939393939,2,0.6666666666666666,33,15939
2024-03-15,GS,Financials,387.2099914550781,0.03530387575063454,1.0,0.4358443270660031,22,0.36363636363636365,1,1.0,33,15939
2024-03-15,HON,Industrials,195.41082763671875,-0.018463283015956677,0.0,0.4281322047958332,23,0.3333333333333333,2,0.6666666666666666,33,15939
2024-03-15,CVX,Energy,155.5500030517578,0.013114710678944874,1.0,0.4278573042359715,24,0.30303030303030304,3,0.3333333333333333,33,15939
2024-03-15,JNJ,Health Care,158.17999267578125,-0.06694902533973912,0.0,0.4208860544753774,25,0.2727272727272727,3,0.3333333333333333,33,15939
2024-03-15,DUK,Utilities,94.70999908447266,-0.006123976735945003,0.0,0.41826739577370936,26,0.24242424242424243,2,0.6666666666666666,33,15939
2024-03-15,JPM,Financials,190.3000030517578,-0.03893853674870407,0.0,0.414046406139328,27,0.21212121212121213,2,0.6666666666666666,33,15939
2024-03-15,SO,Utilities,69.08999633789062,-0.010131668625639967,0.0,0.4108157049023793,28,0.18181818181818182,3,0.3333333333333333,33,15939
2024-03-15,BLK,Financials,802.52001953125,-0.049257374688253086,0.0,0.40946684771147174,29,0.15151515151515152,3,0.3333333333333333,33,15939
2024-03-15,UNP,Industrials,244.1300048828125,-0.0417400656928576,0.0,0.4022713105178545,30,0.12121212121212122,3,0.3333333333333333,33,15939
2024-03-15,PG,Consumer Staples,161.3800048828125,-0.03674561751857941,0.0,0.394031697716054,31,0.09090909090909091,3,0.3333333333333333,33,15939
2024-03-15,PLD,Real Estate,129.02000427246094,-0.10254226413599266,0.0,0.3865260301142903,32,0.06060606060606061,3,0.3333333333333333,33,15939
2024-03-15,HD,Consumer Discretionary,373.2300109863281,-0.09457979602781719,0.0,0.3781348607257105,33,0.030303030303030304,3,0.3333333333333333,33,15939
2024-04-15,AMT,Real Estate,178.1199951171875,0.03862567410405582,1.0,0.6078661501645493,1,1.0,1,1.0,33,16599
2024-04-15,PLD,Real Estate,115.79000091552734,-0.07004059544198538,0.0,0.6047293252201685,2,0.9696969696969697,2,0.6666666666666666,33,16599
2024-04-15,HD,Consumer Discretionary,337.92999267578125,0.008966350560673408,1.0,0.6027982784686902,3,0.9393939393939394,1,1.0,33,16599
2024-04-15,UNH,Health Care,445.6300048828125,0.14835173715232086,1.0,0.6023837988467334,4,0.9090909090909091,1,1.0,33,16599
2024-04-15,AAPL,Information Technology,172.69000244140625,0.07869590680272132,1.0,0.5391565864143574,5,0.8787878787878788,1,1.0,33,16599
2024-04-15,GS,Financials,400.8800048828125,0.13141087615776925,1.0,0.5051720838688893,6,0.8484848484848485,1,1.0,33,16599
2024-04-15,O,Real Estate,51.650001525878906,0.06408513960905293,1.0,0.49967951535908905,7,0.8181818181818182,3,0.3333333333333333,33,16599
2024-04-15,LLY,Health Care,750.77001953125,0.009230513333641222,1.0,0.49639981626460783,8,0.7878787878787878,2,0.6666666666666666,33,16599
2024-04-15,BLK,Financials,762.989990234375,0.035832746438875906,1.0,0.49521055711369333,9,0.7575757575757576,2,0.6666666666666666,33,16599
2024-04-15,APD,Materials,231.16000366210938,0.08262671111843956,1.0,0.485260024503669,10,0.7272727272727273,1,1.0,33,16599
2024-04-15,NEE,Utilities,62.75,0.1885259255944971,1.0,0.4851676831451601,11,0.696969696969697,1,1.0,33,16599
2024-04-15,CAT,Industrials,363.9100036621094,-0.019867579658626844,0.0,0.48323813012827904,12,0.6666666666666666,1,1.0,33,16599
2024-04-15,NVDA,Information Technology,86.0009994506836,0.05113897108874532,1.0,0.4805483668755006,13,0.6363636363636364,2,0.6666666666666666,33,16599
2024-04-15,META,Communication Services,500.2300109863281,-0.06441037225490198,0.0,0.4800808072805788,14,0.6060606060606061,1,1.0,33,16599
2024-04-15,NEM,Materials,38.439998626708984,0.10457857964049166,1.0,0.4791584957487849,15,0.5757575757575758,2,0.6666666666666666,33,16599
2024-04-15,GOOGL,Communication Services,154.86000061035156,0.09221231255982798,1.0,0.4775153997921125,16,0.5454545454545454,2,0.6666666666666666,33,16599
2024-04-15,MCD,Consumer Discretionary,266.2300109863281,0.0191187925021421,1.0,0.46683777021304657,17,0.5151515151515151,2,0.6666666666666666,33,16599
2024-04-15,DIS,Communication Services,112.94999694824219,-0.06303670039451303,0.0,0.46036270156399156,18,0.48484848484848486,3,0.3333333333333333,33,16599
2024-04-15,JPM,Financials,182.88999938964844,0.08660941763219876,1.0,0.4409024162722658,19,0.45454545454545453,3,0.3333333333333333,33,16599
2024-04-15,AMZN,Consumer Discretionary,183.6199951171875,0.016065854947597158,1.0,0.4406866106306966,20,0.42424242424242425,3,0.3333333333333333,33,16599
2024-04-15,JNJ,Health Care,147.58999633789062,0.02459519596776749,1.0,0.4328589505972998,21,0.3939393939393939,3,0.3333333333333333,33,16599
2024-04-15,XOM,Energy,119.68000030517578,-0.014789410415717241,0.0,0.426540846766204,22,0.36363636363636365,1,1.0,33,16599
2024-04-15,UNP,Industrials,233.94000244140625,0.05018376554610593,1.0,0.42303767680051124,23,0.3333333333333333,2,0.6666666666666666,33,16599
2024-04-15,LIN,Materials,444.75,-0.022417090996521893,0.0,0.417782898201819,24,0.30303030303030304,3,0.3333333333333333,33,16599
2024-04-15,COP,Energy,130.25,-0.06648755210832535,0.0,0.41396581414046807,25,0.2727272727272727,2,0.6666666666666666,33,16599
2024-04-15,KO,Consumer Staples,58.13999938964844,0.0935672944361059,1.0,0.4129412411543639,26,0.24242424242424243,1,1.0,33,16599
2024-04-15,SO,Utilities,68.38999938964844,0.15075299971642164,1.0,0.40305697899350074,27,0.21212121212121213,2,0.6666666666666666,33,16599
2024-04-15,PG,Consumer Staples,155.4499969482422,0.06703118927956431,1.0,0.4025620502118183,28,0.18181818181818182,2,0.6666666666666666,33,16599
2024-04-15,HON,Industrials,191.8029022216797,0.05029890624459288,1.0,0.401904203655978,29,0.15151515151515152,3,0.3333333333333333,33,16599
2024-04-15,DUK,Utilities,94.12999725341797,0.09306281091931501,1.0,0.4014976263634956,30,0.12121212121212122,3,0.3333333333333333,33,16599
2024-04-15,WMT,Consumer Staples,59.93000030517578,0.008009336555849789,1.0,0.3968350694094755,31,0.09090909090909091,3,0.3333333333333333,33,16599
2024-04-15,MSFT,Information Technology,413.6400146484375,0.0001933724239266965,1.0,0.38486497171810913,32,0.06060606060606061,3,0.3333333333333333,33,16599
2024-04-15,CVX,Energy,157.58999633789062,0.04403834382054361,1.0,0.3673855747134838,33,0.030303030303030304,3,0.3333333333333333,33,16599
2024-05-13,KO,Consumer Staples,63.58000183105469,-0.0004718872779190253,0.0,0.6763493187023223,1,1.0,1,1.0,33,17259
2024-05-13,PLD,Real Estate,107.68000030517578,0.03621843903070121,1.0,0.6177540644513378,2,0.9696969696969697,1,1.0,33,17259
2024-05-13,DIS,Communication Services,105.83000183105469,-0.04686760841590765,0.0,0.5826294827836832,3,0.9393939393939394,1,1.0,33,17259
2024-05-13,APD,Materials,250.25999450683594,0.12207305890803632,1.0,0.5658226401093981,4,0.9090909090909091,1,1.0,33,17259
2024-05-13,HD,Consumer Discretionary,340.9599914550781,-0.015368343400094742,0.0,0.5523181973863281,5,0.8787878787878788,1,1.0,33,17259
2024-05-13,JPM,Financials,198.72999572753906,-0.021989610079692246,0.0,0.5482286266610872,6,0.8484848484848485,1,1.0,33,17259
2024-05-13,DUK,Utilities,102.88999938964844,-0.005151120443589008,0.0,0.5461635846111463,7,0.8181818181818182,1,1.0,33,17259
2024-05-13,AMT,Real Estate,185.0,0.04470272579708623,1.0,0.5367936789694796,8,0.7878787878787878,2,0.6666666666666666,33,17259
2024-05-13,META,Communication Services,468.010009765625,0.08431441770837189,1.0,0.5252731955119421,9,0.7575757575757576,2,0.6666666666666666,33,17259
2024-05-13,LIN,Materials,434.7799987792969,0.0016100377409187239,1.0,0.5234932606755738,10,0.7272727272727273,2,0.6666666666666666,33,17259
2024-05-13,CAT,Industrials,356.67999267578125,-0.08234270416138689,0.0,0.5222933938884502,11,0.696969696969697,1,1.0,33,17259
2024-05-13,NEE,Utilities,74.58000183105469,-0.024671546287345247,0.0,0.5220374924155238,12,0.6666666666666666,2,0.6666666666666666,33,17259
2024-05-13,UNH,Health Care,511.739990234375,-0.03032787999734743,0.0,0.5139850859702072,13,0.6363636363636364,1,1.0,33,17259
2024-05-13,JNJ,Health Care,151.22000122070312,-0.029493497406853475,0.0,0.5125612744445042,14,0.6060606060606061,2,0.6666666666666666,33,17259
2024-05-13,BLK,Financials,790.3300170898438,-0.041375136335374596,0.0,0.5117607350151306,15,0.5757575757575758,2,0.6666666666666666,33,17259
2024-05-13,MSFT,Information Technology,413.7200012207031,0.045828075507917454,1.0,0.5092538134928658,16,0.5454545454545454,1,1.0,33,17259
2024-05-13,AAPL,Information Technology,186.27999877929688,0.11203561978714704,1.0,0.5089768849429175,17,0.5151515151515151,2,0.6666666666666666,33,17259
2024-05-13,NEM,Materials,42.459999084472656,-0.04262829952004532,0.0,0.5077205437139583,18,0.48484848484848486,3,0.3333333333333333,33,17259
2024-05-13,HON,Industrials,201.45037841796875,0.027870472401223756,1.0,0.5074838275918417,19,0.45454545454545453,2,0.6666666666666666,33,17259
2024-05-13,UNP,Industrials,245.67999267578125,-0.07436498517721135,0.0,0.5040359989482394,20,0.42424242424242425,3,0.3333333333333333,33,17259
2024-05-13,NVDA,Information Technology,90.39900207519531,0.3375148053242283,1.0,0.503800321400224,21,0.3939393939393939,3,0.3333333333333333,33,17259
2024-05-13,LLY,Health Care,757.7000122070312,0.14269498927716162,1.0,0.5029996276805988,22,0.36363636363636365,3,0.3333333333333333,33,17259
2024-05-13,GOOGL,Communication Services,169.13999938964844,0.04422369489494549,1.0,0.5000948625964544,23,0.3333333333333333,3,0.3333333333333333,33,17259
2024-05-13,AMZN,Consumer Discretionary,186.57000732421875,0.003537483933167218,1.0,0.49661316302553227,24,0.30303030303030304,2,0.6666666666666666,33,17259
2024-05-13,SO,Utilities,78.69999694824219,-0.0025412573824331597,0.0,0.4909313052374617,25,0.2727272727272727,3,0.3333333333333333,33,17259
2024-05-13,GS,Financials,453.55999755859375,-0.020482424805820187,0.0,0.48954724638382,26,0.24242424242424243,3,0.3333333333333333,33,17259
2024-05-13,XOM,Energy,117.91000366210938,-0.0486812425993387,0.0,0.48877287327905605,27,0.21212121212121213,1,1.0,33,17259
2024-05-13,CVX,Energy,164.52999877929688,-0.04886642767753124,0.0,0.47490782615240495,28,0.18181818181818182,2,0.6666666666666666,33,17259
2024-05-13,PG,Consumer Staples,165.8699951171875,0.009706400541062754,1.0,0.45930098064793573,29,0.15151515151515152,2,0.6666666666666666,33,17259
2024-05-13,COP,Energy,121.58999633789062,-0.06546590446760392,0.0,0.4515441062133933,30,0.12121212121212122,3,0.3333333333333333,33,17259
2024-05-13,WMT,Consumer Staples,60.40999984741211,0.10461849901481535,1.0,0.41877727684829347,31,0.09090909090909091,3,0.3333333333333333,33,17259
2024-05-13,MCD,Consumer Discretionary,271.32000732421875,-0.06280409879452642,0.0,0.39875725314814725,32,0.06060606060606061,3,0.3333333333333333,33,17259
2024-05-13,O,Real Estate,54.959999084472656,-0.0494904922000684,0.0,0.39688074176937005,33,0.030303030303030304,3,0.3333333333333333,33,17259
2024-06-11,NVDA,Information Technology,120.91000366210938,0.053676268854529585,1.0,0.7359299087887925,1,1.0,1,1.0,33,17919
2024-06-11,COP,Energy,113.62999725341797,0.0031681828659089195,1.0,0.6212593148384906,2,0.9696969696969697,1,1.0,33,17919
2024-06-11,DIS,Communication Services,100.87000274658203,-0.04233175529090216,0.0,0.6159297190367109,3,0.9393939393939394,1,1.0,33,17919
2024-06-11,CAT,Industrials,327.30999755859375,0.011670915501243995,1.0,0.5767331625190502,4,0.9090909090909091,1,1.0,33,17919
2024-06-11,XOM,Energy,112.16999816894531,0.009628259326776911,1.0,0.5465776259158753,5,0.8787878787878788,2,0.6666666666666666,33,17919
2024-06-11,MCD,Consumer Discretionary,254.27999877929688,0.002045006587058751,1.0,0.5270573404904246,6,0.8484848484848485,1,1.0,33,17919
2024-06-11,META,Communication Services,507.4700012207031,0.01030604956696446,1.0,0.5262853258140091,7,0.8181818181818182,2,0.6666666666666666,33,17919
2024-06-11,HD,Consumer Discretionary,335.7200012207031,0.053824637371961304,1.0,0.511526096003932,8,0.7878787878787878,2,0.6666666666666666,33,17919
2024-06-11,AAPL,Information Technology,207.14999389648438,0.09857597890125214,1.0,0.5065485990672646,9,0.7575757575757576,2,0.6666666666666666,33,17919
2024-06-11,PLD,Real Estate,111.58000183105469,0.07913606099795878,1.0,0.5041592488897706,10,0.7272727272727273,1,1.0,33,17919
2024-06-11,APD,Materials,280.80999755859375,-0.08122929296288395,0.0,0.5019383774333964,11,0.696969696969697,1,1.0,33,17919
2024-06-11,MSFT,Information Technology,432.67999267578125,0.05089216026623666,1.0,0.49571731811244696,12,0.6666666666666666,3,0.3333333333333333,33,17919
2024-06-11,UNH,Health Care,496.2200012207031,0.016403982328070166,1.0,0.4920062152138364,13,0.6363636363636364,1,1.0,33,17919
2024-06-11,CVX,Energy,156.49000549316406,-0.0078599970806561,0.0,0.4904724534271673,14,0.6060606060606061,3,0.3333333333333333,33,17919
2024-06-11,NEM,Materials,40.650001525878906,0.1603935153339564,1.0,0.49018394674942634,15,0.5757575757575758,2,0.6666666666666666,33,17919
2024-06-11,JNJ,Health Care,146.75999450683594,0.020032723844707556,1.0,0.489764986581286,16,0.5454545454545454,2,0.6666666666666666,33,17919
2024-06-11,JPM,Financials,194.36000061035156,0.06734922976324298,1.0,0.48934550185052844,17,0.5151515151515151,1,1.0,33,17919
2024-06-11,SO,Utilities,78.5,0.01732484853951033,1.0,0.4881764055039332,18,0.48484848484848486,1,1.0,33,17919
2024-06-11,LLY,Health Care,865.8200073242188,0.07890786392816085,1.0,0.4878989622916176,19,0.45454545454545453,3,0.3333333333333333,33,17919
2024-06-11,UNP,Industrials,227.41000366210938,0.0057605098170623315,1.0,0.4830599393053924,20,0.42424242424242425,2,0.6666666666666666,33,17919
2024-06-11,WMT,Consumer Staples,66.7300033569336,0.04600628713298627,1.0,0.4800135257054557,21,0.3939393939393939,1,1.0,33,17919
2024-06-11,BLK,Financials,757.6300048828125,0.08875043200641897,1.0,0.4799195752758995,22,0.36363636363636365,2,0.6666666666666666,33,17919
2024-06-11,GS,Financials,444.2699890136719,0.07869093757665535,1.0,0.4795796123941246,23,0.3333333333333333,3,0.3333333333333333,33,17919
2024-06-11,AMT,Real Estate,193.27000427246094,0.07207529553392855,1.0,0.4760843873763141,24,0.30303030303030304,2,0.6666666666666666,33,17919
2024-06-11,O,Real Estate,52.2400016784668,0.05283304427363511,1.0,0.4681575665344486,25,0.2727272727272727,3,0.3333333333333333,33,17919
2024-06-11,AMZN,Consumer Discretionary,187.22999572753906,0.04176685094624788,1.0,0.45907977182602283,26,0.24242424242424243,3,0.3333333333333333,33,17919
2024-06-11,LIN,Materials,435.4800109863281,-0.0013548184141778385,0.0,0.4568449037666877,27,0.21212121212121213,3,0.3333333333333333,33,17919
2024-06-11,NEE,Utilities,72.73999786376953,0.026945272780230622,1.0,0.42300722212343234,28,0.18181818181818182,2,0.6666666666666666,33,17919
2024-06-11,PG,Consumer Staples,167.47999572753906,-0.01158348752624938,0.0,0.39923544334930067,29,0.15151515151515152,2,0.6666666666666666,33,17919
2024-06-11,KO,Consumer Staples,63.54999923706055,-0.007081050642672948,0.0,0.3974878845618385,30,0.12121212121212122,3,0.3333333333333333,33,17919
2024-06-11,DUK,Utilities,102.36000061035156,0.020515811465408706,1.0,0.3926101331774935,31,0.09090909090909091,3,0.3333333333333333,33,17919
2024-06-11,HON,Industrials,207.0648956298828,0.025634911189624576,1.0,0.38405838518381025,32,0.06060606060606061,3,0.3333333333333333,33,17919
2024-06-11,GOOGL,Communication Services,176.6199951171875,0.05067383339634279,1.0,0.3639064950584802,33,0.030303030303030304,3,0.3333333333333333,33,17919
2024-07-11,NEE,Utilities,74.69999694824219,0.03801879629597482,1.0,0.5497771970114381,1,1.0,1,1.0,33,18579
2024-07-11,BLK,Financials,824.8699951171875,0.036320901657236115,1.0,0.5292524968111911,2,0.9696969696969697,1,1.0,33,18579
2024-07-11,AMT,Real Estate,207.1999969482422,0.0791988605395999,1.0,0.528270270261117,3,0.9393939393939394,1,1.0,33,18579
2024-07-11,NEM,Materials,47.16999816894531,0.011447974061675081,1.0,0.5234692324246042,4,0.9090909090909091,1,1.0,33,18579
2024-07-11,GS,Financials,479.2300109863281,0.013646845726300594,1.0,0.5222977653639609,5,0.8787878787878788,2,0.6666666666666666,33,18579
2024-07-11,DUK,Utilities,104.45999908447266,0.07629715958793093,1.0,0.5205369660348392,6,0.8484848484848485,2,0.6666666666666666,33,18579
2024-07-11,O,Real Estate,55.0,0.09490911310369321,1.0,0.5160298951568056,7,0.8181818181818182,2,0.6666666666666666,33,18579
2024-07-11,UNH,Health Care,504.3599853515625,0.12269015520666104,1.0,0.5152660860565206,8,0.7878787878787878,1,1.0,33,18579
2024-07-11,HD,Consumer Discretionary,353.7900085449219,-0.015404652690578335,0.0,0.5150942224693774,9,0.7575757575757576,1,1.0,33,18579
2024-07-11,AAPL,Information Technology,227.57000732421875,-0.0626620789500999,0.0,0.513607480213655,10,0.7272727272727273,1,1.0,33,18579
2024-07-11,PLD,Real Estate,120.41000366210938,0.01312178518068885,1.0,0.5131319820304723,11,0.696969696969697,3,0.3333333333333333,33,18579
2024-07-11,COP,Energy,113.98999786376953,-0.050179851986129065,0.0,0.507686396857281,12,0.6666666666666666,1,1.0,33,18579
2024-07-11,JPM,Financials,207.4499969482422,-0.016341284355353536,0.0,0.5063781523009319,13,0.6363636363636364,3,0.3333333333333333,33,18579
2024-07-11,MCD,Consumer Discretionary,254.8000030517578,0.06432495758769319,1.0,0.5060129417346612,14,0.6060606060606061,2,0.6666666666666666,33,18579
2024-07-11,CVX,Energy,155.25999450683594,-0.06936744425298613,0.0,0.4981076139390555,15,0.5757575757575758,2,0.6666666666666666,33,18579
2024-07-11,XOM,Energy,113.25,0.040971297038838284,1.0,0.49465303172034825,16,0.5454545454545454,3,0.3333333333333333,33,18579
2024-07-11,META,Communication Services,512.7000122070312,-0.0059879213011976296,0.0,0.49062270518494056,17,0.5151515151515151,1,1.0,33,18579
2024-07-11,APD,Materials,258.0,0.08220926920572924,1.0,0.4876597480097351,18,0.48484848484848486,2,0.6666666666666666,33,18579
2024-07-11,AMZN,Consumer Discretionary,195.0500030517578,-0.14996154597464073,0.0,0.4850244068859562,19,0.45454545454545453,3,0.3333333333333333,33,18579
2024-07-11,GOOGL,Communication Services,185.57000732421875,-0.12685244175150534,0.0,0.48388401745251725,20,0.42424242424242425,2,0.6666666666666666,33,18579
2024-07-11,NVDA,Information Technology,127.4000015258789,-0.1760596549178184,0.0,0.48381961499837295,21,0.3939393939393939,2,0.6666666666666666,33,18579
2024-07-11,MSFT,Information Technology,454.70001220703125,-0.11438312814899176,0.0,0.4791675986054082,22,0.36363636363636365,3,0.3333333333333333,33,18579
2024-07-11,LLY,Health Care,934.1400146484375,-0.09509282944406872,0.0,0.47585816577237117,23,0.3333333333333333,2,0.6666666666666666,33,18579
2024-07-11,UNP,Industrials,228.72000122070312,0.05167887374232749,1.0,0.4503319903892082,24,0.30303030303030304,1,1.0,33,18579
2024-07-11,PG,Consumer Staples,165.5399932861328,0.03219766852256578,1.0,0.44723109891424734,25,0.2727272727272727,1,1.0,33,18579
2024-07-11,DIS,Communication Services,96.5999984741211,-0.11014492295772516,0.0,0.4427388751846211,26,0.24242424242424243,3,0.3333333333333333,33,18579
2024-07-11,LIN,Materials,434.8900146484375,0.02908780029523217,1.0,0.4410878487479253,27,0.21212121212121213,3,0.3333333333333333,33,18579
2024-07-11,KO,Consumer Staples,63.099998474121094,0.08922353437332498,1.0,0.4403125590780208,28,0.18181818181818182,2,0.6666666666666666,33,18579
2024-07-11,CAT,Industrials,331.1300048828125,0.015190404690378356,1.0,0.43471523721590244,29,0.15151515151515152,2,0.6666666666666666,33,18579
2024-07-11,JNJ,Health Care,149.6999969482422,0.07027391106826908,1.0,0.41997967173822254,30,0.12121212121212122,3,0.3333333333333333,33,18579
2024-07-11,SO,Utilities,79.86000061035156,0.08264460836061649,1.0,0.39872673159379945,31,0.09090909090909091,3,0.3333333333333333,33,18579
2024-07-11,WMT,Consumer Staples,69.80000305175781,-0.030659015703217052,0.0,0.3782289148977812,32,0.06060606060606061,3,0.3333333333333333,33,18579
2024-07-11,HON,Industrials,212.37298583984375,-0.06995578986635798,0.0,0.3740984347264726,33,0.030303030303030304,3,0.3333333333333333,33,18579
2024-08-08,MSFT,Information Technology,402.69000244140625,-0.0024584425448184177,0.0,0.6173320307121409,1,1.0,1,1.0,33,19239
2024-08-08,GOOGL,Communication Services,162.02999877929688,-0.06856755350275989,0.0,0.5978506643293899,2,0.9696969696969697,1,1.0,33,19239
2024-08-08,DIS,Communication Services,85.95999908447266,0.023034008585642862,1.0,0.5870050848770768,3,0.9393939393939394,2,0.6666666666666666,33,19239
2024-08-08,AMZN,Consumer Discretionary,165.8000030517578,0.03371529695415987,1.0,0.5624989745235492,4,0.9090909090909091,1,1.0,33,19239
2024-08-08,CVX,Energy,144.49000549316406,-0.041040955838643534,0.0,0.5505632582307497,5,0.8787878787878788,1,1.0,33,19239
2024-08-08,META,Communication Services,509.6300048828125,-0.018366296684774186,0.0,0.540329927200097,6,0.8484848484848485,3,0.3333333333333333,33,19239
2024-08-08,LLY,Health Care,845.3099975585938,0.06790411160384235,1.0,0.5281125774960203,7,0.8181818181818182,1,1.0,33,19239
2024-08-08,HON,Industrials,197.51626586914062,-0.008457617201411582,0.0,0.5242972359376921,8,0.7878787878787878,1,1.0,33,19239
2024-08-08,CAT,Industrials,336.1600036621094,-0.020228516886208414,0.0,0.5134960316837089,9,0.7575757575757576,2,0.6666666666666666,33,19239
2024-08-08,COP,Energy,108.2699966430664,-0.020781380527955196,0.0,0.5133371637725068,10,0.7272727272727273,2,0.6666666666666666,33,19239
2024-08-08,PG,Consumer Staples,170.8699951171875,0.02762334731423155,1.0,0.5063385101528244,11,0.696969696969697,1,1.0,33,19239
2024-08-08,JPM,Financials,204.05999755859375,0.041164408780616,1.0,0.5008891240780136,12,0.6666666666666666,1,1.0,33,19239
2024-08-08,HD,Consumer Discretionary,348.3399963378906,0.03361655732383784,1.0,0.49946492297563005,13,0.6363636363636364,2,0.6666666666666666,33,19239
2024-08-08,AAPL,Information Technology,213.30999755859375,0.03520702194730507,1.0,0.4988295797374816,14,0.6060606060606061,2,0.6666666666666666,33,19239
2024-08-08,GS,Financials,485.7699890136719,-0.0126809061931078,0.0,0.4977574540243923,15,0.5757575757575758,2,0.6666666666666666,33,19239
2024-08-08,MCD,Consumer Discretionary,271.19000244140625,0.0675541397518038,1.0,0.49700369582315185,16,0.5454545454545454,3,0.3333333333333333,33,19239
2024-08-08,NEE,Utilities,77.54000091552734,0.03146766072474527,1.0,0.4962075916205014,17,0.5151515151515151,1,1.0,33,19239
2024-08-08,APD,Materials,279.2099914550781,-0.03760610408417042,0.0,0.4945664907598002,18,0.48484848484848486,1,1.0,33,19239
2024-08-08,NVDA,Information Technology,104.97000122070312,-0.020386771122818392,0.0,0.4938852792939361,19,0.45454545454545453,3,0.3333333333333333,33,19239
2024-08-08,KO,Consumer Staples,68.7300033569336,0.035064686672559464,1.0,0.4903983325299086,20,0.42424242424242425,2,0.6666666666666666,33,19239
2024-08-08,XOM,Energy,117.88999938964844,-0.04453303950446019,0.0,0.4857589035539694,21,0.3939393939393939,3,0.3333333333333333,33,19239
2024-08-08,NEM,Materials,47.709999084472656,0.05512473524593253,1.0,0.4853627189240322,22,0.36363636363636365,2,0.6666666666666666,33,19239
2024-08-08,SO,Utilities,86.45999908447266,0.022553835279728984,1.0,0.4827516601041704,23,0.3333333333333333,2,0.6666666666666666,33,19239
2024-08-08,BLK,Financials,854.8300170898438,0.01414312270113216,1.0,0.47807626804003783,24,0.30303030303030304,3,0.3333333333333333,33,19239
2024-08-08,JNJ,Health Care,160.22000122070312,0.025964321747688368,1.0,0.47664562604274124,25,0.2727272727272727,2,0.6666666666666666,33,19239
2024-08-08,UNP,Industrials,240.5399932861328,0.037790021827541764,1.0,0.47466407885589507,26,0.24242424242424243,3,0.3333333333333333,33,19239
2024-08-08,AMT,Real Estate,223.61000061035156,0.05612451597648649,1.0,0.47464243677954887,27,0.21212121212121213,1,1.0,33,19239
2024-08-08,O,Real Estate,60.220001220703125,0.036200602141906124,1.0,0.47341320058828745,28,0.18181818181818182,2,0.6666666666666666,33,19239
2024-08-08,DUK,Utilities,112.43000030517578,0.0370897283432039,1.0,0.47318577979765614,29,0.15151515151515152,3,0.3333333333333333,33,19239
2024-08-08,PLD,Real Estate,121.98999786376953,0.04295438630153736,1.0,0.4687749956910466,30,0.12121212121212122,3,0.3333333333333333,33,19239
2024-08-08,UNH,Health Care,566.239990234375,0.054111357687321116,1.0,0.46571731479001033,31,0.09090909090909091,3,0.3333333333333333,33,19239
2024-08-08,LIN,Materials,447.5400085449219,0.020802603970230926,1.0,0.4260162922649664,32,0.06060606060606061,3,0.3333333333333333,33,19239
2024-08-08,WMT,Consumer Staples,67.66000366210938,0.13272236537829207,1.0,0.4149836079663695,33,0.030303030303030304,3,0.3333333333333333,33,19239
2024-09-06,GOOGL,Communication Services,150.9199981689453,0.10694407358513702,1.0,0.5810851551978282,1,1.0,1,1.0,33,19899
2024-09-06,CVX,Energy,138.55999755859375,0.08790421585724761,1.0,0.5612917231361612,2,0.9696969696969697,1,1.0,33,19899
2024-09-06,AMZN,Consumer Discretionary,171.38999938964844,0.08821982129081407,1.0,0.5318781485427578,3,0.9393939393939394,1,1.0,33,19899
2024-09-06,DIS,Communication Services,87.94000244140625,0.0819877062122738,1.0,0.5037088367655933,4,0.9090909090909091,2,0.6666666666666666,33,19899
2024-09-06,COP,Energy,106.0199966430664,0.08036223865526915,1.0,0.5016441776325751,5,0.8787878787878788,2,0.6666666666666666,33,19899
2024-09-06,AMT,Real Estate,236.16000366210938,-0.052930215981384476,0.0,0.4967148770958243,6,0.8484848484848485,1,1.0,33,19899
2024-09-06,WMT,Consumer Staples,76.63999938964844,0.056106512082496174,1.0,0.4932331099960409,7,0.8181818181818182,1,1.0,33,19899
2024-09-06,MSFT,Information Technology,401.70001220703125,0.03574803314708763,1.0,0.49197941044842775,8,0.7878787878787878,1,1.0,33,19899
2024-09-06,PG,Consumer Staples,175.58999633789062,-0.038213973432552395,0.0,0.4917885648532505,9,0.7575757575757576,2,0.6666666666666666,33,19899
2024-09-06,NVDA,Information Technology,102.83000183105469,0.2148205382139694,1.0,0.48326813870798235,10,0.7272727272727273,2,0.6666666666666666,33,19899
2024-09-06,GS,Financials,479.6099853515625,0.03242221551986346,1.0,0.47483262525796904,11,0.696969696969697,1,1.0,33,19899
2024-09-06,META,Communication Services,500.2699890136719,0.19123676320531757,1.0,0.47426573251350895,12,0.6666666666666666,3,0.3333333333333333,33,19899
2024-09-06,HD,Consumer Discretionary,360.04998779296875,0.13417580668374396,1.0,0.4736176393154155,13,0.6363636363636364,2,0.6666666666666666,33,19899
2024-09-06,XOM,Energy,112.63999938964844,0.10822090294264064,1.0,0.47102628831809135,14,0.6060606060606061,3,0.3333333333333333,33,19899
2024-09-06,PLD,Real Estate,127.2300033569336,-0.03780558878470042,0.0,0.46964485678018275,15,0.5757575757575758,2,0.6666666666666666,33,19899
2024-09-06,BLK,Financials,866.9199829101562,0.09489920771589389,1.0,0.4686585528202825,16,0.5454545454545454,2,0.6666666666666666,33,19899
2024-09-06,CAT,Industrials,329.3599853515625,0.20564128612658394,1.0,0.46656893982045244,17,0.5151515151515151,1,1.0,33,19899
2024-09-06,DUK,Utilities,116.5999984741211,-0.021869600821043278,0.0,0.4546422272469682,18,0.48484848484848486,1,1.0,33,19899
2024-09-06,LLY,Health Care,902.7100219726562,-0.01722596232414053,0.0,0.45120303089220654,19,0.45454545454545453,1,1.0,33,19899
2024-09-06,NEM,Materials,50.34000015258789,0.05959475548086135,1.0,0.450313079233655,20,0.42424242424242425,1,1.0,33,19899
2024-09-06,AAPL,Information Technology,220.82000732421875,0.027080860108653848,1.0,0.4387833769917022,21,0.3939393939393939,3,0.3333333333333333,33,19899
2024-09-06,HON,Industrials,195.8457489013672,0.028516674046258128,1.0,0.43391301689275236,22,0.36363636363636365,2,0.6666666666666666,33,19899
2024-09-06,LIN,Materials,456.8500061035156,0.024800232944942602,1.0,0.4221651398359999,23,0.3333333333333333,2,0.6666666666666666,33,19899
2024-09-06,JPM,Financials,212.4600067138672,-0.005836418403365906,0.0,0.4168936920139356,24,0.30303030303030304,3,0.3333333333333333,33,19899
2024-09-06,SO,Utilities,88.41000366210938,0.021490711659122752,1.0,0.41687935180175073,25,0.2727272727272727,2,0.6666666666666666,33,19899
2024-09-06,APD,Materials,268.7099914550781,0.062483752293702066,1.0,0.4135741241057043,26,0.24242424242424243,3,0.3333333333333333,33,19899
2024-09-06,O,Real Estate,62.400001525878906,-0.00625005119886024,0.0,0.40994594487546043,27,0.21212121212121213,3,0.3333333333333333,33,19899
2024-09-06,UNH,Health Care,596.8800048828125,-0.00951613830136,0.0,0.4089324154584472,28,0.18181818181818182,2,0.6666666666666666,33,19899
2024-09-06,MCD,Consumer Discretionary,289.510009765625,0.04922109605652736,1.0,0.3975057402480704,29,0.15151515151515152,3,0.3333333333333333,33,19899
2024-09-06,JNJ,Health Care,164.3800048828125,-0.02488144223864386,0.0,0.3923156267037827,30,0.12121212121212122,3,0.3333333333333333,33,19899
2024-09-06,NEE,Utilities,79.9800033569336,0.04838703369286623,1.0,0.3865216127436531,31,0.09090909090909091,3,0.3333333333333333,33,19899
2024-09-06,KO,Consumer Staples,71.13999938964844,-0.013635103022565764,0.0,0.38333424394377486,32,0.06060606060606061,3,0.3333333333333333,33,19899
2024-09-06,UNP,Industrials,249.6300048828125,-0.04314386917356694,0.0,0.3795892213297692,33,0.030303030303030304,3,0.3333333333333333,33,19899
2024-10-04,GOOGL,Communication Services,167.05999755859375,0.025320219019250523,1.0,0.5313828716899458,1,1.0,1,1.0,33,20559
2024-10-04,JPM,Financials,211.22000122070312,0.05548717523420965,1.0,0.5297430595719579,2,0.9696969696969697,1,1.0,33,20559
2024-10-04,CVX,Energy,150.74000549316406,0.01545708999699058,1.0,0.5218890085760538,3,0.9393939393939394,1,1.0,33,20559
2024-10-04,COP,Energy,114.54000091552734,-0.0584948884589056,0.0,0.5198871341029514,4,0.9090909090909091,2,0.6666666666666666,33,20559
2024-10-04,XOM,Energy,124.83000183105469,-0.07914767874620499,0.0,0.5111687179882969,5,0.8787878787878788,3,0.3333333333333333,33,20559
2024-10-04,GS,Financials,495.1600036621094,0.04885283897108761,1.0,0.510591656193273,6,0.8484848484848485,2,0.6666666666666666,33,20559
2024-10-04,AAPL,Information Technology,226.8000030517578,-0.01715167256307626,0.0,0.5063385733381582,7,0.8181818181818182,1,1.0,33,20559
2024-10-04,LLY,Health Care,887.1599731445312,-0.0769083170275473,0.0,0.5030148244526804,8,0.7878787878787878,1,1.0,33,20559
2024-10-04,NVDA,Information Technology,124.91999816894531,0.08389365899097778,1.0,0.49859262118790537,9,0.7575757575757576,2,0.6666666666666666,33,20559
2024-10-04,NEM,Materials,53.34000015258789,-0.15148109876153926,0.0,0.49838009391168714,10,0.7272727272727273,1,1.0,33,20559
2024-10-04,AMZN,Consumer Discretionary,186.50999450683594,0.06122995284591437,1.0,0.4969958550259716,11,0.696969696969697,1,1.0,33,20559
2024-10-04,CAT,Industrials,397.0899963378906,-0.04396985977007872,0.0,0.4931377058897786,12,0.6666666666666666,1,1.0,33,20559
2024-10-04,NEE,Utilities,83.8499984741211,-0.07751938125563729,0.0,0.4720434736749359,13,0.6363636363636364,1,1.0,33,20559
2024-10-04,UNH,Health Care,591.2000122070312,-0.03998649215209937,0.0,0.4717749723289463,14,0.6060606060606061,2,0.6666666666666666,33,20559
2024-10-04,BLK,Financials,949.1900024414062,0.0378112017152783,1.0,0.4717317443702717,15,0.5757575757575758,3,0.3333333333333333,33,20559
2024-10-04,MSFT,Information Technology,416.05999755859375,-0.013675918076226368,0.0,0.4713351965491435,16,0.5454545454545454,3,0.3333333333333333,33,20559
2024-10-04,PLD,Real Estate,122.41999816894531,-0.07368074479643749,0.0,0.4705783337797076,17,0.5151515151515151,1,1.0,33,20559
2024-10-04,O,Real Estate,62.0099983215332,-0.050475686794706265,0.0,0.46251128364900296,18,0.48484848484848486,2,0.6666666666666666,33,20559
2024-10-04,WMT,Consumer Staples,80.94000244140625,0.015443537957697595,1.0,0.45624985311835814,19,0.45454545454545453,1,1.0,33,20559
2024-10-04,APD,Materials,285.5,0.08304725553442416,1.0,0.4560207154942346,20,0.42424242424242425,2,0.6666666666666666,33,20559
2024-10-04,DIS,Communication Services,95.1500015258789,0.006936374378673449,1.0,0.44943859605278796,21,0.3939393939393939,2,0.6666666666666666,33,20559
2024-10-04,KO,Consumer Staples,70.16999816894531,-0.07353564439735827,0.0,0.4483196023397889,22,0.36363636363636365,2,0.6666666666666666,33,20559
2024-10-04,AMT,Real Estate,223.66000366210938,-0.05544133484861491,0.0,0.44675624264694536,23,0.3333333333333333,3,0.3333333333333333,33,20559
2024-10-04,HON,Industrials,201.4306182861328,0.026548226768710714,1.0,0.4465926279942775,24,0.30303030303030304,2,0.6666666666666666,33,20559
2024-10-04,LIN,Materials,468.17999267578125,-0.023217555827326986,0.0,0.4428842458340438,25,0.2727272727272727,3,0.3333333333333333,33,20559
2024-10-04,UNP,Industrials,238.86000061035156,-0.025831022997485187,0.0,0.4393665911838799,26,0.24242424242424243,3,0.3333333333333333,33,20559
2024-10-04,JNJ,Health Care,160.2899932861328,-0.0009981184729025427,0.0,0.4366423485683261,27,0.21212121212121213,3,0.3333333333333333,33,20559
2024-10-04,HD,Consumer Discretionary,408.3599853515625,-0.038617860660601466,0.0,0.4358824478282554,28,0.18181818181818182,2,0.6666666666666666,33,20559
2024-10-04,DUK,Utilities,114.05000305175781,-0.012012299078679511,0.0,0.42982913333195294,29,0.15151515151515152,2,0.6666666666666666,33,20559
2024-10-04,PG,Consumer Staples,168.8800048828125,-0.02238274911183158,0.0,0.42619706229773935,30,0.12121212121212122,3,0.3333333333333333,33,20559
2024-10-04,META,Communication Services,595.9400024414062,-0.04829350132391008,0.0,0.42416547535259447,31,0.09090909090909091,3,0.3333333333333333,33,20559
2024-10-04,MCD,Consumer Discretionary,303.760009765625,-0.028147280865390756,0.0,0.4236768065993509,32,0.06060606060606061,3,0.3333333333333333,33,20559
2024-10-04,SO,Utilities,90.30999755859375,-0.01959912181282053,0.0,0.4230289552742257,33,0.030303030303030304,3,0.3333333333333333,33,20559
2024-11-01,PLD,Real Estate,113.4000015258789,0.021516708811109675,1.0,0.5788646163915899,1,1.0,1,1.0,33,21219
2024-11-01,LLY,Health Care,818.9299926757812,-0.023359756088926376,0.0,0.5709272902768439,2,0.9696969696969697,1,1.0,33,21219
2024-11-01,AMT,Real Estate,211.25999450683594,-0.018602635510596266,0.0,0.5640940259598737,3,0.9393939393939394,2,0.6666666666666666,33,21219
2024-11-01,UNP,Industrials,232.69000244140625,0.0347672708453719,1.0,0.5396173643338782,4,0.9090909090909091,1,1.0,33,21219
2024-11-01,UNH,Health Care,567.5599975585938,0.07216862032005289,1.0,0.5369709491559996,5,0.8787878787878788,2,0.6666666666666666,33,21219
2024-11-01,COP,Energy,107.83999633789062,-0.015764067191876174,0.0,0.533889051668615,6,0.8484848484848485,1,1.0,33,21219
2024-11-01,NEM,Materials,45.2599983215332,-0.09611132645693243,0.0,0.5298580500847531,7,0.8181818181818182,1,1.0,33,21219
2024-11-01,AMZN,Consumer Discretionary,197.92999267578125,0.06456835502954927,1.0,0.526303618715974,8,0.7878787878787878,1,1.0,33,21219
2024-11-01,MCD,Consumer Discretionary,295.2099914550781,-0.00938311403356884,0.0,0.520403935969273,9,0.7575757575757576,2,0.6666666666666666,33,21219
2024-11-01,DUK,Utilities,112.68000030517578,0.022186723404589603,1.0,0.5193685286092744,10,0.7272727272727273,1,1.0,33,21219
2024-11-01,MSFT,Information Technology,410.3699951171875,0.0502230087832205,1.0,0.5185597631150327,11,0.696969696969697,1,1.0,33,21219
2024-11-01,GOOGL,Communication Services,171.2899932861328,0.0011676817961989716,1.0,0.5133553467011205,12,0.6666666666666666,1,1.0,33,21219
2024-11-01,META,Communication Services,567.1599731445312,0.04526067628325192,1.0,0.5029877140372163,13,0.6363636363636364,2,0.6666666666666666,33,21219
2024-11-01,HON,Industrials,206.7782440185547,0.09923993937461462,1.0,0.502441449238643,14,0.6060606060606061,2,0.6666666666666666,33,21219
2024-11-01,NEE,Utilities,77.3499984741211,-0.003619893792118911,0.0,0.4981471529981789,15,0.5757575757575758,2,0.6666666666666666,33,21219
2024-11-01,AAPL,Information Technology,222.91000366210938,0.07482837199655279,1.0,0.4909374826796922,16,0.5454545454545454,2,0.6666666666666666,33,21219
2024-11-01,SO,Utilities,88.54000091552734,-0.008696682454245375,0.0,0.4890460236554256,17,0.5151515151515151,3,0.3333333333333333,33,21219
2024-11-01,NVDA,Information Technology,135.39999389648438,0.023855325937440774,1.0,0.4840467902255462,18,0.48484848484848486,3,0.3333333333333333,33,21219
2024-11-01,CVX,Energy,153.07000732421875,0.05971123637754161,1.0,0.47540132899718174,19,0.45454545454545453,2,0.6666666666666666,33,21219
2024-11-01,DIS,Communication Services,95.80999755859375,0.22283693401055316,1.0,0.47528388930978194,20,0.42424242424242425,3,0.3333333333333333,33,21219
2024-11-01,GS,Financials,519.3499755859375,0.15858294071122092,1.0,0.4741134941903065,21,0.3939393939393939,1,1.0,33,21219
2024-11-01,O,Real Estate,58.880001068115234,-0.037194334267636076,0.0,0.4739842546137273,22,0.36363636363636365,3,0.3333333333333333,33,21219
2024-11-01,KO,Consumer Staples,65.01000213623047,-0.02091986718446248,0.0,0.47250450619078843,23,0.3333333333333333,1,1.0,33,21219
2024-11-01,BLK,Financials,985.0800170898438,0.03556053077312993,1.0,0.4704067934324585,24,0.30303030303030304,2,0.6666666666666666,33,21219
2024-11-01,JPM,Financials,222.94000244140625,0.10455726788968778,1.0,0.4704066077904951,25,0.2727272727272727,3,0.3333333333333333,33,21219
2024-11-01,CAT,Industrials,379.6300048828125,0.06026922158029979,1.0,0.4698812562198577,26,0.24242424242424243,3,0.3333333333333333,33,21219
2024-11-01,APD,Materials,309.2099914550781,0.08541122341431917,1.0,0.468996377269963,27,0.21212121212121213,2,0.6666666666666666,33,21219
2024-11-01,JNJ,Health Care,160.1300048828125,-0.0332854659871854,0.0,0.4594602858674787,28,0.18181818181818182,3,0.3333333333333333,33,21219
2024-11-01,WMT,Consumer Staples,82.19000244140625,0.1271443805551904,1.0,0.4479709584927106,29,0.15151515151515152,2,0.6666666666666666,33,21219
2024-11-01,LIN,Materials,457.30999755859375,0.005204357865602027,1.0,0.444233520223088,30,0.12121212121212122,3,0.3333333333333333,33,21219
2024-11-01,HD,Consumer Discretionary,392.5899963378906,0.08754679293357803,1.0,0.42980619086660177,31,0.09090909090909091,3,0.3333333333333333,33,21219
2024-11-01,PG,Consumer Staples,165.10000610351562,0.08843119506350927,1.0,0.42128773574039047,32,0.06060606060606061,3,0.3333333333333333,33,21219
2024-11-01,XOM,Energy,114.94999694824219,0.025228374100650708,1.0,0.4097451093529188,33,0.030303030303030304,3,0.3333333333333333,33,21219
2024-12-02,NEM,Materials,40.90999984741211,-0.0901979623679321,0.0,0.5823893385385439,1,1.0,1,1.0,33,21879
2024-12-02,LLY,Health Care,799.7999877929688,-0.034758674940321255,0.0,0.5697409938058436,2,0.9696969696969697,1,1.0,33,21879
2024-12-02,NEE,Utilities,77.06999969482422,-0.06980663390062625,0.0,0.5574017945434895,3,0.9393939393939394,1,1.0,33,21879
2024-12-02,AMT,Real Estate,207.3300018310547,-0.11537161991845646,0.0,0.55393778726503,4,0.9090909090909091,1,1.0,33,21879
2024-12-02,O,Real Estate,56.689998626708984,-0.057858508709709766,0.0,0.5369656493785346,5,0.8787878787878788,2,0.6666666666666666,33,21879
2024-12-02,APD,Materials,335.6199951171875,-0.13580831665393056,0.0,0.5266391561172784,6,0.8484848484848485,2,0.6666666666666666,33,21879
2024-12-02,AAPL,Information Technology,239.58999633789062,0.04520222879331448,1.0,0.5256506190262924,7,0.8181818181818182,1,1.0,33,21879
2024-12-02,META,Communication Services,592.8300170898438,-0.012347565260193982,0.0,0.5233444894619237,8,0.7878787878787878,1,1.0,33,21879
2024-12-02,GOOGL,Communication Services,171.49000549316406,0.10385443459154642,1.0,0.519776491990054,9,0.7575757575757576,2,0.6666666666666666,33,21879
2024-12-02,HD,Consumer Discretionary,426.9599914550781,-0.08893105204377927,0.0,0.5180055712113321,10,0.7272727272727273,1,1.0,33,21879
2024-12-02,PG,Consumer Staples,179.6999969482422,-0.0670562229070516,0.0,0.5163684509261035,11,0.696969696969697,1,1.0,33,21879
2024-12-02,PLD,Real Estate,115.83999633789062,-0.08753452788509541,0.0,0.5151170999245004,12,0.6666666666666666,3,0.3333333333333333,33,21879
2024-12-02,AMZN,Consumer Discretionary,210.7100067138672,0.04119402211195511,1.0,0.5117687420629581,13,0.6363636363636364,2,0.6666666666666666,33,21879
2024-12-02,CAT,Industrials,402.510009765625,-0.09875530803108667,0.0,0.5086834213120391,14,0.6060606060606061,1,1.0,33,21879
2024-12-02,UNH,Health Care,608.52001953125,-0.16870444830848408,0.0,0.5086012269629598,15,0.5757575757575758,2,0.6666666666666666,33,21879
2024-12-02,UNP,Industrials,240.77999877929688,-0.052911394458647565,0.0,0.5081982000727943,16,0.5454545454545454,2,0.6666666666666666,33,21879
2024-12-02,HON,Industrials,227.2989044189453,-0.017656041338158568,0.0,0.5033424969324871,17,0.5151515151515151,3,0.3333333333333333,33,21879
2024-12-02,MSFT,Information Technology,430.9800109863281,-0.02199640527325719,0.0,0.4992018459980186,18,0.48484848484848486,2,0.6666666666666666,33,21879
2024-12-02,JPM,Financials,246.25,-0.02655834837008253,0.0,0.4977723028377669,19,0.45454545454545453,1,1.0,33,21879
2024-12-02,NVDA,Information Technology,138.6300048828125,-0.03130643759515417,0.0,0.49318290110160184,20,0.42424242424242425,3,0.3333333333333333,33,21879
2024-12-02,DUK,Utilities,115.18000030517578,-0.06459456868982072,0.0,0.4902999254382715,21,0.3939393939393939,2,0.6666666666666666,33,21879
2024-12-02,DIS,Communication Services,117.16000366210938,-0.04959034658913464,0.0,0.48911034494714606,22,0.36363636363636365,3,0.3333333333333333,33,21879
2024-12-02,GS,Financials,601.7100219726562,-0.04834559138652783,0.0,0.4882081627543834,23,0.3333333333333333,2,0.6666666666666666,33,21879
2024-12-02,CVX,Energy,162.2100067138672,-0.10708346992807083,0.0,0.48677343934234263,24,0.30303030303030304,1,1.0,33,21879
2024-12-02,COP,Energy,106.13999938964844,-0.06566799755778863,0.0,0.4862521015274141,25,0.2727272727272727,2,0.6666666666666666,33,21879
2024-12-02,XOM,Energy,117.8499984741211,-0.08722951983367466,0.0,0.4847880328079509,26,0.24242424242424243,3,0.3333333333333333,33,21879
2024-12-02,MCD,Consumer Discretionary,292.44000244140625,-0.008719695567228958,0.0,0.4833369187522978,27,0.21212121212121213,3,0.3333333333333333,33,21879
2024-12-02,BLK,Financials,1020.1099853515625,0.0049014322688714085,1.0,0.48326401886785364,28,0.18181818181818182,3,0.3333333333333333,33,21879
2024-12-02,WMT,Consumer Staples,92.63999938964844,-0.024719353741524563,0.0,0.4746597740709461,29,0.15151515151515152,2,0.6666666666666666,33,21879
2024-12-02,KO,Consumer Staples,63.650001525878906,-0.021838227353074835,0.0,0.4591607312894486,30,0.12121212121212122,3,0.3333333333333333,33,21879
2024-12-02,LIN,Materials,459.69000244140625,-0.08923402465969543,0.0,0.4510640440679405,31,0.09090909090909091,3,0.3333333333333333,33,21879
2024-12-02,SO,Utilities,87.7699966430664,-0.062094077209614684,0.0,0.4484768350449304,32,0.06060606060606061,3,0.3333333333333333,33,21879
2024-12-02,JNJ,Health Care,154.8000030517578,-0.06576232386227154,0.0,0.4291347498744252,33,0.030303030303030304,3,0.3333333333333333,33,21879
2024-12-31,NEM,Materials,37.220001220703125,0.14777001127395706,1.0,0.5935787442025467,1,1.0,1,1.0,33,22539
2024-12-31,AMT,Real Estate,183.41000366210938,0.008396451967635832,1.0,0.592815837126635,2,0.9696969696969697,1,1.0,33,22539
2024-12-31,UNH,Health Care,505.8599853515625,0.07241135085503037,1.0,0.5797828593303069,3,0.9393939393939394,1,1.0,33,22539
2024-12-31,APD,Materials,290.0400085449219,0.15590952933549995,1.0,0.5642834270139344,4,0.9090909090909091,2,0.6666666666666666,33,22539
2024-12-31,LLY,Health Care,772.0,0.05062178379513438,1.0,0.5332566054879746,5,0.8787878787878788,2,0.6666666666666666,33,22539
2024-12-31,NVDA,Information Technology,134.2899932861328,-0.10589019511684639,0.0,0.5296074597719606,6,0.8484848484848485,1,1.0,33,22539
2024-12-31,PLD,Real Estate,105.69999694824219,0.12819303162698104,1.0,0.5103524123481934,7,0.8181818181818182,2,0.6666666666666666,33,22539
2024-12-31,HON,Industrials,223.28570556640625,-0.009606408746326567,0.0,0.5098176929162551,8,0.7878787878787878,1,1.0,33,22539
2024-12-31,META,Communication Services,585.510009765625,0.17705928366904344,1.0,0.5060980770312954,9,0.7575757575757576,1,1.0,33,22539
2024-12-31,O,Real Estate,53.40999984741211,0.02302938673938093,1.0,0.505920546701035,10,0.7272727272727273,3,0.3333333333333333,33,22539
2024-12-31,GS,Financials,572.6199951171875,0.11836825447040789,1.0,0.5027998385775432,11,0.696969696969697,1,1.0,33,22539
2024-12-31,AMZN,Consumer Discretionary,219.38999938964844,0.08336748865953902,1.0,0.5009490736137777,12,0.6666666666666666,1,1.0,33,22539
2024-12-31,GOOGL,Communication Services,189.3000030517578,0.07776017423876347,1.0,0.49935346957164617,13,0.6363636363636364,2,0.6666666666666666,33,22539
2024-12-31,BLK,Financials,1025.1099853515625,0.04915571535590524,1.0,0.48979851770544297,14,0.6060606060606061,2,0.6666666666666666,33,22539
2024-12-31,CVX,Energy,144.83999633789062,0.03003318291563395,1.0,0.4873630587118969,15,0.5757575757575758,1,1.0,33,22539
2024-12-31,JPM,Financials,239.7100067138672,0.11509732721352206,1.0,0.4863613601534,16,0.5454545454545454,3,0.3333333333333333,33,22539
2024-12-31,COP,Energy,99.16999816894531,-0.0034284193220555093,0.0,0.48622700487141507,17,0.5151515151515151,2,0.6666666666666666,33,22539
2024-12-31,WMT,Consumer Staples,90.3499984741211,0.08644167481890208,1.0,0.4794604196507865,18,0.48484848484848486,1,1.0,33,22539
2024-12-31,AAPL,Information Technology,250.4199981689453,-0.05758325323210367,0.0,0.47890603955191086,19,0.45454545454545453,2,0.6666666666666666,33,22539
2024-12-31,NEE,Utilities,71.69000244140625,-0.001813431139422228,0.0,0.4748789274595494,20,0.42424242424242425,1,1.0,33,22539
2024-12-31,XOM,Energy,107.56999969482422,-0.006879221584725315,0.0,0.47353372831759627,21,0.3939393939393939,3,0.3333333333333333,33,22539
2024-12-31,CAT,Industrials,362.760009765625,0.023927644839874418,1.0,0.4696058507804983,22,0.36363636363636365,2,0.6666666666666666,33,22539
2024-12-31,SO,Utilities,82.31999969482422,0.019800744162544737,1.0,0.4690105236682926,23,0.3333333333333333,2,0.6666666666666666,33,22539
2024-12-31,MSFT,Information Technology,421.5,-0.015278772102980454,0.0,0.4677906530915797,24,0.30303030303030304,3,0.3333333333333333,33,22539
2024-12-31,UNP,Industrials,228.0399932861328,0.08660761524939486,1.0,0.46307706022964257,25,0.2727272727272727,3,0.3333333333333333,33,22539
2024-12-31,HD,Consumer Discretionary,388.989990234375,0.059101831227330814,1.0,0.44249359360290763,26,0.24242424242424243,2,0.6666666666666666,33,22539
2024-12-31,JNJ,Health Care,144.6199951171875,0.05206748052504917,1.0,0.44153457749969327,27,0.21212121212121213,3,0.3333333333333333,33,22539
2024-12-31,KO,Consumer Staples,62.2599983215332,0.019595265878463275,1.0,0.43427153914478445,28,0.18181818181818182,2,0.6666666666666666,33,22539
2024-12-31,MCD,Consumer Discretionary,289.8900146484375,-0.0041050135612619165,0.0,0.43347157736984976,29,0.15151515151515152,3,0.3333333333333333,33,22539
2024-12-31,LIN,Materials,418.6700134277344,0.06556471877389702,1.0,0.4289193495749092,30,0.12121212121212122,3,0.3333333333333333,33,22539
2024-12-31,DUK,Utilities,107.73999786376953,0.03944681719201304,1.0,0.4000967593221496,31,0.09090909090909091,3,0.3333333333333333,33,22539
2024-12-31,PG,Consumer Staples,167.64999389648438,-0.009901511862537071,0.0,0.39177766726400776,32,0.06060606060606061,3,0.3333333333333333,33,22539
2024-12-31,DIS,Communication Services,111.3499984741211,0.015356974476026464,1.0,0.3882295215463149,33,0.030303030303030304,3,0.3333333333333333,33,22539
2025-01-31,AAPL,Information Technology,236.0,0.008601689742783414,1.0,0.544659460834766,1,1.0,1,1.0,33,23199
2025-01-31,AMT,Real Estate,184.9499969482422,0.13333335533393065,1.0,0.5328569271958148,2,0.9696969696969697,1,1.0,33,23199
2025-01-31,PG,Consumer Staples,165.99000549316406,0.05783475225634538,1.0,0.5266834149136108,3,0.9393939393939394,1,1.0,33,23199
2025-01-31,NEE,Utilities,71.55999755859375,0.0008385297657276247,1.0,0.5266069647134759,4,0.9090909090909091,1,1.0,33,23199
2025-01-31,WMT,Consumer Staples,98.16000366210938,-0.005806920364233581,0.0,0.5238646676302078,5,0.8787878787878788,2,0.6666666666666666,33,23199
2025-01-31,JNJ,Health Care,152.14999389648438,0.09944137686332244,1.0,0.5204521692141189,6,0.8484848484848485,1,1.0,33,23199
2025-01-31,O,Real Estate,54.63999938964844,0.0532576844787338,1.0,0.516631911344228,7,0.8181818181818182,2,0.6666666666666666,33,23199
2025-01-31,BLK,Financials,1075.5,-0.10137613137784751,0.0,0.5160477809249456,8,0.7878787878787878,1,1.0,33,23199
2025-01-31,SO,Utilities,83.94999694824219,0.08219180198580567,1.0,0.5157662583912835,9,0.7575757575757576,2,0.6666666666666666,33,23199
2025-01-31,UNH,Health Care,542.489990234375,-0.13906247820132767,0.0,0.5146216879866105,10,0.7272727272727273,2,0.6666666666666666,33,23199
2025-01-31,LLY,Health Care,811.0800170898438,0.14627404339088712,1.0,0.513432795741757,11,0.696969696969697,3,0.3333333333333333,33,23199
2025-01-31,XOM,Energy,106.83000183105469,0.008705422533330287,1.0,0.5133178975117649,12,0.6666666666666666,1,1.0,33,23199
2025-01-31,MSFT,Information Technology,415.05999755859375,-0.06401485925048189,0.0,0.5125184645543237,13,0.6363636363636364,2,0.6666666666666666,33,23199
2025-01-31,NVDA,Information Technology,120.06999969482422,-0.05005415300662763,0.0,0.5117122297480883,14,0.6060606060606061,3,0.3333333333333333,33,23199
2025-01-31,UNP,Industrials,247.7899932861328,-0.007990620207381394,0.0,0.510534141862193,15,0.5757575757575758,1,1.0,33,23199
2025-01-31,GOOGL,Communication Services,204.02000427246094,-0.18140382800992172,0.0,0.5096056156901013,16,0.5454545454545454,1,1.0,33,23199
2025-01-31,AMZN,Consumer Discretionary,237.67999267578125,-0.1374116013537232,0.0,0.5080398015092373,17,0.5151515151515151,1,1.0,33,23199
2025-01-31,LIN,Materials,446.1199951171875,0.03615620250012652,1.0,0.5048732535658959,18,0.48484848484848486,1,1.0,33,23199
2025-01-31,KO,Consumer Staples,63.47999954223633,0.13925646213507314,1.0,0.5028157943154252,19,0.45454545454545453,3,0.3333333333333333,33,23199
2025-01-31,CVX,Energy,149.19000244140625,0.02614112093748422,1.0,0.5010845851643576,20,0.42424242424242425,2,0.6666666666666666,33,23199
2025-01-31,META,Communication Services,689.1799926757812,-0.0495226286971866,0.0,0.500705627873777,21,0.3939393939393939,2,0.6666666666666666,33,23199
2025-01-31,HD,Consumer Discretionary,411.9800109863281,-0.05410458748121538,0.0,0.50041223424225,22,0.36363636363636365,2,0.6666666666666666,33,23199
2025-01-31,GS,Financials,640.4000244140625,-0.0548719758101025,0.0,0.49789528823833934,23,0.3333333333333333,2,0.6666666666666666,33,23199
2025-01-31,APD,Materials,335.260009765625,-0.07340576016311962,0.0,0.4967582263362472,24,0.30303030303030304,2,0.6666666666666666,33,23199
2025-01-31,NEM,Materials,42.720001220703125,-0.008426980338593681,0.0,0.495006146757552,25,0.2727272727272727,3,0.3333333333333333,33,23199
2025-01-31,PLD,Real Estate,119.25,0.035974850444673745,1.0,0.4948633140085325,26,0.24242424242424243,3,0.3333333333333333,33,23199
2025-01-31,CAT,Industrials,371.44000244140625,-0.10607364214278359,0.0,0.49472915461608785,27,0.21212121212121213,2,0.6666666666666666,33,23199
2025-01-31,COP,Energy,98.83000183105469,-0.06273403281156809,0.0,0.48957260145927717,28,0.18181818181818182,3,0.3333333333333333,33,23199
2025-01-31,DUK,Utilities,111.98999786376953,0.05964818673629835,1.0,0.48925516362980714,29,0.15151515151515152,3,0.3333333333333333,33,23199
2025-01-31,HON,Industrials,221.14073181152344,-0.05229750827987012,0.0,0.48764694649248175,30,0.12121212121212122,3,0.3333333333333333,33,23199
2025-01-31,JPM,Financials,267.29998779296875,-0.024990620953395215,0.0,0.47060258654628834,31,0.09090909090909091,3,0.3333333333333333,33,23199
2025-01-31,MCD,Consumer Discretionary,288.70001220703125,0.054000677792527485,1.0,0.46994810255999053,32,0.06060606060606061,3,0.3333333333333333,33,23199
2025-01-31,DIS,Communication Services,113.05999755859375,-0.002388082866590202,0.0,0.4614008243551812,33,0.030303030303030304,3,0.3333333333333333,33,23199
2025-03-03,CAT,Industrials,332.0400085449219,-0.006746237484360429,0.0,0.6540337471152432,1,1.0,1,1.0,33,23859
2025-03-03,MSFT,Information Technology,388.489990234375,-0.033720239685028464,0.0,0.6239133199926932,2,0.9696969696969697,1,1.0,33,23859
2025-03-03,GOOGL,Communication Services,167.00999450683594,-0.07406739431202836,0.0,0.5992941552253739,3,0.9393939393939394,1,1.0,33,23859
2025-03-03,AMZN,Consumer Discretionary,205.02000427246094,-0.0719930224272638,0.0,0.59895827191035,4,0.9090909090909091,1,1.0,33,23859
2025-03-03,UNH,Health Care,467.04998779296875,0.12140030765221832,1.0,0.5918730023254849,5,0.8787878787878788,1,1.0,33,23859
2025-03-03,HON,Industrials,209.57562255859375,-0.0012734853235021326,0.0,0.5336920358281471,6,0.8484848484848485,2,0.6666666666666666,33,23859
2025-03-03,NVDA,Information Technology,114.05999755859375,-0.049798355486180945,0.0,0.5284051080382927,7,0.8181818181818182,2,0.6666666666666666,33,23859
2025-03-03,WMT,Consumer Staples,97.58999633789062,-0.10042008187429663,0.0,0.520973182979208,8,0.7878787878787878,1,1.0,33,23859
2025-03-03,COP,Energy,92.62999725341797,0.13375795916037614,1.0,0.5207736998395088,9,0.7575757575757576,1,1.0,33,23859
2025-03-03,HD,Consumer Discretionary,389.69000244140625,-0.05953453273546483,0.0,0.5180330649118385,10,0.7272727272727273,2,0.6666666666666666,33,23859
2025-03-03,JPM,Financials,260.6199951171875,-0.05878287296621687,0.0,0.5153807405049838,11,0.696969696969697,1,1.0,33,23859
2025-03-03,NEE,Utilities,71.62000274658203,-0.010192730088500745,0.0,0.5141601057256548,12,0.6666666666666666,1,1.0,33,23859
2025-03-03,APD,Materials,310.6499938964844,-0.05063570184389443,0.0,0.5096993601488822,13,0.6363636363636364,1,1.0,33,23859
2025-03-03,BLK,Financials,966.469970703125,-0.02068350889353754,0.0,0.5085653217942787,14,0.6060606060606061,2,0.6666666666666666,33,23859
2025-03-03,DIS,Communication Services,112.79000091552734,-0.12492245636062804,0.0,0.507310858436198,15,0.5757575757575758,2,0.6666666666666666,33,23859
2025-03-03,XOM,Energy,107.76000213623047,0.10365625415285518,1.0,0.5064721167584579,16,0.5454545454545454,2,0.6666666666666666,33,23859
2025-03-03,AAPL,Information Technology,238.02999877929688,-0.06679827743572342,0.0,0.5049981791043566,17,0.5151515151515151,3,0.3333333333333333,33,23859
2025-03-03,PG,Consumer Staples,175.58999633789062,-0.029443580367736866,0.0,0.5038181056512885,18,0.48484848484848486,2,0.6666666666666666,33,23859
2025-03-03,MCD,Consumer Discretionary,304.2900085449219,0.02655357174198114,1.0,0.500798243391817,19,0.45454545454545453,3,0.3333333333333333,33,23859
2025-03-03,CVX,Energy,153.08999633789062,0.09275587750946745,1.0,0.49501159739101536,20,0.42424242424242425,3,0.3333333333333333,33,23859
2025-03-03,AMT,Real Estate,209.61000061035156,0.03811843647678259,1.0,0.49436892406967997,21,0.3939393939393939,1,1.0,33,23859
2025-03-03,O,Real Estate,57.54999923706055,0.00799303371973692,1.0,0.49423828905686246,22,0.36363636363636365,2,0.6666666666666666,33,23859
2025-03-03,DUK,Utilities,118.66999816894531,0.0278082337800305,1.0,0.4938384715635174,23,0.3333333333333333,2,0.6666666666666666,33,23859
2025-03-03,GS,Financials,605.260009765625,-0.09742925484390785,0.0,0.4933261594473123,24,0.30303030303030304,3,0.3333333333333333,33,23859
2025-03-03,NEM,Materials,42.36000061035156,0.13975444012384264,1.0,0.48777566201641653,25,0.2727272727272727,2,0.6666666666666666,33,23859
2025-03-03,LIN,Materials,462.25,0.007333725578015038,1.0,0.48379614553098776,26,0.24242424242424243,3,0.3333333333333333,33,23859
2025-03-03,LLY,Health Care,929.719970703125,-0.11165727405003978,0.0,0.4784704875644014,27,0.21212121212121213,2,0.6666666666666666,33,23859
2025-03-03,META,Communication Services,655.0499877929688,-0.1201282404515921,0.0,0.4769597944716938,28,0.18181818181818182,3,0.3333333333333333,33,23859
2025-03-03,JNJ,Health Care,167.27999877929688,-0.008608336034878539,0.0,0.46478084928555047,29,0.15151515151515152,3,0.3333333333333333,33,23859
2025-03-03,SO,Utilities,90.8499984741211,0.012107853523348533,1.0,0.4615256842565305,30,0.12121212121212122,3,0.3333333333333333,33,23859
2025-03-03,KO,Consumer Staples,72.31999969482422,-0.00967916138268854,0.0,0.46096767024554963,31,0.09090909090909091,3,0.3333333333333333,33,23859
2025-03-03,UNP,Industrials,245.80999755859375,-0.03893247695569624,0.0,0.4605425792459096,32,0.06060606060606061,3,0.3333333333333333,33,23859
2025-03-03,PLD,Real Estate,123.54000091552734,-0.09511089455175148,0.0,0.4359935898462331,33,0.030303030303030304,3,0.3333333333333333,33,23859
2025-03-31,DIS,Communication Services,98.69999694824219,-0.07629178330416331,0.0,0.6033619071607786,1,1.0,1,1.0,33,24519
2025-03-31,GS,Financials,546.2899780273438,0.004814301906671314,1.0,0.5962877905834519,2,0.9696969696969697,1,1.0,33,24519
2025-03-31,AMZN,Consumer Discretionary,190.25999450683594,-0.015084595816512447,0.0,0.5936149355029572,3,0.9393939393939394,1,1.0,33,24519
2025-03-31,GOOGL,Communication Services,154.63999938964844,0.035695837391670704,1.0,0.5933476309675502,4,0.9090909090909091,2,0.6666666666666666,33,24519
2025-03-31,CAT,Industrials,329.79998779296875,-0.06791993549298103,0.0,0.5731900859391027,5,0.8787878787878788,1,1.0,33,24519
2025-03-31,MSFT,Information Technology,375.3900146484375,0.049681646204549734,1.0,0.5719652401546627,6,0.8484848484848485,1,1.0,33,24519
2025-03-31,META,Communication Services,576.3599853515625,-0.03803175700475758,0.0,0.5709990881129043,7,0.8181818181818182,3,0.3333333333333333,33,24519
2025-03-31,NVDA,Information Technology,108.37999725341797,0.005905143069453667,1.0,0.56293987347356,8,0.7878787878787878,2,0.6666666666666666,33,24519
2025-03-31,HD,Consumer Discretionary,366.489990234375,-0.020437093601342493,0.0,0.5582243137505334,9,0.7575757575757576,2,0.6666666666666666,33,24519
2025-03-31,JPM,Financials,245.3000030517578,-0.002772148088505455,0.0,0.5524713252245952,10,0.7272727272727273,2,0.6666666666666666,33,24519
2025-03-31,APD,Materials,294.9200134277344,-0.08134415997451971,0.0,0.5398670713221492,11,0.696969696969697,1,1.0,33,24519
2025-03-31,WMT,Consumer Staples,87.79000091552734,0.09397425576903973,1.0,0.5394670906190268,12,0.6666666666666666,1,1.0,33,24519
2025-03-31,AAPL,Information Technology,222.1300048828125,-0.04916039224285029,0.0,0.536664692998475,13,0.6363636363636364,3,0.3333333333333333,33,24519
2025-03-31,BLK,Financials,946.47998046875,-0.027427902832813378,0.0,0.5324450917635939,14,0.6060606060606061,3,0.3333333333333333,33,24519
2025-03-31,NEE,Utilities,70.88999938964844,-0.05134714940031382,0.0,0.5191160535856798,15,0.5757575757575758,1,1.0,33,24519
2025-03-31,UNP,Industrials,236.24000549316406,-0.09185578946178596,0.0,0.517186735150608,16,0.5454545454545454,2,0.6666666666666666,33,24519
2025-03-31,MCD,Consumer Discretionary,312.3699951171875,0.006818852374132156,1.0,0.5135662323742548,17,0.5151515151515151,3,0.3333333333333333,33,24519
2025-03-31,SO,Utilities,91.94999694824219,-0.005437738081507937,0.0,0.5135655411208646,18,0.48484848484848486,2,0.6666666666666666,33,24519
2025-03-31,O,Real Estate,58.0099983215332,-0.010860149485370951,0.0,0.5070516707130035,19,0.45454545454545453,1,1.0,33,24519
2025-03-31,PLD,Real Estate,111.79000091552734,-0.07773506011483744,0.0,0.5026079814578227,20,0.42424242424242425,2,0.6666666666666666,33,24519
2025-03-31,KO,Consumer Staples,71.62000274658203,0.010192623562471192,1.0,0.49912720013047107,21,0.3939393939393939,2,0.6666666666666666,33,24519
2025-03-31,PG,Consumer Staples,170.4199981689453,-0.04788172602853791,0.0,0.49893067061145957,22,0.36363636363636365,3,0.3333333333333333,33,24519
2025-03-31,DUK,Utilities,121.97000122070312,-0.0022136941031292157,0.0,0.4976483451228546,23,0.3333333333333333,3,0.3333333333333333,33,24519
2025-03-31,XOM,Energy,118.93000030517578,-0.08887580650551985,0.0,0.4972719051541579,24,0.30303030303030304,1,1.0,33,24519
2025-03-31,CVX,Energy,167.2899932861328,-0.16731419306414175,0.0,0.4967845081307981,25,0.2727272727272727,2,0.6666666666666666,33,24519
2025-03-31,HON,Industrials,209.30873107910156,-0.001227869391088876,0.0,0.49331353956619545,26,0.24242424242424243,3,0.3333333333333333,33,24519
2025-03-31,LLY,Health Care,825.9099731445312,0.0717875325282269,1.0,0.48906245143313526,27,0.21212121212121213,1,1.0,33,24519
2025-03-31,COP,Energy,105.0199966430664,-0.12511902313525702,0.0,0.4827892235776299,28,0.18181818181818182,3,0.3333333333333333,33,24519
2025-03-31,AMT,Real Estate,217.60000610351562,0.017141524002369124,1.0,0.4825654901654349,29,0.15151515151515152,3,0.3333333333333333,33,24519
2025-03-31,NEM,Materials,48.279998779296875,0.09693455723910716,1.0,0.4801008577162541,30,0.12121212121212122,2,0.6666666666666666,33,24519
2025-03-31,UNH,Health Care,523.75,-0.21865391697121117,0.0,0.46050351265326045,31,0.09090909090909091,2,0.6666666666666666,33,24519
2025-03-31,LIN,Materials,465.6400146484375,-0.03234264153080213,0.0,0.44886937425592843,32,0.06060606060606061,3,0.3333333333333333,33,24519
2025-03-31,JNJ,Health Care,165.83999633789062,-0.059876947027599936,0.0,0.4439702824378991,33,0.030303030303030304,3,0.3333333333333333,33,24519
2025-04-29,NVDA,Information Technology,109.0199966430664,0.2365621143794776,1.0,0.5573962105098998,1,1.0,1,1.0,33,25179
2025-04-29,UNP,Industrials,214.5399932861328,0.03561107312732559,1.0,0.5432930812574385,2,0.9696969696969697,1,1.0,33,25179
2025-04-29,CVX,Energy,139.3000030517578,-0.023546293664316487,0.0,0.5355361223420944,3,0.9393939393939394,1,1.0,33,25179
2025-04-29,JNJ,Health Care,155.91000366210938,-0.022320639500914008,0.0,0.5265873048065038,4,0.9090909090909091,1,1.0,33,25179
2025-04-29,HON,Industrials,209.05172729492188,0.06203600854689495,1.0,0.525952186327991,5,0.8787878787878788,2,0.6666666666666666,33,25179
2025-04-29,UNH,Health Care,409.2300109863281,-0.2715344003411275,0.0,0.5249115030750864,6,0.8484848484848485,2,0.6666666666666666,33,25179
2025-04-29,AMT,Real Estate,221.3300018310547,-0.0400758823648234,0.0,0.5235785470723057,7,0.8181818181818182,1,1.0,33,25179
2025-04-29,XOM,Energy,108.36000061035156,-0.05767810967881204,0.0,0.522493087436764,8,0.7878787878787878,2,0.6666666666666666,33,25179
2025-04-29,NEE,Utilities,67.25,-0.0005948091528229504,0.0,0.5219330513917971,9,0.7575757575757576,1,1.0,33,25179
2025-04-29,APD,Materials,270.92999267578125,0.003063585104204458,1.0,0.521135631177156,10,0.7272727272727273,1,1.0,33,25179
2025-04-29,LIN,Materials,450.5799865722656,0.026477037482546928,1.0,0.5207331704387902,11,0.696969696969697,2,0.6666666666666666,33,25179
2025-04-29,HD,Consumer Discretionary,359.0,0.025236762001653812,1.0,0.5206478019900037,12,0.6666666666666666,1,1.0,33,25179
2025-04-29,JPM,Financials,244.6199951171875,0.07714003554021676,1.0,0.5197229901962149,13,0.6363636363636364,1,1.0,33,25179
2025-04-29,O,Real Estate,57.380001068115234,-0.026664387687582836,0.0,0.5194825442363288,14,0.6060606060606061,2,0.6666666666666666,33,25179
2025-04-29,DUK,Utilities,121.69999694824219,-0.05957272129664348,0.0,0.5190988407332803,15,0.5757575757575758,2,0.6666666666666666,33,25179
2025-04-29,SO,Utilities,91.44999694824219,-0.03531980137043789,0.0,0.5178730073075205,16,0.5454545454545454,3,0.3333333333333333,33,25179
2025-04-29,BLK,Financials,920.52001953125,0.05514275484358633,1.0,0.5141758179548434,17,0.5151515151515151,2,0.6666666666666666,33,25179
2025-04-29,KO,Consumer Staples,72.3499984741211,-0.01658599825225171,0.0,0.5140299815646573,18,0.48484848484848486,1,1.0,33,25179
2025-04-29,MCD,Consumer Discretionary,314.5,-0.005278231040093395,0.0,0.5139762066159489,19,0.45454545454545453,2,0.6666666666666666,33,25179
2025-04-29,PLD,Real Estate,103.0999984741211,0.04675072518099088,1.0,0.5104155950824171,20,0.42424242424242425,3,0.3333333333333333,33,25179
2025-04-29,GOOGL,Communication Services,160.16000366210938,0.07617380537765595,1.0,0.5094960536944119,21,0.3939393939393939,1,1.0,33,25179
2025-04-29,CAT,Industrials,307.3999938964844,0.13692256725308938,1.0,0.509487191102,22,0.36363636363636365,3,0.3333333333333333,33,25179
2025-04-29,MSFT,Information Technology,394.0400085449219,0.160694283406559,1.0,0.5094664748630939,23,0.3333333333333333,2,0.6666666666666666,33,25179
2025-04-29,PG,Consumer Staples,162.25999450683594,0.031431075287635224,1.0,0.5080653408013844,24,0.30303030303030304,2,0.6666666666666666,33,25179
2025-04-29,WMT,Consumer Staples,96.04000091552734,0.012494761940888166,1.0,0.502996942172737,25,0.2727272727272727,3,0.3333333333333333,33,25179
2025-04-29,NEM,Materials,52.959999084472656,-0.0020770508355959505,0.0,0.49477196917198407,26,0.24242424242424243,3,0.3333333333333333,33,25179
2025-04-29,AMZN,Consumer Discretionary,187.38999938964844,0.09248093221356823,1.0,0.4828942826129101,27,0.21212121212121213,3,0.3333333333333333,33,25179
2025-04-29,LLY,Health Care,885.2000122070312,-0.1873135961048925,0.0,0.4773687200306206,28,0.18181818181818182,3,0.3333333333333333,33,25179
2025-04-29,DIS,Communication Services,91.16999816894531,0.2232093767997112,1.0,0.4752976588497423,29,0.15151515151515152,2,0.6666666666666666,33,25179
2025-04-29,GS,Financials,548.9199829101562,0.10843114002827603,1.0,0.4718760097890175,30,0.12121212121212122,3,0.3333333333333333,33,25179
2025-04-29,META,Communication Services,554.4400024414062,0.16077486158271537,1.0,0.4675736863809796,31,0.09090909090909091,3,0.3333333333333333,33,25179
2025-04-29,COP,Energy,91.87999725341797,-0.07945141097717778,0.0,0.4572721404652586,32,0.06060606060606061,3,0.3333333333333333,33,25179
2025-04-29,AAPL,Information Technology,211.2100067138672,-0.051086635111656564,0.0,0.4332910377497624,33,0.030303030303030304,3,0.3333333333333333,33,25179
2025-05-28,COP,Energy,84.58000183105469,0.07460389479770568,1.0,0.579789619798822,1,1.0,1,1.0,33,25839
2025-05-28,LLY,Health Care,719.3900146484375,0.10526971312739009,1.0,0.5644938126959991,2,0.9696969696969697,1,1.0,33,25839
2025-05-28,UNH,Health Care,298.1099853515625,0.01512867729105527,1.0,0.5305999901997867,3,0.9393939393939394,2,0.6666666666666666,33,25839
2025-05-28,CVX,Energy,136.02000427246094,0.06190264596727446,1.0,0.5184020521908278,4,0.9090909090909091,2,0.6666666666666666,33,25839
2025-05-28,NEM,Materials,52.849998474121094,0.11996216339897114,1.0,0.5159798973028211,5,0.8787878787878788,1,1.0,33,25839
2025-05-28,DUK,Utilities,114.44999694824219,0.01572741895809604,1.0,0.5127149880942179,6,0.8484848484848485,1,1.0,33,25839
2025-05-28,AMT,Real Estate,212.4600067138672,0.02381623552054357,1.0,0.5114887202984362,7,0.8181818181818182,1,1.0,33,25839
2025-05-28,AAPL,Information Technology,200.4199981689453,0.0028939319247263118,1.0,0.509413538897604,8,0.7878787878787878,1,1.0,33,25839
2025-05-28,SO,Utilities,88.22000122070312,0.0241441535246556,1.0,0.5091514679113764,9,0.7575757575757576,2,0.6666666666666666,33,25839
2025-05-28,XOM,Energy,102.11000061035156,0.0771716502430333,1.0,0.5072167321482598,10,0.7272727272727273,3,0.3333333333333333,33,25839
2025-05-28,UNP,Industrials,222.17999267578125,0.032451197009392585,1.0,0.5048386748040262,11,0.696969696969697,1,1.0,33,25839
2025-05-28,GOOGL,Communication Services,172.36000061035156,0.00684609347646048,1.0,0.5033067600792415,12,0.6666666666666666,1,1.0,33,25839
2025-05-28,PLD,Real Estate,107.91999816894531,-0.032709403624810784,0.0,0.5031916668656913,13,0.6363636363636364,2,0.6666666666666666,33,25839
2025-05-28,AMZN,Consumer Discretionary,204.72000122070312,0.06057050519023921,1.0,0.5002231049878912,14,0.6060606060606061,1,1.0,33,25839
2025-05-28,APD,Materials,271.760009765625,0.04135998612919067,1.0,0.49928091126147195,15,0.5757575757575758,2,0.6666666666666666,33,25839
2025-05-28,JNJ,Health Care,152.42999267578125,-0.0027553512374605127,0.0,0.49887972710120027,16,0.5454545454545454,3,0.3333333333333333,33,25839
2025-05-28,GS,Financials,608.4400024414062,0.1293800052384062,1.0,0.4977227159798694,17,0.5151515151515151,1,1.0,33,25839
2025-05-28,PG,Consumer Staples,167.36000061035156,-0.05216297619324395,0.0,0.49276659413408264,18,0.48484848484848486,1,1.0,33,25839
2025-05-28,KO,Consumer Staples,71.1500015258789,-0.023612090922650597,0.0,0.4913099996892595,19,0.45454545454545453,2,0.6666666666666666,33,25839
2025-05-28,HD,Consumer Discretionary,368.05999755859375,-0.012389277804817134,0.0,0.4912646054165579,20,0.42424242424242425,2,0.6666666666666666,33,25839
2025-05-28,HON,Industrials,222.0204620361328,0.007880369473330928,1.0,0.48975927378923517,21,0.3939393939393939,2,0.6666666666666666,33,25839
2025-05-28,BLK,Financials,971.280029296875,0.06126967297855934,1.0,0.4882600715522205,22,0.36363636363636365,2,0.6666666666666666,33,25839
2025-05-28,NVDA,Information Technology,134.80999755859375,0.1499147472729767,1.0,0.4843982998186935,23,0.3333333333333333,2,0.6666666666666666,33,25839
2025-05-28,JPM,Financials,263.489990234375,0.09586705644171212,1.0,0.4842657015507943,24,0.30303030303030304,3,0.3333333333333333,33,25839
2025-05-28,CAT,Industrials,349.489990234375,0.09267794658930328,1.0,0.48351991642990766,25,0.2727272727272727,3,0.3333333333333333,33,25839
2025-05-28,META,Communication Services,643.5800170898438,0.12820474156223938,1.0,0.4834619741388394,26,0.24242424242424243,2,0.6666666666666666,33,25839
2025-05-28,NEE,Utilities,67.20999908447266,0.05624161331331057,1.0,0.4824067379774295,27,0.21212121212121213,3,0.3333333333333333,33,25839
2025-05-28,DIS,Communication Services,111.5199966430664,0.08913201883623123,1.0,0.48116380379208085,28,0.18181818181818182,3,0.3333333333333333,33,25839
2025-05-28,MSFT,Information Technology,457.3599853515625,0.08765530028748025,1.0,0.4801481991904575,29,0.15151515151515152,3,0.3333333333333333,33,25839
2025-05-28,MCD,Consumer Discretionary,312.8399963378906,-0.08697734232706389,0.0,0.4728540397722931,30,0.12121212121212122,3,0.3333333333333333,33,25839
2025-05-28,LIN,Materials,462.510009765625,0.004216085378219825,1.0,0.46681880841290563,31,0.09090909090909091,3,0.3333333333333333,33,25839
2025-05-28,O,Real Estate,55.849998474121094,0.024171930630291882,1.0,0.4664168445353971,32,0.06060606060606061,3,0.3333333333333333,33,25839
2025-05-28,WMT,Consumer Staples,97.23999786376953,-0.0125462900812926,0.0,0.44408723006840595,33,0.030303030303030304,3,0.3333333333333333,33,25839
2025-06-26,UNH,Health Care,302.6199951171875,-0.07124445808759194,0.0,0.5966918864737446,1,1.0,1,1.0,33,26499
2025-06-26,MCD,Consumer Discretionary,285.6300048828125,0.04495324762242192,1.0,0.5395277007494739,2,0.9696969696969697,1,1.0,33,26499
2025-06-26,GOOGL,Communication Services,173.5399932861328,0.11317275642200819,1.0,0.5076848876098599,3,0.9393939393939394,1,1.0,33,26499
2025-06-26,COP,Energy,90.88999938964844,0.04466935400877725,1.0,0.5055633259906375,4,0.9090909090909091,1,1.0,33,26499
2025-06-26,XOM,Energy,109.98999786376953,0.0037276449683834034,1.0,0.5035249878101601,5,0.8787878787878788,2,0.6666666666666666,33,26499
2025-06-26,LLY,Health Care,795.1199951171875,0.022097302837453148,1.0,0.5028603677750458,6,0.8484848484848485,2,0.6666666666666666,33,26499
2025-06-26,NEE,Utilities,70.98999786376953,0.012114391269625324,1.0,0.5024948258915262,7,0.8181818181818182,1,1.0,33,26499
2025-06-26,NVDA,Information Technology,155.02000427246094,0.1192103936151292,1.0,0.5012010244034649,8,0.7878787878787878,1,1.0,33,26499
2025-06-26,NEM,Materials,59.189998626708984,0.11082955778834691,1.0,0.49993818953622715,9,0.7575757575757576,1,1.0,33,26499
2025-06-26,META,Communication Services,726.0900268554688,-0.01846883125190868,0.0,0.4961250799665828,10,0.7272727272727273,2,0.6666666666666666,33,26499
2025-06-26,HD,Consumer Discretionary,363.5,0.032572204505888935,1.0,0.4799427328635535,11,0.696969696969697,2,0.6666666666666666,33,26499
2025-06-26,APD,Materials,283.0,0.057385124503091856,1.0,0.479812136117912,12,0.6666666666666666,2,0.6666666666666666,33,26499
2025-06-26,CVX,Energy,144.44000244140625,0.07200217197935355,1.0,0.47913964955352545,13,0.6363636363636364,3,0.3333333333333333,33,26499
2025-06-26,AAPL,Information Technology,201.0,0.0640796262826493,1.0,0.4745862093551731,14,0.6060606060606061,2,0.6666666666666666,33,26499
2025-06-26,AMZN,Consumer Discretionary,217.1199951171875,0.06595434619685636,1.0,0.47385222863083,15,0.5757575757575758,3,0.3333333333333333,33,26499
2025-06-26,AMT,Real Estate,217.52000427246094,0.056776345173555676,1.0,0.465712444116091,16,0.5454545454545454,1,1.0,33,26499
2025-06-26,CAT,Industrials,381.8800048828125,0.13582799427559666,1.0,0.4649913302936482,17,0.5151515151515151,1,1.0,33,26499
2025-06-26,BLK,Financials,1030.7900390625,0.08972728366534688,1.0,0.4649599569128721,18,0.48484848484848486,1,1.0,33,26499
2025-06-26,PLD,Real Estate,104.38999938964844,0.05651883858966622,1.0,0.46006244219619824,19,0.45454545454545453,2,0.6666666666666666,33,26499
2025-06-26,WMT,Consumer Staples,96.0199966430664,0.015101068822432895,1.0,0.4594678624921039,20,0.42424242424242425,1,1.0,33,26499
2025-06-26,UNP,Industrials,229.38999938964844,-0.02027112737633241,0.0,0.45887398818365277,21,0.3939393939393939,2,0.6666666666666666,33,26499
2025-06-26,GS,Financials,687.1599731445312,0.06085920158132185,1.0,0.4494318715079146,22,0.36363636363636365,2,0.6666666666666666,33,26499
2025-06-26,DUK,Utilities,116.25,0.03165591660366274,1.0,0.4489607724730583,23,0.3333333333333333,2,0.6666666666666666,33,26499
2025-06-26,JPM,Financials,288.75,0.03418180127164505,1.0,0.4484323830924781,24,0.30303030303030304,3,0.3333333333333333,33,26499
2025-06-26,DIS,Communication Services,121.45999908447266,8.234922036765013e-05,1.0,0.44841418143785716,25,0.2727272727272727,3,0.3333333333333333,33,26499
2025-06-26,LIN,Materials,464.4599914550781,0.01815016007503578,1.0,0.44602478738879786,26,0.24242424242424243,3,0.3333333333333333,33,26499
2025-06-26,JNJ,Health Care,152.00999450683594,0.10716406245373111,1.0,0.4453223423246738,27,0.21212121212121213,3,0.3333333333333333,33,26499
2025-06-26,SO,Utilities,90.3499984741211,0.055340344044744416,1.0,0.44510094544526074,28,0.18181818181818182,3,0.3333333333333333,33,26499
2025-06-26,PG,Consumer Staples,158.6300048828125,-0.0020803241561927477,0.0,0.4435433363220734,29,0.15151515151515152,2,0.6666666666666666,33,26499
2025-06-26,MSFT,Information Technology,497.45001220703125,0.03268672101038739,1.0,0.44201438245311864,30,0.12121212121212122,3,0.3333333333333333,33,26499
2025-06-26,O,Real Estate,57.20000076293945,0.012237775412635932,1.0,0.4406710749790334,31,0.09090909090909091,3,0.3333333333333333,33,26499
2025-06-26,HON,Industrials,223.7700653076172,-0.00945319108530207,0.0,0.4402098325438967,32,0.06060606060606061,3,0.3333333333333333,33,26499
2025-06-26,KO,Consumer Staples,69.47000122070312,-0.004318454678080674,0.0,0.43790693585040574,33,0.030303030303030304,3,0.3333333333333333,33,26499
2025-07-25,NEM,Materials,65.75,0.07634975882990735,1.0,0.5465646522863472,1,1.0,1,1.0,33,27159
2025-07-25,UNH,Health Care,281.05999755859375,0.09378786059245314,1.0,0.5298215992476912,2,0.9696969696969697,1,1.0,33,27159
2025-07-25,UNP,Industrials,224.74000549316406,0.013838215423760625,1.0,0.5151775699795188,3,0.9393939393939394,1,1.0,33,27159
2025-07-25,LLY,Health Care,812.6900024414062,-0.12429094668592,0.0,0.5065118879099896,4,0.9090909090909091,2,0.6666666666666666,33,27159
2025-07-25,BLK,Financials,1123.280029296875,0.02215833451968119,1.0,0.5031720252578915,5,0.8787878787878788,1,1.0,33,27159
2025-07-25,COP,Energy,94.94999694824219,0.019273321641623875,1.0,0.5021319329502899,6,0.8484848484848485,1,1.0,33,27159
2025-07-25,JNJ,Health Care,168.3000030517578,0.06530000020852778,1.0,0.5018884472564086,7,0.8181818181818182,3,0.3333333333333333,33,27159
2025-07-25,NVDA,Information Technology,173.5,0.025878994196911087,1.0,0.4961394232775367,8,0.7878787878787878,1,1.0,33,27159
2025-07-25,CVX,Energy,154.83999633789062,0.02157063043712637,1.0,0.4906095216568581,9,0.7575757575757576,2,0.6666666666666666,33,27159
2025-07-25,NEE,Utilities,71.8499984741211,0.06221296194338999,1.0,0.4893315152955619,10,0.7272727272727273,1,1.0,33,27159
2025-07-25,XOM,Energy,110.4000015258789,0.007970989504123116,1.0,0.48822917860766407,11,0.696969696969697,3,0.3333333333333333,33,27159
2025-07-25,GS,Financials,728.97998046875,0.0177097238958277,1.0,0.4876996132349052,12,0.6666666666666666,2,0.6666666666666666,33,27159
2025-07-25,PLD,Real Estate,110.29000091552734,0.018043320765712023,1.0,0.48766003861098994,13,0.6363636363636364,1,1.0,33,27159
2025-07-25,HD,Consumer Discretionary,375.3399963378906,0.09977623640545308,1.0,0.4875170664196868,14,0.6060606060606061,1,1.0,33,27159
2025-07-25,AMZN,Consumer Discretionary,231.44000244140625,-0.011234039388561934,0.0,0.48719527931094697,15,0.5757575757575758,2,0.6666666666666666,33,27159
2025-07-25,O,Real Estate,57.900001525878906,0.01761652186849272,1.0,0.4869774170242754,16,0.5454545454545454,2,0.6666666666666666,33,27159
2025-07-25,META,Communication Services,712.6799926757812,0.05908680724073534,1.0,0.4819687818321851,17,0.5151515151515151,1,1.0,33,27159
2025-07-25,AMT,Real Estate,229.8699951171875,-0.07826158531566385,0.0,0.4815014128720965,18,0.48484848484848486,3,0.3333333333333333,33,27159
2025-07-25,JPM,Financials,298.6199951171875,-0.007970011793344667,0.0,0.4799580687799166,19,0.45454545454545453,3,0.3333333333333333,33,27159
2025-07-25,WMT,Consumer Staples,97.47000122070312,-0.006566116565437152,0.0,0.4703033350547041,20,0.42424242424242425,1,1.0,33,27159
2025-07-25,PG,Consumer Staples,158.3000030517578,0.002337303285247172,1.0,0.4698480863495995,21,0.3939393939393939,2,0.6666666666666666,33,27159
2025-07-25,MCD,Consumer Discretionary,298.4700012207031,0.05226657968879156,1.0,0.46886156550478586,22,0.36363636363636365,3,0.3333333333333333,33,27159
2025-07-25,APD,Materials,299.239990234375,0.00020049980133585166,1.0,0.46346955984942306,23,0.3333333333333333,2,0.6666666666666666,33,27159
2025-07-25,HON,Industrials,221.65472412109375,-0.006287877682261023,0.0,0.46221813856213145,24,0.30303030303030304,2,0.6666666666666666,33,27159
2025-07-25,AAPL,Information Technology,213.8800048828125,0.06489615348395206,1.0,0.4611178827770172,25,0.2727272727272727,2,0.6666666666666666,33,27159
2025-07-25,SO,Utilities,95.3499984741211,-0.009124227908861693,0.0,0.4608996668559773,26,0.24242424242424243,2,0.6666666666666666,33,27159
2025-07-25,GOOGL,Communication Services,193.17999267578125,0.06682888576239132,1.0,0.45875795319984214,27,0.21212121212121213,2,0.6666666666666666,33,27159
2025-07-25,DIS,Communication Services,121.47000122070312,-0.021486791669733885,0.0,0.45352909572834743,28,0.18181818181818182,3,0.3333333333333333,33,27159
2025-07-25,LIN,Materials,472.8900146484375,0.018566682542079604,1.0,0.44684215975752767,29,0.15151515151515152,3,0.3333333333333333,33,27159
2025-07-25,KO,Consumer Staples,69.16999816894531,0.013878836343582002,1.0,0.44411295805642426,30,0.12121212121212122,3,0.3333333333333333,33,27159
2025-07-25,DUK,Utilities,119.93000030517578,0.036771416838931925,1.0,0.44179087877701617,31,0.09090909090909091,3,0.3333333333333333,33,27159
2025-07-25,MSFT,Information Technology,513.7100219726562,-0.012614141654166633,0.0,0.4401310588578555,32,0.06060606060606061,3,0.3333333333333333,33,27159
2025-07-25,CAT,Industrials,433.75,0.0044265439256123695,1.0,0.4349909788141148,33,0.030303030303030304,3,0.3333333333333333,33,27159
2025-08-22,AMZN,Consumer Discretionary,228.83999633789062,-0.0052874998883128965,0.0,0.5230909898092737,1,1.0,1,1.0,33,27819
2025-08-22,CAT,Industrials,435.6700134277344,0.08361831558972788,1.0,0.517424964031445,2,0.9696969696969697,1,1.0,33,27819
2025-08-22,PLD,Real Estate,112.27999877929688,0.014695418095989066,1.0,0.5144330802963685,3,0.9393939393939394,1,1.0,33,27819
2025-08-22,GS,Financials,741.8900146484375,0.08582132344823079,1.0,0.5134971407197298,4,0.9090909090909091,1,1.0,33,27819
2025-08-22,DIS,Communication Services,118.86000061035156,-0.05300355897195863,0.0,0.5121368465826263,5,0.8787878787878788,1,1.0,33,27819
2025-08-22,HD,Consumer Discretionary,412.7900085449219,-0.0019138267122953412,0.0,0.511916009600045,6,0.8484848484848485,2,0.6666666666666666,33,27819
2025-08-22,META,Communication Services,754.7899780273438,0.013738914690268667,1.0,0.5093685988182689,7,0.8181818181818182,2,0.6666666666666666,33,27819
2025-08-22,AMT,Real Estate,211.8800048828125,-0.08811590399609148,0.0,0.5085527083498426,8,0.7878787878787878,2,0.6666666666666666,33,27819
2025-08-22,GOOGL,Communication Services,206.08999633789062,0.2253384602194204,1.0,0.5071901219019939,9,0.7575757575757576,3,0.3333333333333333,33,27819
2025-08-22,UNH,Health Care,307.4200134277344,0.11020744546678185,1.0,0.506520981017993,10,0.7272727272727273,1,1.0,33,27819
2025-08-22,NVDA,Information Technology,177.99000549316406,0.031574779165919775,1.0,0.5055052698428792,11,0.696969696969697,1,1.0,33,27819
2025-08-22,AAPL,Information Technology,227.75999450683594,0.12434138017411867,1.0,0.5042858090525878,12,0.6666666666666666,2,0.6666666666666666,33,27819
2025-08-22,NEM,Materials,70.7699966430664,0.1829872148073004,1.0,0.503922562864328,13,0.6363636363636364,1,1.0,33,27819
2025-08-22,LLY,Health Care,711.6799926757812,0.06079982573145415,1.0,0.5004784692920297,14,0.6060606060606061,2,0.6666666666666666,33,27819
2025-08-22,WMT,Consumer Staples,96.83000183105469,0.061860970262302084,1.0,0.4982446443972335,15,0.5757575757575758,1,1.0,33,27819
2025-08-22,APD,Materials,299.29998779296875,-0.03945873050540494,0.0,0.49685741332058747,16,0.5454545454545454,2,0.6666666666666666,33,27819
2025-08-22,COP,Energy,96.77999877929688,-0.0492870087128664,0.0,0.4935290127475895,17,0.5151515151515151,1,1.0,33,27819
2025-08-22,NEE,Utilities,76.31999969482422,-0.05201783590903708,0.0,0.49339941304479973,18,0.48484848484848486,1,1.0,33,27819
2025-08-22,UNP,Industrials,227.85000610351562,-0.008777704395107055,0.0,0.49335690046645114,19,0.45454545454545453,2,0.6666666666666666,33,27819
2025-08-22,BLK,Financials,1148.1700439453125,-0.010416647839648907,0.0,0.4906154810420254,20,0.42424242424242425,2,0.6666666666666666,33,27819
2025-08-22,MSFT,Information Technology,507.2300109863281,0.014234175944486394,1.0,0.48533827750608327,21,0.3939393939393939,3,0.3333333333333333,33,27819
2025-08-22,CVX,Energy,158.17999267578125,-0.013465607046709405,0.0,0.48444330802875185,22,0.36363636363636365,2,0.6666666666666666,33,27819
2025-08-22,JPM,Financials,296.239990234375,0.05468543323342123,1.0,0.483504980476424,23,0.3333333333333333,3,0.3333333333333333,33,27819
2025-08-22,XOM,Energy,111.27999877929688,0.006649873039962673,1.0,0.47297280128047237,24,0.30303030303030304,3,0.3333333333333333,33,27819
2025-08-22,JNJ,Health Care,179.2899932861328,-0.028333910215269875,0.0,0.4715246945812516,25,0.2727272727272727,3,0.3333333333333333,33,27819
2025-08-22,HON,Industrials,220.260986328125,-0.0620652241381795,0.0,0.4684534233276118,26,0.24242424242424243,3,0.3333333333333333,33,27819
2025-08-22,PG,Consumer Staples,158.6699981689453,-0.035293318896770454,0.0,0.4661179053473025,27,0.21212121212121213,2,0.6666666666666666,33,27819
2025-08-22,MCD,Consumer Discretionary,314.07000732421875,-0.035278813103620243,0.0,0.4624093314902077,28,0.18181818181818182,3,0.3333333333333333,33,27819
2025-08-22,DUK,Utilities,124.33999633789062,-0.022197157697638414,0.0,0.46227983454261284,29,0.15151515151515152,2,0.6666666666666666,33,27819
2025-08-22,KO,Consumer Staples,70.12999725341797,-0.05589616886451909,0.0,0.46152642223525314,30,0.12121212121212122,3,0.3333333333333333,33,27819
2025-08-22,O,Real Estate,58.91999816894531,0.002376157649296884,1.0,0.4585412505263159,31,0.09090909090909091,3,0.3333333333333333,33,27819
2025-08-22,SO,Utilities,94.4800033569336,-0.022756154207112744,0.0,0.44868728638074873,32,0.06060606060606061,3,0.3333333333333333,33,27819
2025-08-22,LIN,Materials,481.6700134277344,-0.008117598258368663,0.0,0.44832604121312186,33,0.030303030303030304,3,0.3333333333333333,33,27819
2025-09-22,AMT,Real Estate,193.2100067138672,-0.0006728682692146437,0.0,0.5624153797576353,1,1.0,1,1.0,33,28479
2025-09-22,GOOGL,Communication Services,252.52999877929688,0.01591885729657494,1.0,0.5451769538228142,2,0.9696969696969697,1,1.0,33,28479
2025-09-22,NEM,Materials,83.72000122070312,0.13342090308263255,1.0,0.5220158765250944,3,0.9393939393939394,1,1.0,33,28479
2025-09-22,NVDA,Information Technology,183.61000061035156,-0.005282943290009667,0.0,0.5104734710158539,4,0.9090909090909091,1,1.0,33,28479
2025-09-22,AMZN,Consumer Discretionary,227.6300048828125,-0.048983037895261816,0.0,0.5091424208841521,5,0.8787878787878788,1,1.0,33,28479
2025-09-22,AAPL,Information Technology,256.0799865722656,0.02405499837985592,1.0,0.5073596076089927,6,0.8484848484848485,2,0.6666666666666666,33,28479
2025-09-22,UNH,Health Care,341.29998779296875,0.06791685913396606,1.0,0.5055779917176477,7,0.8181818181818182,1,1.0,33,28479
2025-09-22,LLY,Health Care,754.9500122070312,0.07154117344502242,1.0,0.5049672731103059,8,0.7878787878787878,2,0.6666666666666666,33,28479
2025-09-22,COP,Energy,92.01000213623047,-0.05379854866547784,0.0,0.5042960267063166,9,0.7575757575757576,1,1.0,33,28479
2025-09-22,CAT,Industrials,472.1000061035156,0.1251429481221218,1.0,0.501100908758628,10,0.7272727272727273,1,1.0,33,28479
2025-09-22,PLD,Real Estate,113.93000030517578,0.1162994818266323,1.0,0.4987215683969391,11,0.696969696969697,2,0.6666666666666666,33,28479
2025-09-22,XOM,Energy,112.0199966430664,0.006070347487533878,1.0,0.49853667007492125,12,0.6666666666666666,2,0.6666666666666666,33,28479
2025-09-22,CVX,Energy,156.0500030517578,-0.010060924662064985,0.0,0.49697305187820623,13,0.6363636363636364,3,0.3333333333333333,33,28479
2025-09-22,NEE,Utilities,72.3499984741211,0.1716654931705055,1.0,0.49603098175039834,14,0.6060606060606061,1,1.0,33,28479
2025-09-22,GS,Financials,805.5599975585938,-0.05243556080539191,0.0,0.49534248638567924,15,0.5757575757575758,1,1.0,33,28479
2025-09-22,UNP,Industrials,225.85000610351562,0.006420176706028569,1.0,0.48288578423554135,16,0.5454545454545454,2,0.6666666666666666,33,28479
2025-09-22,JPM,Financials,312.44000244140625,-0.032262248787218284,0.0,0.4811466854562418,17,0.5151515151515151,2,0.6666666666666666,33,28479
2025-09-22,MSFT,Information Technology,514.4500122070312,0.004548480444725556,1.0,0.4666585552520486,18,0.48484848484848486,3,0.3333333333333333,33,28479
2025-09-22,META,Communication Services,765.1599731445312,-0.04311515420598655,0.0,0.46549003629747193,19,0.45454545454545453,2,0.6666666666666666,33,28479
2025-09-22,BLK,Financials,1136.2099609375,0.020938065921258575,1.0,0.46317668987384575,20,0.42424242424242425,3,0.3333333333333333,33,28479
2025-09-22,LIN,Materials,477.760009765625,-0.05483927426216395,0.0,0.4565361322744174,21,0.3939393939393939,2,0.6666666666666666,33,28479
2025-09-22,APD,Materials,287.489990234375,-0.1157604948032328,0.0,0.4558835296313222,22,0.36363636363636365,3,0.3333333333333333,33,28479
2025-09-22,HON,Industrials,206.59043884277344,-0.014210534207157344,0.0,0.4542377308940209,23,0.3333333333333333,3,0.3333333333333333,33,28479
2025-09-22,DUK,Utilities,121.58000183105469,0.06053627652168392,1.0,0.4527065528992573,24,0.30303030303030304,2,0.6666666666666666,33,28479
2025-09-22,MCD,Consumer Discretionary,302.989990234375,0.015776094700684196,1.0,0.44862288468901834,25,0.2727272727272727,2,0.6666666666666666,33,28479
2025-09-22,KO,Consumer Staples,66.20999908447266,0.033680764050283196,1.0,0.44802874399820536,26,0.24242424242424243,1,1.0,33,28479
2025-09-22,SO,Utilities,92.33000183105469,0.0580526427385899,1.0,0.4464262956543672,27,0.21212121212121213,3,0.3333333333333333,33,28479
2025-09-22,WMT,Consumer Staples,102.81999969482422,0.041139888829882176,1.0,0.4438987936790114,28,0.18181818181818182,2,0.6666666666666666,33,28479
2025-09-22,O,Real Estate,59.060001373291016,0.02675242092141139,1.0,0.44312547857920387,29,0.15151515151515152,3,0.3333333333333333,33,28479
2025-09-22,PG,Consumer Staples,153.07000732421875,-0.007251587882925126,0.0,0.44302159684259046,30,0.12121212121212122,3,0.3333333333333333,33,28479
2025-09-22,DIS,Communication Services,112.55999755859375,-0.005330476964596209,0.0,0.4364466695474503,31,0.09090909090909091,3,0.3333333333333333,33,28479
2025-09-22,JNJ,Health Care,174.2100067138672,0.111991239050236,1.0,0.43270583305879406,32,0.06060606060606061,3,0.3333333333333333,33,28479
2025-09-22,HD,Consumer Discretionary,412.0,-0.05609219745524874,0.0,0.4204558517857043,33,0.030303030303030304,3,0.3333333333333333,33,28479
2025-10-20,APD,Materials,254.2100067138672,-0.004405846923395185,0.0,0.6322097752930106,1,1.0,1,1.0,33,29139
2025-10-20,PLD,Real Estate,127.18000030517578,-0.028778138491327154,0.0,0.5489963967516275,2,0.9696969696969697,1,1.0,33,29139
2025-10-20,NEM,Materials,94.88999938964844,-0.0822004753075034,0.0,0.5361339646255868,3,0.9393939393939394,2,0.6666666666666666,33,29139
2025-10-20,COP,Energy,87.05999755859375,0.019067352500121038,1.0,0.5246051315707035,4,0.9090909090909091,1,1.0,33,29139
2025-10-20,AMZN,Consumer Discretionary,216.47999572753906,0.07571138078862871,1.0,0.5146928784759004,5,0.8787878787878788,1,1.0,33,29139
2025-10-20,META,Communication Services,732.1699829101562,-0.177772889059429,0.0,0.5137133934848748,6,0.8484848484848485,1,1.0,33,29139
2025-10-20,NVDA,Information Technology,182.63999938964844,0.021682034204450584,1.0,0.5136936802995135,7,0.8181818181818182,1,1.0,33,29139
2025-10-20,LLY,Health Care,808.9600219726562,0.26297960894978045,1.0,0.5128641351122922,8,0.7878787878787878,1,1.0,33,29139
2025-10-20,AAPL,Information Technology,262.239990234375,0.01990543553650137,1.0,0.512746631545949,9,0.7575757575757576,2,0.6666666666666666,33,29139
2025-10-20,CAT,Industrials,531.1799926757812,0.0392898742515817,1.0,0.5112655895710392,10,0.7272727272727273,1,1.0,33,29139
2025-10-20,BLK,Financials,1160.0,-0.11741380362675102,0.0,0.5051184962825245,11,0.696969696969697,1,1.0,33,29139
2025-10-20,UNH,Health Care,364.4800109863281,-0.12061024102170914,0.0,0.505028758563589,12,0.6666666666666666,2,0.6666666666666666,33,29139
2025-10-20,HON,Industrials,203.65467834472656,0.009760081002715859,1.0,0.502424630507543,13,0.6363636363636364,2,0.6666666666666666,33,29139
2025-10-20,GOOGL,Communication Services,256.54998779296875,0.11097253001499996,1.0,0.5018457774064969,14,0.6060606060606061,2,0.6666666666666666,33,29139
2025-10-20,WMT,Consumer Staples,107.05000305175781,-0.03829991580227521,0.0,0.5001502303889299,15,0.5757575757575758,1,1.0,33,29139
2025-10-20,AMT,Real Estate,193.0800018310547,-0.06530971872159674,0.0,0.4957043654454998,16,0.5454545454545454,2,0.6666666666666666,33,29139
2025-10-20,XOM,Energy,112.69999694824219,0.04418814100962831,1.0,0.49546025434513696,17,0.5151515151515151,2,0.6666666666666666,33,29139
2025-10-20,JPM,Financials,302.3599853515625,-0.006581526428046325,0.0,0.49500003785183255,18,0.48484848484848486,2,0.6666666666666666,33,29139
2025-10-20,CVX,Energy,154.47999572753906,0.002201007289509338,1.0,0.4937588294123125,19,0.45454545454545453,3,0.3333333333333333,33,29139
2025-10-20,GS,Financials,763.3200073242188,0.01603520164142136,1.0,0.49151287857454595,20,0.42424242424242425,3,0.3333333333333333,33,29139
2025-10-20,UNP,Industrials,227.3000030517578,-0.027716687053115696,0.0,0.47605994386791667,21,0.3939393939393939,3,0.3333333333333333,33,29139
2025-10-20,DUK,Utilities,128.94000244140625,-0.02916086602324297,0.0,0.4751171189681269,22,0.36363636363636365,1,1.0,33,29139
2025-10-20,NEE,Utilities,84.7699966430664,0.011560733699919945,1.0,0.4733010911265831,23,0.3333333333333333,2,0.6666666666666666,33,29139
2025-10-20,HD,Consumer Discretionary,388.8900146484375,-0.07935409680559313,0.0,0.4727171152444871,24,0.30303030303030304,2,0.6666666666666666,33,29139
2025-10-20,KO,Consumer Staples,68.44000244140625,0.03272936563214279,1.0,0.46603717166785885,25,0.2727272727272727,2,0.6666666666666666,33,29139
2025-10-20,DIS,Communication Services,111.95999908447266,-0.05600211409733724,0.0,0.46535545397000294,26,0.24242424242424243,3,0.3333333333333333,33,29139
2025-10-20,LIN,Materials,451.55999755859375,-0.07465229789470884,0.0,0.4649989982786746,27,0.21212121212121213,3,0.3333333333333333,33,29139
2025-10-20,PG,Consumer Staples,151.9600067138672,-0.0404053640324572,0.0,0.46498641281454733,28,0.18181818181818182,3,0.3333333333333333,33,29139
2025-10-20,MSFT,Information Technology,516.7899780273438,-0.01799568139550234,0.0,0.4587463095123987,29,0.15151515151515152,3,0.3333333333333333,33,29139
2025-10-20,MCD,Consumer Discretionary,307.7699890136719,-0.009325129868526627,0.0,0.4574882832253176,30,0.12121212121212122,3,0.3333333333333333,33,29139
2025-10-20,O,Real Estate,60.63999938964844,-0.0600263757632854,0.0,0.44816569410193446,31,0.09090909090909091,3,0.3333333333333333,33,29139
2025-10-20,JNJ,Health Care,193.72000122070312,0.03024984809738518,1.0,0.4354388373827527,32,0.06060606060606061,3,0.3333333333333333,33,29139
2025-10-20,SO,Utilities,97.69000244140625,-0.07278125123004364,0.0,0.42529897250298293,33,0.030303030303030304,3,0.3333333333333333,33,29139
2025-11-17,BLK,Financials,1023.7999877929688,0.043309266833508886,1.0,0.6138853370370776,1,1.0,1,1.0,33,29799
2025-11-17,LIN,Materials,417.8500061035156,0.013545539259145478,1.0,0.590531036517004,2,0.9696969696969697,1,1.0,33,29799
2025-11-17,META,Communication Services,602.010009765625,0.09159318575102215,1.0,0.5901248650376073,3,0.9393939393939394,1,1.0,33,29799
2025-11-17,UNH,Health Care,320.5199890136719,0.04268071777818472,1.0,0.5609725859339065,4,0.9090909090909091,1,1.0,33,29799
2025-11-17,HD,Consumer Discretionary,358.0299987792969,-0.014942898979852126,0.0,0.5600969579906887,5,0.8787878787878788,1,1.0,33,29799
2025-11-17,LLY,Health Care,1021.7000122070312,0.031897843267192805,1.0,0.5395617970684764,6,0.8484848484848485,2,0.6666666666666666,33,29799
2025-11-17,APD,Materials,253.08999633789062,-0.0428305997658579,0.0,0.5285081380921374,7,0.8181818181818182,2,0.6666666666666666,33,29799
2025-11-17,NEM,Materials,87.08999633789062,0.12561721094764278,1.0,0.5206574729807524,8,0.7878787878787878,3,0.3333333333333333,33,29799
2025-11-17,GOOGL,Communication Services,285.0199890136719,0.07560879636941231,1.0,0.5185998966243688,9,0.7575757575757576,2,0.6666666666666666,33,29799
2025-11-17,CAT,Industrials,552.0499877929688,0.06680555329827009,1.0,0.5160760533028358,10,0.7272727272727273,1,1.0,33,29799
2025-11-17,AMZN,Consumer Discretionary,232.8699951171875,-0.044273619507766315,0.0,0.5147194704988861,11,0.696969696969697,2,0.6666666666666666,33,29799
2025-11-17,NVDA,Information Technology,186.60000610351562,-0.047588449047993864,0.0,0.5122581034907158,12,0.6666666666666666,1,1.0,33,29799
2025-11-17,COP,Energy,88.72000122070312,0.023106350249743945,1.0,0.5083699875003518,13,0.6363636363636364,1,1.0,33,29799
2025-11-17,HON,Industrials,205.64236450195312,0.011117922727187146,1.0,0.5081555178575378,14,0.6060606060606061,2,0.6666666666666666,33,29799
2025-11-17,NEE,Utilities,85.75,-0.0516618111390762,0.0,0.5071924739397723,15,0.5757575757575758,1,1.0,33,29799
2025-11-17,GS,Financials,775.5599975585938,0.13356803752328972,1.0,0.5070815856210463,16,0.5454545454545454,2,0.6666666666666666,33,29799
2025-11-17,AMT,Real Estate,180.47000122070312,-0.007425036453853062,0.0,0.5056453934864537,17,0.5151515151515151,1,1.0,33,29799
2025-11-17,CVX,Energy,154.82000732421875,-0.05212509328538406,0.0,0.5008830896916004,18,0.48484848484848486,2,0.6666666666666666,33,29799
2025-11-17,MCD,Consumer Discretionary,304.8999938964844,0.031485753675596584,1.0,0.5004113581462145,19,0.45454545454545453,3,0.3333333333333333,33,29799
2025-11-17,MSFT,Information Technology,507.489990234375,-0.06128194877612181,0.0,0.499547477244511,20,0.42424242424242425,2,0.6666666666666666,33,29799
2025-11-17,KO,Consumer Staples,70.68000030517578,-0.004385930351659129,0.0,0.49907284816076697,21,0.3939393939393939,1,1.0,33,29799
2025-11-17,JPM,Financials,300.3699951171875,0.05053764664429572,1.0,0.49649893755588353,22,0.36363636363636365,3,0.3333333333333333,33,29799
2025-11-17,JNJ,Health Care,199.5800018310547,0.048702280446570656,1.0,0.4933054367345312,23,0.3333333333333333,3,0.3333333333333333,33,29799
2025-11-17,O,Real Estate,57.0,0.007719274152789168,1.0,0.49324134720030494,24,0.30303030303030304,2,0.6666666666666666,33,29799
2025-11-17,DIS,Communication Services,105.69000244140625,0.05610748574316027,1.0,0.48012546889639596,25,0.2727272727272727,3,0.3333333333333333,33,29799
2025-11-17,WMT,Consumer Staples,102.94999694824219,0.1211267760111967,1.0,0.47477898504584715,26,0.24242424242424243,2,0.6666666666666666,33,29799
2025-11-17,DUK,Utilities,125.18000030517578,-0.07660971356371404,0.0,0.47385629371017984,27,0.21212121212121213,2,0.6666666666666666,33,29799
2025-11-17,UNP,Industrials,221.0,0.06733033883625561,1.0,0.46759892794313523,28,0.18181818181818182,3,0.3333333333333333,33,29799
2025-11-17,XOM,Energy,117.68000030517578,-0.02549286193253053,0.0,0.45952428608574963,29,0.15151515151515152,3,0.3333333333333333,33,29799
2025-11-17,PG,Consumer Staples,145.82000732421875,-0.004183243586014074,0.0,0.45167634940053414,30,0.12121212121212122,3,0.3333333333333333,33,29799
2025-11-17,SO,Utilities,90.58000183105469,-0.05376465718851853,0.0,0.4485977793953626,31,0.09090909090909091,3,0.3333333333333333,33,29799
2025-11-17,PLD,Real Estate,123.5199966430664,0.0331120796505846,1.0,0.4432057542388796,32,0.06060606060606061,3,0.3333333333333333,33,29799
2025-11-17,AAPL,Information Technology,267.4599914550781,0.026732947449769284,1.0,0.4339695563927331,33,0.030303030303030304,3,0.3333333333333333,33,29799
2025-12-16,HD,Consumer Discretionary,352.67999267578125,0.07508226022526654,1.0,0.5241718374902864,1,1.0,1,1.0,33,30459
2025-12-16,APD,Materials,242.25,0.09795670169794901,1.0,0.5239315214536858,2,0.9696969696969697,1,1.0,33,30459
2025-12-16,NEM,Materials,98.02999877929688,0.16505152001075873,1.0,0.5185965534623089,3,0.9393939393939394,2,0.6666666666666666,33,30459
2025-12-16,NVDA,Information Technology,177.72000122070312,0.05249832189382064,1.0,0.5138203850841233,4,0.9090909090909091,1,1.0,33,30459
2025-12-16,MSFT,Information Technology,476.3900146484375,-0.0414156686321151,0.0,0.5126216551227308,5,0.8787878787878788,2,0.6666666666666666,33,30459
2025-12-16,META,Communication Services,657.1500244140625,-0.055314669817603246,0.0,0.5114498719015276,6,0.8484848484848485,1,1.0,33,30459
2025-12-16,GOOGL,Communication Services,306.57000732421875,0.08549431069217173,1.0,0.510646043898604,7,0.8181818181818182,2,0.6666666666666666,33,30459
2025-12-16,LLY,Health Care,1054.2900390625,-0.020222204108400144,0.0,0.5106111803626068,8,0.7878787878787878,1,1.0,33,30459
2025-12-16,WMT,Consumer Staples,115.41999816894531,0.03274994662332187,1.0,0.5103694636106354,9,0.7575757575757576,1,1.0,33,30459
2025-12-16,AMZN,Consumer Discretionary,222.55999755859375,0.07018330018212371,1.0,0.5101256337357419,10,0.7272727272727273,2,0.6666666666666666,33,30459
2025-12-16,GS,Financials,879.1500244140625,0.11000393363118599,1.0,0.5082561094382353,11,0.696969696969697,1,1.0,33,30459
2025-12-16,COP,Energy,90.7699966430664,0.08989758691075922,1.0,0.5074840155356091,12,0.6666666666666666,1,1.0,33,30459
2025-12-16,UNH,Health Care,334.20001220703125,0.014242905667813499,1.0,0.5074652688570865,13,0.6363636363636364,2,0.6666666666666666,33,30459
2025-12-16,JPM,Financials,315.54998779296875,-0.019933380670800638,0.0,0.5072586026196392,14,0.6060606060606061,2,0.6666666666666666,33,30459
2025-12-16,CAT,Industrials,588.9299926757812,0.09890819065835532,1.0,0.5067833704638132,15,0.5757575757575758,1,1.0,33,30459
2025-12-16,DIS,Communication Services,111.62000274658203,0.016036560396717636,1.0,0.5058168641923153,16,0.5454545454545454,3,0.3333333333333333,33,30459
2025-12-16,BLK,Financials,1068.1400146484375,0.08286367756268054,1.0,0.5046774597756447,17,0.5151515151515151,3,0.3333333333333333,33,30459
2025-12-16,PG,Consumer Staples,145.2100067138672,-0.003994227699455788,0.0,0.5046513300990886,18,0.48484848484848486,2,0.6666666666666666,33,30459
2025-12-16,LIN,Materials,423.510009765625,0.039030951803110225,1.0,0.5026208536261315,19,0.45454545454545453,3,0.3333333333333333,33,30459
2025-12-16,XOM,Energy,114.68000030517578,0.1260028299545144,1.0,0.499892399838497,20,0.42424242424242425,2,0.6666666666666666,33,30459
2025-12-16,MCD,Consumer Discretionary,314.5,-0.0186963589278617,0.0,0.4985951748250475,21,0.3939393939393939,3,0.3333333333333333,33,30459
2025-12-16,JNJ,Health Care,209.3000030517578,0.04906834267900728,1.0,0.49810191717393937,22,0.36363636363636365,3,0.3333333333333333,33,30459
2025-12-16,HON,Industrials,207.92868041992188,0.08453546074673057,1.0,0.49771406782543115,23,0.3333333333333333,2,0.6666666666666666,33,30459
2025-12-16,AMT,Real Estate,179.1300048828125,0.013509730938312092,1.0,0.49396651513025375,24,0.30303030303030304,1,1.0,33,30459
2025-12-16,NEE,Utilities,81.31999969482422,0.010698508974999577,1.0,0.4935228636305603,25,0.2727272727272727,1,1.0,33,30459
2025-12-16,SO,Utilities,85.70999908447266,0.0358184544115856,1.0,0.4906831336999173,26,0.24242424242424243,2,0.6666666666666666,33,30459
2025-12-16,UNP,Industrials,235.8800048828125,-0.02276585664242481,0.0,0.4883675549057518,27,0.21212121212121213,3,0.3333333333333333,33,30459
2025-12-16,KO,Consumer Staples,70.37000274658203,0.0015631747343778368,1.0,0.46760893440687057,28,0.18181818181818182,3,0.3333333333333333,33,30459
2025-12-16,O,Real Estate,57.439998626708984,0.057103110592154005,1.0,0.4504049612383554,29,0.15151515151515152,2,0.6666666666666666,33,30459
2025-12-16,CVX,Energy,146.75,0.13226578304674197,1.0,0.44139542589885933,30,0.12121212121212122,3,0.3333333333333333,33,30459
2025-12-16,DUK,Utilities,115.58999633789062,0.028635740919244812,1.0,0.44061432705767845,31,0.09090909090909091,3,0.3333333333333333,33,30459
2025-12-16,PLD,Real Estate,127.61000061035156,0.04027897002636238,1.0,0.43982870769506943,32,0.06060606060606061,3,0.3333333333333333,33,30459
2025-12-16,AAPL,Information Technology,274.6099853515625,-0.05972103991589639,0.0,0.43452788751217936,33,0.030303030303030304,3,0.3333333333333333,33,30459
2026-01-15,NEM,Materials,114.20999908447266,0.10147976587157559,1.0,0.5375757740180418,1,1.0,1,1.0,33,31119
2026-01-15,COP,Energy,98.93000030517578,0.1263519656468255,1.0,0.5183879153332657,2,0.9696969696969697,1,1.0,33,31119
2026-01-15,BLK,Financials,1156.6500244140625,-0.07360914092537874,0.0,0.5179963660035583,3,0.9393939393939394,1,1.0,33,31119
2026-01-15,GS,Financials,975.8599853515625,-0.07246938266215264,0.0,0.5174803926249032,4,0.9090909090909091,2,0.6666666666666666,33,31119
2026-01-15,CAT,Industrials,647.1799926757812,0.19626691332975654,1.0,0.5163677589097698,5,0.8787878787878788,1,1.0,33,31119
2026-01-15,XOM,Energy,129.1300048828125,0.14961659827212803,1.0,0.5137481270823032,6,0.8484848484848485,2,0.6666666666666666,33,31119
2026-01-15,CVX,Energy,166.16000366210938,0.10580164566440464,1.0,0.512680469877503,7,0.8181818181818182,3,0.3333333333333333,33,31119
2026-01-15,NVDA,Information Technology,187.0500030517578,-0.022667764897019715,0.0,0.5125524539292766,8,0.7878787878787878,1,1.0,33,31119
2026-01-15,AMZN,Consumer Discretionary,238.17999267578125,-0.16537912755446027,0.0,0.5114911532148438,9,0.7575757575757576,1,1.0,33,31119
2026-01-15,HD,Consumer Discretionary,379.1600036621094,0.03135875096534502,1.0,0.5113902668410176,10,0.7272727272727273,2,0.6666666666666666,33,31119
2026-01-15,AMT,Real Estate,181.5500030517578,0.05811072913477244,1.0,0.5111889568583368,11,0.696969696969697,1,1.0,33,31119
2026-01-15,HON,Industrials,225.5060272216797,0.12259327793537245,1.0,0.5003793402971419,12,0.6666666666666666,2,0.6666666666666666,33,31119
2026-01-15,LLY,Health Care,1032.969970703125,0.006805647304625628,1.0,0.4999769941383216,13,0.6363636363636364,1,1.0,33,31119
2026-01-15,WMT,Consumer Staples,119.19999694824219,0.12323827867029902,1.0,0.49817238397893626,14,0.6060606060606061,1,1.0,33,31119
2026-01-15,UNH,Health Care,338.9599914550781,-0.13503065307852924,0.0,0.4975436452449511,15,0.5757575757575758,2,0.6666666666666666,33,31119
2026-01-15,UNP,Industrials,230.50999450683594,0.13088368785697324,1.0,0.4972469666551882,16,0.5454545454545454,3,0.3333333333333333,33,31119
2026-01-15,GOOGL,Communication Services,332.7799987792969,-0.08131497583344915,0.0,0.49660682563036734,17,0.5151515151515151,1,1.0,33,31119
2026-01-15,DIS,Communication Services,113.41000366210938,-0.07018787105926749,0.0,0.4960683330410267,18,0.48484848484848486,2,0.6666666666666666,33,31119
2026-01-15,JNJ,Health Care,219.57000732421875,0.10875797616913152,1.0,0.4932774048454482,19,0.45454545454545453,3,0.3333333333333333,33,31119
2026-01-15,PG,Consumer Staples,144.6300048828125,0.10675518163687148,1.0,0.4928220266846418,20,0.42424242424242425,2,0.6666666666666666,33,31119
2026-01-15,NEE,Utilities,82.19000244140625,0.14125806382142891,1.0,0.49151467909978286,21,0.3939393939393939,1,1.0,33,31119
2026-01-15,JPM,Financials,309.260009765625,-0.02169702438327381,0.0,0.48743913213597334,22,0.36363636363636365,3,0.3333333333333333,33,31119
2026-01-15,O,Real Estate,60.720001220703125,0.08135708732037883,1.0,0.47537626164235663,23,0.3333333333333333,2,0.6666666666666666,33,31119
2026-01-15,META,Communication Services,620.7999877929688,0.030557397086495408,1.0,0.4652354345735547,24,0.30303030303030304,3,0.3333333333333333,33,31119
2026-01-15,AAPL,Information Technology,258.2099914550781,-0.009410916526071067,0.0,0.4626612378721044,25,0.2727272727272727,2,0.6666666666666666,33,31119
2026-01-15,APD,Materials,265.9800109863281,0.05173313286596626,1.0,0.4588447397659391,26,0.24242424242424243,2,0.6666666666666666,33,31119
2026-01-15,DUK,Utilities,118.9000015258789,0.07821694956277292,1.0,0.45757497529188734,27,0.21212121212121213,2,0.6666666666666666,33,31119
2026-01-15,PLD,Real Estate,132.75,0.04685499977930796,1.0,0.45582859941435394,28,0.18181818181818182,3,0.3333333333333333,33,31119
2026-01-15,MCD,Consumer Discretionary,308.6199951171875,0.061434747440387794,1.0,0.4475285612190202,29,0.15151515151515152,3,0.3333333333333333,33,31119
2026-01-15,KO,Consumer Staples,70.4800033569336,0.11634501358796401,1.0,0.447308507704072,30,0.12121212121212122,3,0.3333333333333333,33,31119
2026-01-15,SO,Utilities,88.77999877929688,0.06949761493333262,1.0,0.4461173908607189,31,0.09090909090909091,3,0.3333333333333333,33,31119
2026-01-15,MSFT,Information Technology,456.6600036621094,-0.12118424187382448,0.0,0.42560929420455845,32,0.06060606060606061,3,0.3333333333333333,33,31119
2026-01-15,LIN,Materials,440.0400085449219,0.0930824258242342,1.0,0.4245769536084587,33,0.030303030303030304,3,0.3333333333333333,33,31119
2026-02-13,MSFT,Information Technology,401.32000732421875,-0.0034137224463884897,0.0,0.5976956487058932,1,1.0,1,1.0,33,31779
2026-02-13,AMZN,Consumer Discretionary,198.7899932861328,0.06514418554454782,1.0,0.5815567383836759,2,0.9696969696969697,1,1.0,33,31779
2026-02-13,UNH,Health Care,293.19000244140625,-0.026262874391735358,0.0,0.5727316493040301,3,0.9393939393939394,1,1.0,33,31779
2026-02-13,CAT,Industrials,774.2000122070312,-0.0961250087015697,0.0,0.5469953861095953,4,0.9090909090909091,1,1.0,33,31779
2026-02-13,DIS,Communication Services,105.44999694824219,-0.06439064469072986,0.0,0.5462984679849885,5,0.8787878787878788,1,1.0,33,31779
2026-02-13,AMT,Real Estate,192.10000610351562,-0.03846954271134295,0.0,0.542436917366383,6,0.8484848484848485,1,1.0,33,31779
2026-02-13,NVDA,Information Technology,182.80999755859375,0.0022427857753126723,1.0,0.5287663429562581,7,0.8181818181818182,2,0.6666666666666666,33,31779
2026-02-13,LLY,Health Care,1040.0,-0.04892308161808889,0.0,0.5249166094853996,8,0.7878787878787878,2,0.6666666666666666,33,31779
2026-02-13,APD,Materials,279.739990234375,0.0336741751504388,1.0,0.5132191275194317,9,0.7575757575757576,1,1.0,33,31779
2026-02-13,JPM,Financials,302.54998779296875,-0.05417281372384264,0.0,0.5128213781782278,10,0.7272727272727273,1,1.0,33,31779
2026-02-13,AAPL,Information Technology,255.77999877929688,-0.011572411717900577,0.0,0.5125529497768517,11,0.696969696969697,3,0.3333333333333333,33,31779
2026-02-13,META,Communication Services,639.77001953125,-0.019256931316108616,0.0,0.5123732511290332,12,0.6666666666666666,2,0.6666666666666666,33,31779
2026-02-13,NEM,Materials,125.80000305175781,-0.12408585239802539,0.0,0.5121512511308829,13,0.6363636363636364,2,0.6666666666666666,33,31779
2026-02-13,DUK,Utilities,128.1999969482422,0.041029718337268095,1.0,0.5093976700660423,14,0.6060606060606061,1,1.0,33,31779
2026-02-13,XOM,Energy,148.4499969482422,0.05914448608818801,1.0,0.5078988555028299,15,0.5757575757575758,1,1.0,33,31779
2026-02-13,WMT,Consumer Staples,133.88999938964844,-0.059003671386152035,0.0,0.507375258496916,16,0.5454545454545454,1,1.0,33,31779
2026-02-13,COP,Energy,111.43000030517578,0.0887552666477831,1.0,0.5073715858935757,17,0.5151515151515151,2,0.6666666666666666,33,31779
2026-02-13,UNP,Industrials,260.67999267578125,-0.07085310143032708,0.0,0.5067164278520621,18,0.48484848484848486,2,0.6666666666666666,33,31779
2026-02-13,HON,Industrials,253.15155029296875,-0.02846134001666012,0.0,0.5065949442241371,19,0.45454545454545453,3,0.3333333333333333,33,31779
2026-02-13,PLD,Real Estate,138.97000122070312,-0.03525936427605347,0.0,0.5051843216971439,20,0.42424242424242425,2,0.6666666666666666,33,31779
2026-02-13,GS,Financials,905.1400146484375,-0.12193693056433474,0.0,0.5035707756302454,21,0.3939393939393939,2,0.6666666666666666,33,31779
2026-02-13,BLK,Financials,1071.510009765625,-0.11969090240048486,0.0,0.503376575592907,22,0.36363636363636365,3,0.3333333333333333,33,31779
2026-02-13,SO,Utilities,94.94999694824219,0.043812572889044166,1.0,0.5007702068687983,23,0.3333333333333333,2,0.6666666666666666,33,31779
2026-02-13,LIN,Materials,481.0,0.03411643172995715,1.0,0.5003259264764848,24,0.30303030303030304,3,0.3333333333333333,33,31779
2026-02-13,CVX,Energy,183.74000549316406,0.07129634512400163,1.0,0.4994245533620085,25,0.2727272727272727,3,0.3333333333333333,33,31779
2026-02-13,HD,Consumer Discretionary,391.04998779296875,-0.12394835119228875,0.0,0.49717131179706275,26,0.24242424242424243,2,0.6666666666666666,33,31779
2026-02-13,NEE,Utilities,93.80000305175781,-0.010447796642318208,0.0,0.49638929934324416,27,0.21212121212121213,3,0.3333333333333333,33,31779
2026-02-13,KO,Consumer Staples,78.68000030517578,-0.01093035850299795,0.0,0.4941493559280483,28,0.18181818181818182,2,0.6666666666666666,33,31779
2026-02-13,O,Real Estate,65.66000366210938,-0.011270262745828985,0.0,0.47091135218093777,29,0.15151515151515152,3,0.3333333333333333,33,31779
2026-02-13,GOOGL,Communication Services,305.7200012207031,-0.0005233666801992554,0.0,0.4659471008557466,30,0.12121212121212122,3,0.3333333333333333,33,31779
2026-02-13,JNJ,Health Care,243.4499969482422,-0.0010679585545084747,0.0,0.46343840589837004,31,0.09090909090909091,3,0.3333333333333333,33,31779
2026-02-13,MCD,Consumer Discretionary,327.5799865722656,-0.002838978917828583,0.0,0.44713922612208934,32,0.06060606060606061,3,0.3333333333333333,33,31779
2026-02-13,PG,Consumer Staples,160.07000732421875,-0.049665845213142545,0.0,0.44471702951193975,33,0.030303030303030304,3,0.3333333333333333,33,31779
2026-03-16,HD,Consumer Discretionary,342.5799865722656,0.00037948767560314067,1.0,0.6039774257067234,1,1.0,1,1.0,33,32439
2026-03-16,GS,Financials,794.77001953125,0.14451977619803302,1.0,0.5912489916457635,2,0.9696969696969697,1,1.0,33,32439
2026-03-16,BLK,Financials,943.260009765625,0.11799508902723455,1.0,0.5830196687158772,3,0.9393939393939394,2,0.6666666666666666,33,32439
2026-03-16,DIS,Communication Services,98.66000366210938,0.039833696836670374,1.0,0.5769682044653891,4,0.9090909090909091,1,1.0,33,32439
2026-03-16,NEM,Materials,110.19000244140625,0.0826753825983062,1.0,0.5415875178629032,5,0.8787878787878788,1,1.0,33,32439
2026-03-16,JPM,Financials,286.1600036621094,0.08722389969127287,1.0,0.5287602802923129,6,0.8484848484848485,3,0.3333333333333333,33,32439
2026-03-16,MSFT,Information Technology,399.95001220703125,-0.017102204392303033,0.0,0.5267549702920472,7,0.8181818181818182,1,1.0,33,32439
2026-03-16,AMZN,Consumer Discretionary,211.74000549316406,0.17606497502665097,1.0,0.5188829315352099,8,0.7878787878787878,2,0.6666666666666666,33,32439
2026-03-16,GOOGL,Communication Services,305.55999755859375,0.0895078096676285,1.0,0.5184128581277446,9,0.7575757575757576,2,0.6666666666666666,33,32439
2026-03-16,META,Communication Services,627.4500122070312,0.055845051152508596,1.0,0.5181678613099152,10,0.7272727272727273,3,0.3333333333333333,33,32439
2026-03-16,UNH,Health Care,285.489990234375,0.10052896139535328,1.0,0.5164321823257719,11,0.696969696969697,1,1.0,33,32439
2026-03-16,NVDA,Information Technology,183.22000122070312,0.07253571224532385,1.0,0.5152332153680971,12,0.6666666666666666,2,0.6666666666666666,33,32439
2026-03-16,COP,Energy,121.31999969482422,-0.02085392998401736,0.0,0.5120701901199712,13,0.6363636363636364,1,1.0,33,32439
2026-03-16,LLY,Health Care,989.1199951171875,-0.06735279384307113,0.0,0.5107506260238072,14,0.6060606060606061,2,0.6666666666666666,33,32439
2026-03-16,AAPL,Information Technology,252.82000732421875,0.023771770722004648,1.0,0.5089164682902269,15,0.5757575757575758,3,0.3333333333333333,33,32439
2026-03-16,WMT,Consumer Staples,125.98999786376953,-0.007460868544724608,0.0,0.5074812113574573,16,0.5454545454545454,1,1.0,33,32439
2026-03-16,XOM,Energy,157.22999572753906,-0.050817213327542854,0.0,0.5059954327676783,17,0.5151515151515151,2,0.6666666666666666,33,32439
2026-03-16,AMT,Real Estate,184.7100067138672,-0.04493531887861002,0.0,0.5056778439173087,18,0.48484848484848486,1,1.0,33,32439
2026-03-16,NEE,Utilities,92.81999969482422,-0.016268068748061748,0.0,0.5035893750207032,19,0.45454545454545453,1,1.0,33,32439
2026-03-16,CVX,Energy,196.83999633789062,-0.04988819471715966,0.0,0.5029430980987598,20,0.42424242424242425,3,0.3333333333333333,33,32439
2026-03-16,APD,Materials,289.1600036621094,0.025833452504143706,1.0,0.501990246197233,21,0.3939393939393939,2,0.6666666666666666,33,32439
2026-03-16,PLD,Real Estate,134.07000732421875,0.031998158064975746,1.0,0.5017468611252682,22,0.36363636363636365,2,0.6666666666666666,33,32439
2026-03-16,HON,Industrials,245.94651794433594,-0.0054155663938575405,0.0,0.5016802553747229,23,0.3333333333333333,1,1.0,33,32439
2026-03-16,SO,Utilities,99.11000061035156,-0.03178288272101881,0.0,0.5013499033057588,24,0.30303030303030304,2,0.6666666666666666,33,32439
2026-03-16,LIN,Materials,497.4100036621094,0.004503307568973991,1.0,0.4972195672604741,25,0.2727272727272727,3,0.3333333333333333,33,32439
2026-03-16,PG,Consumer Staples,152.1199951171875,-0.050880820949359085,0.0,0.4927375629770171,26,0.24242424242424243,2,0.6666666666666666,33,32439
2026-03-16,CAT,Industrials,699.780029296875,0.13499952377613078,1.0,0.469876938699962,27,0.21212121212121213,2,0.6666666666666666,33,32439
2026-03-16,UNP,Industrials,242.2100067138672,0.040584560091599275,1.0,0.46223497381866546,28,0.18181818181818182,3,0.3333333333333333,33,32439
2026-03-16,JNJ,Health Care,243.19000244140625,-0.012706099374439228,0.0,0.4546732071504015,29,0.15151515151515152,3,0.3333333333333333,33,32439
2026-03-16,O,Real Estate,64.91999816894531,-0.01709791785214909,0.0,0.45149850092235483,30,0.12121212121212122,3,0.3333333333333333,33,32439
2026-03-16,KO,Consumer Staples,77.81999969482422,-0.024672297307564928,0.0,0.4424300152823351,31,0.09090909090909091,3,0.3333333333333333,33,32439
2026-03-16,DUK,Utilities,133.4600067138672,-0.02757386295101949,0.0,0.4421459170686651,32,0.06060606060606061,3,0.3333333333333333,33,32439
2026-03-16,MCD,Consumer Discretionary,326.6499938964844,-0.0717281283134088,0.0,0.44150701465758063,33,0.030303030303030304,3,0.3333333333333333,33,32439
2026-04-14,AMZN,Consumer Discretionary,249.02000427246094,0.06746447178346515,1.0,0.543377618698698,1,1.0,1,1.0,33,33099
2026-04-14,META,Communication Services,662.489990234375,-0.08979756843319053,0.0,0.5403572610088269,2,0.9696969696969697,1,1.0,33,33099
2026-04-14,HD,Consumer Discretionary,342.7099914550781,-0.09410288816813583,0.0,0.5250238614743817,3,0.9393939393939394,2,0.6666666666666666,33,33099
2026-04-14,NVDA,Information Technology,196.50999450683594,0.12350519032565876,1.0,0.5198820327012463,4,0.9090909090909091,1,1.0,33,33099
2026-04-14,GOOGL,Communication Services,332.9100036621094,0.1635276856884742,1.0,0.5191960542697006,5,0.8787878787878788,2,0.6666666666666666,33,33099
2026-04-14,CAT,Industrials,794.25,0.14842935429453896,1.0,0.5182083427074309,6,0.8484848484848485,1,1.0,33,33099
2026-04-14,NEM,Materials,119.30000305175781,0.0032690643727748547,1.0,0.5171291470377737,7,0.8181818181818182,1,1.0,33,33099
2026-04-14,MSFT,Information Technology,393.1099853515625,0.03729237162215249,1.0,0.516649863277503,8,0.7878787878787878,2,0.6666666666666666,33,33099
2026-04-14,BLK,Financials,1054.56005859375,0.03597703240993466,1.0,0.5141559732915506,9,0.7575757575757576,1,1.0,33,33099
2026-04-14,UNH,Health Care,314.19000244140625,0.2616251681094177,1.0,0.5134549444610965,10,0.7272727272727273,1,1.0,33,33099
2026-04-14,LLY,Health Care,922.5,0.07302980500508127,1.0,0.5108780453647669,11,0.696969696969697,2,0.6666666666666666,33,33099
2026-04-14,HON,Industrials,244.6145782470703,-0.06302521087032231,0.0,0.5107955215195771,12,0.6666666666666666,2,0.6666666666666666,33,33099
2026-04-14,JPM,Financials,311.1199951171875,-0.02005653873845248,0.0,0.5100917824710957,13,0.6363636363636364,2,0.6666666666666666,33,33099
2026-04-14,GS,Financials,909.6300048828125,0.03987337635803101,1.0,0.5093886246860857,14,0.6060606060606061,3,0.3333333333333333,33,33099
2026-04-14,WMT,Consumer Staples,125.05000305175781,0.042383070151259084,1.0,0.5087887066769856,15,0.5757575757575758,1,1.0,33,33099
2026-04-14,AMT,Real Estate,176.41000366210938,0.013661377541408726,1.0,0.5085292204225851,16,0.5454545454545454,1,1.0,33,33099
2026-04-14,DIS,Communication Services,102.58999633789062,0.03479878596018815,1.0,0.5078272284787554,17,0.5151515151515151,3,0.3333333333333333,33,33099
2026-04-14,PG,Consumer Staples,144.3800048828125,-0.003255306862502194,0.0,0.5075413444849965,18,0.48484848484848486,2,0.6666666666666666,33,33099
2026-04-14,PLD,Real Estate,138.36000061035156,0.03902857670326121,1.0,0.5069117125241841,19,0.45454545454545453,2,0.6666666666666666,33,33099
2026-04-14,NEE,Utilities,91.30999755859375,0.035921573398269846,1.0,0.5040868768415653,20,0.42424242424242425,1,1.0,33,33099
2026-04-14,AAPL,Information Technology,258.8299865722656,0.13897153763773917,1.0,0.5030722797425734,21,0.3939393939393939,3,0.3333333333333333,33,33099
2026-04-14,LIN,Materials,499.6499938964844,0.00844591468478506,1.0,0.5026711253474002,22,0.36363636363636365,2,0.6666666666666666,33,33099
2026-04-14,MCD,Consumer Discretionary,303.2200012207031,-0.0935954250001988,0.0,0.493521217920116,23,0.3333333333333333,3,0.3333333333333333,33,33099
2026-04-14,APD,Materials,296.6300048828125,0.02349728990988864,1.0,0.4831295523684204,24,0.30303030303030304,3,0.3333333333333333,33,33099
2026-04-14,KO,Consumer Staples,75.9000015258789,0.054413664959015895,1.0,0.48242272935705405,25,0.2727272727272727,3,0.3333333333333333,33,33099
2026-04-14,UNP,Industrials,252.0399932861328,0.053801036258513735,1.0,0.4775595197908841,26,0.24242424242424243,3,0.3333333333333333,33,33099
2026-04-14,O,Real Estate,63.810001373291016,-0.020059592014519456,0.0,0.47740268881950765,27,0.21212121212121213,3,0.3333333333333333,33,33099
2026-04-14,XOM,Energy,149.24000549316406,0.009313852442280446,1.0,0.47668164487745057,28,0.18181818181818182,1,1.0,33,33099
2026-04-14,CVX,Energy,187.02000427246094,-0.005721352260584456,0.0,0.47549953169200593,29,0.15151515151515152,2,0.6666666666666666,33,33099
2026-04-14,JNJ,Health Care,240.10000610351562,-0.06597255807586488,0.0,0.46986454508122827,30,0.12121212121212122,3,0.3333333333333333,33,33099
2026-04-14,COP,Energy,118.79000091552734,-0.0077447441859986865,0.0,0.46306395063555367,31,0.09090909090909091,3,0.3333333333333333,33,33099
2026-04-14,SO,Utilities,95.95999908447266,-0.025948289782470768,0.0,0.45840274017726396,32,0.06060606060606061,2,0.6666666666666666,33,33099
2026-04-14,DUK,Utilities,129.77999877929688,-0.0362921800645295,0.0,0.4462940260067291,33,0.030303030303030304,3,0.3333333333333333,33,33099
2026-05-12,MCD,Consumer Discretionary,274.8399963378906,0.027943504504851724,1.0,0.6431679504921823,1,1.0,1,1.0,33,33759
2026-05-12,HD,Consumer Discretionary,310.4599914550781,0.027249958788587936,1.0,0.5605698449740075,2,0.9696969696969697,2,0.6666666666666666,33,33759
2026-05-12,UNH,Health Care,396.3900146484375,0.027926982006493573,1.0,0.5401576044508993,3,0.9393939393939394,1,1.0,33,33759
2026-05-12,NVDA,Information Technology,220.77999877929688,-0.09221850132676412,0.0,0.5385624987693227,4,0.9090909090909091,1,1.0,33,33759
2026-05-12,GOOGL,Communication Services,387.3500061035156,-0.07995353229044921,0.0,0.5219797986138475,5,0.8787878787878788,1,1.0,33,33759
2026-05-12,COP,Energy,117.87000274658203,0.017392002838675813,1.0,0.5219210344527112,6,0.8484848484848485,1,1.0,33,33759
2026-05-12,CVX,Energy,185.9499969482422,0.020704523617643522,1.0,0.5196115201317238,7,0.8181818181818182,2,0.6666666666666666,33,33759
2026-05-12,HON,Industrials,229.19769287109375,-0.05792992337241276,0.0,0.5188459279496885,8,0.7878787878787878,1,1.0,33,33759
2026-05-12,CAT,Industrials,912.1400146484375,-0.06137220229887885,0.0,0.5175021865150202,9,0.7575757575757576,2,0.6666666666666666,33,33759
2026-05-12,NEM,Materials,119.69000244140625,-0.22491440595899748,0.0,0.5138887353861122,10,0.7272727272727273,1,1.0,33,33759
2026-05-12,LLY,Health Care,989.8699951171875,0.14799923295246087,1.0,0.5089044644417432,11,0.696969696969697,2,0.6666666666666666,33,33759
2026-05-12,PG,Consumer Staples,143.91000366210938,0.0357167622739889,1.0,0.506931581875789,12,0.6666666666666666,1,1.0,33,33759
2026-05-12,XOM,Energy,150.6300048828125,-6.645266746685419e-05,0.0,0.5061013894121184,13,0.6363636363636364,3,0.3333333333333333,33,33759
2026-05-12,SO,Utilities,93.47000122070312,0.00588419188167788,1.0,0.5055765812066813,14,0.6060606060606061,1,1.0,33,33759
2026-05-12,AMT,Real Estate,178.82000732421875,0.0765014658062173,1.0,0.5052621159255073,15,0.5757575757575758,1,1.0,33,33759
2026-05-12,DIS,Communication Services,106.16000366210938,-0.07111909185485987,0.0,0.5050084920283066,16,0.5454545454545454,2,0.6666666666666666,33,33759
2026-05-12,UNP,Industrials,265.6000061035156,0.0053840084447285275,1.0,0.5033017991179533,17,0.5151515151515151,3,0.3333333333333333,33,33759
2026-05-12,NEE,Utilities,94.58999633789062,-0.10011622748646976,0.0,0.5021069301068302,18,0.48484848484848486,2,0.6666666666666666,33,33759
2026-05-12,AAPL,Information Technology,294.79998779296875,-0.010922664023190087,0.0,0.5020095859819931,19,0.45454545454545453,2,0.6666666666666666,33,33759
2026-05-12,O,Real Estate,62.529998779296875,-0.006716746795849438,0.0,0.5014952821941842,20,0.42424242424242425,2,0.6666666666666666,33,33759
2026-05-12,JNJ,Health Care,224.25999450683594,0.06345318529780997,1.0,0.5012686640430845,21,0.3939393939393939,3,0.3333333333333333,33,33759
2026-05-12,BLK,Financials,1092.5,-0.0748924552166762,0.0,0.5010589291944123,22,0.36363636363636365,1,1.0,33,33759
2026-05-12,LIN,Materials,503.8699951171875,0.010498756814625532,1.0,0.5008848818222725,23,0.3333333333333333,2,0.6666666666666666,33,33759
2026-05-12,JPM,Financials,304.8800048828125,0.013972742381916481,1.0,0.5006518602413279,24,0.30303030303030304,2,0.6666666666666666,33,33759
2026-05-12,KO,Consumer Staples,80.02999877929688,0.04448328892783504,1.0,0.5004985844537535,25,0.2727272727272727,2,0.6666666666666666,33,33759
2026-05-12,GS,Financials,945.9000244140625,0.05855793655105623,1.0,0.49960414832835665,26,0.24242424242424243,3,0.3333333333333333,33,33759
2026-05-12,APD,Materials,303.6000061035156,-0.08922923515572656,0.0,0.499521017082012,27,0.21212121212121213,3,0.3333333333333333,33,33759
2026-05-12,WMT,Consumer Staples,130.35000610351562,-0.07487540704734774,0.0,0.49945332693922684,28,0.18181818181818182,3,0.3333333333333333,33,33759
2026-05-12,AMZN,Consumer Discretionary,265.82000732421875,-0.10465731155551017,0.0,0.4988327509790068,29,0.15151515151515152,3,0.3333333333333333,33,33759
2026-05-12,PLD,Real Estate,143.75999450683594,0.013981704524407279,1.0,0.49848333582306203,30,0.12121212121212122,3,0.3333333333333333,33,33759
2026-05-12,MSFT,Information Technology,407.7699890136719,-0.025529106953872338,0.0,0.496552987495459,31,0.09090909090909091,3,0.3333333333333333,33,33759
2026-05-12,META,Communication Services,603.0,-0.05310119325248752,0.0,0.4950664120311988,32,0.06060606060606061,3,0.3333333333333333,33,33759
2026-05-12,DUK,Utilities,125.06999969482422,-0.00023985591564779085,0.0,0.4820554557430997,33,0.030303030303030304,3,0.3333333333333333,33,33759
2026-06-10,NEM,Materials,92.7699966430664,0.027164000901678254,1.0,0.6102844389002978,1,1.0,1,1.0,33,34419
2026-06-10,META,Communication Services,570.97998046875,0.17203762805004752,1.0,0.5661986751276411,2,0.9696969696969697,1,1.0,33,34419
2026-06-10,HON,Industrials,215.9202880859375,0.048627714311074266,1.0,0.5325984358579071,3,0.9393939393939394,1,1.0,33,34419
2026-06-10,NEE,Utilities,85.12000274658203,0.03336461755465181,1.0,0.5324741758696845,4,0.9090909090909091,1,1.0,33,34419
2026-06-10,NVDA,Information Technology,200.4199981689453,0.052589605035507025,1.0,0.5317878811349318,5,0.8787878787878788,1,1.0,33,34419
2026-06-10,COP,Energy,119.91999816894531,-0.09072712991614662,0.0,0.5105221041066415,6,0.8484848484848485,1,1.0,33,34419
2026-06-10,WMT,Consumer Staples,120.58999633789062,-0.0554771955815182,0.0,0.5092344387337886,7,0.8181818181818182,1,1.0,33,34419
2026-06-10,AMT,Real Estate,192.5,-0.12420781123173696,0.0,0.5089712104623112,8,0.7878787878787878,1,1.0,33,34419
2026-06-10,APD,Materials,276.510009765625,0.08325191928199649,1.0,0.5088646817227243,9,0.7575757575757576,2,0.6666666666666666,33,34419
2026-06-10,LLY,Health Care,1136.3699951171875,0.04594450853317,1.0,0.5081957580197858,10,0.7272727272727273,1,1.0,33,34419
2026-06-10,UNH,Health Care,407.4599914550781,0.04211457326357215,1.0,0.5079157868727611,11,0.696969696969697,2,0.6666666666666666,33,34419
2026-06-10,PG,Consumer Staples,149.0500030517578,-0.013485472824358302,0.0,0.5076798953667848,12,0.6666666666666666,2,0.6666666666666666,33,34419
2026-06-10,DUK,Utilities,125.04000091552734,0.003518893459569794,1.0,0.5074421846624682,13,0.6363636363636364,2,0.6666666666666666,33,34419
2026-06-10,KO,Consumer Staples,83.58999633789062,-0.001196297146812575,0.0,0.5071391918615008,14,0.6060606060606061,3,0.3333333333333333,33,34419
2026-06-10,XOM,Energy,150.6199951171875,-0.07794443377348992,0.0,0.5066485495586884,15,0.5757575757575758,2,0.6666666666666666,33,34419
2026-06-10,SO,Utilities,94.0199966430664,0.016911338269042675,1.0,0.5062746271525523,16,0.5454545454545454,3,0.3333333333333333,33,34419
2026-06-10,HD,Consumer Discretionary,318.9200134277344,0.07644541997599896,1.0,0.5060740012369895,17,0.5151515151515151,1,1.0,33,34419
2026-06-10,O,Real Estate,62.11000061035156,0.01932057239006779,1.0,0.5058627961442914,18,0.48484848484848486,2,0.6666666666666666,33,34419
2026-06-10,GS,Financials,1001.2899780273438,0.05382064822995969,1.0,0.505319048832661,19,0.45454545454545453,1,1.0,33,34419
2026-06-10,UNP,Industrials,267.0299987792969,0.07463578162337337,1.0,0.5043979219300474,20,0.42424242424242425,2,0.6666666666666666,33,34419
2026-06-10,CVX,Energy,189.8000030517578,-0.0706006793457179,0.0,0.5039970254277967,21,0.3939393939393939,3,0.3333333333333333,33,34419
2026-06-10,JPM,Financials,309.1400146484375,0.08840649957057822,1.0,0.5031519369361148,22,0.36363636363636365,2,0.6666666666666666,33,34419
2026-06-10,LIN,Materials,509.1600036621094,0.040517664814310406,1.0,0.502907390679273,23,0.3333333333333333,3,0.3333333333333333,33,34419
2026-06-10,JNJ,Health Care,238.49000549316406,0.07752947740903982,1.0,0.5020230261854366,24,0.30303030303030304,3,0.3333333333333333,33,34419
2026-06-10,PLD,Real Estate,145.77000427246094,-0.03361466016091186,0.0,0.5018221509472566,25,0.2727272727272727,3,0.3333333333333333,33,34419
2026-06-10,DIS,Communication Services,98.61000061035156,-0.030321446559809284,0.0,0.4982413148734806,26,0.24242424242424243,2,0.6666666666666666,33,34419
2026-06-10,MCD,Consumer Discretionary,282.5199890136719,-0.02803335416303232,0.0,0.4972183440610951,27,0.21212121212121213,2,0.6666666666666666,33,34419
2026-06-10,BLK,Financials,1010.6799926757812,0.025161270491221632,1.0,0.4971699273781294,28,0.18181818181818182,3,0.3333333333333333,33,34419
2026-06-10,AMZN,Consumer Discretionary,238.0,0.030840320747439698,1.0,0.49410629527205446,29,0.15151515151515152,3,0.3333333333333333,33,34419
2026-06-10,CAT,Industrials,856.1599731445312,0.1124205791196824,1.0,0.49013214265510385,30,0.12121212121212122,3,0.3333333333333333,33,34419
2026-06-10,MSFT,Information Technology,397.3599853515625,-0.03085358289713025,0.0,0.4825568425196521,31,0.09090909090909091,2,0.6666666666666666,33,34419
2026-06-10,GOOGL,Communication Services,356.3800048828125,0.002244760598260287,1.0,0.4820148406059835,32,0.06060606060606061,3,0.3333333333333333,33,34419
2026-06-10,AAPL,Information Technology,291.5799865722656,0.08141855355380967,1.0,0.46745179216677535,33,0.030303030303030304,3,0.3333333333333333,33,34419
2026-07-10,META,Communication Services,669.2100219726562,-0.11522548057397364,0.0,0.5339684521562541,1,1.0,1,1.0,33,35079
2026-07-10,NEM,Materials,95.29000091552734,0.18564384795303002,1.0,0.5313795449620696,2,0.9696969696969697,1,1.0,33,35079
2026-07-10,MSFT,Information Technology,385.1000061035156,0.29833804806530373,1.0,0.5168337119235551,3,0.9393939393939394,1,1.0,33,35079
2026-07-10,NVDA,Information Technology,210.9600067138672,0.06162305454242989,1.0,0.5158001337374362,4,0.9090909090909091,2,0.6666666666666666,33,35079
2026-07-10,GOOGL,Communication Services,357.17999267578125,-0.008063175267005285,0.0,0.5139184179982024,5,0.8787878787878788,2,0.6666666666666666,33,35079
2026-07-10,AMZN,Consumer Discretionary,245.33999633789062,0.11877400783973635,1.0,0.5114273879994454,6,0.8484848484848485,1,1.0,33,35079
2026-07-10,CVX,Energy,176.39999389648438,0.057596394635203385,1.0,0.5108370304258841,7,0.8181818181818182,1,1.0,33,35079
2026-07-10,WMT,Consumer Staples,113.9000015258789,-0.017998270625940616,0.0,0.5084925598734777,8,0.7878787878787878,1,1.0,33,35079
2026-07-10,MCD,Consumer Discretionary,274.6000061035156,-0.00043698148040927087,0.0,0.506548715092585,9,0.7575757575757576,2,0.6666666666666666,33,35079
2026-07-10,PLD,Real Estate,140.8699951171875,-0.005040047417390059,0.0,0.5062851912407118,10,0.7272727272727273,1,1.0,33,35079
2026-07-10,APD,Materials,299.5299987792969,0.01305379654139549,1.0,0.5057889579797814,11,0.696969696969697,2,0.6666666666666666,33,35079
2026-07-10,KO,Consumer Staples,83.48999786376953,0.04263990033629095,1.0,0.5053010121237971,12,0.6666666666666666,2,0.6666666666666666,33,35079
2026-07-10,AAPL,Information Technology,315.32000732421875,-0.006311114758750236,0.0,0.5052818918971396,13,0.6363636363636364,3,0.3333333333333333,33,35079
2026-07-10,BLK,Financials,1036.1099853515625,0.09678512003033046,1.0,0.5051464310798457,14,0.6060606060606061,1,1.0,33,35079
2026-07-10,DUK,Utilities,125.4800033569336,-0.005020759212289949,0.0,0.5050627718076057,15,0.5757575757575758,1,1.0,33,35079
2026-07-10,XOM,Energy,138.8800048828125,0.10195843825947848,1.0,0.5046872151820668,16,0.5454545454545454,2,0.6666666666666666,33,35079
2026-07-10,PG,Consumer Staples,147.0399932861328,-0.00850108852744269,0.0,0.5039138210113373,17,0.5151515151515151,3,0.3333333333333333,33,35079
2026-07-10,JNJ,Health Care,256.9800109863281,0.008794377583582147,1.0,0.5039078026360866,18,0.48484848484848486,1,1.0,33,35079
2026-07-10,COP,Energy,109.04000091552734,0.07859500754648141,1.0,0.5034415505408312,19,0.45454545454545453,3,0.3333333333333333,33,35079
2026-07-10,UNP,Industrials,286.9599914550781,0.021501301963553487,1.0,0.5015829882836095,20,0.42424242424242425,1,1.0,33,35079
2026-07-10,DIS,Communication Services,95.62000274658203,0.09715541360261493,1.0,0.5014613805201859,21,0.3939393939393939,3,0.3333333333333333,33,35079
2026-07-10,SO,Utilities,95.61000061035156,-0.030540719070230482,0.0,0.5009564452576284,22,0.36363636363636365,2,0.6666666666666666,33,35079
2026-07-10,O,Real Estate,63.310001373291016,-0.012636282331456639,0.0,0.5008634371589383,23,0.3333333333333333,2,0.6666666666666666,33,35079
2026-07-10,CAT,Industrials,952.4099731445312,-0.11572744281458591,0.0,0.5007344735570751,24,0.30303030303030304,2,0.6666666666666666,33,35079
2026-07-10,JPM,Financials,336.4700012207031,0.0625612616774156,1.0,0.5004442395479494,25,0.2727272727272727,2,0.6666666666666666,33,35079
2026-07-10,LLY,Health Care,1188.5799560546875,-0.002414642029396119,0.0,0.49974790948151515,26,0.24242424242424243,2,0.6666666666666666,33,35079
2026-07-10,HD,Consumer Discretionary,343.29998779296875,0.035887001929194584,1.0,0.4995822821055743,27,0.21212121212121213,3,0.3333333333333333,33,35079
2026-07-10,GS,Financials,1055.1800537109375,-0.014755840299119583,0.0,0.4991537753562892,28,0.18181818181818182,3,0.3333333333333333,33,35079
2026-07-10,UNH,Health Care,424.6199951171875,-0.04130754261838554,0.0,0.4991013537272631,29,0.15151515151515152,3,0.3333333333333333,33,35079
2026-07-10,LIN,Materials,529.7899780273438,-0.07514292208630824,0.0,0.4986357256329818,30,0.12121212121212122,3,0.3333333333333333,33,35079
2026-07-10,HON,Industrials,226.4199981689453,0.08740397802739741,1.0,0.49679587691034405,31,0.09090909090909091,3,0.3333333333333333,33,35079
2026-07-10,AMT,Real Estate,168.58999633789062,0.023429604567554163,1.0,0.4724703155110518,32,0.06060606060606061,3,0.3333333333333333,33,35079
2026-07-10,NEE,Utilities,87.95999908447266,-0.03763071388182926,0.0,0.4666339718278754,33,0.030303030303030304,3,0.3333333333333333,33,35079
2026-08-07,MSFT,Information Technology,499.989990234375,-0.000579967665368275,0.0,0.6671748325091822,1,1.0,1,1.0,33,35739
2026-08-07,CAT,Industrials,842.1900024414062,-0.03354349958810565,0.0,0.5477176492749163,2,0.9696969696969697,1,1.0,33,35739
2026-08-07,NEM,Materials,112.9800033569336,0.13374041894139954,1.0,0.5273553283764577,3,0.9393939393939394,1,1.0,33,35739
2026-08-07,NVDA,Information Technology,223.9600067138672,0.02857650341411655,1.0,0.5108663955565588,4,0.9090909090909091,2,0.6666666666666666,33,35739
2026-08-07,MCD,Consumer Discretionary,274.4800109863281,-0.0684567465492334,0.0,0.5100917116486695,5,0.8787878787878788,1,1.0,33,35739
2026-08-07,GOOGL,Communication Services,354.29998779296875,-0.04470786588665243,0.0,0.5077463065895476,6,0.8484848484848485,1,1.0,33,35739
2026-08-07,AMZN,Consumer Discretionary,274.4800109863281,-0.058182747673740765,0.0,0.5072369160993527,7,0.8181818181818182,2,0.6666666666666666,33,35739
2026-08-07,WMT,Consumer Staples,111.8499984741211,-0.042109961097249515,0.0,0.5067928577327723,8,0.7878787878787878,1,1.0,33,35739
2026-08-07,PG,Consumer Staples,145.7899932861328,0.004458530661961779,1.0,0.5056324269983299,9,0.7575757575757576,2,0.6666666666666666,33,35739
2026-08-07,LLY,Health Care,1185.7099609375,-0.030656717733227756,0.0,0.5051250427754312,10,0.7272727272727273,1,1.0,33,35739
2026-08-07,GS,Financials,1039.6099853515625,-0.000961899187282067,0.0,0.5049833112536148,11,0.696969696969697,1,1.0,33,35739
2026-08-07,AMT,Real Estate,172.5399932861328,0.019184032376155402,1.0,0.5039638019998005,12,0.6666666666666666,1,1.0,33,35739
2026-08-07,PLD,Real Estate,140.16000366210938,-0.020119914744131107,0.0,0.5026632871779264,13,0.6363636363636364,2,0.6666666666666666,33,35739
2026-08-07,AAPL,Information Technology,313.3299865722656,0.02119176246447796,1.0,0.5024216034019834,14,0.6060606060606061,3,0.3333333333333333,33,35739
2026-08-07,UNH,Health Care,407.0799865722656,-0.024417736689847258,0.0,0.5021670802785639,15,0.5757575757575758,2,0.6666666666666666,33,35739
2026-08-07,BLK,Financials,1136.3900146484375,-0.012407690497262536,0.0,0.5018552807449865,16,0.5454545454545454,2,0.6666666666666666,33,35739
2026-08-07,DIS,Communication Services,104.91000366210938,0.0038127336052018457,1.0,0.5017421545782901,17,0.5151515151515151,2,0.6666666666666666,33,35739
2026-08-07,LIN,Materials,489.9800109863281,-0.02532757129648633,0.0,0.5016726584666881,18,0.48484848484848486,2,0.6666666666666666,33,35739
2026-08-07,HON,Industrials,246.2100067138672,-0.14865360913640813,0.0,0.5007504299085117,19,0.45454545454545453,2,0.6666666666666666,33,35739
2026-08-07,O,Real Estate,62.5099983215332,-0.020156748606073194,0.0,0.5002519895355726,20,0.42424242424242425,3,0.3333333333333333,33,35739
2026-08-07,HD,Consumer Discretionary,355.6199951171875,-0.09721052752623449,0.0,0.499352613101227,21,0.3939393939393939,3,0.3333333333333333,33,35739
2026-08-07,JNJ,Health Care,259.239990234375,0.06168037862328557,1.0,0.49914005555146124,22,0.36363636363636365,3,0.3333333333333333,33,35739
2026-08-07,COP,Energy,117.61000061035156,0.1415695417913203,1.0,0.49842912996244193,23,0.3333333333333333,1,1.0,33,35739
2026-08-07,XOM,Energy,153.0399932861328,0.04201521312503176,1.0,0.4979121355678129,24,0.30303030303030304,2,0.6666666666666666,33,35739
2026-08-07,UNP,Industrials,293.1300048828125,-0.011974242510684796,0.0,0.4976933944676288,25,0.2727272727272727,3,0.3333333333333333,33,35739
2026-08-07,JPM,Financials,357.5199890136719,0.0031327636752718213,1.0,0.4973278607317124,26,0.24242424242424243,3,0.3333333333333333,33,35739
2026-08-07,KO,Consumer Staples,87.05000305175781,0.01171736481686203,1.0,0.49689856667530846,27,0.21212121212121213,3,0.3333333333333333,33,35739
2026-08-07,APD,Materials,303.44000244140625,-0.00715137559410417,0.0,0.48803133121419656,28,0.18181818181818182,3,0.3333333333333333,33,35739
2026-08-07,META,Communication Services,592.0999755859375,0.04166533518414561,1.0,0.4846531332074497,29,0.15151515151515152,3,0.3333333333333333,33,35739
2026-08-07,CVX,Energy,186.55999755859375,0.11813898388372168,1.0,0.48417540391699937,30,0.12121212121212122,3,0.3333333333333333,33,35739
2026-08-07,DUK,Utilities,124.8499984741211,-0.03708447985586216,0.0,0.4840946004234819,31,0.09090909090909091,1,1.0,33,35739
2026-08-07,SO,Utilities,92.69000244140625,-0.04941203700960006,0.0,0.43722113682305236,32,0.06060606060606061,2,0.6666666666666666,33,35739
2026-08-07,NEE,Utilities,84.6500015258789,-0.014412300043847637,0.0,0.43517398495634635,33,0.030303030303030304,3,0.3333333333333333,33,35739
2026-09-04,HON,Industrials,209.61000061035156,,,0.5928643750677115,1,1.0,1,1.0,33,36399
2026-09-04,CAT,Industrials,813.9400024414062,,,0.5536257621542097,2,0.9696969696969697,2,0.6666666666666666,33,36399
2026-09-04,WMT,Consumer Staples,107.13999938964844,,,0.5209154419151658,3,0.9393939393939394,1,1.0,33,36399
2026-09-04,UNH,Health Care,397.1400146484375,,,0.5187136153302878,4,0.9090909090909091,1,1.0,33,36399
2026-09-04,NEM,Materials,128.08999633789062,,,0.5081185263009556,5,0.8787878787878788,1,1.0,33,36399
2026-09-04,GS,Financials,1038.6099853515625,,,0.5069801690108936,6,0.8484848484848485,1,1.0,33,36399
2026-09-04,NVDA,Information Technology,230.36000061035156,,,0.506334838482264,7,0.8181818181818182,1,1.0,33,36399
2026-09-04,HD,Consumer Discretionary,321.04998779296875,,,0.5062856755113918,8,0.7878787878787878,1,1.0,33,36399
2026-09-04,MSFT,Information Technology,499.70001220703125,,,0.5061651789687389,9,0.7575757575757576,2,0.6666666666666666,33,36399
2026-09-04,GOOGL,Communication Services,338.4599914550781,,,0.5055124240484327,10,0.7272727272727273,1,1.0,33,36399
2026-09-04,DUK,Utilities,120.22000122070312,,,0.5047981669611364,11,0.696969696969697,1,1.0,33,36399
2026-09-04,APD,Materials,301.2699890136719,,,0.5036600409842178,12,0.6666666666666666,2,0.6666666666666666,33,36399
2026-09-04,DIS,Communication Services,105.30999755859375,,,0.503507046405626,13,0.6363636363636364,2,0.6666666666666666,33,36399
2026-09-04,COP,Energy,134.25999450683594,,,0.5032842264406189,14,0.6060606060606061,1,1.0,33,36399
2026-09-04,META,Communication Services,616.77001953125,,,0.5029529826405091,15,0.5757575757575758,3,0.3333333333333333,33,36399
2026-09-04,AMZN,Consumer Discretionary,258.510009765625,,,0.502306010271897,16,0.5454545454545454,2,0.6666666666666666,33,36399
2026-09-04,BLK,Financials,1122.2900390625,,,0.5014769494567272,17,0.5151515151515151,2,0.6666666666666666,33,36399
2026-09-04,CVX,Energy,208.60000610351562,,,0.5002291895289505,18,0.48484848484848486,2,0.6666666666666666,33,36399
2026-09-04,AAPL,Information Technology,319.9700012207031,,,0.5000678412757796,19,0.45454545454545453,3,0.3333333333333333,33,36399
2026-09-04,XOM,Energy,159.47000122070312,,,0.49949541925176544,20,0.42424242424242425,3,0.3333333333333333,33,36399
2026-09-04,JNJ,Health Care,275.2300109863281,,,0.49882938669643606,21,0.3939393939393939,2,0.6666666666666666,33,36399
2026-09-04,AMT,Real Estate,175.85000610351562,,,0.4980581910868753,22,0.36363636363636365,1,1.0,33,36399
2026-09-04,UNP,Industrials,289.6199951171875,,,0.49154951974930033,23,0.3333333333333333,3,0.3333333333333333,33,36399
2026-09-04,LLY,Health Care,1149.3599853515625,,,0.49082621271952626,24,0.30303030303030304,3,0.3333333333333333,33,36399
2026-09-04,MCD,Consumer Discretionary,255.69000244140625,,,0.4899635328728263,25,0.2727272727272727,3,0.3333333333333333,33,36399
2026-09-04,PG,Consumer Staples,146.44000244140625,,,0.4549817167760952,26,0.24242424242424243,2,0.6666666666666666,33,36399
2026-09-04,O,Real Estate,61.25,,,0.4509218028205312,27,0.21212121212121213,2,0.6666666666666666,33,36399
2026-09-04,NEE,Utilities,83.43000030517578,,,0.4473417163484411,28,0.18181818181818182,2,0.6666666666666666,33,36399
2026-09-04,SO,Utilities,88.11000061035156,,,0.4399499504116337,29,0.15151515151515152,3,0.3333333333333333,33,36399
2026-09-04,LIN,Materials,477.57000732421875,,,0.42870334983001707,30,0.12121212121212122,3,0.3333333333333333,33,36399
2026-09-04,JPM,Financials,358.6400146484375,,,0.4286181868189138,31,0.09090909090909091,3,0.3333333333333333,33,36399
2026-09-04,PLD,Real Estate,137.33999633789062,,,0.4229935545579078,32,0.06060606060606061,3,0.3333333333333333,33,36399
2026-09-04,KO,Consumer Staples,88.06999969482422,,,0.42075325319198714,33,0.030303030303030304,3,0.3333333333333333,33,36399
