ticker,cik,name,exchange,sic,sic_description,entity_type,sector,included,exclusion_reason
NVDA,1045810,NVIDIA CORP,Nasdaq,3674,Semiconductors & Related Devices,operating,Information Technology,True,
AAPL,320193,Apple Inc.,Nasdaq,3571,Electronic Computers,operating,Information Technology,True,
GOOGL,1652044,Alphabet Inc.,Nasdaq,7370,"Services-Computer Programming, Data Processing, Etc.",operating,Information Technology,True,
MSFT,789019,MICROSOFT CORP,Nasdaq,7372,Services-Prepackaged Software,operating,Information Technology,True,
AMZN,1018724,AMAZON COM INC,Nasdaq,5961,Retail-Catalog & Mail-Order Houses,operating,Consumer Discretionary,True,
META,1326801,"Meta Platforms, Inc.",Nasdaq,7370,"Services-Computer Programming, Data Processing, Etc.",operating,Information Technology,True,
AVGO,1730168,Broadcom Inc.,Nasdaq,3674,Semiconductors & Related Devices,operating,Information Technology,True,
TSLA,1318605,"Tesla, Inc.",Nasdaq,3711,Motor Vehicles & Passenger Car Bodies,operating,Consumer Discretionary,True,
MU,723125,MICRON TECHNOLOGY INC,Nasdaq,3674,Semiconductors & Related Devices,operating,Information Technology,True,
BRK-B,1067983,BERKSHIRE HATHAWAY INC,NYSE,6331,"Fire, Marine & Casualty Insurance",operating,Financials,True,
LLY,59478,ELI LILLY & Co,NYSE,2834,Pharmaceutical Preparations,operating,Health Care,True,
AMD,2488,ADVANCED MICRO DEVICES INC,Nasdaq,3674,Semiconductors & Related Devices,operating,Information Technology,True,
WMT,104169,Walmart Inc.,Nasdaq,5331,Retail-Variety Stores,operating,Consumer Discretionary,True,
JPM,19617,JPMORGAN CHASE & CO,NYSE,6021,National Commercial Banks,operating,Financials,True,
V,1403161,VISA INC.,NYSE,7389,"Services-Business Services, NEC",operating,Industrials,True,
XOM,2115436,ExxonMobil Holdings Corp,NYSE,2911,Petroleum Refining,operating,Energy,True,
ASML,937966,ASML HOLDING NV,Nasdaq,3559,"Special Industry Machinery, NEC",other,Industrials,False,not an operating company
JNJ,200406,JOHNSON & JOHNSON,NYSE,2834,Pharmaceutical Preparations,operating,Health Care,True,
INTC,50863,INTEL CORP,Nasdaq,3674,Semiconductors & Related Devices,operating,Information Technology,True,
MA,1141391,Mastercard Inc,NYSE,7389,"Services-Business Services, NEC",operating,Industrials,True,
ABBV,1551152,AbbVie Inc.,NYSE,2834,Pharmaceutical Preparations,operating,Health Care,True,
PLTR,1321655,Palantir Technologies Inc.,Nasdaq,7372,Services-Prepackaged Software,operating,Information Technology,True,
CSCO,858877,"CISCO SYSTEMS, INC.",Nasdaq,3576,Computer Communications Equipment,operating,Information Technology,True,
COST,909832,COSTCO WHOLESALE CORP /NEW,Nasdaq,5331,Retail-Variety Stores,operating,Consumer Discretionary,True,
CVX,93410,CHEVRON CORP,NYSE,2911,Petroleum Refining,operating,Energy,True,
ORCL,1341439,ORACLE CORP,NYSE,7372,Services-Prepackaged Software,operating,Information Technology,True,
AMAT,6951,APPLIED MATERIALS INC /DE,Nasdaq,3674,Semiconductors & Related Devices,operating,Information Technology,True,
LRCX,707549,LAM RESEARCH CORP,Nasdaq,3559,"Special Industry Machinery, NEC",operating,Industrials,True,
KO,21344,COCA COLA CO,NYSE,2080,Beverages,operating,Consumer Staples,True,
BAC,70858,BANK OF AMERICA CORP /DE/,NYSE,6021,National Commercial Banks,operating,Financials,True,
CAT,18230,CATERPILLAR INC,NYSE,3531,Construction Machinery & Equip,operating,Industrials,True,
DELL,1571996,Dell Technologies Inc.,NYSE,3571,Electronic Computers,operating,Information Technology,True,
MRK,310158,"Merck & Co., Inc.",NYSE,2834,Pharmaceutical Preparations,operating,Health Care,True,
PG,80424,PROCTER & GAMBLE Co,NYSE,2840,"Soap, Detergents, Cleang Preparations, Perfumes, Cosmetics",operating,Consumer Staples,True,
UNH,731766,UNITEDHEALTH GROUP INC,NYSE,6324,Hospital & Medical Service Plans,operating,Financials,True,
PANW,1327567,Palo Alto Networks Inc,Nasdaq,3577,"Computer Peripheral Equipment, NEC",operating,Information Technology,True,
GE,40545,GENERAL ELECTRIC CO,NYSE,3600,Electronic & Other Electrical Equipment (No Computer Equip),operating,Industrials,True,
HSBC,1089113,HSBC HOLDINGS PLC,NYSE,6035,"Savings Institution, Federally Chartered",other,Financials,False,not an operating company
PM,1413329,Philip Morris International Inc.,NYSE,2111,Cigarettes,operating,Consumer Staples,True,
NFLX,1065280,NETFLIX INC,Nasdaq,7841,Services-Video Tape Rental,operating,Communication Services,True,
HD,354950,"HOME DEPOT, INC.",NYSE,5211,Retail-Lumber & Other Building Materials Dealers,operating,Consumer Discretionary,True,
MS,895421,MORGAN STANLEY,NYSE,6211,"Security Brokers, Dealers & Flotation Companies",operating,Financials,True,
ARM,1973239,ARM HOLDINGS PLC /UK,Nasdaq,3674,Semiconductors & Related Devices,other,Information Technology,False,not an operating company
SHEL,1306965,Shell plc,NYSE,1311,Crude Petroleum & Natural Gas,other,Energy,False,not an operating company
NVS,1114448,NOVARTIS AG,NYSE,2834,Pharmaceutical Preparations,other,Health Care,False,not an operating company
CRWD,1535527,"CrowdStrike Holdings, Inc.",Nasdaq,7372,Services-Prepackaged Software,operating,Information Technology,True,
ANET,1596532,"Arista Networks, Inc.",NYSE,3576,Computer Communications Equipment,operating,Information Technology,True,
GEV,1996810,GE Vernova Inc.,NYSE,3600,Electronic & Other Electrical Equipment (No Computer Equip),operating,Industrials,True,
RY,1000275,ROYAL BANK OF CANADA,NYSE,6029,"Commercial Banks, NEC",other,Financials,False,not an operating company
BABA,1577552,Alibaba Group Holding Ltd,NYSE,7389,"Services-Business Services, NEC",other,Industrials,False,not an operating company
TXN,97476,TEXAS INSTRUMENTS INC,Nasdaq,3674,Semiconductors & Related Devices,operating,Information Technology,True,
GS,886982,GOLDMAN SACHS GROUP INC,NYSE,6211,"Security Brokers, Dealers & Flotation Companies",operating,Financials,True,
KLAC,319201,KLA CORP,Nasdaq,3827,Optical Instruments & Lenses,operating,Information Technology,True,
MUFG,67088,MITSUBISHI UFJ FINANCIAL GROUP INC,NYSE,6029,"Commercial Banks, NEC",other,Financials,False,not an operating company
RTX,101829,RTX Corp,NYSE,3724,Aircraft Engines & Engine Parts,operating,Industrials,True,
WFC,72971,WELLS FARGO & COMPANY/MN,NYSE,6021,National Commercial Banks,operating,Financials,True,
MRVL,1835632,"Marvell Technology, Inc.",Nasdaq,3674,Semiconductors & Related Devices,operating,Information Technology,True,
AZN,901832,ASTRAZENECA PLC,NYSE,2834,Pharmaceutical Preparations,other,Health Care,False,not an operating company
SAP,1000184,SAP SE,NYSE,7372,Services-Prepackaged Software,other,Information Technology,False,not an operating company
TMO,97745,THERMO FISHER SCIENTIFIC INC.,NYSE,3829,"Measuring & Controlling Devices, NEC",operating,Information Technology,True,
SNDK,2023554,Sandisk Corp,Nasdaq,3572,Computer Storage Devices,operating,Information Technology,True,
LIN,1707925,LINDE PLC,Nasdaq,2810,Industrial Inorganic Chemicals,operating,Materials,True,
TM,1094517,TOYOTA MOTOR CORP/,NYSE,3711,Motor Vehicles & Passenger Car Bodies,other,Consumer Discretionary,False,not an operating company
AMGN,318154,AMGEN INC,Nasdaq,2836,"Biological Products, (No Diagnostic Substances)",operating,Health Care,True,
BHP,811809,BHP Group Ltd,NYSE,1000,Metal Mining,other,Materials,False,not an operating company
C,831001,CITIGROUP INC,NYSE,6021,National Commercial Banks,operating,Financials,True,
SHOP,1594805,SHOPIFY INC.,Nasdaq,7372,Services-Prepackaged Software,operating,Information Technology,True,
IBM,51143,INTERNATIONAL BUSINESS MACHINES CORP,NYSE,3570,Computer & office Equipment,operating,Information Technology,True,
APH,820313,AMPHENOL CORP /DE/,NYSE,3678,Electronic Connectors,operating,Information Technology,True,
AXP,4962,AMERICAN EXPRESS CO,NYSE,6199,Finance Services,operating,Financials,True,
ADI,6281,ANALOG DEVICES INC,Nasdaq,3674,Semiconductors & Related Devices,operating,Information Technology,True,
SAN,891478,"Banco Santander, S.A.",NYSE,6029,"Commercial Banks, NEC",other,Financials,False,not an operating company
VZ,732712,VERIZON COMMUNICATIONS INC,NYSE,4813,Telephone Communications (No Radiotelephone),operating,Communication Services,True,
TTE,879764,TotalEnergies SE,NYSE,1311,Crude Petroleum & Natural Gas,other,Energy,False,not an operating company
QCOM,804328,QUALCOMM INC/DE,Nasdaq,3663,Radio & Tv Broadcasting & Communications Equipment,operating,Information Technology,True,
TD,947263,TORONTO DOMINION BANK,NYSE,6029,"Commercial Banks, NEC",other,Financials,False,not an operating company
CRM,1108524,"Salesforce, Inc.",NYSE,7372,Services-Prepackaged Software,operating,Information Technology,True,
DIS,1744489,Walt Disney Co,NYSE,7990,Services-Miscellaneous Amusement & Recreation,operating,Consumer Discretionary,True,
TMUS,1283699,"T-Mobile US, Inc.",Nasdaq,4812,Radiotelephone Communications,operating,Communication Services,True,
GILD,882095,"GILEAD SCIENCES, INC.",Nasdaq,2836,"Biological Products, (No Diagnostic Substances)",operating,Health Care,True,
STX,1137789,Seagate Technology Holdings plc,Nasdaq,3572,Computer Storage Devices,operating,Information Technology,True,
DE,315189,DEERE & CO,NYSE,3523,Farm Machinery & Equipment,operating,Industrials,True,
PEP,77476,PEPSICO INC,Nasdaq,2080,Beverages,operating,Consumer Staples,True,
BLK,2012383,"BlackRock, Inc.",NYSE,6211,"Security Brokers, Dealers & Flotation Companies",operating,Financials,True,
T,732717,AT&T INC.,NYSE,4813,Telephone Communications (No Radiotelephone),operating,Communication Services,True,
ABT,1800,ABBOTT LABORATORIES,NYSE,2834,Pharmaceutical Preparations,operating,Health Care,True,
SCHW,316709,SCHWAB CHARLES CORP,NYSE,6211,"Security Brokers, Dealers & Flotation Companies",operating,Financials,True,
NVO,353278,NOVO NORDISK A S,NYSE,2834,Pharmaceutical Preparations,other,Health Care,False,not an operating company
MCD,63908,MCDONALDS CORP,NYSE,5812,Retail-Eating  Places,operating,Consumer Discretionary,True,
SCCO,1001838,SOUTHERN COPPER CORP/,NYSE,1000,Metal Mining,operating,Materials,True,
UNP,100885,UNION PACIFIC CORP,NYSE,4011,"Railroads, Line-Haul Operating",operating,Industrials,True,
ETN,1551182,Eaton Corp plc,NYSE,3590,Misc Industrial & Commercial Machinery & Equipment,operating,Industrials,True,
COP,1163165,CONOCOPHILLIPS,NYSE,2911,Petroleum Refining,operating,Energy,True,
WELL,766704,WELLTOWER INC.,NYSE,6798,Real Estate Investment Trusts,operating,Real Estate,True,
NEE,753308,NEXTERA ENERGY INC,NYSE,4911,Electric Services,operating,Utilities,True,
PBR,1119639,PETROBRAS - PETROLEO BRASILEIRO SA,NYSE,1311,Crude Petroleum & Natural Gas,other,Energy,False,not an operating company
PFE,78003,PFIZER INC,NYSE,2834,Pharmaceutical Preparations,operating,Health Care,True,
SMFG,1022837,"SUMITOMO MITSUI FINANCIAL GROUP, INC.",NYSE,6029,"Commercial Banks, NEC",other,Financials,False,not an operating company
TJX,109198,TJX COMPANIES INC /DE/,NYSE,5651,Retail-Family Clothing Stores,operating,Consumer Discretionary,True,
DHR,313616,DANAHER CORP /DE/,NYSE,3823,"Industrial Instruments For Measurement, Display, and Control",operating,Information Technology,True,
BUD,1668717,Anheuser-Busch InBev SA/NV,NYSE,2082,Malt Beverages,other,Consumer Staples,False,not an operating company
RIO,863064,RIO TINTO PLC,NYSE,1000,Metal Mining,other,Materials,False,not an operating company
IBKR,1381197,"Interactive Brokers Group, Inc.",Nasdaq,6211,"Security Brokers, Dealers & Flotation Companies",operating,Financials,True,
BA,12927,BOEING CO,NYSE,3721,Aircraft,operating,Industrials,True,
WDC,106040,WESTERN DIGITAL CORP,Nasdaq,3572,Computer Storage Devices,operating,Information Technology,True,
ISRG,1035267,INTUITIVE SURGICAL INC,Nasdaq,3842,"Orthopedic, Prosthetic & Surgical Appliances & Supplies",operating,Health Care,True,
UBS,1610520,UBS Group AG,NYSE,6021,National Commercial Banks,other,Financials,False,not an operating company
BBVA,842180,"BANCO BILBAO VIZCAYA ARGENTARIA, S.A.",NYSE,6029,"Commercial Banks, NEC",other,Financials,False,not an operating company
UBER,1543151,"Uber Technologies, Inc",NYSE,7389,"Services-Business Services, NEC",operating,Industrials,True,
NOW,1373715,"ServiceNow, Inc.",NYSE,7372,Services-Prepackaged Software,operating,Information Technology,True,
SONY,313838,Sony Group Corp,NYSE,3651,Household Audio & Video Equipment,other,Industrials,False,not an operating company
FTNT,1262039,"Fortinet, Inc.",Nasdaq,3577,"Computer Peripheral Equipment, NEC",operating,Information Technology,True,
BX,1393818,Blackstone Inc.,NYSE,6282,Investment Advice,operating,Financials,True,
UL,217410,UNILEVER PLC,NYSE,2840,"Soap, Detergents, Cleang Preparations, Perfumes, Cosmetics",other,Consumer Staples,False,not an operating company
CB,896159,Chubb Ltd,NYSE,6331,"Fire, Marine & Casualty Insurance",operating,Financials,True,
GLW,24741,CORNING INC /NY,NYSE,3357,Drawing & Insulating of  Nonferrous Wire,operating,Materials,True,
MPC,1510295,Marathon Petroleum Corp,NYSE,2911,Petroleum Refining,operating,Energy,True,
MFG,1335730,MIZUHO FINANCIAL GROUP INC,NYSE,6021,National Commercial Banks,other,Financials,False,not an operating company
VRTX,875320,VERTEX PHARMACEUTICALS INC / MA,Nasdaq,2834,Pharmaceutical Preparations,operating,Health Care,True,
VLO,1035002,VALERO ENERGY CORP/TX,NYSE,2911,Petroleum Refining,operating,Energy,True,
PGR,80661,PROGRESSIVE CORP/OH/,NYSE,6331,"Fire, Marine & Casualty Insurance",operating,Financials,True,
PLD,1045609,"Prologis, Inc.",NYSE,6798,Real Estate Investment Trusts,operating,Real Estate,True,
ACN,1467373,Accenture plc,NYSE,7389,"Services-Business Services, NEC",operating,Industrials,True,
BMY,14272,BRISTOL MYERS SQUIBB CO,NYSE,2834,Pharmaceutical Preparations,operating,Health Care,True,
NEM,1164727,NEWMONT Corp /DE/,NYSE,1040,Gold and Silver Ores,operating,Materials,True,
COF,927628,CAPITAL ONE FINANCIAL CORP,NYSE,6021,National Commercial Banks,operating,Financials,True,
NET,1477333,"Cloudflare, Inc.",NYSE,7372,Services-Prepackaged Software,operating,Information Technology,True,
SNOW,1640147,Snowflake Inc.,NYSE,7372,Services-Prepackaged Software,operating,Information Technology,True,
BKNG,1075531,Booking Holdings Inc.,Nasdaq,4700,Transportation Services,operating,Industrials,True,
BP,313807,BP PLC,NYSE,2911,Petroleum Refining,other,Energy,False,not an operating company
MO,764180,"ALTRIA GROUP, INC.",NYSE,2111,Cigarettes,operating,Consumer Staples,True,
PH,76334,Parker-Hannifin Corp,NYSE,3490,Miscellaneous Fabricated Metal Products,operating,Industrials,True,
BTI,1303523,British American Tobacco p.l.c.,NYSE,2111,Cigarettes,other,Consumer Staples,False,not an operating company
SPGI,64040,S&P Global Inc.,NYSE,7320,"Services-Consumer Credit Reporting, Collection Agencies",operating,Industrials,True,
LMT,936468,LOCKHEED MARTIN CORP,NYSE,3760,Guided Missiles & Space Vehicles & Parts,operating,Industrials,True,
HDB,1144967,HDFC BANK LTD,NYSE,6029,"Commercial Banks, NEC",other,Financials,False,not an operating company
PSX,1534701,Phillips 66,NYSE,2911,Petroleum Refining,operating,Energy,True,
CVS,64803,CVS HEALTH Corp,NYSE,5912,Retail-Drug Stores and Proprietary Stores,operating,Consumer Staples,True,
BMO,927971,BANK OF MONTREAL /CAN/,NYSE,6029,"Commercial Banks, NEC",operating,Financials,True,
PDD,1737806,PDD Holdings Inc.,Nasdaq,7389,"Services-Business Services, NEC",other,Industrials,False,not an operating company
MDT,1613103,Medtronic plc,NYSE,3845,Electromedical & Electrotherapeutic Apparatus,operating,Health Care,True,
MCK,927653,MCKESSON CORP,NYSE,5122,"Wholesale-Drugs, Proprietaries & Druggists' Sundries",operating,Health Care,True,
ITUB,1132597,Itau Unibanco Holding S.A.,NYSE,6022,State Commercial Banks,other,Financials,False,not an operating company
SPOT,1639920,Spotify Technology S.A.,NYSE,4832,Radio Broadcasting Stations,other,Communication Services,False,not an operating company
BNS,9631,BANK OF NOVA SCOTIA,NYSE,6022,State Commercial Banks,operating,Financials,True,
ADP,8670,AUTOMATIC DATA PROCESSING INC,Nasdaq,7374,Services-Computer Processing & Data Preparation,operating,Information Technology,True,
SYK,310764,STRYKER CORP,NYSE,3841,Surgical & Medical Instruments & Apparatus,operating,Health Care,True,
LOW,60667,LOWES COMPANIES INC,NYSE,5211,Retail-Lumber & Other Building Materials Dealers,operating,Consumer Discretionary,True,
ENB,895728,ENBRIDGE INC,NYSE,4610,Pipe Lines (No Natural Gas),operating,Industrials,True,
SBUX,829224,STARBUCKS CORP,Nasdaq,5810,Retail-Eating & Drinking Places,operating,Consumer Discretionary,True,
TT,1466258,Trane Technologies plc,NYSE,3822,Auto Controls For Regulating Residential & Comml Environments,operating,Information Technology,True,
PWR,1050915,"QUANTA SERVICES, INC.",NYSE,1731,Electrical Work,operating,Industrials,True,
EQNR,1140625,EQUINOR ASA,NYSE,2911,Petroleum Refining,other,Energy,False,not an operating company
FCX,831259,FREEPORT-MCMORAN INC,NYSE,1000,Metal Mining,operating,Materials,True,
CNQ,1017413,CANADIAN NATURAL RESOURCES Ltd,NYSE,1311,Crude Petroleum & Natural Gas,other,Energy,False,not an operating company
IBN,1103838,ICICI BANK LTD,NYSE,6029,"Commercial Banks, NEC",other,Financials,False,not an operating company
CEG,1868275,Constellation Energy Corp,Nasdaq,4911,Electric Services,operating,Utilities,True,
EQIX,1101239,EQUINIX INC,Nasdaq,6798,Real Estate Investment Trusts,operating,Real Estate,True,
CME,1156375,CME GROUP INC.,Nasdaq,6200,"Security & Commodity Brokers, Dealers, Exchanges & Services",operating,Financials,True,
SO,92122,SOUTHERN CO,NYSE,4911,Electric Services,operating,Utilities,True,
ASX,1122411,"ASE Technology Holding Co., Ltd.",NYSE,3674,Semiconductors & Related Devices,other,Information Technology,False,not an operating company
CM,1045520,CANADIAN IMPERIAL BANK OF COMMERCE /CAN/,NYSE,6029,"Commercial Banks, NEC",other,Financials,False,not an operating company
ABNB,1559720,"Airbnb, Inc.",Nasdaq,7340,Services-To Dwellings & Other Buildings,operating,Industrials,True,
DDOG,1561550,"Datadog, Inc.",Nasdaq,7372,Services-Prepackaged Software,operating,Information Technology,True,
BNY,1390777,Bank of New York Mellon Corp,NYSE,6022,State Commercial Banks,operating,Financials,True,
HCA,860730,"HCA Healthcare, Inc.",NYSE,8062,"Services-General Medical & Surgical Hospitals, NEC",operating,Health Care,True,
HOOD,1783879,"Robinhood Markets, Inc.",Nasdaq,6211,"Security Brokers, Dealers & Flotation Companies",operating,Financials,True,
SNY,1121404,Sanofi,Nasdaq,2834,Pharmaceutical Preparations,other,Health Care,False,not an operating company
CDNS,813672,CADENCE DESIGN SYSTEMS INC,Nasdaq,7372,Services-Prepackaged Software,operating,Information Technology,True,
SNPS,883241,SYNOPSYS INC,Nasdaq,7372,Services-Prepackaged Software,operating,Information Technology,True,
ING,1039765,ING GROEP NV,NYSE,6029,"Commercial Banks, NEC",other,Financials,False,not an operating company
LITE,1633978,Lumentum Holdings Inc.,Nasdaq,3669,"Communications Equipment, NEC",operating,Information Technology,True,
MAR,1048286,MARRIOTT INTERNATIONAL INC /MD/,Nasdaq,7011,Hotels & Motels,operating,Consumer Discretionary,True,
HPE,1645590,Hewlett Packard Enterprise Co,NYSE,3570,Computer & office Equipment,operating,Information Technology,True,
MELI,1099590,MERCADOLIBRE INC,Nasdaq,7389,"Services-Business Services, NEC",operating,Industrials,True,
VRT,1674101,Vertiv Holdings Co,NYSE,3679,"Electronic Components, NEC",operating,Information Technology,True,
APP,1751008,AppLovin Corp,Nasdaq,7370,"Services-Computer Programming, Data Processing, Etc.",operating,Information Technology,True,
GSK,1131399,GSK plc,NYSE,2834,Pharmaceutical Preparations,other,Health Care,False,not an operating company
JCI,833444,Johnson Controls International plc,NYSE,3585,Air-Cond & Warm Air Heatg Equip & Comm & Indl Refrig Equip,operating,Industrials,True,
AEM,2809,AGNICO EAGLE MINES LTD,NYSE,1040,Gold and Silver Ores,other,Materials,False,not an operating company
ADBE,796343,ADOBE INC.,Nasdaq,7372,Services-Prepackaged Software,operating,Information Technology,True,
DUK,1326160,Duke Energy CORP,NYSE,4931,Electric & Other Services Combined,operating,Utilities,True,
GD,40533,GENERAL DYNAMICS CORP,NYSE,3730,Ship & Boat Building & Repairing,operating,Industrials,True,
HWM,4281,Howmet Aerospace Inc.,NYSE,3350,Rolling Drawing & Extruding of  Nonferrous Metals,operating,Materials,True,
WMB,107263,"WILLIAMS COMPANIES, INC.",NYSE,4922,Natural Gas Transmission,operating,Utilities,True,
USB,36104,US BANCORP DE,NYSE,6021,National Commercial Banks,operating,Financials,True,
EMR,32604,EMERSON ELECTRIC CO,NYSE,3600,Electronic & Other Electrical Equipment (No Computer Equip),operating,Industrials,True,
CSX,277948,CSX CORP,Nasdaq,4011,"Railroads, Line-Haul Operating",operating,Industrials,True,
ELV,1156039,"Elevance Health, Inc.",NYSE,6324,Hospital & Medical Service Plans,operating,Financials,True,
ICE,1571949,"Intercontinental Exchange, Inc.",NYSE,6200,"Security & Commodity Brokers, Dealers, Exchanges & Services",operating,Financials,True,
PNC,713676,"PNC FINANCIAL SERVICES GROUP, INC.",NYSE,6021,National Commercial Banks,operating,Financials,True,
MNST,865752,Monster Beverage Corp,Nasdaq,2086,Bottled & Canned Soft Drinks & Carbonated Waters,operating,Consumer Staples,True,
MMM,66740,3M CO,NYSE,3841,Surgical & Medical Instruments & Apparatus,operating,Health Care,True,
WM,823768,WASTE MANAGEMENT INC,NYSE,4953,Refuse Systems,operating,Utilities,True,
SU,311337,SUNCOR ENERGY INC,NYSE,2911,Petroleum Refining,other,Energy,False,not an operating company
MRSH,62709,"MARSH & MCLENNAN COMPANIES, INC.",NYSE,6411,"Insurance Agents, Brokers & Service",operating,Financials,True,
DASH,1792789,"DoorDash, Inc.",Nasdaq,7389,"Services-Business Services, NEC",operating,Industrials,True,
KKR,1404912,KKR & Co. Inc.,NYSE,6282,Investment Advice,operating,Financials,True,
BN,1001085,BROOKFIELD Corp /ON/,NYSE,6512,Opeators of  Nonresidential Buildings,other,Real Estate,False,not an operating company
INTU,896878,INTUIT INC.,Nasdaq,7372,Services-Prepackaged Software,operating,Information Technology,True,
UPS,1090727,UNITED PARCEL SERVICE INC,NYSE,4210,Trucking & Courier Services (No Air),operating,Industrials,True,
CTAS,723254,CINTAS CORP,Nasdaq,2320,"Men's & Boys' Furnishgs, Work Clothg, & Allied Garments",operating,Consumer Discretionary,True,
E,1002242,ENI SPA,NYSE,1311,Crude Petroleum & Natural Gas,other,Energy,False,not an operating company
EPD,1061219,ENTERPRISE PRODUCTS PARTNERS L.P.,NYSE,4922,Natural Gas Transmission,operating,Utilities,True,
BE,1664703,Bloom Energy Corp,NYSE,3620,Electrical Industrial Apparatus,operating,Industrials,True,
MCO,1059556,MOODYS CORP /DE/,NYSE,7320,"Services-Consumer Credit Reporting, Collection Agencies",operating,Industrials,True,
ECL,31462,ECOLAB INC.,NYSE,2840,"Soap, Detergents, Cleang Preparations, Perfumes, Cosmetics",operating,Consumer Staples,True,
MRNA,1682852,"Moderna, Inc.",Nasdaq,2836,"Biological Products, (No Diagnostic Substances)",operating,Health Care,True,
EOG,821189,EOG RESOURCES INC,NYSE,1311,Crude Petroleum & Natural Gas,operating,Energy,True,
SHW,89800,SHERWIN WILLIAMS CO,NYSE,5200,"Retail-Building Materials, Hardware, Garden Supply",operating,Consumer Discretionary,True,
AMT,1053507,AMERICAN TOWER CORP /MA/,NYSE,6798,Real Estate Investment Trusts,operating,Real Estate,True,
NGG,1004315,NATIONAL GRID PLC,NYSE,4922,Natural Gas Transmission,other,Utilities,False,not an operating company
MDLZ,1103982,"Mondelez International, Inc.",Nasdaq,2000,Food and Kindred Products,operating,Consumer Staples,True,
TRV,86312,"TRAVELERS COMPANIES, INC.",NYSE,6331,"Fire, Marine & Casualty Insurance",operating,Financials,True,
LYG,1160106,Lloyds Banking Group plc,NYSE,6029,"Commercial Banks, NEC",other,Financials,False,not an operating company
NTES,1110646,"NetEase, Inc.",Nasdaq,7372,Services-Prepackaged Software,other,Information Technology,False,not an operating company
BCS,312069,BARCLAYS PLC,NYSE,6029,"Commercial Banks, NEC",other,Financials,False,not an operating company
REGN,872589,"REGENERON PHARMACEUTICALS, INC.",Nasdaq,2834,Pharmaceutical Preparations,operating,Health Care,True,
SPG,1063761,SIMON PROPERTY GROUP INC.,NYSE,6798,Real Estate Investment Trusts,operating,Real Estate,True,
ITW,49826,ILLINOIS TOOL WORKS INC,NYSE,3560,General Industrial Machinery & Equipment,operating,Industrials,True,
RCL,884887,ROYAL CARIBBEAN CRUISES LTD,NYSE,4400,Water Transportation,operating,Industrials,True,
NU,1691493,Nu Holdings Ltd.,NYSE,6199,Finance Services,other,Financials,False,not an operating company
CMCSA,1166691,COMCAST CORP,Nasdaq,4841,Cable & Other Pay Television Services,operating,Communication Services,True,
CP,16875,CANADIAN PACIFIC KANSAS CITY LTD/CN,NYSE,4011,"Railroads, Line-Haul Operating",operating,Industrials,True,
CI,1739940,Cigna Group,NYSE,6324,Hospital & Medical Service Plans,operating,Financials,True,
MSI,68505,"Motorola Solutions, Inc.",NYSE,3663,Radio & Tv Broadcasting & Communications Equipment,operating,Information Technology,True,
HLT,1585689,Hilton Worldwide Holdings Inc.,NYSE,7011,Hotels & Motels,operating,Consumer Discretionary,True,
ROST,745732,"ROSS STORES, INC.",Nasdaq,5651,Retail-Family Clothing Stores,operating,Consumer Discretionary,True,
SLB,87347,SLB LIMITED/NV,NYSE,1389,"Oil & Gas Field Services, NEC",operating,Energy,True,
GM,1467858,General Motors Co,NYSE,3711,Motor Vehicles & Passenger Car Bodies,operating,Consumer Discretionary,True,
KMI,1506307,"KINDER MORGAN, INC.",NYSE,4922,Natural Gas Transmission,operating,Utilities,True,
BAM,1937926,Brookfield Asset Management Ltd.,NYSE,6282,Investment Advice,operating,Financials,True,
CMI,26172,CUMMINS INC,NYSE,3510,Engines & Turbines,operating,Industrials,True,
NSC,702165,NORFOLK SOUTHERN CORP,NYSE,4011,"Railroads, Line-Haul Operating",operating,Industrials,True,
CNI,16868,CANADIAN NATIONAL RAILWAY CO,NYSE,4011,"Railroads, Line-Haul Operating",operating,Industrials,True,
TGT,27419,TARGET CORP,NYSE,5331,Retail-Variety Stores,operating,Consumer Discretionary,True,
CL,21665,COLGATE PALMOLIVE CO,NYSE,2844,"Perfumes, Cosmetics & Other Toilet Preparations",operating,Consumer Staples,True,
CVNA,1690820,CARVANA CO.,NYSE,5500,Retail-Auto Dealers & Gasoline Stations,operating,Consumer Discretionary,True,
ORLY,898173,O REILLY AUTOMOTIVE INC,Nasdaq,5531,Retail-Auto & Home Supply Stores,operating,Consumer Discretionary,True,
MFC,1086888,MANULIFE FINANCIAL CORP,NYSE,6311,Life Insurance,other,Financials,False,not an operating company
NOC,1133421,NORTHROP GRUMMAN CORP /DE/,NYSE,3812,"Search, Detection, Navigation, Guidance, Aeronautical Sys",operating,Information Technology,True,
FDX,1048911,FEDEX CORP,NYSE,4513,Air Courier Services,operating,Industrials,True,
RACE,1648416,Ferrari N.V.,NYSE,3711,Motor Vehicles & Passenger Car Bodies,other,Consumer Discretionary,False,not an operating company
NWG,844150,NatWest Group plc,NYSE,6029,"Commercial Banks, NEC",other,Financials,False,not an operating company
APO,1858681,"Apollo Global Management, Inc.",NYSE,6282,Investment Advice,operating,Financials,True,
MPWR,1280452,"MONOLITHIC POWER SYSTEMS, INC.",Nasdaq,3674,Semiconductors & Related Devices,operating,Information Technology,True,
DLR,1297996,"DIGITAL REALTY TRUST, INC.",NYSE,6798,Real Estate Investment Trusts,operating,Real Estate,True,
AEP,4904,AMERICAN ELECTRIC POWER CO INC,Nasdaq,4911,Electric Services,operating,Utilities,True,
RSG,1060391,"REPUBLIC SERVICES, INC.",NYSE,4953,Refuse Systems,operating,Utilities,True,
AMX,1129137,AMERICA MOVIL SAB DE CV/,NYSE,4813,Telephone Communications (No Radiotelephone),other,Communication Services,False,not an operating company
B,756894,BARRICK MINING CORP,NYSE,1040,Gold and Silver Ores,other,Materials,False,not an operating company
HON,773840,HONEYWELL INTERNATIONAL INC,Nasdaq,3724,Aircraft Engines & Engine Parts,operating,Industrials,True,
URI,1067701,"UNITED RENTALS, INC.",NYSE,7359,"Services-Equipment Rental & Leasing, NEC",operating,Industrials,True,
KEYS,1601046,"Keysight Technologies, Inc.",NYSE,3823,"Industrial Instruments For Measurement, Display, and Control",operating,Information Technology,True,
DB,1159508,DEUTSCHE BANK AKTIENGESELLSCHAFT,NYSE,6022,State Commercial Banks,other,Financials,False,not an operating company
MET,1099219,METLIFE INC,NYSE,6311,Life Insurance,operating,Financials,True,
TRGP,1389170,Targa Resources Corp.,NYSE,4922,Natural Gas Transmission,operating,Utilities,True,
APD,2969,"Air Products & Chemicals, Inc.",NYSE,2810,Industrial Inorganic Chemicals,operating,Materials,True,
TER,97210,"TERADYNE, INC",Nasdaq,3825,Instruments For Meas & Testing of  Electricity & Elec Signals,operating,Information Technology,True,
TEL,1385157,TE Connectivity plc,NYSE,5065,"Wholesale-Electronic Parts & Equipment, NEC",operating,Industrials,True,
ALAB,1736297,"Astera Labs, Inc.",Nasdaq,3674,Semiconductors & Related Devices,operating,Information Technology,True,
WPM,1323404,Wheaton Precious Metals Corp.,NYSE,1040,Gold and Silver Ores,other,Materials,False,not an operating company
COR,1140859,"Cencora, Inc.",NYSE,5122,"Wholesale-Drugs, Proprietaries & Druggists' Sundries",operating,Health Care,True,
CIEN,936395,CIENA CORP,NYSE,3661,Telephone & Telegraph Apparatus,operating,Information Technology,True,
RELX,929869,RELX PLC,NYSE,7389,"Services-Business Services, NEC",other,Industrials,False,not an operating company
TDG,1260221,TransDigm Group INC,NYSE,3728,"Aircraft Parts & Auxiliary Equipment, NEC",operating,Industrials,True,
BSX,885725,BOSTON SCIENTIFIC CORP,NYSE,3841,Surgical & Medical Instruments & Apparatus,operating,Health Care,True,
GWW,277135,"W.W. GRAINGER, INC.",NYSE,5000,Wholesale-Durable Goods,operating,Industrials,True,
OXY,797468,OCCIDENTAL PETROLEUM CORP /DE/,NYSE,1311,Crude Petroleum & Natural Gas,operating,Energy,True,
MSTR,1050446,Strategy Inc,Nasdaq,6199,Finance Services,operating,Financials,True,
COHR,820318,COHERENT CORP.,NYSE,3827,Optical Instruments & Lenses,operating,Information Technology,True,
FIX,1035983,COMFORT SYSTEMS USA INC,NYSE,1731,Electrical Work,operating,Industrials,True,
NBIS,1513845,Nebius Group N.V.,Nasdaq,7370,"Services-Computer Programming, Data Processing, Etc.",other,Information Technology,False,not an operating company
AJG,354190,Arthur J. Gallagher & Co.,NYSE,6411,"Insurance Agents, Brokers & Service",operating,Financials,True,
TAK,1395064,TAKEDA PHARMACEUTICAL CO LTD,NYSE,2834,Pharmaceutical Preparations,other,Health Care,False,not an operating company
AON,315293,Aon plc,NYSE,6411,"Insurance Agents, Brokers & Service",operating,Financials,True,
CVE,1475260,CENOVUS ENERGY INC.,NYSE,1311,Crude Petroleum & Natural Gas,other,Energy,False,not an operating company
ALL,899051,ALLSTATE CORP,NYSE,6331,"Fire, Marine & Casualty Insurance",operating,Financials,True,
FAST,815556,FASTENAL CO,Nasdaq,5200,"Retail-Building Materials, Hardware, Garden Supply",operating,Consumer Discretionary,True,
MPLX,1552000,MPLX LP,NYSE,4610,Pipe Lines (No Natural Gas),operating,Industrials,True,
NXPI,1413447,NXP Semiconductors N.V.,Nasdaq,3674,Semiconductors & Related Devices,operating,Information Technology,True,
AFL,4977,AFLAC INC,NYSE,6321,Accident & Health Insurance,operating,Financials,True,
LNG,3570,"Cheniere Energy, Inc.",NYSE,4924,Natural Gas Distribution,operating,Utilities,True,
VALE,917851,Vale S.A.,NYSE,1000,Metal Mining,other,Materials,False,not an operating company
PCAR,75362,PACCAR INC,Nasdaq,3711,Motor Vehicles & Passenger Car Bodies,operating,Consumer Discretionary,True,
OKE,1039684,ONEOK INC /NEW/,NYSE,4923,Natural Gas Transmisison & Distribution,operating,Utilities,True,
AME,1037868,AMETEK INC/,NYSE,3823,"Industrial Instruments For Measurement, Display, and Control",operating,Information Technology,True,
SE,1703399,Sea Ltd,NYSE,7380,Services-Miscellaneous Business Services,other,Industrials,False,not an operating company
UMC,1033767,UNITED MICROELECTRONICS CORP,NYSE,3674,Semiconductors & Related Devices,other,Information Technology,False,not an operating company
NOK,924613,NOKIA CORP,NYSE,3663,Radio & Tv Broadcasting & Communications Equipment,other,Information Technology,False,not an operating company
TFC,92230,TRUIST FINANCIAL CORP,NYSE,6021,National Commercial Banks,operating,Financials,True,
NTRA,1604821,"Natera, Inc.",Nasdaq,8071,Services-Medical Laboratories,operating,Health Care,True,
NUE,73309,NUCOR CORP,NYSE,3312,"Steel Works, Blast Furnaces & Rolling Mills (Coke Ovens)",operating,Materials,True,
BKR,1701605,Baker Hughes Co,Nasdaq,3533,Oil & Gas Field Machinery & Equipment,operating,Industrials,True,
CAH,721371,CARDINAL HEALTH INC,NYSE,5122,"Wholesale-Drugs, Proprietaries & Druggists' Sundries",operating,Health Care,True,
CRH,849395,CRH PUBLIC LTD CO,NYSE,3241,"Cement, Hydraulic",operating,Materials,True,
D,715957,"DOMINION ENERGY, INC",NYSE,4911,Electric Services,operating,Utilities,True,
DVN,1090012,DEVON ENERGY CORP/DE,NYSE,1311,Crude Petroleum & Natural Gas,operating,Energy,True,
FANG,1539838,"Diamondback Energy, Inc.",Nasdaq,1311,Crude Petroleum & Natural Gas,operating,Energy,True,
DAL,27904,"DELTA AIR LINES, INC.",NYSE,4512,"Air Transportation, Scheduled",operating,Industrials,True,
PSA,1393311,Public Storage,NYSE,6798,Real Estate Investment Trusts,operating,Real Estate,True,
VST,1692819,Vistra Corp.,NYSE,4911,Electric Services,operating,Utilities,True,
SRE,1032208,SEMPRA,NYSE,4932,Gas & Other Services Combined,operating,Utilities,True,
VYLR,2128626,Vylor Inc.,NYSE,0100,Agricultural Production-Crops,other,Consumer Staples,False,not an operating company
ARGX,1697862,ARGENX SE,Nasdaq,2836,"Biological Products, (No Diagnostic Substances)",other,Health Care,False,not an operating company
NDAQ,1120193,"NASDAQ, INC.",Nasdaq,6200,"Security & Commodity Brokers, Dealers, Exchanges & Services",operating,Financials,True,
GRMN,1121788,GARMIN LTD,NYSE,3812,"Search, Detection, Navigation, Guidance, Aeronautical Sys",operating,Information Technology,True,
NKE,320187,"NIKE, Inc.",NYSE,3021,Rubber & Plastics Footwear,operating,Materials,True,
TEAM,1650372,Atlassian Corp,Nasdaq,7372,Services-Prepackaged Software,operating,Information Technology,True,
O,726728,REALTY INCOME CORP,NYSE,6798,Real Estate Investment Trusts,operating,Real Estate,True,
P,1474432,"Everpure, Inc.",NYSE,3572,Computer Storage Devices,operating,Information Technology,True,
EBAY,1065088,EBAY INC,Nasdaq,7389,"Services-Business Services, NEC",operating,Industrials,True,
BDX,10795,BECTON DICKINSON & CO,NYSE,3841,Surgical & Medical Instruments & Apparatus,operating,Health Care,True,
ETR,65984,ENTERGY CORP /DE/,NYSE,4911,Electric Services,operating,Utilities,True,
ABEV,1565025,AMBEV S.A.,NYSE,2080,Beverages,other,Consumer Staples,False,not an operating company
F,37996,FORD MOTOR CO,NYSE,3711,Motor Vehicles & Passenger Car Bodies,operating,Consumer Discretionary,True,
HONA,2089271,Honeywell Aerospace Inc.,Nasdaq,3724,Aircraft Engines & Engine Parts,operating,Industrials,True,
ADSK,769397,"Autodesk, Inc.",Nasdaq,7372,Services-Prepackaged Software,operating,Information Technology,True,
DEO,835403,DIAGEO PLC,NYSE,2080,Beverages,other,Consumer Staples,False,not an operating company
EW,1099800,Edwards Lifesciences Corp,NYSE,3842,"Orthopedic, Prosthetic & Surgical Appliances & Supplies",operating,Health Care,True,
STT,93751,STATE STREET CORP,NYSE,6022,State Commercial Banks,operating,Financials,True,
MDLN,2046386,Medline Inc.,Nasdaq,3841,Surgical & Medical Instruments & Apparatus,operating,Health Care,True,
ROK,1024478,"ROCKWELL AUTOMATION, INC",NYSE,3829,"Measuring & Controlling Devices, NEC",operating,Information Technology,True,
SKYD,2041610,Skydance Corp,NYSE,4833,Television Broadcasting Stations,operating,Communication Services,True,
WAB,943452,WESTINGHOUSE AIR BRAKE TECHNOLOGIES CORP,NYSE,3743,Railroad Equipment,operating,Industrials,True,
AZO,866787,AUTOZONE INC,NYSE,5531,Retail-Auto & Home Supply Stores,operating,Consumer Discretionary,True,
STM,932787,STMicroelectronics N.V.,NYSE,3674,Semiconductors & Related Devices,other,Information Technology,False,not an operating company
A,1090872,"AGILENT TECHNOLOGIES, INC.",NYSE,3826,Laboratory Analytical Instruments,operating,Information Technology,True,
PYPL,1633917,"PayPal Holdings, Inc.",Nasdaq,7389,"Services-Business Services, NEC",operating,Industrials,True,
VMRK,906107,VIVMARK RESIDENTIAL,NYSE,6798,Real Estate Investment Trusts,operating,Real Estate,True,
FNV,1456346,FRANCO NEVADA Corp,NYSE,1040,Gold and Silver Ores,other,Materials,False,not an operating company
HUM,49071,HUMANA INC,NYSE,6324,Hospital & Medical Service Plans,operating,Financials,True,
TEVA,818686,TEVA PHARMACEUTICAL INDUSTRIES LTD,NYSE,2834,Pharmaceutical Preparations,operating,Health Care,True,
MT,1243429,ArcelorMittal,NYSE,3312,"Steel Works, Blast Furnaces & Rolling Mills (Coke Ovens)",other,Materials,False,not an operating company
VEEV,1393052,VEEVA SYSTEMS INC,NYSE,7372,Services-Prepackaged Software,operating,Information Technology,True,
COIN,1679788,"Coinbase Global, Inc.",Nasdaq,6199,Finance Services,operating,Financials,True,
CARR,1783180,CARRIER GLOBAL Corp,NYSE,3585,Air-Cond & Warm Air Heatg Equip & Comm & Indl Refrig Equip,operating,Industrials,True,
FITB,35527,FIFTH THIRD BANCORP,NYSE,6022,State Commercial Banks,operating,Financials,True,
XEL,72903,XCEL ENERGY INC,Nasdaq,4931,Electric & Other Services Combined,operating,Utilities,True,
AU,1973832,AngloGold Ashanti PLC,NYSE,1040,Gold and Silver Ores,other,Materials,False,not an operating company
CCEP,1650107,COCA-COLA EUROPACIFIC PARTNERS plc,Nasdaq,2086,Bottled & Canned Soft Drinks & Carbonated Waters,other,Consumer Staples,False,not an operating company
NTAP,1002047,"NetApp, Inc.",Nasdaq,3572,Computer Storage Devices,operating,Information Technology,True,
WDAY,1327811,"Workday, Inc.",Nasdaq,7374,Services-Computer Processing & Data Preparation,operating,Information Technology,True,
CRWV,1769628,"CoreWeave, Inc.",Nasdaq,7372,Services-Prepackaged Software,operating,Information Technology,True,
BBD,1160330,BANK BRADESCO,NYSE,6022,State Commercial Banks,other,Financials,False,not an operating company
XYZ,1512673,"Block, Inc.",NYSE,7372,Services-Prepackaged Software,operating,Information Technology,True,
CLS,1030894,CELESTICA INC,NYSE,3672,Printed Circuit Boards,operating,Information Technology,True,
LHX,202058,"L3HARRIS TECHNOLOGIES, INC. /DE/",NYSE,3812,"Search, Detection, Navigation, Guidance, Aeronautical Sys",operating,Information Technology,True,
AMP,820027,AMERIPRISE FINANCIAL INC,NYSE,6282,Investment Advice,operating,Financials,True,
BSBR,1471055,Banco Santander (Brasil) S.A.,NYSE,6029,"Commercial Banks, NEC",other,Financials,False,not an operating company
RKLB,1819994,Rocket Lab Corp,Nasdaq,3760,Guided Missiles & Space Vehicles & Parts,operating,Industrials,True,
TRI,1075124,THOMSON REUTERS CORP /CAN/,Nasdaq,2741,Miscellaneous Publishing,other,Communication Services,False,not an operating company
EXC,1109357,EXELON CORP,Nasdaq,4931,Electric & Other Services Combined,operating,Utilities,True,
KB,1445930,KB Financial Group Inc.,NYSE,6029,"Commercial Banks, NEC",other,Financials,False,not an operating company
INFY,1067491,Infosys Ltd,NYSE,7371,Services-Computer Programming Services,other,Information Technology,False,not an operating company
SLF,1097362,SUN LIFE FINANCIAL INC,NYSE,6311,Life Insurance,other,Financials,False,not an operating company
TWLO,1447669,TWILIO INC,NYSE,7372,Services-Prepackaged Software,operating,Information Technology,True,
KDP,1418135,Keurig Dr Pepper Inc.,Nasdaq,2080,Beverages,operating,Consumer Staples,True,
FLEX,866374,FLEX LTD.,Nasdaq,3672,Printed Circuit Boards,operating,Information Technology,True,
IQV,1478242,IQVIA HOLDINGS INC.,NYSE,8731,Services-Commercial Physical & Biological Research,operating,Industrials,True,
HMC,715153,HONDA MOTOR CO LTD,NYSE,3711,Motor Vehicles & Passenger Car Bodies,other,Consumer Discretionary,False,not an operating company
WAT,1000697,WATERS CORP /DE/,NYSE,3826,Laboratory Analytical Instruments,operating,Information Technology,True,
VTR,740260,"Ventas, Inc.",NYSE,6798,Real Estate Investment Trusts,operating,Real Estate,True,
FERG,2011641,Ferguson Enterprises Inc. /DE/,NYSE,5070,Wholesale-Hardware & Plumbing & Heating Equipment & Supplies,operating,Industrials,True,
HEI,46619,HEICO CORP,NYSE,3724,Aircraft Engines & Engine Parts,operating,Industrials,True,
CMG,1058090,CHIPOTLE MEXICAN GRILL INC,NYSE,5812,Retail-Eating  Places,operating,Consumer Discretionary,True,
MSCI,1408198,MSCI Inc.,NYSE,7389,"Services-Business Services, NEC",operating,Industrials,True,
MCHP,827054,MICROCHIP TECHNOLOGY INC,Nasdaq,3674,Semiconductors & Related Devices,operating,Information Technology,True,
FMX,1061736,MEXICAN ECONOMIC DEVELOPMENT INC,NYSE,2086,Bottled & Canned Soft Drinks & Carbonated Waters,other,Consumer Staples,False,not an operating company
HLN,1900304,Haleon plc,NYSE,2844,"Perfumes, Cosmetics & Other Toilet Preparations",other,Consumer Staples,False,not an operating company
IDXX,874716,IDEXX LABORATORIES INC /DE,Nasdaq,2835,In Vitro & In Vivo Diagnostic Substances,operating,Health Care,True,
AIG,5272,"AMERICAN INTERNATIONAL GROUP, INC.",NYSE,6331,"Fire, Marine & Casualty Insurance",operating,Financials,True,
RVMD,1628171,"Revolution Medicines, Inc.",Nasdaq,2836,"Biological Products, (No Diagnostic Substances)",operating,Health Care,True,
LYV,1335258,"Live Nation Entertainment, Inc.",NYSE,7900,Services-Amusement & Recreation Services,operating,Consumer Discretionary,True,
ADM,7084,Archer-Daniels-Midland Co,NYSE,2070,Fats & Oils,operating,Consumer Staples,True,
ILMN,1110803,"ILLUMINA, INC.",Nasdaq,3826,Laboratory Analytical Instruments,operating,Information Technology,True,
ONC,1651308,BeOne Medicines Ltd.,Nasdaq,2834,Pharmaceutical Preparations,operating,Health Care,True,
CRDO,1807794,Credo Technology Group Holding Ltd,Nasdaq,3674,Semiconductors & Related Devices,operating,Information Technology,True,
IX,1070304,ORIX CORP,NYSE,6159,Miscellaneous Business Credit Institution,other,Financials,False,not an operating company
CBRS,2021728,Cerebras Systems Inc.,Nasdaq,3674,Semiconductors & Related Devices,operating,Information Technology,True,
TTWO,946581,TAKE TWO INTERACTIVE SOFTWARE INC,Nasdaq,7372,Services-Prepackaged Software,operating,Information Technology,True,
PRU,1137774,PRUDENTIAL FINANCIAL INC,NYSE,6311,Life Insurance,operating,Financials,True,
YUM,1041061,YUM BRANDS INC,NYSE,5812,Retail-Eating  Places,operating,Consumer Discretionary,True,
ED,1047862,CONSOLIDATED EDISON INC,NYSE,4931,Electric & Other Services Combined,operating,Utilities,True,
WCN,1318220,"Waste Connections, Inc.",NYSE,4953,Refuse Systems,operating,Utilities,True,
SYY,96021,SYSCO CORP,NYSE,5140,Wholesale-Groceries & Related Products,operating,Industrials,True,
UI,1511737,Ubiquiti Inc.,NYSE,3663,Radio & Tv Broadcasting & Communications Equipment,operating,Information Technology,True,
ARES,1176948,Ares Management Corp,NYSE,6282,Investment Advice,operating,Financials,True,
OKTA,1660134,"Okta, Inc.",Nasdaq,7372,Services-Prepackaged Software,operating,Information Technology,True,
VOD,839923,VODAFONE GROUP PUBLIC LTD CO,Nasdaq,4812,Radiotelephone Communications,other,Communication Services,False,not an operating company
PCG,1004980,PG&E Corp,NYSE,4931,Electric & Other Services Combined,operating,Utilities,True,
DHI,882184,HORTON D R INC /DE/,NYSE,1531,Operative Builders,operating,Industrials,True,
ODFL,878927,"OLD DOMINION FREIGHT LINE, INC.",Nasdaq,4213,Trucking (No Local),operating,Industrials,True,
CBRE,1138118,"CBRE GROUP, INC.",NYSE,6500,Real Estate,operating,Real Estate,True,
CCJ,1009001,CAMECO CORP,NYSE,1090,Miscellaneous Metal Ores,other,Materials,False,not an operating company
PAYX,723531,PAYCHEX INC,Nasdaq,8700,"Services-Engineering, Accounting, Research, Management",operating,Industrials,True,
VIK,1745201,Viking Holdings Ltd,NYSE,4400,Water Transportation,other,Industrials,False,not an operating company
JD,1549802,"JD.com, Inc.",Nasdaq,5990,"Retail-Retail Stores, NEC",other,Consumer Discretionary,False,not an operating company
KR,56873,KROGER CO,NYSE,5411,Retail-Grocery Stores,operating,Consumer Staples,True,
FER,1468522,Ferrovial N.V.,Nasdaq,1600,Heavy Construction Other Than Bldg Const - Contractors,other,Industrials,False,not an operating company
CHT,1132924,CHUNGHWA TELECOM CO LTD,NYSE,4812,Radiotelephone Communications,other,Communication Services,False,not an operating company
ROP,882835,ROPER TECHNOLOGIES INC,Nasdaq,3823,"Industrial Instruments For Measurement, Display, and Control",operating,Information Technology,True,
PEG,788784,PUBLIC SERVICE ENTERPRISE GROUP INC,NYSE,4931,Electric & Other Services Combined,operating,Utilities,True,
SHG,1263043,SHINHAN FINANCIAL GROUP CO LTD,NYSE,6021,National Commercial Banks,other,Financials,False,not an operating company
ZS,1713683,"Zscaler, Inc.",Nasdaq,7371,Services-Computer Programming Services,operating,Information Technology,True,
HIG,874766,"HARTFORD INSURANCE GROUP, INC.",NYSE,6331,"Fire, Marine & Casualty Insurance",operating,Financials,True,
CCL,815097,Carnival Corp Ltd.,NYSE,4400,Water Transportation,operating,Industrials,True,
EC,1444406,ECOPETROL S.A.,NYSE,1311,Crude Petroleum & Natural Gas,other,Energy,False,not an operating company
TKO,1973266,"TKO Group Holdings, Inc.",NYSE,7900,Services-Amusement & Recreation Services,operating,Consumer Discretionary,True,
UAL,100517,"United Airlines Holdings, Inc.",Nasdaq,4512,"Air Transportation, Scheduled",operating,Industrials,True,
EL,1001250,ESTEE LAUDER COMPANIES INC,NYSE,2844,"Perfumes, Cosmetics & Other Toilet Preparations",operating,Consumer Staples,True,
MLM,916076,MARTIN MARIETTA MATERIALS INC,NYSE,1400,Mining & Quarrying of  Nonmetallic Minerals (No Fuels),operating,Materials,True,
EME,105634,"EMCOR Group, Inc.",NYSE,1731,Electrical Work,operating,Industrials,True,
AXON,1069183,"AXON ENTERPRISE, INC.",Nasdaq,3480,"Ordnance & Accessories, (No Vehicles/Guided Missiles)",operating,Industrials,True,
KVUE,1944048,Kenvue Inc.,NYSE,2844,"Perfumes, Cosmetics & Other Toilet Preparations",operating,Consumer Staples,True,
WEC,783325,"WEC ENERGY GROUP, INC.",NYSE,4931,Electric & Other Services Combined,operating,Utilities,True,
STLD,1022671,STEEL DYNAMICS INC,Nasdaq,3312,"Steel Works, Blast Furnaces & Rolling Mills (Coke Ovens)",operating,Materials,True,
IRM,1020569,IRON MOUNTAIN INC,NYSE,6798,Real Estate Investment Trusts,operating,Real Estate,True,
NTR,1725964,Nutrien Ltd.,NYSE,2870,Agricultural Chemicals,other,Materials,False,not an operating company
VG,2007855,"Venture Global, Inc.",NYSE,4924,Natural Gas Distribution,operating,Utilities,True,
RKT,1805284,"Rocket Companies, Inc.",NYSE,6162,Mortgage Bankers & Loan Correspondents,operating,Financials,True,
EQT,33213,EQT Corp,NYSE,1311,Crude Petroleum & Natural Gas,operating,Energy,True,
ACGL,947484,ARCH CAPITAL GROUP LTD.,Nasdaq,6331,"Fire, Marine & Casualty Insurance",operating,Financials,True,
RBLX,1315098,Roblox Corp,NYSE,7372,Services-Prepackaged Software,operating,Information Technology,True,
HSY,47111,HERSHEY CO,NYSE,2060,Sugar & Confectionery Products,operating,Consumer Staples,True,
EXPE,1324424,"Expedia Group, Inc.",Nasdaq,4700,Transportation Services,operating,Industrials,True,
KMB,55785,KIMBERLY CLARK CORP,Nasdaq,2670,Converted Paper & Paperboard Prods (No Contaners/Boxes),operating,Materials,True,
RPRX,1802768,Royalty Pharma plc,Nasdaq,2834,Pharmaceutical Preparations,operating,Health Care,True,
QSR,1618756,Restaurant Brands International Inc.,NYSE,5812,Retail-Eating  Places,operating,Consumer Discretionary,True,
BIIB,875045,BIOGEN INC.,Nasdaq,2836,"Biological Products, (No Diagnostic Substances)",operating,Health Care,True,
CNC,1071739,CENTENE CORP,NYSE,6324,Hospital & Medical Service Plans,operating,Financials,True,
GFI,1172724,GOLD FIELDS LTD,NYSE,1040,Gold and Silver Ores,other,Materials,False,not an operating company
VMC,1396009,Vulcan Materials CO,NYSE,1400,Mining & Quarrying of  Nonmetallic Minerals (No Fuels),operating,Materials,True,
TECK,886986,TECK RESOURCES LTD,NYSE,1400,Mining & Quarrying of  Nonmetallic Minerals (No Fuels),other,Materials,False,not an operating company
RMD,943819,RESMED INC,NYSE,3841,Surgical & Medical Instruments & Apparatus,operating,Health Care,True,
DXCM,1093557,DEXCOM INC,Nasdaq,3841,Surgical & Medical Instruments & Apparatus,operating,Health Care,True,
MTB,36270,M&T BANK CORP,NYSE,6022,State Commercial Banks,operating,Financials,True,
JBL,898293,JABIL INC,NYSE,3672,Printed Circuit Boards,operating,Information Technology,True,
ESLT,1027664,ELBIT SYSTEMS LTD,Nasdaq,3728,"Aircraft Parts & Auxiliary Equipment, NEC",other,Industrials,False,not an operating company
CBOE,1374310,"Cboe Global Markets, Inc.",CBOE,6200,"Security & Commodity Brokers, Dealers, Exchanges & Services",operating,Financials,True,
HBAN,49196,HUNTINGTON BANCSHARES INC /MD/,Nasdaq,6021,National Commercial Banks,operating,Financials,True,
ERIC,717826,ERICSSON LM TELEPHONE CO,Nasdaq,3663,Radio & Tv Broadcasting & Communications Equipment,other,Information Technology,False,not an operating company
SUNB,2083785,"Sunbelt Rentals Holdings, Inc.",NYSE,7359,"Services-Equipment Rental & Leasing, NEC",operating,Industrials,True,
NTRS,73124,NORTHERN TRUST CORP,Nasdaq,6022,State Commercial Banks,operating,Financials,True,
ON,1097864,ON SEMICONDUCTOR CORP,Nasdaq,3674,Semiconductors & Related Devices,operating,Information Technology,True,
CQP,1383650,"Cheniere Energy Partners, L.P.",NYSE,4924,Natural Gas Distribution,operating,Utilities,True,
MTD,1037646,METTLER TOLEDO INTERNATIONAL INC/,NYSE,3826,Laboratory Analytical Instruments,operating,Information Technology,True,
ALC,1167379,ALCON INC,NYSE,3851,Ophthalmic Goods,other,Health Care,False,not an operating company
RJF,720005,RAYMOND JAMES FINANCIAL INC,NYSE,6211,"Security Brokers, Dealers & Flotation Companies",operating,Financials,True,
ZTS,1555280,Zoetis Inc.,NYSE,2834,Pharmaceutical Preparations,operating,Health Care,True,
BAP,1001290,CREDICORP LTD,NYSE,6029,"Commercial Banks, NEC",other,Financials,False,not an operating company
IR,1699150,Ingersoll Rand Inc.,NYSE,3560,General Industrial Machinery & Equipment,operating,Industrials,True,
RDDT,1713445,"Reddit, Inc.",NYSE,7374,Services-Computer Processing & Data Preparation,operating,Information Technology,True,
CCI,1051470,CROWN CASTLE INC.,NYSE,6798,Real Estate Investment Trusts,operating,Real Estate,True,
ALNY,1178670,"ALNYLAM PHARMACEUTICALS, INC.",Nasdaq,2834,Pharmaceutical Preparations,operating,Health Care,True,
MDB,1441816,"MongoDB, Inc.",Nasdaq,7372,Services-Prepackaged Software,operating,Information Technology,True,
PUK,1116578,PRUDENTIAL PLC,NYSE,6311,Life Insurance,other,Financials,False,not an operating company
HPQ,47217,HP INC,NYSE,3570,Computer & office Equipment,operating,Information Technology,True,
EXR,1289490,Extra Space Storage Inc.,NYSE,6798,Real Estate Investment Trusts,operating,Real Estate,True,
GEHC,1932393,GE HealthCare Technologies Inc.,Nasdaq,3844,X-Ray Apparatus & Tubes & Related Irradiation Apparatus,operating,Health Care,True,
TS,1190723,TENARIS SA,NYSE,3312,"Steel Works, Blast Furnaces & Rolling Mills (Coke Ovens)",other,Materials,False,not an operating company
BIDU,1329099,"Baidu, Inc.",Nasdaq,7370,"Services-Computer Programming, Data Processing, Etc.",other,Information Technology,False,not an operating company
AEE,1002910,AMEREN CORP,NYSE,4931,Electric & Other Services Combined,operating,Utilities,True,
WSM,719955,WILLIAMS SONOMA INC,NYSE,5700,"Retail-Home Furniture, Furnishings & Equipment Stores",operating,Consumer Discretionary,True,
RYAAY,1038683,RYANAIR HOLDINGS PLC,Nasdaq,4512,"Air Transportation, Scheduled",other,Industrials,False,not an operating company
TDY,1094285,TELEDYNE TECHNOLOGIES INC,NYSE,3812,"Search, Detection, Navigation, Guidance, Aeronautical Sys",operating,Information Technology,True,
NMR,1163653,NOMURA HOLDINGS INC,NYSE,6211,"Security Brokers, Dealers & Flotation Companies",other,Financials,False,not an operating company
SMCI,1375365,"Super Micro Computer, Inc.",Nasdaq,3571,Electronic Computers,operating,Information Technology,True,
WTW,1140536,WILLIS TOWERS WATSON PLC,Nasdaq,6411,"Insurance Agents, Brokers & Service",operating,Financials,True,
GFS,1709048,GLOBALFOUNDRIES Inc.,Nasdaq,3674,Semiconductors & Related Devices,other,Information Technology,False,not an operating company
KGC,701818,KINROSS GOLD CORP,NYSE,1040,Gold and Silver Ores,other,Materials,False,not an operating company
PBA,1546066,PEMBINA PIPELINE CORP,NYSE,1382,Oil & Gas Field Exploration Services,other,Energy,False,not an operating company
DG,29534,DOLLAR GENERAL CORP,NYSE,5331,Retail-Variety Stores,operating,Consumer Discretionary,True,
ZM,1585521,"Zoom Communications, Inc.",Nasdaq,7370,"Services-Computer Programming, Data Processing, Etc.",operating,Information Technology,True,
CPNG,1834584,"Coupang, Inc.",NYSE,5961,Retail-Catalog & Mail-Order Houses,operating,Consumer Discretionary,True,
FTI,1681459,TechnipFMC plc,NYSE,3533,Oil & Gas Field Machinery & Equipment,operating,Industrials,True,
ECHO,1415404,EchoStar CORP,Nasdaq,4899,"Communications Services, NEC",operating,Communication Services,True,
FTS,1666175,Fortis Inc.,NYSE,4911,Electric Services,other,Utilities,False,not an operating company
HAL,45012,HALLIBURTON CO,NYSE,1389,"Oil & Gas Field Services, NEC",operating,Energy,True,
ATO,731802,ATMOS ENERGY CORP,NYSE,4924,Natural Gas Distribution,operating,Utilities,True,
VRSN,1014473,VERISIGN INC/CA,Nasdaq,7371,Services-Computer Programming Services,operating,Information Technology,True,
FOXA,1754301,Fox Corp,Nasdaq,4833,Television Broadcasting Stations,operating,Communication Services,True,
WRB,11544,BERKLEY W R CORP,NYSE,6331,"Fire, Marine & Casualty Insurance",operating,Financials,True,
CFG,759944,CITIZENS FINANCIAL GROUP INC/RI,NYSE,6022,State Commercial Banks,operating,Financials,True,
KHC,1637459,Kraft Heinz Co,NYSE,2030,"Canned, Frozen & Preservd Fruit, Veg & Food Specialties",operating,Consumer Staples,True,
CTSH,1058290,COGNIZANT TECHNOLOGY SOLUTIONS CORP,Nasdaq,7371,Services-Computer Programming Services,operating,Information Technology,True,
NVT,1720635,nVent Electric plc,NYSE,3550,Special Industry Machinery (No Metalworking Machinery),operating,Industrials,True,
DTE,936340,DTE ENERGY CO,NYSE,4911,Electric Services,operating,Utilities,True,
CPAY,1175454,"CORPAY, INC.",NYSE,7389,"Services-Business Services, NEC",operating,Industrials,True,
Q,2058873,"Qnity Electronics, Inc.",NYSE,3674,Semiconductors & Related Devices,operating,Information Technology,True,
FFIV,1048695,"F5, INC.",Nasdaq,3576,Computer Communications Equipment,operating,Information Technology,True,
FE,1031296,FIRSTENERGY CORP,NYSE,4911,Electric Services,operating,Utilities,True,
SN,1957132,"SharkNinja, Inc.",NYSE,3630,Household Appliances,operating,Consumer Discretionary,True,
LPLA,1397911,LPL Financial Holdings Inc.,Nasdaq,6200,"Security & Commodity Brokers, Dealers, Exchanges & Services",operating,Financials,True,
AFRM,1820953,"Affirm Holdings, Inc.",Nasdaq,6141,Personal Credit Institutions,operating,Financials,True,
ATI,1018963,ATI INC,NYSE,3317,Steel Pipe & Tubes,operating,Materials,True,
WST,105770,WEST PHARMACEUTICAL SERVICES INC,NYSE,3841,Surgical & Medical Instruments & Apparatus,operating,Health Care,True,
PPL,922224,PPL Corp,NYSE,4911,Electric Services,operating,Utilities,True,
AWK,1410636,"American Water Works Company, Inc.",NYSE,4941,Water Supply,operating,Utilities,True,
TSEM,928876,TOWER SEMICONDUCTOR LTD,Nasdaq,3674,Semiconductors & Related Devices,other,Information Technology,False,not an operating company
LH,920148,LABCORP HOLDINGS INC.,NYSE,8071,Services-Medical Laboratories,operating,Health Care,True,
DOV,29905,DOVER Corp,NYSE,3530,"Construction, Mining & Materials Handling Machinery & Equip",operating,Industrials,True,
SYM,1837240,Symbotic Inc.,Nasdaq,3569,"General Industrial Machinery & Equipment, NEC",operating,Industrials,True,
CPRT,900075,COPART INC,Nasdaq,5500,Retail-Auto Dealers & Gasoline Stations,operating,Consumer Discretionary,True,
CNP,1130310,CENTERPOINT ENERGY INC,NYSE,4911,Electric Services,operating,Utilities,True,
DGX,1022079,QUEST DIAGNOSTICS INC,NYSE,8071,Services-Medical Laboratories,operating,Health Care,True,
CINF,20286,CINCINNATI FINANCIAL CORP,Nasdaq,6331,"Fire, Marine & Casualty Insurance",operating,Financials,True,
EXPD,746515,EXPEDITORS INTERNATIONAL OF WASHINGTON INC,NYSE,4731,Arrangement of  Transportation of  Freight & Cargo,operating,Industrials,True,
HUBB,48898,HUBBELL INC,NYSE,3670,Electronic Components & Accessories,operating,Information Technology,True,
OTIS,1781335,Otis Worldwide Corp,NYSE,3600,Electronic & Other Electrical Equipment (No Computer Equip),operating,Industrials,True,
VICI,1705696,VICI PROPERTIES INC.,NYSE,6798,Real Estate Investment Trusts,operating,Real Estate,True,
RBRK,1943896,"Rubrik, Inc.",NYSE,7372,Services-Prepackaged Software,operating,Information Technology,True,
ROIV,1635088,Roivant Sciences Ltd.,Nasdaq,2834,Pharmaceutical Preparations,operating,Health Care,True,
MTSI,1493594,"MACOM Technology Solutions Holdings, Inc.",Nasdaq,3674,Semiconductors & Related Devices,operating,Information Technology,True,
ES,72741,EVERSOURCE ENERGY,NYSE,4911,Electric Services,operating,Utilities,True,
TPL,1811074,Texas Pacific Land Corp,NYSE,6792,Oil Royalty Traders,operating,Financials,True,
ENTG,1101302,ENTEGRIS INC,Nasdaq,3089,"Plastics Products, NEC",operating,Materials,True,
FISV,798354,FISERV INC,Nasdaq,7389,"Services-Business Services, NEC",operating,Industrials,True,
ULTA,1403568,"Ulta Beauty, Inc.",Nasdaq,5990,"Retail-Retail Stores, NEC",operating,Consumer Discretionary,True,
IOT,1642896,Samsara Inc.,NYSE,7373,Services-Computer Integrated Systems Design,operating,Information Technology,True,
TCOM,1269238,Trip.com Group Ltd,Nasdaq,7389,"Services-Business Services, NEC",other,Industrials,False,not an operating company
SYF,1601712,Synchrony Financial,NYSE,6199,Finance Services,operating,Financials,True,
XYL,1524472,Xylem Inc.,NYSE,3561,Pumps & Pumping Equipment,operating,Industrials,True,
CASY,726958,CASEYS GENERAL STORES INC,Nasdaq,5500,Retail-Auto Dealers & Gasoline Stations,operating,Consumer Discretionary,True,
TW,1758730,Tradeweb Markets Inc.,Nasdaq,6200,"Security & Commodity Brokers, Dealers, Exchanges & Services",operating,Financials,True,
PHG,313216,KONINKLIJKE PHILIPS NV,NYSE,3844,X-Ray Apparatus & Tubes & Related Irradiation Apparatus,other,Health Care,False,not an operating company
BSP,2004711,Bending Spoons S.p.A.,Nasdaq,7370,"Services-Computer Programming, Data Processing, Etc.",other,Information Technology,False,not an operating company
PFG,1126328,PRINCIPAL FINANCIAL GROUP INC,Nasdaq,6321,Accident & Health Insurance,operating,Financials,True,
VLTO,1967680,Veralto Corp,NYSE,3825,Instruments For Meas & Testing of  Electricity & Elec Signals,operating,Information Technology,True,
PPG,79879,PPG INDUSTRIES INC,NYSE,2851,"Paints, Varnishes, Lacquers, Enamels & Allied Prods",operating,Materials,True,
FCNCA,798941,FIRST CITIZENS BANCSHARES INC /DE/,Nasdaq,6022,State Commercial Banks,operating,Financials,True,
IHG,858446,INTERCONTINENTAL HOTELS GROUP PLC /NEW/,NYSE,7011,Hotels & Motels,other,Consumer Discretionary,False,not an operating company
LVS,1300514,LAS VEGAS SANDS CORP,NYSE,7011,Hotels & Motels,operating,Consumer Discretionary,True,
SBS,1170858,COMPANHIA DE SANEAMENTO BASICO DO ESTADO DE SAO PAULO-SABESP,NYSE,4941,Water Supply,other,Utilities,False,not an operating company
BNTX,1776985,BioNTech SE,Nasdaq,2836,"Biological Products, (No Diagnostic Substances)",other,Health Care,False,not an operating company
CHD,313927,CHURCH & DWIGHT CO INC /DE/,NYSE,2840,"Soap, Detergents, Cleang Preparations, Perfumes, Cosmetics",operating,Consumer Staples,True,
UTHR,1082554,UNITED THERAPEUTICS Corp,Nasdaq,2834,Pharmaceutical Preparations,operating,Health Care,True,
TPR,1116132,"TAPESTRY, INC.",NYSE,3100,Leather & Leather Products,operating,Consumer Discretionary,True,
RF,1281761,REGIONS FINANCIAL CORP,NYSE,6021,National Commercial Banks,operating,Financials,True,
INCY,879169,INCYTE CORP,Nasdaq,8731,Services-Commercial Physical & Biological Research,operating,Industrials,True,
ROKU,1428439,"ROKU, INC",Nasdaq,4841,Cable & Other Pay Television Services,operating,Communication Services,True,
VRSK,1442145,"Verisk Analytics, Inc.",Nasdaq,7374,Services-Computer Processing & Data Preparation,operating,Information Technology,True,
DRI,940944,DARDEN RESTAURANTS INC,NYSE,5812,Retail-Eating  Places,operating,Consumer Discretionary,True,
DLTR,935703,"DOLLAR TREE, INC.",Nasdaq,5331,Retail-Variety Stores,operating,Consumer Discretionary,True,
AER,1378789,AerCap Holdings N.V.,NYSE,7359,"Services-Equipment Rental & Leasing, NEC",other,Industrials,False,not an operating company
CIB,2058897,Grupo Cibest S.A.,NYSE,6029,"Commercial Banks, NEC",other,Financials,False,not an operating company
GMAB,1434265,GENMAB A/S,Nasdaq,2834,Pharmaceutical Preparations,other,Health Care,False,not an operating company
TROW,1113169,PRICE T ROWE GROUP INC,Nasdaq,6282,Investment Advice,operating,Financials,True,
NRG,1013871,"NRG ENERGY, INC.",NYSE,4911,Electric Services,operating,Utilities,True,
FWONA,1560385,Liberty Media Corp,Nasdaq,4833,Television Broadcasting Stations,operating,Communication Services,True,
L,60086,LOEWS CORP,NYSE,6331,"Fire, Marine & Casualty Insurance",operating,Financials,True,
GH,1576280,"Guardant Health, Inc.",Nasdaq,8071,Services-Medical Laboratories,operating,Health Care,True,
MKL,1096343,MARKEL GROUP INC.,NYSE,6331,"Fire, Marine & Casualty Insurance",operating,Financials,True,
PS,2026053,PERSHING SQUARE INC.,NYSE,6282,Investment Advice,operating,Financials,True,
ASTS,1780312,"AST SpaceMobile, Inc.",Nasdaq,4899,"Communications Services, NEC",operating,Communication Services,True,
RL,1037038,RALPH LAUREN CORP,NYSE,2320,"Men's & Boys' Furnishgs, Work Clothg, & Allied Garments",operating,Consumer Discretionary,True,
GPN,1123360,GLOBAL PAYMENTS INC,NYSE,7389,"Services-Business Services, NEC",operating,Industrials,True,
INSM,1104506,INSMED Inc,Nasdaq,2834,Pharmaceutical Preparations,operating,Health Care,True,
SW,2005951,Smurfit Westrock plc,NYSE,2650,Paperboard Containers & Boxes,operating,Materials,True,
PHM,822416,PULTEGROUP INC/MI/,NYSE,1531,Operative Builders,operating,Industrials,True,
IFF,51253,INTERNATIONAL FLAVORS & FRAGRANCES INC,NYSE,2860,Industrial Organic Chemicals,operating,Materials,True,
SNX,1177394,TD SYNNEX CORP,NYSE,5045,Wholesale-Computers & Peripheral Equipment & Software,operating,Industrials,True,
JBHT,728535,HUNT J B TRANSPORT SERVICES INC,Nasdaq,4213,Trucking (No Local),operating,Industrials,True,
XPO,1166003,"XPO, Inc.",NYSE,4700,Transportation Services,operating,Industrials,True,
KEY,91576,KEYCORP /NEW/,NYSE,6021,National Commercial Banks,operating,Financials,True,
DINO,1915657,HF Sinclair Corp,NYSE,4610,Pipe Lines (No Natural Gas),operating,Industrials,True,
USFD,1665918,US Foods Holding Corp.,NYSE,5140,Wholesale-Groceries & Related Products,operating,Industrials,True,
BRO,79282,"BROWN & BROWN, INC.",NYSE,6411,"Insurance Agents, Brokers & Service",operating,Financials,True,
THC,70318,TENET HEALTHCARE CORP,NYSE,8062,"Services-General Medical & Surgical Hospitals, NEC",operating,Health Care,True,
PTC,857005,PTC INC.,Nasdaq,7372,Services-Prepackaged Software,operating,Information Technology,True,
STZ,16918,"CONSTELLATION BRANDS, INC.",NYSE,2080,Beverages,operating,Consumer Staples,True,
EIX,827052,EDISON INTERNATIONAL,NYSE,4911,Electric Services,operating,Utilities,True,
OMC,29989,OMNICOM GROUP INC.,NYSE,7311,Services-Advertising Agencies,operating,Industrials,True,
BG,1996862,Bunge Global SA,NYSE,2070,Fats & Oils,operating,Consumer Staples,True,
DOW,1751788,DOW INC.,NYSE,2821,"Plastic Materials, Synth Resins & Nonvulcan Elastomers",operating,Materials,True,
EXE,895126,EXPAND ENERGY Corp,Nasdaq,1311,Crude Petroleum & Natural Gas,operating,Energy,True,
RIVN,1874178,"Rivian Automotive, Inc. / DE",Nasdaq,3711,Motor Vehicles & Passenger Car Bodies,operating,Consumer Discretionary,True,
STE,1757898,STERIS plc,NYSE,3842,"Orthopedic, Prosthetic & Surgical Appliances & Supplies",operating,Health Care,True,
CMS,811156,CMS ENERGY CORP,NYSE,4931,Electric & Other Services Combined,operating,Utilities,True,
PKG,75677,PACKAGING CORP OF AMERICA,NYSE,2650,Paperboard Containers & Boxes,operating,Materials,True,
CRCL,1876042,"Circle Internet Group, Inc.",NYSE,6199,Finance Services,operating,Financials,True,
RS,861884,"RELIANCE, INC.",NYSE,5051,Wholesale-Metals Service Centers & of fices,operating,Industrials,True,
VIV,1066119,TELEFONICA BRASIL S.A.,NYSE,4813,Telephone Communications (No Radiotelephone),other,Communication Services,False,not an operating company
ARXS,2093536,"Arxis, Inc.",Nasdaq,3728,"Aircraft Parts & Auxiliary Equipment, NEC",operating,Industrials,True,
LUV,92380,SOUTHWEST AIRLINES CO,NYSE,4512,"Air Transportation, Scheduled",operating,Industrials,True,
U,1810806,Unity Software Inc.,NYSE,7372,Services-Prepackaged Software,operating,Information Technology,True,
VTRS,1792044,Viatris Inc,Nasdaq,2834,Pharmaceutical Preparations,operating,Health Care,True,
SOFI,1818874,"SoFi Technologies, Inc.",Nasdaq,6199,Finance Services,operating,Financials,True,
AMRZ,2035989,Amrize Ltd,NYSE,3241,"Cement, Hydraulic",operating,Materials,True,
NTNX,1618732,"Nutanix, Inc.",Nasdaq,7372,Services-Prepackaged Software,operating,Information Technology,True,
YPF,904851,YPF SOCIEDAD ANONIMA,NYSE,2911,Petroleum Refining,other,Energy,False,not an operating company
HSAI,1861737,Hesai Group,Nasdaq,3569,"General Industrial Machinery & Equipment, NEC",other,Industrials,False,not an operating company
RGLD,85535,ROYAL GOLD INC,Nasdaq,6795,Mineral Royalty Traders,operating,Financials,True,
CNH,1567094,CNH Industrial N.V.,NYSE,3531,Construction Machinery & Equip,operating,Industrials,True,
LYB,1489393,LyondellBasell Industries N.V.,NYSE,2860,Industrial Organic Chemicals,operating,Materials,True,
BCH,1161125,BANK OF CHILE,NYSE,6029,"Commercial Banks, NEC",other,Financials,False,not an operating company
NI,1111711,NISOURCE INC.,NYSE,4931,Electric & Other Services Combined,operating,Utilities,True,
PR,1658566,Permian Resources Corp,NYSE,1311,Crude Petroleum & Natural Gas,operating,Energy,True,
AMCR,1748790,Amcor plc,NYSE,3990,Miscellaneous Manufacturing Industries,operating,Consumer Discretionary,True,
CRS,17843,CARPENTER TECHNOLOGY CORP,NYSE,3312,"Steel Works, Blast Furnaces & Rolling Mills (Coke Ovens)",operating,Materials,True,
FSLR,1274494,"FIRST SOLAR, INC.",Nasdaq,3674,Semiconductors & Related Devices,operating,Information Technology,True,
WWD,108312,"Woodward, Inc.",Nasdaq,3620,Electrical Industrial Apparatus,operating,Industrials,True,
SWKS,4127,"SKYWORKS SOLUTIONS, INC.",Nasdaq,3674,Semiconductors & Related Devices,operating,Information Technology,True,
WES,1423902,"Western Midstream Partners, LP",NYSE,4922,Natural Gas Transmission,operating,Utilities,True,
SITM,1451809,SITIME Corp,Nasdaq,3674,Semiconductors & Related Devices,operating,Information Technology,True,
SSNC,1402436,SS&C Technologies Holdings Inc,Nasdaq,7372,Services-Prepackaged Software,operating,Information Technology,True,
CW,26324,CURTISS WRIGHT CORP,NYSE,3590,Misc Industrial & Commercial Machinery & Equipment,operating,Industrials,True,
PAAS,771992,PAN AMERICAN SILVER CORP,NYSE,1040,Gold and Silver Ores,other,Materials,False,not an operating company
BEKE,1809587,KE Holdings Inc.,NYSE,6531,Real Estate Agents & Managers (For Others),other,Real Estate,False,not an operating company
BCE,718940,BCE INC,NYSE,4813,Telephone Communications (No Radiotelephone),other,Communication Services,False,not an operating company
SNA,91440,Snap-on Inc,NYSE,3420,"Cutlery, Handtools & General Hardware",operating,Industrials,True,
BBY,764478,BEST BUY CO INC,NYSE,5731,"Retail-Radio, Tv & Consumer Electronics Stores",operating,Consumer Discretionary,True,
ESS,920522,"ESSEX PROPERTY TRUST, INC.",NYSE,6798,Real Estate Investment Trusts,operating,Real Estate,True,
BR,1383312,"BROADRIDGE FINANCIAL SOLUTIONS, INC.",NYSE,7389,"Services-Business Services, NEC",operating,Industrials,True,
EVRG,1711269,"Evergy, Inc.",Nasdaq,4931,Electric & Other Services Combined,operating,Utilities,True,
TSN,100493,"TYSON FOODS, INC.",NYSE,2015,Poultry Slaughtering and Processing,operating,Consumer Staples,True,
SQM,909037,CHEMICAL & MINING CO OF CHILE INC,NYSE,1400,Mining & Quarrying of  Nonmetallic Minerals (No Fuels),other,Materials,False,not an operating company
LEN,920760,LENNAR CORP /NEW/,NYSE,1520,General Bldg Contractors - Residential Bldgs,operating,Industrials,True,
NDSN,72331,NORDSON CORP,Nasdaq,3569,"General Industrial Machinery & Equipment, NEC",operating,Industrials,True,
ZBRA,877212,ZEBRA TECHNOLOGIES CORP,Nasdaq,3560,General Industrial Machinery & Equipment,operating,Industrials,True,
SBAC,1034054,SBA COMMUNICATIONS CORP,Nasdaq,6798,Real Estate Investment Trusts,operating,Real Estate,True,
DD,1666700,"DuPont de Nemours, Inc.",NYSE,2821,"Plastic Materials, Synth Resins & Nonvulcan Elastomers",operating,Materials,True,
DT,1773383,"Dynatrace, Inc.",NYSE,7372,Services-Prepackaged Software,operating,Information Technology,True,
FTAI,1590364,FTAI Aviation Ltd.,Nasdaq,7350,Services-Miscellaneous Equipment Rental & Leasing,operating,Industrials,True,
LSCC,855658,LATTICE SEMICONDUCTOR CORP,Nasdaq,3674,Semiconductors & Related Devices,operating,Information Technology,True,
TPG,1880661,TPG Inc.,Nasdaq,6282,Investment Advice,operating,Financials,True,
MKSI,1049502,MKS INC,Nasdaq,3823,"Industrial Instruments For Measurement, Display, and Control",operating,Information Technology,True,
TOST,1650164,"Toast, Inc.",NYSE,7374,Services-Computer Processing & Data Preparation,operating,Information Technology,True,
GPC,40987,GENUINE PARTS CO,NYSE,5013,Wholesale-Motor Vehicle Supplies & New Parts,operating,Industrials,True,
WF,1264136,WOORI FINANCIAL GROUP INC.,NYSE,6029,"Commercial Banks, NEC",other,Financials,False,not an operating company
OVV,1792580,Ovintiv Inc.,NYSE,1311,Crude Petroleum & Natural Gas,operating,Energy,True,
FIS,1136893,"Fidelity National Information Services, Inc.",NYSE,7389,"Services-Business Services, NEC",operating,Industrials,True,
KSPI,1985487,Joint Stock Co Kaspi.kz,Nasdaq,7389,"Services-Business Services, NEC",other,Industrials,False,not an operating company
BURL,1579298,"Burlington Stores, Inc.",NYSE,5311,Retail-Department Stores,operating,Consumer Discretionary,True,
TSCO,916365,TRACTOR SUPPLY CO /DE/,Nasdaq,5200,"Retail-Building Materials, Hardware, Garden Supply",operating,Consumer Discretionary,True,
SMTC,88941,SEMTECH CORP,Nasdaq,3674,Semiconductors & Related Devices,operating,Information Technology,True,
FN,1408710,Fabrinet,NYSE,3661,Telephone & Telegraph Apparatus,operating,Information Technology,True,
CDW,1402057,CDW Corp,Nasdaq,5961,Retail-Catalog & Mail-Order Houses,operating,Consumer Discretionary,True,
APG,1796209,APi Group Corp,NYSE,7340,Services-To Dwellings & Other Buildings,operating,Industrials,True,
MTZ,15615,MASTEC INC,NYSE,1623,"Water, Sewer, Pipeline, Comm & Power Line Construction",operating,Industrials,True,
CDE,215466,"Coeur Mining, Inc.",NYSE,1040,Gold and Silver Ores,operating,Materials,True,
CF,1324404,"CF Industries Holdings, Inc.",NYSE,2870,Agricultural Chemicals,operating,Materials,True,
PAA,1070423,PLAINS ALL AMERICAN PIPELINE LP,Nasdaq,4610,Pipe Lines (No Natural Gas),operating,Industrials,True,
GIS,40704,GENERAL MILLS INC,NYSE,2040,Grain Mill Products,operating,Consumer Staples,True,
WCC,929008,WESCO INTERNATIONAL INC,NYSE,5063,"Wholesale-Electrical Apparatus & Equipment, Wiring Supplies ",operating,Industrials,True,
EWBC,1069157,EAST WEST BANCORP INC,Nasdaq,6022,State Commercial Banks,operating,Financials,True,
FDXF,2082247,"FedEx Freight Holding Company, Inc.",NYSE,4513,Air Courier Services,operating,Industrials,True,
PKX,889132,POSCO HOLDINGS INC.,NYSE,3312,"Steel Works, Blast Furnaces & Rolling Mills (Coke Ovens)",other,Materials,False,not an operating company
TLN,1622536,Talen Energy Corp,Nasdaq,4911,Electric Services,operating,Utilities,True,
IEX,832101,IDEX CORP /DE/,NYSE,3561,Pumps & Pumping Equipment,operating,Industrials,True,
FTV,1659166,Fortive Corp,NYSE,3823,"Industrial Instruments For Measurement, Display, and Control",operating,Information Technology,True,
LNT,352541,ALLIANT ENERGY CORP,Nasdaq,4931,Electric & Other Services Combined,operating,Utilities,True,
EFX,33185,EQUIFAX INC,NYSE,7320,"Services-Consumer Credit Reporting, Collection Agencies",operating,Industrials,True,
MGA,749098,MAGNA INTERNATIONAL INC,NYSE,3714,Motor Vehicle Parts & Accessories,other,Consumer Discretionary,False,not an operating company
STLA,1605484,Stellantis N.V.,NYSE,3711,Motor Vehicles & Passenger Car Bodies,other,Consumer Discretionary,False,not an operating company
ZBH,1136869,"ZIMMER BIOMET HOLDINGS, INC.",NYSE,3842,"Orthopedic, Prosthetic & Surgical Appliances & Supplies",operating,Health Care,True,
RVTY,31791,"REVVITY, INC.",NYSE,3826,Laboratory Analytical Instruments,operating,Information Technology,True,
RGA,898174,REINSURANCE GROUP OF AMERICA INC,NYSE,6311,Life Insurance,operating,Financials,True,
IP,51434,INTERNATIONAL PAPER CO /NEW/,NYSE,2621,Paper Mills,operating,Materials,True,
CLH,822818,CLEAN HARBORS INC,NYSE,4955,Hazardous Waste Management,operating,Utilities,True,
RCI,733099,ROGERS COMMUNICATIONS INC,NYSE,4841,Cable & Other Pay Television Services,other,Communication Services,False,not an operating company
MEDP,1668397,"Medpace Holdings, Inc.",Nasdaq,8731,Services-Commercial Physical & Biological Research,operating,Industrials,True,
CHRW,1043277,"C. H. ROBINSON WORLDWIDE, INC.",Nasdaq,4731,Arrangement of  Transportation of  Freight & Cargo,operating,Industrials,True,
BEN,38777,FRANKLIN TEMPLETON INC,NYSE,6282,Investment Advice,operating,Financials,True,
WIT,1123799,WIPRO LTD,NYSE,7371,Services-Computer Programming Services,other,Information Technology,False,not an operating company
J,52988,JACOBS SOLUTIONS INC.,NYSE,1600,Heavy Construction Other Than Bldg Const - Contractors,operating,Industrials,True,
APA,1841666,APA Corp,Nasdaq,1311,Crude Petroleum & Natural Gas,operating,Energy,True,
NVR,906163,NVR INC,NYSE,1531,Operative Builders,operating,Industrials,True,
IONQ,1824920,"IonQ, Inc.",NYSE,7373,Services-Computer Integrated Systems Design,operating,Information Technology,True,
AS,1988894,"Amer Sports, Inc.",NYSE,2300,Apparel & Other Finishd Prods of  Fabrics & Similar Matl,other,Consumer Discretionary,False,not an operating company
STRL,874238,"STERLING INFRASTRUCTURE, INC.",Nasdaq,1600,Heavy Construction Other Than Bldg Const - Contractors,operating,Industrials,True,
RBC,1324948,RBC Bearings INC,NYSE,3562,Ball & Roller Bearings,operating,Industrials,True,
NWSA,1564708,NEWS CORP,Nasdaq,2711,Newspapers: Publishing or  Publishing & Printing,operating,Communication Services,True,
HST,1070750,"HOST HOTELS & RESORTS, INC.",Nasdaq,6798,Real Estate Investment Trusts,operating,Real Estate,True,
INVH,1687229,Invitation Homes Inc.,NYSE,6510,Real Estate Operators (No Developers) & Lessors,operating,Real Estate,True,
ROL,84839,ROLLINS INC,NYSE,7340,Services-To Dwellings & Other Buildings,operating,Industrials,True,
BALL,9389,BALL Corp,NYSE,3411,Metal Cans,operating,Industrials,True,
RBA,1046102,RB GLOBAL INC.,NYSE,7389,"Services-Business Services, NEC",operating,Industrials,True,
XP,1787425,XP Inc.,Nasdaq,6211,"Security Brokers, Dealers & Flotation Companies",other,Financials,False,not an operating company
VNOM,2074176,"Viper Energy, Inc.",Nasdaq,1311,Crude Petroleum & Natural Gas,operating,Energy,True,
CRBG,1889539,"Corebridge Financial, Inc.",NYSE,6311,Life Insurance,operating,Financials,True,
FICO,814547,FAIR ISAAC CORP,NYSE,7389,"Services-Business Services, NEC",operating,Industrials,True,
GFL,1780232,GFL Environmental Inc.,NYSE,4953,Refuse Systems,other,Utilities,False,not an operating company
WMG,1319161,Warner Music Group Corp.,Nasdaq,7900,Services-Amusement & Recreation Services,operating,Consumer Discretionary,True,
FUTU,1754581,Futu Holdings Ltd,Nasdaq,6211,"Security Brokers, Dealers & Flotation Companies",other,Financials,False,not an operating company
BSAC,1027552,BANCO SANTANDER CHILE,NYSE,6029,"Commercial Banks, NEC",other,Financials,False,not an operating company
PFGC,1618673,Performance Food Group Co,NYSE,5141,"Wholesale-Groceries, General Line",operating,Industrials,True,
H,1468174,Hyatt Hotels Corp,NYSE,7011,Hotels & Motels,operating,Consumer Discretionary,True,
LDOS,1336920,"Leidos Holdings, Inc.",NYSE,7373,Services-Computer Integrated Systems Design,operating,Information Technology,True,
ZTO,1677250,ZTO Express (Cayman) Inc.,NYSE,4210,Trucking & Courier Services (No Air),other,Industrials,False,not an operating company
UNM,5513,Unum Group,NYSE,6321,Accident & Health Insurance,operating,Financials,True,
KIM,879101,KIMCO REALTY CORP,NYSE,6798,Real Estate Investment Trusts,operating,Real Estate,True,
PHYS,1477049,Sprott Physical Gold Trust,NYSE,6221,Commodity Contracts Brokers & Dealers,other,Financials,False,fund / ETF / commodity trust (not an operating company)
ASND,1612042,Ascendis Pharma A/S,Nasdaq,2834,Pharmaceutical Preparations,other,Health Care,False,not an operating company
EXEL,939767,"EXELIXIS, INC.",Nasdaq,2836,"Biological Products, (No Diagnostic Substances)",operating,Health Care,True,
LAMR,1090425,LAMAR ADVERTISING CO/NEW,Nasdaq,6798,Real Estate Investment Trusts,operating,Real Estate,True,
TIGO,912958,MILLICOM INTERNATIONAL CELLULAR SA,Nasdaq,4812,Radiotelephone Communications,other,Communication Services,False,not an operating company
ARMK,1584509,Aramark,NYSE,5812,Retail-Eating  Places,operating,Consumer Discretionary,True,
SOLV,1964738,Solventum Corp,NYSE,3841,Surgical & Medical Instruments & Apparatus,operating,Health Care,True,
JHX,1159152,James Hardie Industries plc,NYSE,3272,"Concrete Products, Except Block & Brick",operating,Materials,True,
EQH,1333986,"Equitable Holdings, Inc.",NYSE,6411,"Insurance Agents, Brokers & Service",operating,Financials,True,
OWL,1823945,BLUE OWL CAPITAL INC.,NYSE,6282,Investment Advice,operating,Financials,True,
JAZZ,1232524,Jazz Pharmaceuticals plc,Nasdaq,2834,Pharmaceutical Preparations,operating,Health Care,True,
LOGI,1032975,LOGITECH INTERNATIONAL S.A.,Nasdaq,3577,"Computer Peripheral Equipment, NEC",operating,Information Technology,True,
NBIX,914475,NEUROCRINE BIOSCIENCES INC,Nasdaq,2836,"Biological Products, (No Diagnostic Substances)",operating,Health Care,True,
DOCN,1582961,"DigitalOcean Holdings, Inc.",NYSE,7370,"Services-Computer Programming, Data Processing, Etc.",operating,Information Technology,True,
AKAM,1086222,AKAMAI TECHNOLOGIES INC,Nasdaq,7389,"Services-Business Services, NEC",operating,Industrials,True,
WPC,1025378,W. P. Carey Inc.,NYSE,6798,Real Estate Investment Trusts,operating,Real Estate,True,
EG,1095073,"EVEREST GROUP, LTD.",NYSE,6331,"Fire, Marine & Casualty Insurance",operating,Financials,True,
GIB,1061574,CGI INC,NYSE,8742,Services-Management Consulting Services,other,Industrials,False,not an operating company
BMNR,1829311,"BITMINE IMMERSION TECHNOLOGIES, INC.",NYSE,6199,Finance Services,operating,Financials,True,
INIO,2109150,INNIO N.V.,Nasdaq,3621,Motors & Generators,operating,Industrials,True,
SGI,1206264,SOMNIGROUP INTERNATIONAL INC.,NYSE,2510,Household Furniture,operating,Consumer Discretionary,True,
W,1616707,Wayfair Inc.,NYSE,5961,Retail-Catalog & Mail-Order Houses,operating,Consumer Discretionary,True,
ONTO,704532,ONTO INNOVATION INC.,NYSE,3829,"Measuring & Controlling Devices, NEC",operating,Information Technology,True,
CHTR,1091667,"CHARTER COMMUNICATIONS, INC. /MO/",Nasdaq,4841,Cable & Other Pay Television Services,operating,Communication Services,True,
PNFP,2082866,"Pinnacle Financial Partners, Inc.",NYSE,6021,National Commercial Banks,operating,Financials,True,
SUI,912593,SUN COMMUNITIES INC,NYSE,6798,Real Estate Investment Trusts,operating,Real Estate,True,
ULS,1901440,UL Solutions Inc.,NYSE,8734,Services-Testing Laboratories,operating,Industrials,True,
BEP,1533232,Brookfield Renewable Partners L.P.,NYSE,4911,Electric Services,other,Utilities,False,not an operating company
OHI,888491,OMEGA HEALTHCARE INVESTORS INC,NYSE,6798,Real Estate Investment Trusts,operating,Real Estate,True,
CRL,1100682,"CHARLES RIVER LABORATORIES INTERNATIONAL, INC.",NYSE,8731,Services-Commercial Physical & Biological Research,operating,Industrials,True,
IREN,1878848,IREN Ltd,Nasdaq,6199,Finance Services,operating,Financials,True,
LECO,59527,LINCOLN ELECTRIC HOLDINGS INC,Nasdaq,3540,Metalworkg Machinery & Equipment,operating,Industrials,True,
YUMC,1673358,"Yum China Holdings, Inc.",NYSE,5812,Retail-Eating  Places,operating,Consumer Discretionary,True,
EMA,1127248,EMERA INC,NYSE,4911,Electric Services,other,Utilities,False,not an operating company
FLUT,1635327,Flutter Entertainment plc,NYSE,7370,"Services-Computer Programming, Data Processing, Etc.",operating,Information Technology,True,
KEP,887225,KOREA ELECTRIC POWER CORP,NYSE,4911,Electric Services,other,Utilities,False,not an operating company
JLL,1037976,JONES LANG LASALLE INC,NYSE,6531,Real Estate Agents & Managers (For Others),operating,Real Estate,True,
RNR,913144,RENAISSANCERE HOLDINGS LTD,NYSE,6331,"Fire, Marine & Casualty Insurance",operating,Financials,True,
TRMB,864749,TRIMBLE INC.,Nasdaq,3829,"Measuring & Controlling Devices, NEC",operating,Information Technology,True,
MAA,912595,MID AMERICA APARTMENT COMMUNITIES INC.,NYSE,6798,Real Estate Investment Trusts,operating,Real Estate,True,
NLY,1043219,ANNALY CAPITAL MANAGEMENT INC,NYSE,6798,Real Estate Investment Trusts,operating,Real Estate,True,
SMMT,1599298,Summit Therapeutics Inc.,Nasdaq,2834,Pharmaceutical Preparations,operating,Health Care,True,
WY,106535,WEYERHAEUSER CO,NYSE,6798,Real Estate Investment Trusts,operating,Real Estate,True,
CX,1076378,CEMEX SAB DE CV,NYSE,3241,"Cement, Hydraulic",other,Materials,False,not an operating company
CHKP,1015922,CHECK POINT SOFTWARE TECHNOLOGIES LTD,Nasdaq,7372,Services-Prepackaged Software,other,Information Technology,False,not an operating company
MAS,62996,MASCO CORP /DE/,NYSE,3430,"Heating Equip, Except Elec & Warm Air; & Plumbing Fixtures",operating,Industrials,True,
CG,1527166,Carlyle Group Inc.,Nasdaq,6282,Investment Advice,operating,Financials,True,
JBS,1791942,JBS N.V.,NYSE,2011,Meat Packing Plants,operating,Consumer Staples,True,
GEN,849399,Gen Digital Inc.,Nasdaq,7372,Services-Prepackaged Software,operating,Information Technology,True,
RML,2102907,Resolution Minerals Ltd,Nasdaq,1040,Gold and Silver Ores,other,Materials,False,not an operating company
HTHT,1483994,H World Group Ltd,Nasdaq,7011,Hotels & Motels,other,Consumer Discretionary,False,not an operating company
AGI,1178819,ALAMOS GOLD INC,NYSE,1040,Gold and Silver Ores,other,Materials,False,not an operating company
AIZ,1267238,"ASSURANT, INC.",NYSE,6399,"Insurance Carriers, NEC",operating,Financials,True,
ARCC,1287750,ARES CAPITAL CORP,Nasdaq,,,operating,Unclassified,True,
TYL,860731,TYLER TECHNOLOGIES INC,NYSE,7372,Services-Prepackaged Software,operating,Information Technology,True,
GWRE,1528396,"Guidewire Software, Inc.",NYSE,7372,Services-Prepackaged Software,operating,Information Technology,True,
SWK,93556,"STANLEY BLACK & DECKER, INC.",NYSE,3420,"Cutlery, Handtools & General Hardware",operating,Industrials,True,
IVZ,914208,Invesco Ltd.,NYSE,6282,Investment Advice,operating,Financials,True,
MLI,89439,MUELLER INDUSTRIES INC,NYSE,3350,Rolling Drawing & Extruding of  Nonferrous Metals,operating,Materials,True,
REG,910606,REGENCY CENTERS CORP,Nasdaq,6798,Real Estate Investment Trusts,operating,Real Estate,True,
DKS,1089063,"DICK'S SPORTING GOODS, INC.",NYSE,5940,Retail-Miscellaneous Shopping Goods Stores,operating,Consumer Discretionary,True,
GNRC,1474735,GENERAC HOLDINGS INC.,NYSE,3621,Motors & Generators,operating,Industrials,True,
CACI,16058,CACI INTERNATIONAL INC /DE/,NYSE,7373,Services-Computer Integrated Systems Design,operating,Information Technology,True,
GDDY,1609711,GoDaddy Inc.,NYSE,7373,Services-Computer Integrated Systems Design,operating,Information Technology,True,
DOC,765880,"HEALTHPEAK PROPERTIES, INC.",NYSE,6798,Real Estate Investment Trusts,operating,Real Estate,True,
DOCU,1261333,"DOCUSIGN, INC.",Nasdaq,7372,Services-Prepackaged Software,operating,Information Technology,True,
NXT,1852131,Nextpower Inc.,Nasdaq,3674,Semiconductors & Related Devices,operating,Information Technology,True,
SKM,1015650,SK TELECOM CO LTD,NYSE,4812,Radiotelephone Communications,other,Communication Services,False,not an operating company
BWXT,1486957,"BWX Technologies, Inc.",NYSE,3510,Engines & Turbines,operating,Industrials,True,
EQX,1756607,Equinox Gold Corp.,NYSE,1040,Gold and Silver Ores,other,Materials,False,not an operating company
HAS,46080,"HASBRO, INC.",Nasdaq,3944,"Games, Toys & Children's Vehicles (No Dolls & Bicycles)",operating,Consumer Discretionary,True,
PAG,1019849,"PENSKE AUTOMOTIVE GROUP, INC.",NYSE,5500,Retail-Auto Dealers & Gasoline Stations,operating,Consumer Discretionary,True,
TME,1744676,Tencent Music Entertainment Group,NYSE,4832,Radio Broadcasting Stations,other,Communication Services,False,not an operating company
COKE,317540,"Coca-Cola Consolidated, Inc.",Nasdaq,2086,Bottled & Canned Soft Drinks & Carbonated Waters,operating,Consumer Staples,True,
CORT,1088856,CORCEPT THERAPEUTICS INC,Nasdaq,2834,Pharmaceutical Preparations,operating,Health Care,True,
EMBJ,1355444,EMBRAER S.A.,NYSE,3721,Aircraft,other,Industrials,False,not an operating company
ALLE,1579241,Allegion plc,NYSE,7381,"Services-Detective, Guard & Armored Car Services",operating,Industrials,True,
SJM,91419,J M SMUCKER Co,NYSE,2033,"Canned, Fruits, Veg, Preserves, Jams & Jellies",operating,Consumer Staples,True,
GL,320335,GLOBE LIFE INC.,NYSE,6311,Life Insurance,operating,Financials,True,
IESC,1048268,"IES Holdings, Inc.",Nasdaq,1731,Electrical Work,operating,Industrials,True,
BBIO,1743881,"BridgeBio Pharma, Inc.",Nasdaq,2834,Pharmaceutical Preparations,operating,Health Care,True,
CSL,790051,CARLISLE COMPANIES INC,NYSE,3060,"Fabricated Rubber Products, NEC",operating,Materials,True,
TLK,1001807,PERUSAHAAN PERSEROAN PERSERO PT TELEKOMUNIKASI INDONESIA TBK,NYSE,4813,Telephone Communications (No Radiotelephone),other,Communication Services,False,not an operating company
BTSG,1865782,"BrightSpring Health Services, Inc.",Nasdaq,8082,Services-Home Health Care Services,operating,Health Care,True,
GME,1326380,GameStop Corp.,NYSE,5734,Retail-Computer & Computer Software Stores,operating,Consumer Discretionary,True,
GGG,42888,GRACO INC,NYSE,3561,Pumps & Pumping Equipment,operating,Industrials,True,
ICLR,1060955,ICON PLC,Nasdaq,8731,Services-Commercial Physical & Biological Research,other,Industrials,False,not an operating company
TU,868675,TELUS CORP,NYSE,4812,Radiotelephone Communications,other,Communication Services,False,not an operating company
DTM,1842022,"DT Midstream, Inc.",NYSE,4922,Natural Gas Transmission,operating,Utilities,True,
CNA,21175,CNA FINANCIAL CORP,NYSE,6331,"Fire, Marine & Casualty Insurance",operating,Financials,True,
AVY,8818,Avery Dennison Corp,NYSE,2670,Converted Paper & Paperboard Prods (No Contaners/Boxes),operating,Materials,True,
RPM,110621,RPM INTERNATIONAL INC/DE/,NYSE,2851,"Paints, Varnishes, Lacquers, Enamels & Allied Prods",operating,Materials,True,
AMKR,1047127,"AMKOR TECHNOLOGY, INC.",Nasdaq,3674,Semiconductors & Related Devices,operating,Information Technology,True,
BWA,908255,BORGWARNER INC,NYSE,3714,Motor Vehicle Parts & Accessories,operating,Consumer Discretionary,True,
BJ,1531152,"BJ's Wholesale Club Holdings, Inc.",NYSE,5331,Retail-Variety Stores,operating,Consumer Discretionary,True,
FPS,2080126,"Forgent Power Solutions, Inc.",NYSE,3620,Electrical Industrial Apparatus,operating,Industrials,True,
TXT,217346,TEXTRON INC,NYSE,3720,Aircraft & Parts,operating,Industrials,True,
FRO,913290,Frontline plc,NYSE,4412,Deep Sea Foreign Transportation of  Freight,other,Industrials,False,not an operating company
LII,1069202,LENNOX INTERNATIONAL INC,NYSE,3585,Air-Cond & Warm Air Heatg Equip & Comm & Indl Refrig Equip,operating,Industrials,True,
AMH,1562401,American Homes 4 Rent,NYSE,6798,Real Estate Investment Trusts,operating,Real Estate,True,
PEN,1321732,Penumbra Inc,NYSE,3841,Surgical & Medical Instruments & Apparatus,operating,Health Care,True,
GRAB,1855612,Grab Holdings Ltd,Nasdaq,7389,"Services-Business Services, NEC",other,Industrials,False,not an operating company
HALO,1159036,"HALOZYME THERAPEUTICS, INC.",Nasdaq,2836,"Biological Products, (No Diagnostic Substances)",operating,Health Care,True,
SEIC,350894,SEI INVESTMENTS CO,Nasdaq,6211,"Security Brokers, Dealers & Flotation Companies",operating,Financials,True,
TTMI,1116942,TTM TECHNOLOGIES INC,Nasdaq,3672,Printed Circuit Boards,operating,Information Technology,True,
TOL,794170,"Toll Brothers, Inc.",NYSE,1531,Operative Builders,operating,Industrials,True,
TEM,1717115,"Tempus AI, Inc.",Nasdaq,7370,"Services-Computer Programming, Data Processing, Etc.",operating,Information Technology,True,
UDR,74208,"UDR, Inc.",NYSE,6798,Real Estate Investment Trusts,operating,Real Estate,True,
TRU,1552033,TransUnion,NYSE,7320,"Services-Consumer Credit Reporting, Collection Agencies",operating,Industrials,True,
BAX,10456,BAXTER INTERNATIONAL INC,NYSE,3841,Surgical & Medical Instruments & Apparatus,operating,Health Care,True,
MKC,63754,MCCORMICK & CO INC,NYSE,2090,Miscellaneous Food Preparations & Kindred Products,operating,Consumer Staples,True,
IT,749251,GARTNER INC,NYSE,8741,Services-Management Services,operating,Industrials,True,
AIT,109563,APPLIED INDUSTRIAL TECHNOLOGIES INC,NYSE,5080,"Wholesale-Machinery, Equipment & Supplies",operating,Industrials,True,
PSLV,1494728,Sprott Physical Silver Trust,NYSE,6221,Commodity Contracts Brokers & Dealers,other,Financials,False,fund / ETF / commodity trust (not an operating company)
AEG,769218,AEGON LTD.,NYSE,6311,Life Insurance,other,Financials,False,not an operating company
BF-B,14693,BROWN FORMAN CORP,NYSE,2080,Beverages,operating,Consumer Staples,True,
FROG,1800667,JFrog Ltd,Nasdaq,7372,Services-Prepackaged Software,operating,Information Technology,True,
EHC,785161,Encompass Health Corp,NYSE,8060,Services-Hospitals,operating,Health Care,True,
MANH,1056696,MANHATTAN ASSOCIATES INC,Nasdaq,7372,Services-Prepackaged Software,operating,Information Technology,True,
CSGP,1057352,"COSTAR GROUP, INC.",Nasdaq,7389,"Services-Business Services, NEC",operating,Industrials,True,
ALB,915913,ALBEMARLE CORP,NYSE,2821,"Plastic Materials, Synth Resins & Nonvulcan Elastomers",operating,Materials,True,
VICR,751978,VICOR CORP,Nasdaq,3679,"Electronic Components, NEC",operating,Information Technology,True,
MAIR,2098430,Madison Air Solutions Corp,NYSE,3564,Industrial & Commercial Fans & Blowers & Air Purifing Equip,operating,Industrials,True,
PNW,764622,PINNACLE WEST CAPITAL CORP,NYSE,4911,Electric Services,operating,Utilities,True,
ERIE,922621,ERIE INDEMNITY CO,Nasdaq,6411,"Insurance Agents, Brokers & Service",operating,Financials,True,
FIG,1579878,"Figma, Inc.",NYSE,7372,Services-Prepackaged Software,operating,Information Technology,True,
GLXY,1859392,Galaxy Digital Inc.,Nasdaq,6211,"Security Brokers, Dealers & Flotation Companies",operating,Financials,True,
CCK,1219601,"CROWN HOLDINGS, INC.",NYSE,3411,Metal Cans,operating,Industrials,True,
HUBS,1404655,HUBSPOT INC,NYSE,7372,Services-Prepackaged Software,operating,Information Technology,True,
AFG,1042046,AMERICAN FINANCIAL GROUP INC,NYSE,6331,"Fire, Marine & Casualty Insurance",operating,Financials,True,
WSO,105016,WATSCO INC,NYSE,5070,Wholesale-Hardware & Plumbing & Heating Equipment & Supplies,operating,Industrials,True,
ELS,895417,EQUITY LIFESTYLE PROPERTIES INC,NYSE,6798,Real Estate Investment Trusts,operating,Real Estate,True,
PAC,1347557,Pacific Airport Group,NYSE,4581,"Airports, Flying Fields & Airport Terminal Services",other,Industrials,False,not an operating company
CR,1944013,Crane Co,NYSE,3490,Miscellaneous Fabricated Metal Products,operating,Industrials,True,
RMBS,917273,RAMBUS INC,Nasdaq,3674,Semiconductors & Related Devices,operating,Information Technology,True,
ARW,7536,"ARROW ELECTRONICS, INC.",NYSE,5065,"Wholesale-Electronic Parts & Equipment, NEC",operating,Industrials,True,
MOG-A,67887,MOOG INC.,NYSE,3590,Misc Industrial & Commercial Machinery & Equipment,operating,Industrials,True,
WTS,795403,WATTS WATER TECHNOLOGIES INC,NYSE,3490,Miscellaneous Fabricated Metal Products,operating,Industrials,True,
QXO,1236275,"QXO, Inc.",NYSE,5030,Wholesale-Lumber & Other Construction Materials,operating,Industrials,True,
PINS,1506293,"PINTEREST, INC.",NYSE,7370,"Services-Computer Programming, Data Processing, Etc.",operating,Information Technology,True,
FIVE,1177609,"FIVE BELOW, INC",Nasdaq,5331,Retail-Variety Stores,operating,Consumer Discretionary,True,
WSE,2099039,Wise Group plc,Nasdaq,7389,"Services-Business Services, NEC",other,Industrials,False,not an operating company
AEIS,927003,ADVANCED ENERGY INDUSTRIES INC,Nasdaq,3679,"Electronic Components, NEC",operating,Information Technology,True,
GLPI,1575965,"Gaming & Leisure Properties, Inc.",Nasdaq,6798,Real Estate Investment Trusts,operating,Real Estate,True,
ALLY,40729,Ally Financial Inc.,NYSE,6022,State Commercial Banks,operating,Financials,True,
ONON,1858985,On Holding AG,NYSE,3021,Rubber & Plastics Footwear,other,Materials,False,not an operating company
AUR,1828108,"Aurora Innovation, Inc.",Nasdaq,7373,Services-Computer Integrated Systems Design,operating,Information Technology,True,
SAIL,2030781,"SailPoint, Inc.",Nasdaq,7372,Services-Prepackaged Software,operating,Information Technology,True,
TECH,842023,BIO-TECHNE Corp,Nasdaq,2836,"Biological Products, (No Diagnostic Substances)",operating,Health Care,True,
DVA,927066,DAVITA INC.,NYSE,8090,"Services-Misc Health & Allied Services, NEC",operating,Health Care,True,
UHAL,4457,U-Haul Holding Co /NV/,NYSE,7510,Services-Auto Rental & Leasing (No Drivers),operating,Industrials,True,
AA,1675149,Alcoa Corp,NYSE,3334,Primary Production of  Aluminum,operating,Materials,True,
SNN,845982,SMITH & NEPHEW PLC,NYSE,3842,"Orthopedic, Prosthetic & Surgical Appliances & Supplies",other,Health Care,False,not an operating company
DECK,910521,DECKERS OUTDOOR CORP,NYSE,3021,Rubber & Plastics Footwear,operating,Materials,True,
ELAN,1739104,Elanco Animal Health Inc,NYSE,2834,Pharmaceutical Preparations,operating,Health Care,True,
SANM,897723,SANMINA CORP,Nasdaq,3672,Printed Circuit Boards,operating,Information Technology,True,
CPT,906345,CAMDEN PROPERTY TRUST,NYSE,6798,Real Estate Investment Trusts,operating,Real Estate,True,
HBM,1322422,Hudbay Minerals Inc.,NYSE,1000,Metal Mining,other,Materials,False,not an operating company
HL,719413,HECLA MINING CO/DE/,NYSE,1400,Mining & Quarrying of  Nonmetallic Minerals (No Fuels),operating,Materials,True,
NVMI,1109345,NOVA LTD.,Nasdaq,3827,Optical Instruments & Lenses,other,Information Technology,False,not an operating company
AR,1433270,ANTERO RESOURCES Corp,NYSE,1311,Crude Petroleum & Natural Gas,operating,Energy,True,
MDGL,1157601,"MADRIGAL PHARMACEUTICALS, INC.",Nasdaq,2834,Pharmaceutical Preparations,operating,Health Care,True,
AHR,1632970,"American Healthcare REIT, Inc.",NYSE,6798,Real Estate Investment Trusts,operating,Real Estate,True,
FMS,1333141,Fresenius Medical Care AG,NYSE,8090,"Services-Misc Health & Allied Services, NEC",other,Health Care,False,not an operating company
QNT,2110105,Quantinuum Inc.,Nasdaq,7373,Services-Computer Integrated Systems Design,operating,Information Technology,True,
WTRG,78128,"Essential Utilities, Inc.",NYSE,4941,Water Supply,operating,Utilities,True,
FHN,36966,FIRST HORIZON CORP,NYSE,6021,National Commercial Banks,operating,Financials,True,
CART,1579091,Maplebear Inc.,Nasdaq,7389,"Services-Business Services, NEC",operating,Industrials,True,
FRHC,924805,Freedom Holding Corp.,Nasdaq,6211,"Security Brokers, Dealers & Flotation Companies",operating,Financials,True,
LFUS,889331,LITTELFUSE INC /DE,Nasdaq,3613,Switchgear & Switchboard Apparatus,operating,Industrials,True,
CHYM,1795586,"Chime Financial, Inc.",Nasdaq,6199,Finance Services,operating,Financials,True,
GSAT,1366868,"Globalstar, Inc.",Nasdaq,4899,"Communications Services, NEC",operating,Communication Services,True,
BXP,1037540,"BXP, Inc.",NYSE,6798,Real Estate Investment Trusts,operating,Real Estate,True,
TXRH,1289460,"Texas Roadhouse, Inc.",Nasdaq,5812,Retail-Eating  Places,operating,Consumer Discretionary,True,
NYT,71691,NEW YORK TIMES CO,NYSE,2711,Newspapers: Publishing or  Publishing & Printing,operating,Communication Services,True,
HRL,48465,HORMEL FOODS CORP /DE/,NYSE,2011,Meat Packing Plants,operating,Consumer Staples,True,
VIAV,912093,VIAVI SOLUTIONS INC.,Nasdaq,3674,Semiconductors & Related Devices,operating,Information Technology,True,
FORM,1039399,FORMFACTOR INC,Nasdaq,3674,Semiconductors & Related Devices,operating,Information Technology,True,
AES,874761,AES CORP,NYSE,4991,Cogeneration Services & Small Power Producers,operating,Utilities,True,
RRX,82811,REGAL REXNORD CORP,NYSE,3569,"General Industrial Machinery & Equipment, NEC",operating,Industrials,True,
FNF,1331875,"Fidelity National Financial, Inc.",NYSE,6361,Title Insurance,operating,Financials,True,
LI,1791706,Li Auto Inc.,Nasdaq,3711,Motor Vehicles & Passenger Car Bodies,other,Consumer Discretionary,False,not an operating company
BMRN,1048477,BIOMARIN PHARMACEUTICAL INC,Nasdaq,2834,Pharmaceutical Preparations,operating,Health Care,True,
SF,720672,STIFEL FINANCIAL CORP,NYSE,6211,"Security Brokers, Dealers & Flotation Companies",operating,Financials,True,
KNX,1492691,Knight-Swift Transportation Holdings Inc.,NYSE,4213,Trucking (No Local),operating,Industrials,True,
HMY,1023514,HARMONY GOLD MINING CO LTD,NYSE,1040,Gold and Silver Ores,other,Materials,False,not an operating company
MICC,2071668,Magnum Ice Cream Co N.V.,NYSE,2024,Ice Cream & Frozen Desserts,other,Consumer Staples,False,not an operating company
ELPC,1041792,ENERGY CO OF PARANA,NYSE,4911,Electric Services,other,Utilities,False,not an operating company
SUZ,909327,Suzano S.A.,NYSE,2621,Paper Mills,other,Materials,False,not an operating company
IAG,1203464,IAMGOLD CORP,NYSE,1040,Gold and Silver Ores,other,Materials,False,not an operating company
SCI,89089,SERVICE CORP INTERNATIONAL,NYSE,7200,Services-Personal Services,operating,Consumer Discretionary,True,
BSY,1031308,BENTLEY SYSTEMS INC,Nasdaq,7372,Services-Prepackaged Software,operating,Information Technology,True,
UHS,352915,UNIVERSAL HEALTH SERVICES INC,NYSE,8062,"Services-General Medical & Surgical Hospitals, NEC",operating,Health Care,True,
HII,1501585,"HUNTINGTON INGALLS INDUSTRIES, INC.",NYSE,3730,Ship & Boat Building & Repairing,operating,Industrials,True,
EGP,49600,EASTGROUP PROPERTIES INC,NYSE,6798,Real Estate Investment Trusts,operating,Real Estate,True,
PBF,1534504,PBF Energy Inc.,NYSE,2911,Petroleum Refining,operating,Energy,True,
JKHY,779152,JACK HENRY & ASSOCIATES INC,Nasdaq,7373,Services-Computer Integrated Systems Design,operating,Information Technology,True,
IBRX,1326110,"ImmunityBio, Inc.",Nasdaq,2836,"Biological Products, (No Diagnostic Substances)",operating,Health Care,True,
AVTR,1722482,"Avantor, Inc.",NYSE,3826,Laboratory Analytical Instruments,operating,Information Technology,True,
PAYP,2080845,PayPay Corp,Nasdaq,7389,"Services-Business Services, NEC",other,Industrials,False,not an operating company
PAYC,1590955,"Paycom Software, Inc.",NYSE,7372,Services-Prepackaged Software,operating,Information Technology,True,
COO,711404,"COOPER COMPANIES, INC.",Nasdaq,3851,Ophthalmic Goods,operating,Health Care,True,
LULU,1397187,lululemon athletica inc.,Nasdaq,2300,Apparel & Other Finishd Prods of  Fabrics & Similar Matl,operating,Consumer Discretionary,True,
RGEN,730272,REPLIGEN CORP,Nasdaq,2836,"Biological Products, (No Diagnostic Substances)",operating,Health Care,True,
CGNX,851205,COGNEX CORP,Nasdaq,3823,"Industrial Instruments For Measurement, Display, and Control",operating,Information Technology,True,
EVR,1360901,Evercore Inc.,NYSE,6282,Investment Advice,operating,Financials,True,
AGNC,1423689,AGNC Investment Corp.,Nasdaq,6798,Real Estate Investment Trusts,operating,Real Estate,True,
MOH,1179929,"MOLINA HEALTHCARE, INC.",NYSE,6324,Hospital & Medical Service Plans,operating,Financials,True,
DPZ,1286681,DOMINOS PIZZA INC,Nasdaq,5140,Wholesale-Groceries & Related Products,operating,Industrials,True,
RDY,1135951,DR REDDYS LABORATORIES LTD,NYSE,2834,Pharmaceutical Preparations,other,Health Care,False,not an operating company
RTO,930157,RENTOKIL INITIAL PLC /FI,NYSE,8741,Services-Management Services,other,Industrials,False,not an operating company
OSCR,1568651,"Oscar Health, Inc.",NYSE,6324,Hospital & Medical Service Plans,operating,Financials,True,
FDS,1013237,FACTSET RESEARCH SYSTEMS INC,NYSE,7370,"Services-Computer Programming, Data Processing, Etc.",operating,Information Technology,True,
DCI,29644,DONALDSON Co INC,NYSE,3564,Industrial & Commercial Fans & Blowers & Air Purifing Equip,operating,Industrials,True,
AMG,1004434,"AFFILIATED MANAGERS GROUP, INC.",NYSE,6282,Investment Advice,operating,Financials,True,
CLX,21076,CLOROX CO /DE/,NYSE,2842,"Specialty Cleaning, Polishing and Sanitation Preparations",operating,Consumer Staples,True,
AM,1623925,Antero Midstream Corp,NYSE,4922,Natural Gas Transmission,operating,Utilities,True,
BNT,1837429,Brookfield Wealth Solutions Ltd.,NYSE,6399,"Insurance Carriers, NEC",other,Financials,False,not an operating company
PSO,938323,PEARSON PLC,NYSE,2731,Books: Publishing or  Publishing & Printing,other,Communication Services,False,not an operating company
BPOP,763901,"POPULAR, INC.",Nasdaq,6022,State Commercial Banks,operating,Financials,True,
ENSG,1125376,"ENSIGN GROUP, INC",Nasdaq,8051,Services-Skilled Nursing Care Facilities,operating,Health Care,True,
TWST,1581280,Twist Bioscience Corp,Nasdaq,2836,"Biological Products, (No Diagnostic Substances)",operating,Health Care,True,
UMBF,101382,UMB FINANCIAL CORP,Nasdaq,6021,National Commercial Banks,operating,Financials,True,
MSGS,1636519,Madison Square Garden Sports Corp.,NYSE,7990,Services-Miscellaneous Amusement & Recreation,operating,Consumer Discretionary,True,
ESTC,1707753,Elastic N.V.,NYSE,7372,Services-Prepackaged Software,operating,Information Technology,True,
ALGN,1097149,ALIGN TECHNOLOGY INC,Nasdaq,3842,"Orthopedic, Prosthetic & Surgical Appliances & Supplies",operating,Health Care,True,
HUT,1964789,Hut 8 Corp.,Nasdaq,6199,Finance Services,operating,Financials,True,
TXG,1770787,"10x Genomics, Inc.",Nasdaq,3826,Laboratory Analytical Instruments,operating,Information Technology,True,
GMED,1237831,GLOBUS MEDICAL INC,NYSE,3841,Surgical & Medical Instruments & Apparatus,operating,Health Care,True,
SNAP,1564408,Snap Inc,NYSE,7370,"Services-Computer Programming, Data Processing, Etc.",operating,Information Technology,True,
DAR,916540,DARLING INGREDIENTS INC.,NYSE,2070,Fats & Oils,operating,Consumer Staples,True,
KRYS,1711279,"Krystal Biotech, Inc.",Nasdaq,2836,"Biological Products, (No Diagnostic Substances)",operating,Health Care,True,
PCVX,1649094,"Vaxcyte, Inc.",Nasdaq,2836,"Biological Products, (No Diagnostic Substances)",operating,Health Care,True,
DKNG,1883685,DraftKings Inc.,Nasdaq,7990,Services-Miscellaneous Amusement & Recreation,operating,Consumer Discretionary,True,
WTFC,1015328,WINTRUST FINANCIAL CORP,Nasdaq,6022,State Commercial Banks,operating,Financials,True,
SSB,764038,SouthState Bank Corp,NYSE,6022,State Commercial Banks,operating,Financials,True,
SSL,314590,SASOL LTD,NYSE,1311,Crude Petroleum & Natural Gas,other,Energy,False,not an operating company
GGB,1073404,GERDAU S.A.,NYSE,3310,"Steel Works, Blast Furnaces & Rolling & Finishing Mills",other,Materials,False,not an operating company
MTCH,891103,"Match Group, Inc.",Nasdaq,7370,"Services-Computer Programming, Data Processing, Etc.",operating,Information Technology,True,
RYAN,1849253,"RYAN SPECIALTY HOLDINGS, INC.",NYSE,6411,"Insurance Agents, Brokers & Service",operating,Financials,True,
MUSA,1573516,Murphy USA Inc.,NYSE,5500,Retail-Auto Dealers & Gasoline Stations,operating,Consumer Discretionary,True,
EGO,918608,ELDORADO GOLD CORP /FI,NYSE,1040,Gold and Silver Ores,other,Materials,False,not an operating company
BIO,12208,"BIO-RAD LABORATORIES, INC.",NYSE,3826,Laboratory Analytical Instruments,operating,Information Technology,True,
DRS,1833756,"Leonardo DRS, Inc.",Nasdaq,3812,"Search, Detection, Navigation, Guidance, Aeronautical Sys",operating,Information Technology,True,
SOLS,2064953,Solstice Advanced Materials Inc.,Nasdaq,2800,Chemicals & Allied Products,operating,Materials,True,
OGE,1021635,OGE ENERGY CORP.,NYSE,4911,Electric Services,operating,Utilities,True,
MOD,67347,MODINE MANUFACTURING CO,NYSE,3714,Motor Vehicle Parts & Accessories,operating,Consumer Discretionary,True,
RRC,315852,RANGE RESOURCES CORP,NYSE,1311,Crude Petroleum & Natural Gas,operating,Energy,True,
TFII,1588823,TFI International Inc.,NYSE,4210,Trucking & Courier Services (No Air),other,Industrials,False,not an operating company
CFR,39263,"CULLEN/FROST BANKERS, INC.",NYSE,6021,National Commercial Banks,operating,Financials,True,
ONB,707179,OLD NATIONAL BANCORP /IN/,Nasdaq,6021,National Commercial Banks,operating,Financials,True,
WMS,1604028,"ADVANCED DRAINAGE SYSTEMS, INC.",NYSE,3086,Plastics Foam Products,operating,Materials,True,
GKOS,1192448,GLAUKOS Corp,NYSE,3841,Surgical & Medical Instruments & Apparatus,operating,Health Care,True,
HSIC,1000228,HENRY SCHEIN INC,Nasdaq,5047,"Wholesale-Medical, Dental & Hospital Equipment & Supplies",operating,Industrials,True,
CTVA,1755672,"Corteva, Inc.",NYSE,0100,Agricultural Production-Crops,operating,Consumer Staples,True,
ORI,74260,OLD REPUBLIC INTERNATIONAL CORP,NYSE,6351,Surety Insurance,operating,Financials,True,
ENLT,1922641,Enlight Renewable Energy Ltd.,Nasdaq,4911,Electric Services,other,Utilities,False,not an operating company
OC,1370946,Owens Corning,NYSE,3290,"Abrasive, Asbestos & Misc Nonmetallic Mineral Prods",operating,Materials,True,
PODD,1145197,INSULET CORP,Nasdaq,3841,Surgical & Medical Instruments & Apparatus,operating,Health Care,True,
FCFS,840489,"FirstCash Holdings, Inc.",Nasdaq,5900,Retail-Miscellaneous Retail,operating,Consumer Discretionary,True,
FRT,34903,FEDERAL REALTY INVESTMENT TRUST,NYSE,6798,Real Estate Investment Trusts,operating,Real Estate,True,
KNTK,1692787,Kinetik Holdings Inc.,NYSE,4922,Natural Gas Transmission,operating,Utilities,True,
QGEN,1015820,QIAGEN N.V.,NYSE,2836,"Biological Products, (No Diagnostic Substances)",other,Health Care,False,not an operating company
TTC,737758,TORO CO,NYSE,3524,Lawn & Garden Tractors & Home Lawn & Gardens Equip,operating,Industrials,True,
APTV,1521332,Aptiv PLC,NYSE,3714,Motor Vehicle Parts & Accessories,operating,Consumer Discretionary,True,
ZION,109380,"ZIONS BANCORPORATION, NATIONAL ASSOCIATION /UT/",Nasdaq,6021,National Commercial Banks,operating,Financials,True,
SAIA,1177702,SAIA INC,Nasdaq,4213,Trucking (No Local),operating,Industrials,True,
AAOI,1158114,"APPLIED OPTOELECTRONICS, INC.",Nasdaq,3674,Semiconductors & Related Devices,operating,Information Technology,True,
XPEV,1810997,XPENG INC.,NYSE,3711,Motor Vehicles & Passenger Car Bodies,other,Consumer Discretionary,False,not an operating company
VMI,102729,VALMONT INDUSTRIES INC,NYSE,3440,Fabricated Structural Metal Products,operating,Industrials,True,
PTGX,1377121,"Protagonist Therapeutics, Inc",Nasdaq,2834,Pharmaceutical Preparations,operating,Health Care,True,
VSAT,797721,VIASAT INC,Nasdaq,4899,"Communications Services, NEC",operating,Communication Services,True,
R,85961,RYDER SYSTEM INC,NYSE,7510,Services-Auto Rental & Leasing (No Drivers),operating,Industrials,True,
ALSN,1411207,Allison Transmission Holdings Inc,NYSE,3714,Motor Vehicle Parts & Accessories,operating,Consumer Discretionary,True,
JEF,96223,Jefferies Financial Group Inc.,NYSE,6211,"Security Brokers, Dealers & Flotation Companies",operating,Financials,True,
JXN,1822993,Jackson Financial Inc.,NYSE,6311,Life Insurance,operating,Financials,True,
KYMR,1815442,"Kymera Therapeutics, Inc.",Nasdaq,2836,"Biological Products, (No Diagnostic Substances)",operating,Health Care,True,
AYI,1144215,ACUITY INC. (DE),NYSE,3640,Electric Lighting & Wiring Equipment,operating,Industrials,True,
EDU,1372920,New Oriental Education & Technology Group Inc.,NYSE,8200,Services-Educational Services,other,Industrials,False,not an operating company
LTH,1869198,"Life Time Group Holdings, Inc.",NYSE,7997,Services-Membership Sports & Recreation Clubs,operating,Consumer Discretionary,True,
TIMB,1826168,TIM S.A.,NYSE,4813,Telephone Communications (No Radiotelephone),other,Communication Services,False,not an operating company
AXSM,1579428,"Axsome Therapeutics, Inc.",Nasdaq,2834,Pharmaceutical Preparations,operating,Health Care,True,
SIRI,908937,SIRIUS XM HOLDINGS INC.,Nasdaq,4832,Radio Broadcasting Stations,operating,Communication Services,True,
ESI,1590714,Element Solutions Inc,NYSE,2890,Miscellaneous Chemical Products,operating,Materials,True,
GTLB,1653482,Gitlab Inc.,Nasdaq,7372,Services-Prepackaged Software,operating,Information Technology,True,
LLYVA,2078416,"Liberty Live Holdings, Inc.",Nasdaq,7900,Services-Amusement & Recreation Services,operating,Consumer Discretionary,True,
SIMO,1329394,Silicon Motion Technology CORP,Nasdaq,3674,Semiconductors & Related Devices,other,Information Technology,False,not an operating company
SM,893538,SM Energy Co,NYSE,1311,Crude Petroleum & Natural Gas,operating,Energy,True,
HLI,1302215,"HOULIHAN LOKEY, INC.",NYSE,6282,Investment Advice,operating,Financials,True,
S,1583708,"SentinelOne, Inc.",NYSE,7372,Services-Prepackaged Software,operating,Information Technology,True,
BRKR,1109354,BRUKER CORP,Nasdaq,3826,Laboratory Analytical Instruments,operating,Information Technology,True,
KT,892450,KT CORP,NYSE,4813,Telephone Communications (No Radiotelephone),other,Communication Services,False,not an operating company
FLS,30625,FLOWSERVE CORP,NYSE,3561,Pumps & Pumping Equipment,operating,Industrials,True,
VOYA,1535929,"Voya Financial, Inc.",NYSE,6311,Life Insurance,operating,Financials,True,
JAN,2100805,"Janus Living, Inc.",NYSE,6798,Real Estate Investment Trusts,operating,Real Estate,True,
YMM,1838413,Full Truck Alliance Co. Ltd.,NYSE,7372,Services-Prepackaged Software,other,Information Technology,False,not an operating company
MXL,1288469,"MAXLINEAR, INC",Nasdaq,3674,Semiconductors & Related Devices,operating,Information Technology,True,
BAH,1443646,Booz Allen Hamilton Holding Corp,NYSE,8742,Services-Management Consulting Services,operating,Industrials,True,
ARWR,879407,"ARROWHEAD PHARMACEUTICALS, INC.",Nasdaq,2834,Pharmaceutical Preparations,operating,Health Care,True,
LINE,1868159,"Lineage, Inc.",Nasdaq,6798,Real Estate Investment Trusts,operating,Real Estate,True,
CYTK,1061983,CYTOKINETICS INC,Nasdaq,2834,Pharmaceutical Preparations,operating,Health Care,True,
PRI,1475922,"Primerica, Inc.",NYSE,6311,Life Insurance,operating,Financials,True,
REXR,1571283,"Rexford Industrial Realty, Inc.",NYSE,6798,Real Estate Investment Trusts,operating,Real Estate,True,
TTEK,831641,TETRA TECH INC,Nasdaq,8711,Services-Engineering Services,operating,Industrials,True,
IDCC,1405495,"InterDigital, Inc.",Nasdaq,6794,Patent Owners & Lessors,operating,Financials,True,
CTRE,1590717,"CareTrust REIT, Inc.",NYSE,6798,Real Estate Investment Trusts,operating,Real Estate,True,
CUBE,1298675,CubeSmart,NYSE,6798,Real Estate Investment Trusts,operating,Real Estate,True,
AAL,6201,American Airlines Group Inc.,Nasdaq,4512,"Air Transportation, Scheduled",operating,Industrials,True,
NIO,1736541,NIO Inc.,NYSE,3711,Motor Vehicles & Passenger Car Bodies,other,Consumer Discretionary,False,not an operating company
PCTY,1591698,Paylocity Holding Corp,Nasdaq,7372,Services-Prepackaged Software,operating,Information Technology,True,
SPXC,88205,"SPX Technologies, Inc.",NYSE,3540,Metalworkg Machinery & Equipment,operating,Industrials,True,
NEU,1282637,NEWMARKET CORP,NYSE,2860,Industrial Organic Chemicals,operating,Materials,True,
AG,1308648,FIRST MAJESTIC SILVER CORP,NYSE,1040,Gold and Silver Ores,other,Materials,False,not an operating company
DY,67215,DYCOM INDUSTRIES INC,NYSE,1623,"Water, Sewer, Pipeline, Comm & Power Line Construction",operating,Industrials,True,
BRX,1581068,Brixmor Property Group Inc.,NYSE,6798,Real Estate Investment Trusts,operating,Real Estate,True,
UGP,1094972,ULTRAPAR HOLDINGS INC,NYSE,4924,Natural Gas Distribution,other,Utilities,False,not an operating company
PNR,77360,PENTAIR plc,NYSE,3550,Special Industry Machinery (No Metalworking Machinery),operating,Industrials,True,
LGN,2052568,Legence Corp.,Nasdaq,1700,Construction - Special Trade Contractors,operating,Industrials,True,
PCOR,1611052,"PROCORE TECHNOLOGIES, INC.",NYSE,7372,Services-Prepackaged Software,operating,Information Technology,True,
AVT,8858,AVNET INC,Nasdaq,5065,"Wholesale-Electronic Parts & Equipment, NEC",operating,Industrials,True,
TGTX,1001316,"TG THERAPEUTICS, INC.",Nasdaq,2834,Pharmaceutical Preparations,operating,Health Care,True,
RHP,1040829,"Ryman Hospitality Properties, Inc.",NYSE,6798,Real Estate Investment Trusts,operating,Real Estate,True,
ADC,917251,AGREE REALTY CORP,NYSE,6798,Real Estate Investment Trusts,operating,Real Estate,True,
ZETA,1851003,Zeta Global Holdings Corp.,NYSE,7372,Services-Prepackaged Software,operating,Information Technology,True,
WAL,1212545,WESTERN ALLIANCE BANCORPORATION,NYSE,6022,State Commercial Banks,operating,Financials,True,
GAP,39911,GAP INC,NYSE,5651,Retail-Family Clothing Stores,operating,Consumer Discretionary,True,
MP,1801368,MP Materials Corp. / DE,NYSE,1000,Metal Mining,operating,Materials,True,
MHK,851968,MOHAWK INDUSTRIES INC,NYSE,2273,Carpets & Rugs,operating,Consumer Discretionary,True,
COLB,887343,"COLUMBIA BANKING SYSTEM, INC.",Nasdaq,6022,State Commercial Banks,operating,Financials,True,
FR,921825,FIRST INDUSTRIAL REALTY TRUST INC,NYSE,6798,Real Estate Investment Trusts,operating,Real Estate,True,
ALV,1034670,AUTOLIV INC,NYSE,3714,Motor Vehicle Parts & Accessories,operating,Consumer Discretionary,True,
EAT,703351,"BRINKER INTERNATIONAL, INC",NYSE,5812,Retail-Eating  Places,operating,Consumer Discretionary,True,
BVN,1013131,BUENAVENTURA MINING CO INC,NYSE,1000,Metal Mining,other,Materials,False,not an operating company
PB,1068851,PROSPERITY BANCSHARES INC,NYSE,6022,State Commercial Banks,operating,Financials,True,
TKR,98362,TIMKEN CO,NYSE,3562,Ball & Roller Bearings,operating,Industrials,True,
UGI,884614,UGI CORP /PA/,NYSE,4932,Gas & Other Services Combined,operating,Utilities,True,
WLK,1262823,WESTLAKE CORP,NYSE,2860,Industrial Organic Chemicals,operating,Materials,True,
HNGE,1673743,"Hinge Health, Inc.",NYSE,7374,Services-Computer Processing & Data Preparation,operating,Information Technology,True,
LNC,59558,LINCOLN NATIONAL CORP,NYSE,6311,Life Insurance,operating,Financials,True,
RAL,2041385,Ralliant Corp,NYSE,3823,"Industrial Instruments For Measurement, Display, and Control",operating,Information Technology,True,
KTOS,1069258,"KRATOS DEFENSE & SECURITY SOLUTIONS, INC.",Nasdaq,3760,Guided Missiles & Space Vehicles & Parts,operating,Industrials,True,
NTSK,2063196,Netskope Inc,Nasdaq,7372,Services-Prepackaged Software,operating,Information Technology,True,
CBSH,22356,COMMERCE BANCSHARES INC /MO/,Nasdaq,6022,State Commercial Banks,operating,Financials,True,
OSK,775158,OSHKOSH CORP,NYSE,3711,Motor Vehicles & Passenger Car Bodies,operating,Consumer Discretionary,True,
ARE,1035443,"ALEXANDRIA REAL ESTATE EQUITIES, INC.",NYSE,6798,Real Estate Investment Trusts,operating,Real Estate,True,
THG,944695,"HANOVER INSURANCE GROUP, INC.",NYSE,6331,"Fire, Marine & Casualty Insurance",operating,Financials,True,
CHRD,1486159,Chord Energy Corp,Nasdaq,1311,Crude Petroleum & Natural Gas,operating,Energy,True,
GIL,1061894,Gildan Activewear Inc.,NYSE,2300,Apparel & Other Finishd Prods of  Fabrics & Similar Matl,other,Consumer Discretionary,False,not an operating company
WYNN,1174922,WYNN RESORTS LTD,Nasdaq,7011,Hotels & Motels,operating,Consumer Discretionary,True,
ATR,896622,"APTARGROUP, INC.",NYSE,3089,"Plastics Products, NEC",operating,Materials,True,
IDA,1057877,IDACORP INC,NYSE,4911,Electric Services,operating,Utilities,True,
CBC,2065601,"Central Bancompany, Inc.",Nasdaq,,,operating,Unclassified,True,
CAI,2019410,"Caris Life Sciences, Inc.",Nasdaq,8071,Services-Medical Laboratories,operating,Health Care,True,
ZWS,1439288,Zurn Elkay Water Solutions Corp,NYSE,3560,General Industrial Machinery & Equipment,operating,Industrials,True,
KNSL,1669162,"Kinsale Capital Group, Inc.",NYSE,6331,"Fire, Marine & Casualty Insurance",operating,Financials,True,
HQY,1428336,"HEALTHEQUITY, INC.",Nasdaq,7389,"Services-Business Services, NEC",operating,Industrials,True,
MGM,789570,MGM Resorts International,NYSE,7011,Hotels & Motels,operating,Consumer Discretionary,True,
BOKF,875357,BOK FINANCIAL CORP,Nasdaq,6021,National Commercial Banks,operating,Financials,True,
MORN,1289419,"Morningstar, Inc.",Nasdaq,6282,Investment Advice,operating,Financials,True,
AOS,91142,SMITH A O CORP,NYSE,3630,Household Appliances,operating,Consumer Discretionary,True,
NNN,751364,"NNN REIT, INC.",NYSE,6798,Real Estate Investment Trusts,operating,Real Estate,True,
ABVX,1956827,Abivax S.A.,Nasdaq,2834,Pharmaceutical Preparations,other,Health Care,False,not an operating company
AGCO,880266,AGCO CORP /DE,NYSE,3523,Farm Machinery & Equipment,operating,Industrials,True,
KMX,1170010,CARMAX INC,NYSE,5500,Retail-Auto Dealers & Gasoline Stations,operating,Consumer Discretionary,True,
STN,1131383,STANTEC INC,NYSE,8711,Services-Engineering Services,other,Industrials,False,not an operating company
ACM,868857,AECOM,NYSE,8711,Services-Engineering Services,operating,Industrials,True,
VIST,1762506,"Vista Energy, S.A.B. de C.V.",NYSE,1311,Crude Petroleum & Natural Gas,other,Energy,False,not an operating company
CNM,1856525,"Core & Main, Inc.",NYSE,5099,"Wholesale-Durable Goods, NEC",operating,Industrials,True,
NFG,70145,NATIONAL FUEL GAS CO,NYSE,4924,Natural Gas Distribution,operating,Utilities,True,
CAE,1173382,CAE INC,Nasdaq,3690,"Miscellaneous Electrical Machinery, Equipment & Supplies",other,Information Technology,False,not an operating company
SFD,91388,SMITHFIELD FOODS INC,Nasdaq,2011,Meat Packing Plants,operating,Consumer Staples,True,
CHWY,1766502,"Chewy, Inc.",NYSE,5961,Retail-Catalog & Mail-Order Houses,operating,Consumer Discretionary,True,
SLAB,1038074,SILICON LABORATORIES INC.,Nasdaq,3674,Semiconductors & Related Devices,operating,Information Technology,True,
CWEN,1567683,"Clearway Energy, Inc.",NYSE,4911,Electric Services,operating,Utilities,True,
PRAX,1689548,"Praxis Precision Medicines, Inc.",Nasdaq,2834,Pharmaceutical Preparations,operating,Health Care,True,
SYRE,1636282,"Spyre Therapeutics, Inc.",Nasdaq,2834,Pharmaceutical Preparations,operating,Health Care,True,
DBX,1467623,"DROPBOX, INC.",Nasdaq,7372,Services-Prepackaged Software,operating,Information Technology,True,
LEVI,94845,LEVI STRAUSS & CO,NYSE,2300,Apparel & Other Finishd Prods of  Fabrics & Similar Matl,operating,Consumer Discretionary,True,
SNEX,913760,StoneX Group Inc.,Nasdaq,6200,"Security & Commodity Brokers, Dealers, Exchanges & Services",operating,Financials,True,
KEX,56047,KIRBY CORP,NYSE,4400,Water Transportation,operating,Industrials,True,
COMP,1563190,"Compass, Inc.",NYSE,6531,Real Estate Agents & Managers (For Others),operating,Real Estate,True,
EMN,915389,EASTMAN CHEMICAL CO,NYSE,2821,"Plastic Materials, Synth Resins & Nonvulcan Elastomers",operating,Materials,True,
IONS,874015,IONIS PHARMACEUTICALS INC,Nasdaq,2834,Pharmaceutical Preparations,operating,Health Care,True,
SEI,1697500,"Solaris Energy Infrastructure, Inc.",NYSE,3533,Oil & Gas Field Machinery & Equipment,operating,Industrials,True,
ACA,1739445,"Arcosa, Inc.",NYSE,3440,Fabricated Structural Metal Products,operating,Industrials,True,
SBSW,1786909,Sibanye Stillwater Ltd,NYSE,1040,Gold and Silver Ores,other,Materials,False,not an operating company
CEF,1726122,Sprott Physical Gold & Silver Trust,NYSE,6221,Commodity Contracts Brokers & Dealers,other,Financials,False,fund / ETF / commodity trust (not an operating company)
VFS,1913510,VinFast Auto Ltd.,Nasdaq,3711,Motor Vehicles & Passenger Car Bodies,other,Consumer Discretionary,False,not an operating company
AAON,824142,"AAON, INC.",Nasdaq,3585,Air-Cond & Warm Air Heatg Equip & Comm & Indl Refrig Equip,operating,Industrials,True,
AXS,1214816,AXIS CAPITAL HOLDINGS LTD,NYSE,6331,"Fire, Marine & Casualty Insurance",operating,Financials,True,
NCLH,1513761,Norwegian Cruise Line Holdings Ltd.,NYSE,4400,Water Transportation,operating,Industrials,True,
TTAN,1638826,"ServiceTitan, Inc.",Nasdaq,7372,Services-Prepackaged Software,operating,Information Technology,True,
SSD,920371,"Simpson Manufacturing Co., Inc.",NYSE,3420,"Cutlery, Handtools & General Hardware",operating,Industrials,True,
HESM,1789832,Hess Midstream LP,NYSE,1311,Crude Petroleum & Natural Gas,operating,Energy,True,
SOBO,2019061,South Bow Corp,NYSE,4610,Pipe Lines (No Natural Gas),other,Industrials,False,not an operating company
VLY,714310,VALLEY NATIONAL BANCORP,Nasdaq,6021,National Commercial Banks,operating,Financials,True,
STAG,1479094,"STAG Industrial, Inc.",NYSE,6798,Real Estate Investment Trusts,operating,Real Estate,True,
TAP,24545,MOLSON COORS BEVERAGE CO,NYSE,2082,Malt Beverages,operating,Consumer Staples,True,
AXTA,1616862,Axalta Coating Systems Ltd.,NYSE,2851,"Paints, Varnishes, Lacquers, Enamels & Allied Prods",operating,Materials,True,
DUOL,1562088,"Duolingo, Inc.",Nasdaq,7372,Services-Prepackaged Software,operating,Information Technology,True,
TRNO,1476150,Terreno Realty Corp,NYSE,6500,Real Estate,operating,Real Estate,True,
APPF,1433195,APPFOLIO INC,Nasdaq,7372,Services-Prepackaged Software,operating,Information Technology,True,
POWL,80420,POWELL INDUSTRIES INC,Nasdaq,3613,Switchgear & Switchboard Apparatus,operating,Industrials,True,
PLXS,785786,PLEXUS CORP,Nasdaq,3672,Printed Circuit Boards,operating,Information Technology,True,
TAL,1499620,TAL Education Group,NYSE,8200,Services-Educational Services,other,Industrials,False,not an operating company
AVAV,1368622,AeroVironment Inc,Nasdaq,3721,Aircraft,operating,Industrials,True,
CAMT,1109138,CAMTEK LTD,Nasdaq,3827,Optical Instruments & Lenses,other,Information Technology,False,not an operating company
APLD,1144879,Applied Digital Corp.,Nasdaq,7374,Services-Computer Processing & Data Preparation,operating,Information Technology,True,
BROS,1866581,Dutch Bros Inc.,NYSE,5810,Retail-Eating & Drinking Places,operating,Consumer Discretionary,True,
CELH,1341766,"Celsius Holdings, Inc.",Nasdaq,2086,Bottled & Canned Soft Drinks & Carbonated Waters,operating,Consumer Staples,True,
URBN,912615,URBAN OUTFITTERS INC,Nasdaq,5651,Retail-Family Clothing Stores,operating,Consumer Discretionary,True,
PRMB,2042694,Primo Brands Corp,NYSE,2080,Beverages,operating,Consumer Staples,True,
AWI,7431,ARMSTRONG WORLD INDUSTRIES INC,NYSE,3089,"Plastics Products, NEC",operating,Materials,True,
CLF,764065,CLEVELAND-CLIFFS INC.,NYSE,1000,Metal Mining,operating,Materials,True,
VCTR,1570827,"Victory Capital Holdings, Inc.",Nasdaq,6282,Investment Advice,operating,Financials,True,
VSXY,1856437,Victoria's Secret & Co.,NYSE,5621,Retail-Women's Clothing Stores,operating,Consumer Discretionary,True,
ETSY,1370637,ETSY INC,NYSE,7389,"Services-Business Services, NEC",operating,Industrials,True,
DSGX,1050140,DESCARTES SYSTEMS GROUP INC,Nasdaq,7372,Services-Prepackaged Software,other,Information Technology,False,not an operating company
PATH,1734722,"UiPath, Inc.",NYSE,7372,Services-Prepackaged Software,operating,Information Technology,True,
SSRM,921638,SSR MINING INC.,Nasdaq,6795,Mineral Royalty Traders,operating,Financials,True,
MSA,66570,MSA Safety Inc,NYSE,3842,"Orthopedic, Prosthetic & Surgical Appliances & Supplies",operating,Health Care,True,
AUGO,1468642,Aura Minerals Inc.,Nasdaq,1000,Metal Mining,other,Materials,False,not an operating company
PACS,2001184,"PACS Group, Inc.",NYSE,8051,Services-Skilled Nursing Care Facilities,operating,Health Care,True,
QLYS,1107843,"QUALYS, INC.",Nasdaq,7372,Services-Prepackaged Software,operating,Information Technology,True,
PDI,1510599,PIMCO Dynamic Income Fund,NYSE,,,other,Unclassified,False,not an operating company
LB,1995807,LandBridge Co LLC,NYSE,6792,Oil Royalty Traders,operating,Financials,True,
NICE,1003935,NICE Ltd.,Nasdaq,7372,Services-Prepackaged Software,other,Information Technology,False,not an operating company
FSS,277509,FEDERAL SIGNAL CORP /DE/,NYSE,3711,Motor Vehicles & Passenger Car Bodies,operating,Consumer Discretionary,True,
LW,1679273,"Lamb Weston Holdings, Inc.",NYSE,2030,"Canned, Frozen & Preservd Fruit, Veg & Food Specialties",operating,Consumer Staples,True,
AMRX,1723128,"Amneal Pharmaceuticals, Inc.",Nasdaq,2834,Pharmaceutical Preparations,operating,Health Care,True,
PPC,802481,PILGRIMS PRIDE CORP,Nasdaq,2015,Poultry Slaughtering and Processing,operating,Consumer Staples,True,
GLBE,1835963,Global-E Online Ltd.,Nasdaq,7372,Services-Prepackaged Software,other,Information Technology,False,not an operating company
WULF,1083301,TERAWULF INC.,Nasdaq,6199,Finance Services,operating,Financials,True,
CIG,1157557,ENERGY CO OF MINAS GERAIS,NYSE,4911,Electric Services,other,Utilities,False,not an operating company
NE,1895262,Noble Corp plc,NYSE,1381,Drilling Oil & Gas Wells,operating,Energy,True,
GTES,1718512,Gates Industrial Corp Ltd.,NYSE,3560,General Industrial Machinery & Equipment,operating,Industrials,True,
MATX,3453,"Matson, Inc.",NYSE,4400,Water Transportation,operating,Industrials,True,
MGY,1698990,Magnolia Oil & Gas Corp,NYSE,1311,Crude Petroleum & Natural Gas,operating,Energy,True,
FLR,1124198,FLUOR CORP,NYSE,1600,Heavy Construction Other Than Bldg Const - Contractors,operating,Industrials,True,
NOV,1021860,NOV Inc.,NYSE,3533,Oil & Gas Field Machinery & Equipment,operating,Industrials,True,
BTG,1429937,B2GOLD CORP,NYSE,1040,Gold and Silver Ores,other,Materials,False,not an operating company
MTDR,1520006,Matador Resources Co,NYSE,1311,Crude Petroleum & Natural Gas,operating,Energy,True,
SARO,2025410,"StandardAero, Inc.",NYSE,3724,Aircraft Engines & Engine Parts,operating,Industrials,True,
ALKS,1520262,Alkermes plc.,Nasdaq,2834,Pharmaceutical Preparations,operating,Health Care,True,
ALGM,866291,"ALLEGRO MICROSYSTEMS, INC.",Nasdaq,3674,Semiconductors & Related Devices,operating,Information Technology,True,
VNO,899689,VORNADO REALTY TRUST,NYSE,6798,Real Estate Investment Trusts,operating,Real Estate,True,
ZG,1617640,"ZILLOW GROUP, INC.",Nasdaq,7389,"Services-Business Services, NEC",operating,Industrials,True,
BZ,1842827,Kanzhun Ltd,Nasdaq,7370,"Services-Computer Programming, Data Processing, Etc.",other,Information Technology,False,not an operating company
ESE,866706,ESCO TECHNOLOGIES INC,NYSE,3669,"Communications Equipment, NEC",operating,Information Technology,True,
MAC,912242,MACERICH CO,NYSE,6798,Real Estate Investment Trusts,operating,Real Estate,True,
LNTH,1521036,"Lantheus Holdings, Inc.",Nasdaq,2835,In Vitro & In Vivo Diagnostic Substances,operating,Health Care,True,
NPO,1164863,Enpro Inc.,NYSE,3050,"Gaskets, Packg & Sealg Devices & Rubber & Plastics Hose",operating,Materials,True,
HIMS,1773751,"Hims & Hers Health, Inc.",NYSE,8011,Services-Offices & Clinics of  Doctors of  Medicine,operating,Health Care,True,
CHE,19584,CHEMED CORP,NYSE,8082,Services-Home Health Care Services,operating,Health Care,True,
ENS,1289308,EnerSys,NYSE,3690,"Miscellaneous Electrical Machinery, Equipment & Supplies",operating,Information Technology,True,
RNG,1384905,"RingCentral, Inc.",NYSE,7374,Services-Computer Processing & Data Preparation,operating,Information Technology,True,
OMF,1584207,"OneMain Holdings, Inc.",NYSE,6141,Personal Credit Institutions,operating,Financials,True,
TXNM,1108426,TXNM ENERGY INC,NYSE,4911,Electric Services,operating,Utilities,True,
CAG,23217,CONAGRA BRANDS INC.,NYSE,2000,Food and Kindred Products,operating,Consumer Staples,True,
HXL,717605,HEXCEL CORP /DE/,NYSE,2821,"Plastic Materials, Synth Resins & Nonvulcan Elastomers",operating,Materials,True,
OR,1627272,OR Royalties Inc.,NYSE,1040,Gold and Silver Ores,other,Materials,False,not an operating company
TBBB,1978954,BBB FOODS INC,NYSE,5411,Retail-Grocery Stores,other,Consumer Staples,False,not an operating company
INGM,1897762,Ingram Micro Holding Corp,NYSE,5045,Wholesale-Computers & Peripheral Equipment & Software,operating,Industrials,True,
ACT,1823529,"Enact Holdings, Inc.",Nasdaq,6411,"Insurance Agents, Brokers & Service",operating,Financials,True,
FAF,1472787,First American Financial Corp,NYSE,6361,Title Insurance,operating,Financials,True,
OKLO,1849056,Oklo Inc.,NYSE,4911,Electric Services,operating,Utilities,True,
RIOT,1167419,"Riot Platforms, Inc.",Nasdaq,6199,Finance Services,operating,Financials,True,
CAVA,1639438,"CAVA GROUP, INC.",NYSE,5812,Retail-Eating  Places,operating,Consumer Discretionary,True,
IMVT,1764013,"Immunovant, Inc.",Nasdaq,2836,"Biological Products, (No Diagnostic Substances)",operating,Health Care,True,
TFPM,1829726,Triple Flag Precious Metals Corp.,NYSE,6795,Mineral Royalty Traders,other,Financials,False,not an operating company
LAD,1023128,LITHIA MOTORS INC,NYSE,5500,Retail-Auto Dealers & Gasoline Stations,operating,Consumer Discretionary,True,
MOS,1285785,MOSAIC CO,NYSE,2870,Agricultural Chemicals,operating,Materials,True,
GGAL,1114700,GRUPO FINANCIERO GALICIA SA,Nasdaq,6029,"Commercial Banks, NEC",other,Financials,False,not an operating company
ECG,2015845,"Everus Construction Group, Inc.",NYSE,1531,Operative Builders,operating,Industrials,True,
CVLT,1169561,COMMVAULT SYSTEMS INC,Nasdaq,7372,Services-Prepackaged Software,operating,Information Technology,True,
ELF,1600033,"e.l.f. Beauty, Inc.",NYSE,2844,"Perfumes, Cosmetics & Other Toilet Preparations",operating,Consumer Staples,True,
PAGP,1581990,PLAINS GP HOLDINGS LP,Nasdaq,4610,Pipe Lines (No Natural Gas),operating,Industrials,True,
UBSI,729986,UNITED BANKSHARES INC/WV,Nasdaq,6022,State Commercial Banks,operating,Financials,True,
RIG,1451505,Transocean Ltd.,NYSE,1381,Drilling Oil & Gas Wells,operating,Energy,True,
FIGR,2064124,"Figure Technology Solutions, Inc.",Nasdaq,6163,Loan Brokers,operating,Financials,True,
DOX,1062579,AMDOCS LTD,Nasdaq,7371,Services-Computer Programming Services,other,Information Technology,False,not an operating company
BLTE,1889109,"BELITE BIO, INC",Nasdaq,2834,Pharmaceutical Preparations,other,Health Care,False,not an operating company
RYTM,1649904,"RHYTHM PHARMACEUTICALS, INC.",Nasdaq,2834,Pharmaceutical Preparations,operating,Health Care,True,
BLCO,1860742,Bausch & Lomb Corp,NYSE,3851,Ophthalmic Goods,operating,Health Care,True,
PL,1836833,Planet Labs PBC,NYSE,3663,Radio & Tv Broadcasting & Communications Equipment,operating,Information Technology,True,
ST,1477294,Sensata Technologies Holding plc,NYSE,3823,"Industrial Instruments For Measurement, Display, and Control",operating,Information Technology,True,
SFM,1575515,"Sprouts Farmers Market, Inc.",Nasdaq,5411,Retail-Grocery Stores,operating,Consumer Staples,True,
XMTR,1657573,"Xometry, Inc.",Nasdaq,7389,"Services-Business Services, NEC",operating,Industrials,True,
FNB,37808,FNB CORP/PA/,NYSE,6021,National Commercial Banks,operating,Financials,True,
LYFT,1759509,"Lyft, Inc.",Nasdaq,7389,"Services-Business Services, NEC",operating,Industrials,True,
ENIC,1659939,Enel Chile S.A.,NYSE,4911,Electric Services,other,Utilities,False,not an operating company
BILI,1723690,Bilibili Inc.,Nasdaq,7374,Services-Computer Processing & Data Preparation,other,Information Technology,False,not an operating company
KNSA,1730430,"Kiniksa Pharmaceuticals International, plc",Nasdaq,2834,Pharmaceutical Preparations,operating,Health Care,True,
GDS,1526125,GDS Holdings Ltd,Nasdaq,7370,"Services-Computer Programming, Data Processing, Etc.",other,Information Technology,False,not an operating company
ANF,1018840,ABERCROMBIE & FITCH CO /DE/,NYSE,5651,Retail-Family Clothing Stores,operating,Consumer Discretionary,True,
CMBT,1604481,CMB.TECH NV,NYSE,4412,Deep Sea Foreign Transportation of  Freight,other,Industrials,False,not an operating company
IOVA,1425205,"IOVANCE BIOTHERAPEUTICS, INC.",Nasdaq,2836,"Biological Products, (No Diagnostic Substances)",operating,Health Care,True,
SWX,1692115,"Southwest Gas Holdings, Inc.",NYSE,4923,Natural Gas Transmisison & Distribution,operating,Utilities,True,
VIPS,1529192,Vipshop Holdings Ltd,NYSE,5961,Retail-Catalog & Mail-Order Houses,other,Consumer Discretionary,False,not an operating company
INSW,1679049,"International Seaways, Inc.",NYSE,4400,Water Transportation,operating,Industrials,True,
CZR,1590895,"Caesars Entertainment, Inc.",Nasdaq,7011,Hotels & Motels,operating,Consumer Discretionary,True,
INGR,1046257,Ingredion Inc,NYSE,2040,Grain Mill Products,operating,Consumer Staples,True,
MBLY,1910139,Mobileye Global Inc.,Nasdaq,7372,Services-Prepackaged Software,operating,Information Technology,True,
M,794367,"Macy's, Inc.",NYSE,5311,Retail-Department Stores,operating,Consumer Discretionary,True,
HR,1360604,Healthcare Realty Trust Inc,NYSE,6798,Real Estate Investment Trusts,operating,Real Estate,True,
GRAL,1699031,"GRAIL, Inc.",Nasdaq,8071,Services-Medical Laboratories,operating,Health Care,True,
TEX,97216,TEREX CORP,NYSE,3537,"Industrial Trucks, Tractors, Trailors & Stackers",operating,Industrials,True,
NAVN,1639723,"Navan, Inc.",Nasdaq,7372,Services-Prepackaged Software,operating,Information Technology,True,
OGC,1487326,OceanaGold Corp,NYSE,1000,Metal Mining,other,Materials,False,not an operating company
ACI,1646972,"Albertsons Companies, Inc.",NYSE,5411,Retail-Grocery Stores,operating,Consumer Staples,True,
WEX,1309108,WEX Inc.,NYSE,7389,"Services-Business Services, NEC",operating,Industrials,True,
CVI,1376139,CVR ENERGY INC,NYSE,2911,Petroleum Refining,operating,Energy,True,
KOD,1468748,Kodiak Sciences Inc.,Nasdaq,2836,"Biological Products, (No Diagnostic Substances)",operating,Health Care,True,
IFS,1615903,Intercorp Financial Services Inc.,NYSE,6029,"Commercial Banks, NEC",other,Financials,False,not an operating company
VAL,314808,Valaris Ltd,NYSE,1381,Drilling Oil & Gas Wells,operating,Energy,True,
SGHC,1878057,Super Group (SGHC) Ltd,NYSE,7990,Services-Miscellaneous Amusement & Recreation,other,Consumer Discretionary,False,not an operating company
TTD,1671933,"Trade Desk, Inc.",Nasdaq,7370,"Services-Computer Programming, Data Processing, Etc.",operating,Information Technology,True,
LEA,842162,LEAR CORP,NYSE,3714,Motor Vehicle Parts & Accessories,operating,Consumer Discretionary,True,
HWC,750577,HANCOCK WHITNEY CORP,Nasdaq,6022,State Commercial Banks,operating,Financials,True,
BLDR,1316835,"Builders FirstSource, Inc.",NYSE,5211,Retail-Lumber & Other Building Materials Dealers,operating,Consumer Discretionary,True,
BKH,1130464,BLACK HILLS CORP /SD/,NYSE,4911,Electric Services,operating,Utilities,True,
MTRN,1104657,MATERION Corp,NYSE,3460,Metal Forgings & Stampings,operating,Industrials,True,
DPC,2107018,DPC Holdings PLC,NYSE,3360,Nonferrous Foundries (Castings),operating,Materials,True,
AVAL,1504764,Grupo Aval Acciones Y Valores S.A.,NYSE,6029,"Commercial Banks, NEC",other,Financials,False,not an operating company
LGND,886163,LIGAND PHARMACEUTICALS INC,Nasdaq,2834,Pharmaceutical Preparations,operating,Health Care,True,
MKTX,1278021,MARKETAXESS HOLDINGS INC,Nasdaq,6211,"Security Brokers, Dealers & Flotation Companies",operating,Financials,True,
HAFN,1815779,Hafnia Ltd,NYSE,4700,Transportation Services,other,Industrials,False,not an operating company
NXE,1698535,NexGen Energy Ltd.,NYSE,1090,Miscellaneous Metal Ores,other,Materials,False,not an operating company
LOAR,2000178,Loar Holdings Inc.,NYSE,3728,"Aircraft Parts & Auxiliary Equipment, NEC",operating,Industrials,True,
G,1398659,Genpact LTD,NYSE,8742,Services-Management Consulting Services,operating,Industrials,True,
PEGA,1013857,PEGASYSTEMS INC,Nasdaq,7374,Services-Computer Processing & Data Preparation,operating,Information Technology,True,
LSTR,853816,LANDSTAR SYSTEM INC,Nasdaq,4213,Trucking (No Local),operating,Industrials,True,
CPB,16732,CAMPBELL'S Co,Nasdaq,2000,Food and Kindred Products,operating,Consumer Staples,True,
VFC,103379,V F CORP,NYSE,2320,"Men's & Boys' Furnishgs, Work Clothg, & Allied Garments",operating,Consumer Discretionary,True,
PJT,1626115,PJT Partners Inc.,NYSE,6282,Investment Advice,operating,Financials,True,
HLNE,1433642,Hamilton Lane INC,Nasdaq,6282,Investment Advice,operating,Financials,True,
GATX,40211,GATX CORP,NYSE,4700,Transportation Services,operating,Industrials,True,
LUMN,18926,"Lumen Technologies, Inc.",Nasdaq,4813,Telephone Communications (No Radiotelephone),operating,Communication Services,True,
MBGL,2090312,Mobility Global Inc.,NYSE,7389,"Services-Business Services, NEC",operating,Industrials,True,
EPAM,1352010,"EPAM Systems, Inc.",NYSE,7371,Services-Computer Programming Services,operating,Information Technology,True,
JOBY,1819848,"Joby Aviation, Inc.",NYSE,3721,Aircraft,operating,Industrials,True,
HOMB,1331520,HOME BANCSHARES INC,NYSE,6022,State Commercial Banks,operating,Financials,True,
POOL,945841,POOL CORP,Nasdaq,5090,Wholesale-Misc Durable Goods,operating,Industrials,True,
MTG,876437,MGIC INVESTMENT CORP,NYSE,6351,Surety Insurance,operating,Financials,True,
CRUS,772406,"CIRRUS LOGIC, INC.",Nasdaq,3674,Semiconductors & Related Devices,operating,Information Technology,True,
ESNT,1448893,Essent Group Ltd.,NYSE,6351,Surety Insurance,operating,Financials,True,
STEP,1796022,StepStone Group Inc.,Nasdaq,6282,Investment Advice,operating,Financials,True,
CROX,1334036,"Crocs, Inc.",Nasdaq,3021,Rubber & Plastics Footwear,operating,Materials,True,
SXT,310142,SENSIENT TECHNOLOGIES CORP,NYSE,2860,Industrial Organic Chemicals,operating,Materials,True,
CGON,1991792,"CG Oncology, Inc.",Nasdaq,2836,"Biological Products, (No Diagnostic Substances)",operating,Health Care,True,
AGX,100591,ARGAN INC,NYSE,1700,Construction - Special Trade Contractors,operating,Industrials,True,
OTEX,1002638,OPEN TEXT CORP,Nasdaq,7373,Services-Computer Integrated Systems Design,operating,Information Technology,True,
CACC,885550,CREDIT ACCEPTANCE CORP,Nasdaq,6141,Personal Credit Institutions,operating,Financials,True,
FSV,1637810,FirstService Corp,Nasdaq,6500,Real Estate,other,Real Estate,False,not an operating company
PI,1114995,IMPINJ INC,Nasdaq,3679,"Electronic Components, NEC",operating,Information Technology,True,
BXSL,1736035,Blackstone Secured Lending Fund,NYSE,,,operating,Unclassified,True,
GBCI,868671,"GLACIER BANCORP, INC.",NYSE,6022,State Commercial Banks,operating,Financials,True,
CIFR,1819989,Cipher Digital Inc.,Nasdaq,6199,Finance Services,operating,Financials,True,
VRNS,1361113,VARONIS SYSTEMS INC,Nasdaq,7372,Services-Prepackaged Software,operating,Information Technology,True,
RYN,52827,RAYONIER INC,NYSE,6798,Real Estate Investment Trusts,operating,Real Estate,True,
EXLS,1297989,"ExlService Holdings, Inc.",Nasdaq,7389,"Services-Business Services, NEC",operating,Industrials,True,
MUR,717423,MURPHY OIL CORP,NYSE,1311,Crude Petroleum & Natural Gas,operating,Energy,True,
SNDR,1692063,"Schneider National, Inc.",NYSE,4213,Trucking (No Local),operating,Industrials,True,
LKQ,1065696,LKQ CORP,Nasdaq,5010,Wholesale-Motor Vehicles & Motor Vehicle Parts & Supplies,operating,Industrials,True,
XE,2088896,"X-Energy, Inc.",Nasdaq,3443,Fabricated Plate Work (Boiler Shops),operating,Industrials,True,
WPP,806968,WPP plc,NYSE,7311,Services-Advertising Agencies,other,Industrials,False,not an operating company
MMED,2062583,"MiniMed Group, Inc.",Nasdaq,3841,Surgical & Medical Instruments & Apparatus,operating,Health Care,True,
WFRD,1603923,Weatherford International plc,Nasdaq,3533,Oil & Gas Field Machinery & Equipment,operating,Industrials,True,
DLB,1308547,"Dolby Laboratories, Inc.",NYSE,6794,Patent Owners & Lessors,operating,Financials,True,
MAAS,1750264,Maase Inc.,Nasdaq,6282,Investment Advice,other,Financials,False,not an operating company
FTDR,1727263,"Frontdoor, Inc.",Nasdaq,7340,Services-To Dwellings & Other Buildings,operating,Industrials,True,
JBTM,1433660,JBT MAREL Corp,NYSE,3550,Special Industry Machinery (No Metalworking Machinery),operating,Industrials,True,
CPA,1345105,"Copa Holdings, S.A.",NYSE,4512,"Air Transportation, Scheduled",other,Industrials,False,not an operating company
QBTS,1907982,D-Wave Quantum Inc.,Nasdaq,7374,Services-Computer Processing & Data Preparation,operating,Information Technology,True,
BIRK,1977102,Birkenstock Holding plc,NYSE,3140,"Footwear, (No Rubber)",other,Consumer Discretionary,False,not an operating company
ASB,7789,ASSOCIATED BANC-CORP,NYSE,6022,State Commercial Banks,operating,Financials,True,
WH,1722684,"WYNDHAM HOTELS & RESORTS, INC.",NYSE,7011,Hotels & Motels,operating,Consumer Discretionary,True,
HRB,12659,H&R BLOCK INC,NYSE,7200,Services-Personal Services,operating,Consumer Discretionary,True,
HAE,313143,HAEMONETICS CORP,NYSE,3841,Surgical & Medical Instruments & Apparatus,operating,Health Care,True,
BEPC,1791863,Brookfield Renewable Corp,NYSE,4911,Electric Services,other,Utilities,False,not an operating company
LAUR,912766,"LAUREATE EDUCATION, INC.",Nasdaq,8200,Services-Educational Services,operating,Industrials,True,
EPRT,1728951,"ESSENTIAL PROPERTIES REALTY TRUST, INC.",NYSE,6798,Real Estate Investment Trusts,operating,Real Estate,True,
AUB,883948,Atlantic Union Bankshares Corp,NYSE,6022,State Commercial Banks,operating,Financials,True,
SAIC,1571123,Science Applications International Corp,Nasdaq,7373,Services-Computer Integrated Systems Design,operating,Information Technology,True,
KGS,1767042,"Kodiak Gas Services, Inc.",NYSE,4922,Natural Gas Transmission,operating,Utilities,True,
ORA,1296445,"ORMAT TECHNOLOGIES, INC.",NYSE,4911,Electric Services,operating,Utilities,True,
BGC,1094831,"BGC Group, Inc.",Nasdaq,6200,"Security & Commodity Brokers, Dealers, Exchanges & Services",operating,Financials,True,
OCTV,2083632,Octave Intelligence plc,Nasdaq,7372,Services-Prepackaged Software,operating,Information Technology,True,
BCPC,9326,BALCHEM CORP,Nasdaq,2800,Chemicals & Allied Products,operating,Materials,True,
ERAS,1761918,"Erasca, Inc.",Nasdaq,2834,Pharmaceutical Preparations,operating,Health Care,True,
BBUC,1654795,Brookfield Business Corp,NYSE,1700,Construction - Special Trade Contractors,other,Industrials,False,not an operating company
ABCB,351569,Ameris Bancorp,NYSE,6022,State Commercial Banks,operating,Financials,True,
CWST,911177,CASELLA WASTE SYSTEMS INC,Nasdaq,4953,Refuse Systems,operating,Utilities,True,
GXO,1852244,"GXO Logistics, Inc.",NYSE,4700,Transportation Services,operating,Industrials,True,
POR,784977,PORTLAND GENERAL ELECTRIC CO /OR/,NYSE,4911,Electric Services,operating,Utilities,True,
AROC,1389050,"Archrock, Inc.",NYSE,4922,Natural Gas Transmission,operating,Utilities,True,
VEON,1468091,VEON Ltd.,Nasdaq,4812,Radiotelephone Communications,other,Communication Services,False,not an operating company
MIRM,1759425,"Mirum Pharmaceuticals, Inc.",Nasdaq,2834,Pharmaceutical Preparations,operating,Health Care,True,
CAKE,887596,CHEESECAKE FACTORY INC,Nasdaq,5812,Retail-Eating  Places,operating,Consumer Discretionary,True,
VSH,103730,VISHAY INTERTECHNOLOGY INC,NYSE,3670,Electronic Components & Accessories,operating,Information Technology,True,
PECO,1476204,"Phillips Edison & Company, Inc.",Nasdaq,6798,Real Estate Investment Trusts,operating,Real Estate,True,
RDNT,790526,"RadNet, Inc.",Nasdaq,8071,Services-Medical Laboratories,operating,Health Care,True,
STVN,1849853,Stevanato Group S.p.A.,NYSE,3841,Surgical & Medical Instruments & Apparatus,other,Health Care,False,not an operating company
TFX,96943,TELEFLEX INC,NYSE,3841,Surgical & Medical Instruments & Apparatus,operating,Health Care,True,
RUSHA,1012019,RUSH ENTERPRISES INC \TX\,Nasdaq,5500,Retail-Auto Dealers & Gasoline Stations,operating,Consumer Discretionary,True,
COGT,1622229,"Cogent Biosciences, Inc.",Nasdaq,2834,Pharmaceutical Preparations,operating,Health Care,True,
CHDN,20212,Churchill Downs Inc,Nasdaq,7948,"Services-Racing, Including Track Operation",operating,Consumer Discretionary,True,
PTCT,1070081,"PTC THERAPEUTICS, INC.",Nasdaq,2834,Pharmaceutical Preparations,operating,Health Care,True,
DOCS,1516513,"Doximity, Inc.",NYSE,7371,Services-Computer Programming Services,operating,Information Technology,True,
NIQ,2054696,NIQ Global Intelligence plc,NYSE,7370,"Services-Computer Programming, Data Processing, Etc.",operating,Information Technology,True,
RLI,84246,RLI CORP,NYSE,6331,"Fire, Marine & Casualty Insurance",operating,Financials,True,
SRRK,1727196,Scholar Rock Holding Corp,Nasdaq,2836,"Biological Products, (No Diagnostic Substances)",operating,Health Care,True,
AN,350698,"AUTONATION, INC.",NYSE,5500,Retail-Auto Dealers & Gasoline Stations,operating,Consumer Discretionary,True,
OLLI,1639300,"Ollie's Bargain Outlet Holdings, Inc.",Nasdaq,5331,Retail-Variety Stores,operating,Consumer Discretionary,True,
OUT,1579877,OUTFRONT Media Inc.,NYSE,6798,Real Estate Investment Trusts,operating,Real Estate,True,
NJR,356309,NEW JERSEY RESOURCES CORP,NYSE,4924,Natural Gas Distribution,operating,Utilities,True,
MANE,1827635,"Veradermics, Inc",NYSE,2834,Pharmaceutical Preparations,operating,Health Care,True,
ORKA,907654,"Oruka Therapeutics, Inc.",Nasdaq,2834,Pharmaceutical Preparations,operating,Health Care,True,
MTN,812011,VAIL RESORTS INC,NYSE,7990,Services-Miscellaneous Amusement & Recreation,operating,Consumer Discretionary,True,
PSMT,1041803,PRICESMART INC,Nasdaq,5331,Retail-Variety Stores,operating,Consumer Discretionary,True,
VIRT,1592386,"Virtu Financial, Inc.",NYSE,6211,"Security Brokers, Dealers & Flotation Companies",operating,Financials,True,
RRR,1653653,"Red Rock Resorts, Inc.",Nasdaq,7011,Hotels & Motels,operating,Consumer Discretionary,True,
KVYO,1835830,"Klaviyo, Inc.",NYSE,7372,Services-Prepackaged Software,operating,Information Technology,True,
ACIW,935036,"ACI WORLDWIDE, INC.",Nasdaq,7372,Services-Prepackaged Software,operating,Information Technology,True,
EXP,918646,EAGLE MATERIALS INC,NYSE,3241,"Cement, Hydraulic",operating,Materials,True,
MWH,2065636,"SOLV Energy, Inc.",Nasdaq,1600,Heavy Construction Other Than Bldg Const - Contractors,operating,Industrials,True,
MAIN,1396440,Main Street Capital CORP,NYSE,,,operating,Unclassified,True,
NOVT,1076930,NOVANTA INC,Nasdaq,3690,"Miscellaneous Electrical Machinery, Equipment & Supplies",operating,Information Technology,True,
CRGY,1866175,Crescent Energy Co,NYSE,1311,Crude Petroleum & Natural Gas,operating,Energy,True,
BB,1070235,BLACKBERRY Ltd,NYSE,7372,Services-Prepackaged Software,operating,Information Technology,True,
MMSI,856982,MERIT MEDICAL SYSTEMS INC,Nasdaq,3841,Surgical & Medical Instruments & Apparatus,operating,Health Care,True,
CLMT,2013745,"Calumet, Inc. /DE",Nasdaq,2911,Petroleum Refining,operating,Energy,True,
SIGI,230557,SELECTIVE INSURANCE GROUP INC,Nasdaq,6331,"Fire, Marine & Casualty Insurance",operating,Financials,True,
WAY,1990354,Waystar Holding Corp.,Nasdaq,7373,Services-Computer Integrated Systems Design,operating,Information Technology,True,
BYD,906553,BOYD GAMING CORP,NYSE,7011,Hotels & Motels,operating,Consumer Discretionary,True,
GVA,861459,GRANITE CONSTRUCTION INC,NYSE,1600,Heavy Construction Other Than Bldg Const - Contractors,operating,Industrials,True,
SHC,1822479,Sotera Health Co,Nasdaq,8090,"Services-Misc Health & Allied Services, NEC",operating,Health Care,True,
AX,1299709,"Axos Financial, Inc.",NYSE,6035,"Savings Institution, Federally Chartered",operating,Financials,True,
GHC,104889,Graham Holdings Co,NYSE,8200,Services-Educational Services,operating,Industrials,True,
OBDC,1655888,Blue Owl Capital Corp,NYSE,,,operating,Unclassified,True,
KLAR,2003292,Klarna Group plc,NYSE,6199,Finance Services,other,Financials,False,not an operating company
GRFS,1438569,Grifols SA,Nasdaq,2834,Pharmaceutical Preparations,other,Health Care,False,not an operating company
IRDM,1418819,Iridium Communications Inc.,Nasdaq,4899,"Communications Services, NEC",operating,Communication Services,True,
IBP,1580905,"Installed Building Products, Inc.",NYSE,1520,General Bldg Contractors - Residential Bldgs,operating,Industrials,True,
WFG,1402388,"WEST FRASER TIMBER CO., LTD",NYSE,2421,"Sawmills & Planting Mills, General",other,Materials,False,not an operating company
NXST,1142417,"NEXSTAR MEDIA GROUP, INC.",Nasdaq,4833,Television Broadcasting Stations,operating,Communication Services,True,
ROAD,1718227,"Construction Partners, Inc.",Nasdaq,1600,Heavy Construction Other Than Bldg Const - Contractors,operating,Industrials,True,
CNO,1224608,"CNO Financial Group, Inc.",NYSE,6321,Accident & Health Insurance,operating,Financials,True,
CNX,1070412,CNX Resources Corp,NYSE,1311,Crude Petroleum & Natural Gas,operating,Energy,True,
GLNG,1207179,GOLAR LNG LTD,Nasdaq,4400,Water Transportation,other,Industrials,False,not an operating company
RSI,1793659,"Rush Street Interactive, Inc.",NYSE,7990,Services-Miscellaneous Amusement & Recreation,operating,Consumer Discretionary,True,
TVTX,1438533,"Travere Therapeutics, Inc.",Nasdaq,2834,Pharmaceutical Preparations,operating,Health Care,True,
RELY,1782170,"Remitly Global, Inc.",Nasdaq,7389,"Services-Business Services, NEC",operating,Industrials,True,
KRG,1286043,KITE REALTY GROUP TRUST,NYSE,6798,Real Estate Investment Trusts,operating,Real Estate,True,
BOX,1372612,BOX INC,NYSE,7372,Services-Prepackaged Software,operating,Information Technology,True,
WTM,776867,WHITE MOUNTAINS INSURANCE GROUP LTD,NYSE,6331,"Fire, Marine & Casualty Insurance",operating,Financials,True,
CORZ,1839341,"Core Scientific, Inc./tx",Nasdaq,6199,Finance Services,operating,Financials,True,
CE,1306830,Celanese Corp,NYSE,2820,"Plastic Material, Synth Resin/Rubber, Cellulos (No Glass)",operating,Materials,True,
CRSP,1674416,CRISPR Therapeutics AG,Nasdaq,2836,"Biological Products, (No Diagnostic Substances)",operating,Health Care,True,
FND,1507079,"Floor & Decor Holdings, Inc.",NYSE,5211,Retail-Lumber & Other Building Materials Dealers,operating,Consumer Discretionary,True,
OZK,1569650,Bank OZK,Nasdaq,,,other,Unclassified,False,not an operating company
HGTY,1840776,"Hagerty, Inc.",NYSE,6411,"Insurance Agents, Brokers & Service",operating,Financials,True,
ACMR,1680062,"ACM Research, Inc.",Nasdaq,3559,"Special Industry Machinery, NEC",operating,Industrials,True,
STWD,1465128,"STARWOOD PROPERTY TRUST, INC.",NYSE,6798,Real Estate Investment Trusts,operating,Real Estate,True,
SBRA,1492298,"Sabra Health Care REIT, Inc.",Nasdaq,6798,Real Estate Investment Trusts,operating,Real Estate,True,
EBC,1810546,"Eastern Bankshares, Inc.",Nasdaq,6035,"Savings Institution, Federally Chartered",operating,Financials,True,
RITM,1556593,Rithm Capital Corp.,NYSE,6798,Real Estate Investment Trusts,operating,Real Estate,True,
MYRG,700923,MYR GROUP INC.,Nasdaq,1623,"Water, Sewer, Pipeline, Comm & Power Line Construction",operating,Industrials,True,
MEOH,886977,METHANEX CORP,Nasdaq,2860,Industrial Organic Chemicals,other,Materials,False,not an operating company
CHH,1046311,CHOICE HOTELS INTERNATIONAL INC /DE,NYSE,7011,Hotels & Motels,operating,Consumer Discretionary,True,
MIDD,769520,MIDDLEBY Corp,Nasdaq,3580,Refrigeration & Service Industry Machinery,operating,Industrials,True,
SON,91767,SONOCO PRODUCTS CO,NYSE,2650,Paperboard Containers & Boxes,operating,Materials,True,
BETA,1784570,"BETA Technologies, Inc.",NYSE,3721,Aircraft,operating,Industrials,True,
GTX,1735707,Garrett Motion Inc.,Nasdaq,3714,Motor Vehicle Parts & Accessories,operating,Consumer Discretionary,True,
RXO,1929561,"RXO, Inc.",NYSE,4700,Transportation Services,operating,Industrials,True,
BLSH,1872195,Bullish,NYSE,6199,Finance Services,other,Financials,False,not an operating company
HCC,1691303,"WARRIOR MET COAL, INC.",NYSE,1220,Silver Ores,operating,Energy,True,
MRCY,1049521,MERCURY SYSTEMS INC,Nasdaq,3670,Electronic Components & Accessories,operating,Information Technology,True,
MAT,63276,MATTEL INC /DE/,Nasdaq,3942,Dolls & Stuffed Toys,operating,Consumer Discretionary,True,
IEP,813762,ICAHN ENTERPRISES L.P.,Nasdaq,2911,Petroleum Refining,operating,Energy,True,
NSIT,932696,INSIGHT ENTERPRISES INC,Nasdaq,5961,Retail-Catalog & Mail-Order Houses,operating,Consumer Discretionary,True,
SYNA,817720,SYNAPTICS Inc,Nasdaq,3674,Semiconductors & Related Devices,operating,Information Technology,True,
KLIC,56978,KULICKE & SOFFA INDUSTRIES INC,Nasdaq,3674,Semiconductors & Related Devices,operating,Information Technology,True,
AXTI,1051627,AXT INC,Nasdaq,3674,Semiconductors & Related Devices,operating,Information Technology,True,
VSEC,102752,VSE CORP,Nasdaq,8711,Services-Engineering Services,operating,Industrials,True,
FLG,910073,"FLAGSTAR BANK, NATIONAL ASSOCIATION",NYSE,6036,"Savings Institutions, Not Federally Chartered",operating,Financials,True,
ADT,1703056,ADT Inc.,NYSE,7381,"Services-Detective, Guard & Armored Car Services",operating,Industrials,True,
CRC,1609253,California Resources Corp,NYSE,1311,Crude Petroleum & Natural Gas,operating,Energy,True,
CON,2014596,"Concentra Group Holdings Parent, Inc.",NYSE,8093,"Services-Specialty Outpatient Facilities, NEC",operating,Health Care,True,
UNF,717954,UNIFIRST CORP,NYSE,7200,Services-Personal Services,operating,Consumer Discretionary,True,
CSW,1624794,"CSW INDUSTRIALS, INC.",NYSE,2891,Adhesives & Sealants,operating,Materials,True,
FBIN,1519751,"Fortune Brands Innovations, Inc.",NYSE,2430,"Millwood, Veneer, Plywood, & Structural Wood Members",operating,Materials,True,
USAR,1970622,"USA Rare Earth, Inc.",Nasdaq,1000,Metal Mining,operating,Materials,True,
GEF,43920,"GREIF, INC",NYSE,3412,"Metal Shipping Barrels, Drums, Kegs & Pails",operating,Industrials,True,
DK,1694426,"Delek US Holdings, Inc.",NYSE,2911,Petroleum Refining,operating,Energy,True,
OPCH,1014739,"Option Care Health, Inc.",Nasdaq,8082,Services-Home Health Care Services,operating,Health Care,True,
REYN,1786431,Reynolds Consumer Products Inc.,Nasdaq,2673,"Plastics, Foil & Coated Paper Bags",operating,Materials,True,
DFTX,1813814,"Definium Therapeutics, Inc.",Nasdaq,2833,Medicinal Chemicals & Botanical Products,operating,Health Care,True,
RGTI,1838359,"Rigetti Computing, Inc.",Nasdaq,7371,Services-Computer Programming Services,operating,Information Technology,True,
GOLF,1672013,Acushnet Holdings Corp.,NYSE,3949,"Sporting & Athletic Goods, NEC",operating,Consumer Discretionary,True,
DNTH,1690585,"Dianthus Therapeutics, Inc. /DE/",Nasdaq,2834,Pharmaceutical Preparations,operating,Health Care,True,
HASI,1561894,"HA Sustainable Infrastructure Capital, Inc.",NYSE,6799,"Investors, NEC",operating,Financials,True,
SR,1126956,SPIRE INC,NYSE,4924,Natural Gas Distribution,operating,Utilities,True,
CHEF,1517175,"Chefs' Warehouse, Inc.",Nasdaq,5141,"Wholesale-Groceries, General Line",operating,Industrials,True,
AMTM,2011286,"Amentum Holdings, Inc.",NYSE,7389,"Services-Business Services, NEC",operating,Industrials,True,
NWE,1993004,"NorthWestern Energy Group, Inc.",Nasdaq,4931,Electric & Other Services Combined,operating,Utilities,True,
LPX,60519,LOUISIANA-PACIFIC CORP,NYSE,2400,Lumber & Wood Products (No Furniture),operating,Materials,True,
TFSL,1381668,TFS Financial CORP,Nasdaq,6035,"Savings Institution, Federally Chartered",operating,Financials,True,
LFST,1845257,"LifeStance Health Group, Inc.",Nasdaq,8000,Services-Health Services,operating,Health Care,True,
CUZ,25232,COUSINS PROPERTIES INC,NYSE,6798,Real Estate Investment Trusts,operating,Real Estate,True,
ENVA,1529864,"Enova International, Inc.",NYSE,6141,Personal Credit Institutions,operating,Financials,True,
PIPR,1230245,PIPER SANDLER COMPANIES,NYSE,6211,"Security Brokers, Dealers & Flotation Companies",operating,Financials,True,
OGS,1587732,"ONE Gas, Inc.",NYSE,4924,Natural Gas Distribution,operating,Utilities,True,
TREX,1069878,TREX CO INC,NYSE,2400,Lumber & Wood Products (No Furniture),operating,Materials,True,
BIPC,1788348,Brookfield Infrastructure Corp,NYSE,4923,Natural Gas Transmisison & Distribution,other,Utilities,False,not an operating company
PRM,1880319,"Perimeter Solutions, Inc.",NYSE,2800,Chemicals & Allied Products,operating,Materials,True,
PSN,275880,PARSONS CORP,NYSE,7373,Services-Computer Integrated Systems Design,operating,Information Technology,True,
FFIN,36029,FIRST FINANCIAL BANKSHARES INC,Nasdaq,6022,State Commercial Banks,operating,Financials,True,
RDN,890926,RADIAN GROUP INC,NYSE,6351,Surety Insurance,operating,Financials,True,
NNI,1258602,NELNET INC,NYSE,6141,Personal Credit Institutions,operating,Financials,True,
BWIN,1781755,"Baldwin Insurance Group, Inc.",Nasdaq,6411,"Insurance Agents, Brokers & Service",operating,Financials,True,
UEC,1334933,URANIUM ENERGY CORP,NYSE,1090,Miscellaneous Metal Ores,operating,Materials,True,
BLLN,2070849,"BillionToOne, Inc.",Nasdaq,8071,Services-Medical Laboratories,operating,Health Care,True,
TKC,1071321,TURKCELL ILETISIM HIZMETLERI A S,NYSE,4813,Telephone Communications (No Radiotelephone),other,Communication Services,False,not an operating company
DIOD,29002,DIODES INC /DEL/,Nasdaq,3674,Semiconductors & Related Devices,operating,Information Technology,True,
DAVE,1841408,Dave Inc./DE,Nasdaq,6199,Finance Services,operating,Financials,True,
CIGI,913353,Colliers International Group Inc.,Nasdaq,6500,Real Estate,operating,Real Estate,True,
OII,73756,OCEANEERING INTERNATIONAL INC,NYSE,1389,"Oil & Gas Field Services, NEC",operating,Energy,True,
GNTX,355811,GENTEX CORP,Nasdaq,3714,Motor Vehicle Parts & Accessories,operating,Consumer Discretionary,True,
CNR,1710366,"Core Natural Resources, Inc.",NYSE,1220,Silver Ores,operating,Energy,True,
DLO,1846832,dLocal Ltd,Nasdaq,7389,"Services-Business Services, NEC",other,Industrials,False,not an operating company
YOU,1856314,"Clear Secure, Inc.",NYSE,7372,Services-Prepackaged Software,operating,Information Technology,True,
WHD,1699136,"Cactus, Inc.",NYSE,3533,Oil & Gas Field Machinery & Equipment,operating,Industrials,True,
CVSA,730464,Covista Inc.,NYSE,8200,Services-Educational Services,operating,Industrials,True,
ALK,766421,"ALASKA AIR GROUP, INC.",NYSE,4512,"Air Transportation, Scheduled",operating,Industrials,True,
PRIM,1361538,Primoris Services Corp,NYSE,1623,"Water, Sewer, Pipeline, Comm & Power Line Construction",operating,Industrials,True,
SIM,887153,"GRUPO SIMEC, S.A.B. de C.V.",NYSE,3312,"Steel Works, Blast Furnaces & Rolling Mills (Coke Ovens)",other,Materials,False,not an operating company
STNG,1483934,Scorpio Tankers Inc.,NYSE,4412,Deep Sea Foreign Transportation of  Freight,other,Industrials,False,not an operating company
MDA,1857047,MDA Space Ltd.,NYSE,3760,Guided Missiles & Space Vehicles & Parts,other,Industrials,False,not an operating company
TPC,77543,TUTOR PERINI CORP,NYSE,1540,General Bldg Contractors - Nonresidential Bldgs,operating,Industrials,True,
SKY,90896,"Champion Homes, Inc.",NYSE,2451,Mobile Homes,operating,Materials,True,
ATAT,1853717,Atour Lifestyle Holdings Ltd,Nasdaq,7011,Hotels & Motels,other,Consumer Discretionary,False,not an operating company
VNT,1786842,Vontier Corp,NYSE,3824,Totalizing Fluid Meters & Counting Devices,operating,Information Technology,True,
KBR,1357615,"KBR, INC.",NYSE,1600,Heavy Construction Other Than Bldg Const - Contractors,operating,Industrials,True,
PARR,821483,"PAR PACIFIC HOLDINGS, INC.",NYSE,1311,Crude Petroleum & Natural Gas,operating,Energy,True,
VSNT,2067876,"Versant Media Group, Inc.",Nasdaq,4833,Television Broadcasting Stations,operating,Communication Services,True,
PTEN,889900,PATTERSON UTI ENERGY INC,Nasdaq,1381,Drilling Oil & Gas Wells,operating,Energy,True,
OMAB,1378239,Central North Airport Group,Nasdaq,4581,"Airports, Flying Fields & Airport Terminal Services",other,Industrials,False,not an operating company
OPLN,1395942,"OPENLANE, Inc.",NYSE,5500,Retail-Auto Dealers & Gasoline Stations,operating,Consumer Discretionary,True,
PAM,1469395,Pampa Energy Inc.,NYSE,4911,Electric Services,other,Utilities,False,not an operating company
OTF,1747777,Blue Owl Technology Finance Corp.,NYSE,,,operating,Unclassified,True,
ITGR,1114483,Integer Holdings Corp,NYSE,3845,Electromedical & Electrotherapeutic Apparatus,operating,Health Care,True,
ENPH,1463101,"Enphase Energy, Inc.",Nasdaq,3674,Semiconductors & Related Devices,operating,Information Technology,True,
ARX,1997350,Accelerant Holdings,NYSE,6411,"Insurance Agents, Brokers & Service",operating,Financials,True,
FELE,38725,FRANKLIN ELECTRIC CO INC,Nasdaq,3621,Motors & Generators,operating,Industrials,True,
CGAU,1854640,Centerra Gold Inc.,NYSE,1040,Gold and Silver Ores,other,Materials,False,not an operating company
TENB,1660280,"Tenable Holdings, Inc.",Nasdaq,7372,Services-Prepackaged Software,operating,Information Technology,True,
HHH,1981792,Howard Hughes Holdings Inc.,NYSE,6798,Real Estate Investment Trusts,operating,Real Estate,True,
CNK,1385280,"Cinemark Holdings, Inc.",NYSE,7830,Services-Motion Picture Theaters,operating,Communication Services,True,
IBOC,315709,INTERNATIONAL BANCSHARES CORP,Nasdaq,6022,State Commercial Banks,operating,Financials,True,
FULT,700564,FULTON FINANCIAL CORP,Nasdaq,6021,National Commercial Banks,operating,Financials,True,
SLM,1032033,SLM Corp,Nasdaq,6141,Personal Credit Institutions,operating,Financials,True,
EWTX,1710072,"Edgewise Therapeutics, Inc.",Nasdaq,2834,Pharmaceutical Preparations,operating,Health Care,True,
ALH,1317685,Alliance Laundry Holdings Inc.,NYSE,3580,Refrigeration & Service Industry Machinery,operating,Industrials,True,
GFF,50725,GRIFFON CORP,NYSE,3442,"Metal Doors, Sash, Frames, Moldings & Trim",operating,Industrials,True,
SFBS,1430723,"ServisFirst Bancshares, Inc.",NYSE,6022,State Commercial Banks,operating,Financials,True,
UFPI,912767,UFP INDUSTRIES INC,Nasdaq,2421,"Sawmills & Planting Mills, General",operating,Materials,True,
BDC,913142,BELDEN INC.,NYSE,3357,Drawing & Insulating of  Nonferrous Wire,operating,Materials,True,
BCO,78890,BRINKS CO,NYSE,4731,Arrangement of  Transportation of  Freight & Cargo,operating,Industrials,True,
FHI,1056288,"FEDERATED HERMES, INC.",NYSE,6282,Investment Advice,operating,Financials,True,
BMA,1347426,Macro Bank Inc.,NYSE,6029,"Commercial Banks, NEC",other,Financials,False,not an operating company
TDW,98222,TIDEWATER INC,NYSE,4400,Water Transportation,operating,Industrials,True,
INDV,1625297,"Indivior Pharmaceuticals, Inc.",Nasdaq,2834,Pharmaceutical Preparations,operating,Health Care,True,
CVCO,278166,"CAVCO INDUSTRIES, INC.",Nasdaq,2451,Mobile Homes,operating,Materials,True,
HRI,1364479,HERC HOLDINGS INC,NYSE,7350,Services-Miscellaneous Equipment Rental & Leasing,operating,Industrials,True,
KRMN,2040127,Karman Holdings Inc.,NYSE,3728,"Aircraft Parts & Auxiliary Equipment, NEC",operating,Industrials,True,
EPR,1045450,EPR PROPERTIES,NYSE,6798,Real Estate Investment Trusts,operating,Real Estate,True,
LOPE,1434588,"Grand Canyon Education, Inc.",Nasdaq,8200,Services-Educational Services,operating,Industrials,True,
LIVN,1639691,LivaNova PLC,Nasdaq,3845,Electromedical & Electrotherapeutic Apparatus,operating,Health Care,True,
MC,1596967,Moelis & Co,NYSE,6282,Investment Advice,operating,Financials,True,
JMKE,2127043,Jersey Mike's Subs Inc.,NYSE,5812,Retail-Eating  Places,operating,Consumer Discretionary,True,
SKT,899715,TANGER INC.,NYSE,6798,Real Estate Investment Trusts,operating,Real Estate,True,
TRMD,1655891,TORM plc,Nasdaq,4412,Deep Sea Foreign Transportation of  Freight,other,Industrials,False,not an operating company
AZZ,8947,AZZ INC,NYSE,3470,"Coating, Engraving & Allied Services",operating,Industrials,True,
XXI,2070457,"Twenty One Capital, Inc.",NYSE,6199,Finance Services,operating,Financials,True,
ACLS,1113232,AXCELIS TECHNOLOGIES INC,Nasdaq,3559,"Special Industry Machinery, NEC",operating,Industrials,True,
ADPT,1478320,Adaptive Biotechnologies Corp,Nasdaq,2836,"Biological Products, (No Diagnostic Substances)",operating,Health Care,True,
HTFL,1464521,"Heartflow, Inc.",Nasdaq,3841,Surgical & Medical Instruments & Apparatus,operating,Health Care,True,
FBP,1057706,FIRST BANCORP /PR/,NYSE,6022,State Commercial Banks,operating,Financials,True,
MMYT,1495153,MakeMyTrip Ltd,Nasdaq,4700,Transportation Services,other,Industrials,False,not an operating company
AIR,1750,AAR CORP,NYSE,3720,Aircraft & Parts,operating,Industrials,True,
FRVO,1853868,Fervo Energy Co,Nasdaq,4911,Electric Services,operating,Utilities,True,
TAC,1144800,TRANSALTA CORP,NYSE,4911,Electric Services,other,Utilities,False,not an operating company
KFY,56679,KORN FERRY,NYSE,7361,Services-Employment Agencies,operating,Industrials,True,
SIG,832988,SIGNET JEWELERS LTD,NYSE,5944,Retail-Jewelry Stores,operating,Consumer Discretionary,True,
ESAB,1877322,ESAB Corp,NYSE,3569,"General Industrial Machinery & Equipment, NEC",operating,Industrials,True,
GEO,923796,GEO GROUP INC,NYSE,1520,General Bldg Contractors - Residential Bldgs,operating,Industrials,True,
KRC,1025996,KILROY REALTY CORP,NYSE,6798,Real Estate Investment Trusts,operating,Real Estate,True,
CRK,23194,COMSTOCK RESOURCES INC,NYSE,1311,Crude Petroleum & Natural Gas,operating,Energy,True,
UCB,857855,UNITED COMMUNITY BANKS INC,NYSE,6022,State Commercial Banks,operating,Financials,True,
HP,46765,"Helmerich & Payne, Inc.",NYSE,1381,Drilling Oil & Gas Wells,operating,Energy,True,
DHT,1331284,"DHT Holdings, Inc.",NYSE,4412,Deep Sea Foreign Transportation of  Freight,other,Industrials,False,not an operating company
BC,14930,BRUNSWICK CORP,NYSE,3510,Engines & Turbines,operating,Industrials,True,
MIR,1809987,"Mirion Technologies, Inc.",NYSE,3829,"Measuring & Controlling Devices, NEC",operating,Information Technology,True,
CAAP,1717393,CORPORACION AMERICA AIRPORTS S.A.,NYSE,4581,"Airports, Flying Fields & Airport Terminal Services",other,Industrials,False,not an operating company
SPHR,1795250,Sphere Entertainment Co.,NYSE,7900,Services-Amusement & Recreation Services,operating,Consumer Discretionary,True,
PAY,1841156,"Paymentus Holdings, Inc.",NYSE,7389,"Services-Business Services, NEC",operating,Industrials,True,
WK,1445305,WORKIVA INC,NYSE,7372,Services-Prepackaged Software,operating,Information Technology,True,
CATY,861842,CATHAY GENERAL BANCORP,Nasdaq,6022,State Commercial Banks,operating,Financials,True,
COLD,1455863,AMERICOLD REALTY TRUST,NYSE,6798,Real Estate Investment Trusts,operating,Real Estate,True,
TGS,931427,GAS TRANSPORTER OF THE SOUTH INC,NYSE,4922,Natural Gas Transmission,other,Utilities,False,not an operating company
JOYY,1530238,JOYY Inc.,Nasdaq,7374,Services-Computer Processing & Data Preparation,other,Information Technology,False,not an operating company
ONDS,1646188,Ondas Inc.,Nasdaq,3663,Radio & Tv Broadcasting & Communications Equipment,operating,Information Technology,True,
FSLY,1517413,"Fastly, Inc.",Nasdaq,7372,Services-Prepackaged Software,operating,Information Technology,True,
BWLP,1649313,BW LPG Ltd,NYSE,4700,Transportation Services,other,Industrials,False,not an operating company
BRC,746598,BRADY CORP,NYSE,3990,Miscellaneous Manufacturing Industries,operating,Consumer Discretionary,True,
VVV,1674910,VALVOLINE INC,NYSE,2990,Miscellaneous Products of  Petroleum & Coal,operating,Energy,True,
MTH,833079,Meritage Homes CORP,NYSE,1531,Operative Builders,operating,Industrials,True,
MDU,67716,MDU RESOURCES GROUP INC,NYSE,4924,Natural Gas Distribution,operating,Utilities,True,
SKE,1713748,Skeena Resources Ltd,NYSE,1040,Gold and Silver Ores,other,Materials,False,not an operating company
SEZL,1662991,Sezzle Inc.,Nasdaq,7389,"Services-Business Services, NEC",operating,Industrials,True,
TDS,1051512,TELEPHONE & DATA SYSTEMS INC /DE/,NYSE,4813,Telephone Communications (No Radiotelephone),operating,Communication Services,True,
EQPT,1693736,EquipmentShare.com Inc,Nasdaq,7359,"Services-Equipment Rental & Leasing, NEC",operating,Industrials,True,
MSGE,1952073,Madison Square Garden Entertainment Corp.,NYSE,7990,Services-Miscellaneous Amusement & Recreation,operating,Consumer Discretionary,True,
SEB,88121,SEABOARD CORP /DE/,NYSE,5150,Wholesale-Farm Product Raw Materials,operating,Industrials,True,
ICUI,883984,ICU MEDICAL INC/DE,Nasdaq,3841,Surgical & Medical Instruments & Apparatus,operating,Health Care,True,
ABCL,1703057,AbCellera Biologics Inc.,Nasdaq,2834,Pharmaceutical Preparations,operating,Health Care,True,
CBT,16040,CABOT CORP,NYSE,2890,Miscellaneous Chemical Products,operating,Materials,True,
AQN,1174169,ALGONQUIN POWER & UTILITIES CORP.,NYSE,4911,Electric Services,other,Utilities,False,not an operating company
EE,1888447,"Excelerate Energy, Inc.",NYSE,4924,Natural Gas Distribution,operating,Utilities,True,
BNL,1424182,"Broadstone Net Lease, Inc.",NYSE,6798,Real Estate Investment Trusts,operating,Real Estate,True,
BFH,1101215,"BREAD FINANCIAL HOLDINGS, INC.",NYSE,6141,Personal Credit Institutions,operating,Financials,True,
NP,2067129,Neptune Insurance Holdings Inc.,NYSE,6411,"Insurance Agents, Brokers & Service",operating,Financials,True,
CDP,860546,COPT DEFENSE PROPERTIES,NYSE,6798,Real Estate Investment Trusts,operating,Real Estate,True,
FCN,887936,"FTI CONSULTING, INC",NYSE,8742,Services-Management Consulting Services,operating,Industrials,True,
CAR,723612,"AVIS BUDGET GROUP, INC.",Nasdaq,7510,Services-Auto Rental & Leasing (No Drivers),operating,Industrials,True,
WSFS,828944,WSFS FINANCIAL CORP,Nasdaq,6021,National Commercial Banks,operating,Financials,True,
CRVL,874866,CORVEL CORP,Nasdaq,6411,"Insurance Agents, Brokers & Service",operating,Financials,True,
DOO,1748797,BRP Inc.,Nasdaq,3790,Miscellaneous Transportation Equipment,other,Industrials,False,not an operating company
SITE,1650729,"SiteOne Landscape Supply, Inc.",NYSE,5040,Wholesale-Professional & Commercial Equipment & Supplies,operating,Industrials,True,
TNL,1361658,Travel & Leisure Co.,NYSE,7011,Hotels & Motels,operating,Consumer Discretionary,True,
CVBF,354647,CVB FINANCIAL CORP,Nasdaq,6022,State Commercial Banks,operating,Financials,True,
APLE,1418121,"Apple Hospitality REIT, Inc.",NYSE,6798,Real Estate Investment Trusts,operating,Real Estate,True,
CCC,1818201,CCC Intelligent Solutions Holdings Inc.,Nasdaq,7372,Services-Prepackaged Software,operating,Information Technology,True,
CECO,3197,CECO ENVIRONMENTAL CORP,Nasdaq,3564,Industrial & Commercial Fans & Blowers & Air Purifing Equip,operating,Industrials,True,
MARA,1507605,"MARA Holdings, Inc.",Nasdaq,6199,Finance Services,operating,Financials,True,
RLAY,1812364,"Relay Therapeutics, Inc.",Nasdaq,2836,"Biological Products, (No Diagnostic Substances)",operating,Health Care,True,
BILL,1786352,"BILL Holdings, Inc.",NYSE,7372,Services-Prepackaged Software,operating,Information Technology,True,
PVH,78239,PVH CORP. /DE/,NYSE,2320,"Men's & Boys' Furnishgs, Work Clothg, & Allied Garments",operating,Consumer Discretionary,True,
AKO-A,925261,ANDINA BOTTLING CO INC,NYSE,2086,Bottled & Canned Soft Drinks & Carbonated Waters,other,Consumer Staples,False,not an operating company
SLGN,849869,SILGAN HOLDINGS INC,NYSE,3411,Metal Cans,operating,Industrials,True,
AYA,1826836,Aya Gold & Silver Inc.,Nasdaq,1040,Gold and Silver Ores,other,Materials,False,not an operating company
TNGX,1819133,"Tango Therapeutics, Inc.",Nasdaq,2834,Pharmaceutical Preparations,operating,Health Care,True,
TLX,2007191,Telix Pharmaceuticals Ltd,Nasdaq,2834,Pharmaceutical Preparations,other,Health Care,False,not an operating company
SLG,1040971,SL GREEN REALTY CORP,NYSE,6798,Real Estate Investment Trusts,operating,Real Estate,True,
MRP,2017206,"Millrose Properties, Inc.",NYSE,6500,Real Estate,operating,Real Estate,True,
SKYW,793733,SKYWEST INC,Nasdaq,4512,"Air Transportation, Scheduled",operating,Industrials,True,
AVNT,1122976,AVIENT CORP,NYSE,2821,"Plastic Materials, Synth Resins & Nonvulcan Elastomers",operating,Materials,True,
BATRA,1958140,"Atlanta Braves Holdings, Inc.",Nasdaq,7900,Services-Amusement & Recreation Services,operating,Consumer Discretionary,True,
OTTR,1466593,Otter Tail Corp,Nasdaq,4911,Electric Services,operating,Utilities,True,
JOE,745308,ST JOE Co,NYSE,6552,Land Subdividers & Developers (No Cemeteries),operating,Real Estate,True,
TNK,1419945,TEEKAY TANKERS LTD.,NYSE,4400,Water Transportation,other,Industrials,False,not an operating company
ERO,1853860,Ero Copper Corp.,NYSE,1000,Metal Mining,other,Materials,False,not an operating company
ECO,1964954,Okeanis Eco Tankers Corp.,NYSE,4412,Deep Sea Foreign Transportation of  Freight,other,Industrials,False,not an operating company
DNP,806628,DNP SELECT INCOME FUND INC,NYSE,,,other,Unclassified,False,not an operating company
PENG,1616533,"Penguin Solutions, Inc.",Nasdaq,3674,Semiconductors & Related Devices,operating,Information Technology,True,
BMI,9092,BADGER METER INC,NYSE,3824,Totalizing Fluid Meters & Counting Devices,operating,Information Technology,True,
ITRI,780571,"ITRON, INC.",Nasdaq,3825,Instruments For Meas & Testing of  Electricity & Elec Signals,operating,Information Technology,True,
MGNI,1595974,"MAGNITE, INC.",Nasdaq,7370,"Services-Computer Programming, Data Processing, Etc.",operating,Information Technology,True,
BOOT,1610250,"Boot Barn Holdings, Inc.",NYSE,5661,Retail-Shoe Stores,operating,Consumer Discretionary,True,
GNW,1276520,GENWORTH FINANCIAL INC,NYSE,6311,Life Insurance,operating,Financials,True,
WBI,2064947,WaterBridge Infrastructure LLC,NYSE,1389,"Oil & Gas Field Services, NEC",operating,Energy,True,
MNDY,1845338,monday.com Ltd.,Nasdaq,7372,Services-Prepackaged Software,other,Information Technology,False,not an operating company
SRAD,1836470,Sportradar Group AG,Nasdaq,7370,"Services-Computer Programming, Data Processing, Etc.",other,Information Technology,False,not an operating company
INDB,776901,INDEPENDENT BANK CORP,Nasdaq,6022,State Commercial Banks,operating,Financials,True,
ZIM,1654126,ZIM Integrated Shipping Services Ltd.,NYSE,4412,Deep Sea Foreign Transportation of  Freight,other,Industrials,False,not an operating company
CNS,1284812,"COHEN & STEERS, INC.",NYSE,6282,Investment Advice,operating,Financials,True,
QTWO,1410384,"Q2 Holdings, Inc.",NYSE,7372,Services-Prepackaged Software,operating,Information Technology,True,
DORM,868780,"Dorman Products, Inc.",Nasdaq,3714,Motor Vehicle Parts & Accessories,operating,Consumer Discretionary,True,
OGN,1821825,Organon & Co.,NYSE,2834,Pharmaceutical Preparations,operating,Health Care,True,
NVST,1757073,Envista Holdings Corp,NYSE,3843,Dental Equipment & Supplies,operating,Health Care,True,
KTB,1760965,"Kontoor Brands, Inc.",NYSE,2320,"Men's & Boys' Furnishgs, Work Clothg, & Allied Garments",operating,Consumer Discretionary,True,
ACHR,1824502,Archer Aviation Inc.,NYSE,3721,Aircraft,operating,Industrials,True,
LXP,910108,LXP Industrial Trust,NYSE,6798,Real Estate Investment Trusts,operating,Real Estate,True,
BANF,760498,BANCFIRST CORP /OK/,Nasdaq,6021,National Commercial Banks,operating,Financials,True,
IOND,2007691,Ionic Digital Inc.,Nasdaq,6199,Finance Services,operating,Financials,True,
IPAR,822663,INTERPARFUMS INC,Nasdaq,2844,"Perfumes, Cosmetics & Other Toilet Preparations",operating,Consumer Staples,True,
LEGN,1801198,Legend Biotech Corp,Nasdaq,2834,Pharmaceutical Preparations,other,Health Care,False,not an operating company
CENX,949157,CENTURY ALUMINUM CO,Nasdaq,3334,Primary Production of  Aluminum,operating,Materials,True,
RNST,715072,RENASANT CORP,NYSE,6022,State Commercial Banks,operating,Financials,True,
LMND,1691421,"Lemonade, Inc.",NYSE,6331,"Fire, Marine & Casualty Insurance",operating,Financials,True,
VAC,1524358,MARRIOTT VACATIONS WORLDWIDE Corp,NYSE,6531,Real Estate Agents & Managers (For Others),operating,Real Estate,True,
BBWI,701985,"Bath & Body Works, Inc.",NYSE,5990,"Retail-Retail Stores, NEC",operating,Consumer Discretionary,True,
WSBC,203596,WESBANCO INC,Nasdaq,6021,National Commercial Banks,operating,Financials,True,
GPGI,1823144,"GPGI, Inc.",NYSE,6199,Finance Services,operating,Financials,True,
FRSH,1544522,Freshworks Inc.,Nasdaq,7372,Services-Prepackaged Software,operating,Information Technology,True,
IRT,1466085,"INDEPENDENCE REALTY TRUST, INC.",NYSE,6798,Real Estate Investment Trusts,operating,Real Estate,True,
NHC,1047335,NATIONAL HEALTHCARE CORP,NYSE,8051,Services-Skilled Nursing Care Facilities,operating,Health Care,True,
PBLS,1657677,"Parabilis Medicines, Inc.",Nasdaq,2834,Pharmaceutical Preparations,operating,Health Care,True,
PLSE,1625101,"PULSE BIOSCIENCES, INC.",Nasdaq,3841,Surgical & Medical Instruments & Apparatus,operating,Health Care,True,
SBLK,1386716,Star Bulk Carriers Corp.,Nasdaq,4412,Deep Sea Foreign Transportation of  Freight,other,Industrials,False,not an operating company
MANU,1549107,Manchester United plc,NYSE,7900,Services-Amusement & Recreation Services,other,Consumer Discretionary,False,not an operating company
PLMR,1761312,"Palomar Holdings, Inc.",Nasdaq,6331,"Fire, Marine & Casualty Insurance",operating,Financials,True,
VKTX,1607678,"Viking Therapeutics, Inc.",Nasdaq,2834,Pharmaceutical Preparations,operating,Health Care,True,
XENE,1582313,Xenon Pharmaceuticals Inc.,Nasdaq,2834,Pharmaceutical Preparations,operating,Health Care,True,
CSTM,1563411,CONSTELLIUM SE,NYSE,3341,Secondary Smelting & Refining of  Nonferrous Metals,operating,Materials,True,
LAZ,1311370,"Lazard, Inc.",NYSE,6282,Investment Advice,operating,Financials,True,
IDYA,1676725,"IDEAYA Biosciences, Inc.",Nasdaq,2834,Pharmaceutical Preparations,operating,Health Care,True,
VCYT,1384101,"VERACYTE, INC.",Nasdaq,8071,Services-Medical Laboratories,operating,Health Care,True,
ACCV,2141406,Accelevation Holdings Corp.,Nasdaq,3620,Electrical Industrial Apparatus,other,Industrials,False,not an operating company
RHI,315213,ROBERT HALF INC.,NYSE,7363,Services-Help Supply Services,operating,Industrials,True,
ATMU,1921963,Atmus Filtration Technologies Inc.,NYSE,3714,Motor Vehicle Parts & Accessories,operating,Consumer Discretionary,True,
HG,1593275,"Hamilton Insurance Group, Ltd.",NYSE,6331,"Fire, Marine & Casualty Insurance",operating,Financials,True,
ARIS,1964504,Aris Mining Corp,NYSE,1040,Gold and Silver Ores,other,Materials,False,not an operating company
SXI,310354,STANDEX INTERNATIONAL CORP/DE/,NYSE,3580,Refrigeration & Service Industry Machinery,operating,Industrials,True,
WT,880631,"WisdomTree, Inc.",NYSE,6211,"Security Brokers, Dealers & Flotation Companies",operating,Financials,True,
NIC,1174850,NICOLET BANKSHARES INC,NYSE,6021,National Commercial Banks,operating,Financials,True,
AMLX,1658551,"Amylyx Pharmaceuticals, Inc.",Nasdaq,2834,Pharmaceutical Preparations,operating,Health Care,True,
TARS,1819790,"Tarsus Pharmaceuticals, Inc.",Nasdaq,2836,"Biological Products, (No Diagnostic Substances)",operating,Health Care,True,
THO,730263,THOR INDUSTRIES INC,NYSE,3716,Motor Homes,operating,Consumer Discretionary,True,
ACAD,1070494,ACADIA PHARMACEUTICALS INC,Nasdaq,2834,Pharmaceutical Preparations,operating,Health Care,True,
LIF,1581760,"Life360, Inc.",Nasdaq,7374,Services-Computer Processing & Data Preparation,operating,Information Technology,True,
ZGN,1877787,Ermenegildo Zegna N.V.,NYSE,2300,Apparel & Other Finishd Prods of  Fabrics & Similar Matl,other,Consumer Discretionary,False,not an operating company
HNI,48287,HNI CORP,NYSE,2522,Office Furniture (No Wood),operating,Consumer Discretionary,True,
BFAM,1437578,BRIGHT HORIZONS FAMILY SOLUTIONS INC.,NYSE,8351,Services-Child Day Care Services,operating,Industrials,True,
NATL,1974138,NCR Atleos Corp,NYSE,3578,Calculating & Accounting Machines (No Electronic Computers),operating,Information Technology,True,
MWA,1350593,"Mueller Water Products, Inc.",NYSE,3490,Miscellaneous Fabricated Metal Products,operating,Industrials,True,
FLY,1860160,Firefly Aerospace Inc.,Nasdaq,3760,Guided Missiles & Space Vehicles & Parts,operating,Industrials,True,
LRN,1157408,"Stride, Inc.",NYSE,8200,Services-Educational Services,operating,Industrials,True,
IRTC,1388658,"iRhythm Holdings, Inc.",Nasdaq,3841,Surgical & Medical Instruments & Apparatus,operating,Health Care,True,
OLED,1005284,UNIVERSAL DISPLAY CORP \PA\,Nasdaq,3670,Electronic Components & Accessories,operating,Information Technology,True,
LION,2052959,Lionsgate Studios Corp.,NYSE,7812,Services-Motion Picture & Video Tape Production,operating,Communication Services,True,
CELC,1603454,Celcuity Inc.,Nasdaq,8071,Services-Medical Laboratories,operating,Health Care,True,
FIBK,860413,FIRST INTERSTATE BANCSYSTEM INC,Nasdaq,6022,State Commercial Banks,operating,Financials,True,
AAMI,1748824,Acadian Asset Management Inc.,NYSE,6282,Investment Advice,operating,Financials,True,
BTE,1279495,BAYTEX ENERGY CORP.,NYSE,1381,Drilling Oil & Gas Wells,other,Energy,False,not an operating company
IPGP,1111928,IPG PHOTONICS CORP,Nasdaq,3674,Semiconductors & Related Devices,operating,Information Technology,True,
EXPO,851520,EXPONENT INC,Nasdaq,8742,Services-Management Consulting Services,operating,Industrials,True,
MHO,799292,"M/I HOMES, INC.",NYSE,1531,Operative Builders,operating,Industrials,True,
ALM,1670061,Almonty Industries Inc.,Nasdaq,1000,Metal Mining,other,Materials,False,not an operating company
HIW,921082,"HIGHWOODS PROPERTIES, INC.",NYSE,6798,Real Estate Investment Trusts,operating,Real Estate,True,
AB,825313,ALLIANCEBERNSTEIN HOLDING L.P.,NYSE,6282,Investment Advice,operating,Financials,True,
FFBC,708955,FIRST FINANCIAL BANCORP /OH/,Nasdaq,6021,National Commercial Banks,operating,Financials,True,
ASO,1817358,"Academy Sports & Outdoors, Inc.",Nasdaq,5940,Retail-Miscellaneous Shopping Goods Stores,operating,Consumer Discretionary,True,
UTG,1263994,REAVES UTILITY INCOME FUND,NYSE,,,other,Unclassified,False,not an operating company
CSQ,1275214,CALAMOS STRATEGIC TOTAL RETURN FUND,Nasdaq,,,other,Unclassified,False,not an operating company
PLNT,1637207,"Planet Fitness, Inc.",NYSE,7997,Services-Membership Sports & Recreation Clubs,operating,Consumer Discretionary,True,
POST,1530950,"Post Holdings, Inc.",NYSE,2040,Grain Mill Products,operating,Consumer Staples,True,
WING,1636222,Wingstop Inc.,Nasdaq,5812,Retail-Eating  Places,operating,Consumer Discretionary,True,
AWR,1056903,AMERICAN STATES WATER CO,NYSE,4941,Water Supply,operating,Utilities,True,
DKL,1552797,"Delek Logistics Partners, LP",NYSE,4610,Pipe Lines (No Natural Gas),operating,Industrials,True,
CDNA,1217234,"CareDx, Inc.",Nasdaq,8071,Services-Medical Laboratories,operating,Health Care,True,
EXTR,1078271,EXTREME NETWORKS INC,Nasdaq,3576,Computer Communications Equipment,operating,Information Technology,True,
COHU,21535,COHU INC,Nasdaq,3825,Instruments For Meas & Testing of  Electricity & Elec Signals,operating,Information Technology,True,
SFNC,90498,SIMMONS FIRST NATIONAL CORP,Nasdaq,6021,National Commercial Banks,operating,Financials,True,
ASH,1674862,ASHLAND INC.,NYSE,5160,Wholesale-Chemicals & Allied Products,operating,Industrials,True,
PTRN,1811935,Pattern Group Inc.,Nasdaq,5961,Retail-Catalog & Mail-Order Houses,operating,Consumer Discretionary,True,
SHOO,913241,"STEVEN MADDEN, LTD.",Nasdaq,3140,"Footwear, (No Rubber)",operating,Consumer Discretionary,True,
FA,1210677,FIRST ADVANTAGE CORP,Nasdaq,7374,Services-Computer Processing & Data Preparation,operating,Information Technology,True,
CPK,19745,CHESAPEAKE UTILITIES CORP,NYSE,4923,Natural Gas Transmisison & Distribution,operating,Utilities,True,
INTR,1864163,"Inter & Co, Inc.",Nasdaq,6029,"Commercial Banks, NEC",other,Financials,False,not an operating company
COCO,1482981,"Vita Coco Company, Inc.",Nasdaq,2080,Beverages,operating,Consumer Staples,True,
PRK,805676,PARK NATIONAL CORP /OH/,NYSE,6021,National Commercial Banks,operating,Financials,True,
ADX,2230,"ADAMS DIVERSIFIED EQUITY FUND, INC.",NYSE,,,other,Unclassified,False,not an operating company
ATKR,1666138,Atkore Inc.,NYSE,3690,"Miscellaneous Electrical Machinery, Equipment & Supplies",operating,Information Technology,True,
BRZE,1676238,"Braze, Inc.",Nasdaq,7372,Services-Prepackaged Software,operating,Information Technology,True,
CXW,1070985,"CoreCivic, Inc.",NYSE,6798,Real Estate Investment Trusts,operating,Real Estate,True,
MCHB,1518715,Mechanics Bancorp,Nasdaq,6022,State Commercial Banks,operating,Financials,True,
ARLP,1086600,ALLIANCE RESOURCE PARTNERS LP,Nasdaq,1221,Bituminous Coal & Lignite Surface Mining,operating,Energy,True,
KN,1587523,Knowles Corp,NYSE,3651,Household Audio & Video Equipment,operating,Industrials,True,
GBDC,1476765,"GOLUB CAPITAL BDC, Inc.",Nasdaq,,,operating,Unclassified,True,
PFSI,1745916,"PennyMac Financial Services, Inc.",NYSE,6162,Mortgage Bankers & Loan Correspondents,operating,Financials,True,
NHI,877860,NATIONAL HEALTH INVESTORS INC,NYSE,6798,Real Estate Investment Trusts,operating,Real Estate,True,
FOUR,1794669,"Shift4 Payments, Inc.",NYSE,7389,"Services-Business Services, NEC",operating,Industrials,True,
VECO,103145,VEECO INSTRUMENTS INC,Nasdaq,3559,"Special Industry Machinery, NEC",operating,Industrials,True,
BSM,1621434,"Black Stone Minerals, L.P.",NYSE,1311,Crude Petroleum & Natural Gas,operating,Energy,True,
FSM,1341335,FORTUNA MINING CORP.,NYSE,1040,Gold and Silver Ores,other,Materials,False,not an operating company
VTMX,1969373,"Vesta Real Estate Corporation, S.A.B. de C.V.",NYSE,6500,Real Estate,other,Real Estate,False,not an operating company
WIX,1576789,Wix.com Ltd.,Nasdaq,7370,"Services-Computer Programming, Data Processing, Etc.",other,Information Technology,False,not an operating company
FRPT,1611647,"Freshpet, Inc.",Nasdaq,2040,Grain Mill Products,operating,Consumer Staples,True,
BULL,1866364,Webull Corp,Nasdaq,6211,"Security Brokers, Dealers & Flotation Companies",other,Financials,False,not an operating company
PURR,2078856,Hyperliquid Strategies Inc,Nasdaq,6199,Finance Services,operating,Financials,True,
CURB,2027317,Curbline Properties Corp.,NYSE,6500,Real Estate,operating,Real Estate,True,
VGNT,2078008,Versigent PLC,NYSE,3714,Motor Vehicle Parts & Accessories,operating,Consumer Discretionary,True,
CBU,723188,"COMMUNITY FINANCIAL SYSTEM, INC.",NYSE,6021,National Commercial Banks,operating,Financials,True,
USLM,82020,UNITED STATES LIME & MINERALS INC,Nasdaq,1400,Mining & Quarrying of  Nonmetallic Minerals (No Fuels),operating,Materials,True,
UCTT,1275014,"Ultra Clean Holdings, Inc.",Nasdaq,3674,Semiconductors & Related Devices,operating,Information Technology,True,
DAN,26780,DANA Inc,NYSE,3714,Motor Vehicle Parts & Accessories,operating,Consumer Discretionary,True,
HTGC,1280784,"Hercules Capital, Inc.",NYSE,,,operating,Unclassified,True,
OSIS,1039065,OSI SYSTEMS INC,Nasdaq,3674,Semiconductors & Related Devices,operating,Information Technology,True,
SBCF,730708,SEACOAST BANKING CORP OF FLORIDA,Nasdaq,6022,State Commercial Banks,operating,Financials,True,
TNET,937098,"TRINET GROUP, INC.",NYSE,7389,"Services-Business Services, NEC",operating,Industrials,True,
AGO,1273813,ASSURED GUARANTY LTD,NYSE,6351,Surety Insurance,operating,Financials,True,
WRBY,1504776,Warby Parker Inc.,NYSE,3851,Ophthalmic Goods,operating,Health Care,True,
PK,1617406,Park Hotels & Resorts Inc.,NYSE,7011,Hotels & Motels,operating,Consumer Discretionary,True,
LBRT,1694028,Liberty Energy Inc.,NYSE,1389,"Oil & Gas Field Services, NEC",operating,Energy,True,
BTU,1064728,PEABODY ENERGY CORP,NYSE,1221,Bituminous Coal & Lignite Surface Mining,operating,Energy,True,
AVPT,1777921,"AvePoint, Inc.",Nasdaq,7372,Services-Prepackaged Software,operating,Information Technology,True,
NMRK,1690680,"NEWMARK GROUP, INC.",Nasdaq,6531,Real Estate Agents & Managers (For Others),operating,Real Estate,True,
WSC,1647088,WillScot Holdings Corp,Nasdaq,7350,Services-Miscellaneous Equipment Rental & Leasing,operating,Industrials,True,
MMS,1032220,"MAXIMUS, INC.",NYSE,7389,"Services-Business Services, NEC",operating,Industrials,True,
KAI,886346,KADANT INC,NYSE,3550,Special Industry Machinery (No Metalworking Machinery),operating,Industrials,True,
LBTYA,1570585,Liberty Global Ltd.,Nasdaq,4841,Cable & Other Pay Television Services,operating,Communication Services,True,
FHB,36377,"FIRST HAWAIIAN, INC.",Nasdaq,6022,State Commercial Banks,operating,Financials,True,
ARQT,1787306,"Arcutis Biotherapeutics, Inc.",Nasdaq,2834,Pharmaceutical Preparations,operating,Health Care,True,
NMIH,1547903,"NMI Holdings, Inc.",Nasdaq,6351,Surety Insurance,operating,Financials,True,
MIAX,1438472,"MIAMI INTERNATIONAL HOLDINGS, INC.",NYSE,6211,"Security Brokers, Dealers & Flotation Companies",operating,Financials,True,
BKU,1504008,"BankUnited, Inc.",NYSE,6035,"Savings Institution, Federally Chartered",operating,Financials,True,
DYN,1818794,"Dyne Therapeutics, Inc.",Nasdaq,2834,Pharmaceutical Preparations,operating,Health Care,True,
PPLI,1800227,People Inc,Nasdaq,7370,"Services-Computer Programming, Data Processing, Etc.",operating,Information Technology,True,
CALM,16160,CAL-MAINE FOODS INC,Nasdaq,0200,Agricultural Prod-Livestock & Animal Specialties,operating,Consumer Staples,True,
TGB,878518,Trekor Metals Ltd,NYSE,1040,Gold and Silver Ores,other,Materials,False,not an operating company
CBZ,944148,"CBIZ, Inc.",NYSE,7389,"Services-Business Services, NEC",operating,Industrials,True,
NEA,1195737,Nuveen AMT-Free Quality Municipal Income Fund,NYSE,,,other,Unclassified,False,not an operating company
AEO,919012,AMERICAN EAGLE OUTFITTERS INC,NYSE,5651,Retail-Family Clothing Stores,operating,Consumer Discretionary,True,
WOR,108516,"WORTHINGTON ENTERPRISES, INC.",NYSE,3310,"Steel Works, Blast Furnaces & Rolling & Finishing Mills",operating,Materials,True,
SPSC,1092699,SPS COMMERCE INC,Nasdaq,7372,Services-Prepackaged Software,operating,Information Technology,True,
ABG,1144980,ASBURY AUTOMOTIVE GROUP INC,NYSE,5500,Retail-Auto Dealers & Gasoline Stations,operating,Consumer Discretionary,True,
PII,931015,Polaris Inc.,NYSE,3790,Miscellaneous Transportation Equipment,operating,Industrials,True,
FSK,1422183,FS KKR Capital Corp,NYSE,,,operating,Unclassified,True,
COLM,1050797,COLUMBIA SPORTSWEAR CO,Nasdaq,2300,Apparel & Other Finishd Prods of  Fabrics & Similar Matl,operating,Consumer Discretionary,True,
ELVN,1672619,"Enliven Therapeutics, Inc.",Nasdaq,2834,Pharmaceutical Preparations,operating,Health Care,True,
SMR,1822966,NUSCALE POWER Corp,NYSE,3443,Fabricated Plate Work (Boiler Shops),operating,Industrials,True,
CLBK,2115119,"Columbia Financial, Inc./MD/",Nasdaq,6035,"Savings Institution, Federally Chartered",operating,Financials,True,
RCUS,1724521,"Arcus Biosciences, Inc.",NYSE,2834,Pharmaceutical Preparations,operating,Health Care,True,
DNLI,1714899,Denali Therapeutics Inc.,Nasdaq,2836,"Biological Products, (No Diagnostic Substances)",operating,Health Care,True,
AVA,104918,AVISTA CORP,NYSE,4931,Electric & Other Services Combined,operating,Utilities,True,
SII,1512920,SPROTT INC.,NYSE,6199,Finance Services,other,Financials,False,not an operating company
SLDE,1886428,"Slide Insurance Holdings, Inc.",Nasdaq,6331,"Fire, Marine & Casualty Insurance",operating,Financials,True,
INTA,1565687,"Intapp, Inc.",Nasdaq,7372,Services-Prepackaged Software,operating,Information Technology,True,
PAGS,1712807,PagSeguro Digital Ltd.,NYSE,7374,Services-Computer Processing & Data Preparation,other,Information Technology,False,not an operating company
SPNT,1576018,SiriusPoint Ltd,NYSE,6331,"Fire, Marine & Casualty Insurance",operating,Financials,True,
BHE,863436,BENCHMARK ELECTRONICS INC,NYSE,3672,Printed Circuit Boards,operating,Information Technology,True,
SA,1231346,SEABRIDGE GOLD INC,NYSE,1040,Gold and Silver Ores,other,Materials,False,not an operating company
SMG,825542,SCOTTS MIRACLE-GRO CO,NYSE,2870,Agricultural Chemicals,operating,Materials,True,
GPOR,874499,GULFPORT ENERGY CORP,NYSE,1311,Crude Petroleum & Natural Gas,operating,Energy,True,
ARCB,894405,ARCBEST CORP /TX/,Nasdaq,4213,Trucking (No Local),operating,Industrials,True,
EFXT,1904856,Enerflex Ltd.,NYSE,3560,General Industrial Machinery & Equipment,other,Industrials,False,not an operating company
AD,821130,"ARRAY DIGITAL INFRASTRUCTURE, INC.",NYSE,4812,Radiotelephone Communications,operating,Communication Services,True,
CSQR,2105398,"Csquare, Inc.",NYSE,7370,"Services-Computer Programming, Data Processing, Etc.",operating,Information Technology,True,
ABM,771497,ABM INDUSTRIES INC /DE/,NYSE,7340,Services-To Dwellings & Other Buildings,operating,Industrials,True,
PFS,1178970,PROVIDENT FINANCIAL SERVICES INC,NYSE,6035,"Savings Institution, Federally Chartered",operating,Financials,True,
AGYS,78749,AGILYSYS INC,Nasdaq,7373,Services-Computer Integrated Systems Design,operating,Information Technology,True,
YETI,1670592,"YETI Holdings, Inc.",NYSE,3949,"Sporting & Athletic Goods, NEC",operating,Consumer Discretionary,True,
SHAK,1620533,Shake Shack Inc.,NYSE,5810,Retail-Eating & Drinking Places,operating,Consumer Discretionary,True,
FIZZ,69891,NATIONAL BEVERAGE CORP,Nasdaq,2086,Bottled & Canned Soft Drinks & Carbonated Waters,operating,Consumer Staples,True,
KNF,1955520,Knife River Corp,NYSE,1400,Mining & Quarrying of  Nonmetallic Minerals (No Fuels),operating,Materials,True,
LEU,1065059,CENTRUS ENERGY CORP,NYSE,1400,Mining & Quarrying of  Nonmetallic Minerals (No Fuels),operating,Materials,True,
IHS,1876183,IHS Holding Ltd,NYSE,4812,Radiotelephone Communications,other,Communication Services,False,not an operating company
NTCT,1078075,NETSCOUT SYSTEMS INC,Nasdaq,7373,Services-Computer Integrated Systems Design,operating,Information Technology,True,
LPL,1290109,"LG Display Co., Ltd.",NYSE,3679,"Electronic Components, NEC",other,Information Technology,False,not an operating company
AEHR,1040470,AEHR TEST SYSTEMS,Nasdaq,3825,Instruments For Meas & Testing of  Electricity & Elec Signals,operating,Information Technology,True,
SDRL,1737706,SEADRILL Ltd,NYSE,1381,Drilling Oil & Gas Wells,operating,Energy,True,
EROK,2104882,"EagleRock Land, LLC",NYSE,6792,Oil Royalty Traders,operating,Financials,True,
TALO,1724965,TALOS ENERGY INC.,NYSE,1311,Crude Petroleum & Natural Gas,operating,Energy,True,
BELFA,729580,BEL FUSE INC /NJ,Nasdaq,3677,"Electronic Coils, Transformers & Other Inductors",operating,Information Technology,True,
ASST,1920406,"Strive, Inc.",Nasdaq,6199,Finance Services,operating,Financials,True,
TR,98677,TOOTSIE ROLL INDUSTRIES INC,NYSE,2060,Sugar & Confectionery Products,operating,Consumer Staples,True,
CLBT,1854587,Cellebrite DI Ltd.,Nasdaq,7372,Services-Prepackaged Software,other,Information Technology,False,not an operating company
DNOW,1599617,DNOW Inc.,NYSE,3533,Oil & Gas Field Machinery & Equipment,operating,Industrials,True,
DGII,854775,DIGI INTERNATIONAL INC,Nasdaq,3576,Computer Communications Equipment,operating,Information Technology,True,
BHF,1685040,"Brighthouse Financial, Inc.",Nasdaq,6311,Life Insurance,operating,Financials,True,
CWT,1035201,CALIFORNIA WATER SERVICE GROUP,NYSE,4941,Water Supply,operating,Utilities,True,
NVTS,1821769,Navitas Semiconductor Corp,Nasdaq,3674,Semiconductors & Related Devices,operating,Information Technology,True,
IMAX,921582,IMAX CORP,NYSE,3861,Photographic Equipment & Supplies,operating,Information Technology,True,
OUST,1816581,"Ouster, Inc.",Nasdaq,3569,"General Industrial Machinery & Equipment, NEC",operating,Industrials,True,
KYIV,2062440,Kyivstar Group Ltd.,Nasdaq,4812,Radiotelephone Communications,other,Communication Services,False,not an operating company
GPI,1031203,GROUP 1 AUTOMOTIVE INC,NYSE,5500,Retail-Auto Dealers & Gasoline Stations,operating,Consumer Discretionary,True,
ZLAB,1704292,Zai Lab Ltd,Nasdaq,2834,Pharmaceutical Preparations,operating,Health Care,True,
ATRO,8063,ASTRONICS CORP,Nasdaq,3728,"Aircraft Parts & Auxiliary Equipment, NEC",operating,Industrials,True,
MZTI,57515,MARZETTI CO,Nasdaq,2030,"Canned, Frozen & Preservd Fruit, Veg & Food Specialties",operating,Consumer Staples,True,
TDC,816761,TERADATA CORP /DE/,NYSE,7372,Services-Prepackaged Software,operating,Information Technology,True,
HOG,793952,"HARLEY-DAVIDSON, INC.",NYSE,3751,"Motorcycles, Bicycles & Parts",operating,Industrials,True,
QS,1811414,QuantumScape Corp,Nasdaq,3690,"Miscellaneous Electrical Machinery, Equipment & Supplies",operating,Information Technology,True,
WTTR,1693256,"Select Water Solutions, Inc.",NYSE,1389,"Oil & Gas Field Services, NEC",operating,Energy,True,
DXPE,1020710,DXP ENTERPRISES INC,Nasdaq,5084,Wholesale-Industrial Machinery & Equipment,operating,Industrials,True,
POWI,833640,POWER INTEGRATIONS INC,Nasdaq,3674,Semiconductors & Related Devices,operating,Information Technology,True,
CXT,25445,"Crane NXT, Co.",NYSE,3490,Miscellaneous Fabricated Metal Products,operating,Industrials,True,
NG,1173420,NOVAGOLD RESOURCES INC,NYSE,1040,Gold and Silver Ores,operating,Materials,True,
CWK,1628369,Cushman & Wakefield Ltd.,NYSE,6500,Real Estate,operating,Real Estate,True,
BANC,1169770,"BANC OF CALIFORNIA, INC.",NYSE,6021,National Commercial Banks,operating,Financials,True,
AMBA,1280263,AMBARELLA INC,Nasdaq,3674,Semiconductors & Related Devices,operating,Information Technology,True,
MGRC,752714,MCGRATH RENTCORP,Nasdaq,7359,"Services-Equipment Rental & Leasing, NEC",operating,Industrials,True,
GRBK,1373670,"Green Brick Partners, Inc.",NYSE,1531,Operative Builders,operating,Industrials,True,
CHRN,1549084,ChronoScale Holdings Corp,Nasdaq,3569,"General Industrial Machinery & Equipment, NEC",operating,Industrials,True,
WDFC,105132,WD 40 CO,Nasdaq,2890,Miscellaneous Chemical Products,operating,Materials,True,
AAUC,1993344,Allied Gold Corp,NYSE,1040,Gold and Silver Ores,other,Materials,False,not an operating company
LFTO,1850351,"Liftoff Mobile, Inc.",Nasdaq,7374,Services-Computer Processing & Data Preparation,operating,Information Technology,True,
RUM,1830081,RUM Group Inc.,Nasdaq,7370,"Services-Computer Programming, Data Processing, Etc.",operating,Information Technology,True,
APPN,1441683,APPIAN CORP,Nasdaq,7372,Services-Prepackaged Software,operating,Information Technology,True,
ALRM,1459200,"Alarm.com Holdings, Inc.",Nasdaq,7372,Services-Prepackaged Software,operating,Information Technology,True,
KWR,81362,QUAKER CHEMICAL CORP,NYSE,2990,Miscellaneous Products of  Petroleum & Coal,operating,Energy,True,
PGEN,1356090,"PRECIGEN, INC.",Nasdaq,2834,Pharmaceutical Preparations,operating,Health Care,True,
CLSK,827876,"CLEANSPARK, INC.",Nasdaq,6199,Finance Services,operating,Financials,True,
FUL,39368,FULLER H B CO,NYSE,2891,Adhesives & Sealants,operating,Materials,True,
STNE,1745431,StoneCo Ltd.,Nasdaq,7374,Services-Computer Processing & Data Preparation,other,Information Technology,False,not an operating company
TMDX,1756262,"TransMedics Group, Inc.",Nasdaq,3845,Electromedical & Electrotherapeutic Apparatus,operating,Health Care,True,
ATRC,1323885,"AtriCure, Inc.",Nasdaq,3841,Surgical & Medical Instruments & Apparatus,operating,Health Care,True,
HGV,1674168,Hilton Grand Vacations Inc.,NYSE,7000,"Hotels, Rooming Houses, Camps & Other Lodging Places",operating,Consumer Discretionary,True,
KBH,795266,KB HOME,NYSE,1531,Operative Builders,operating,Industrials,True,
HWKN,46250,HAWKINS INC,Nasdaq,5160,Wholesale-Chemicals & Allied Products,operating,Industrials,True,
ACHC,1520697,"Acadia Healthcare Company, Inc.",Nasdaq,8093,"Services-Specialty Outpatient Facilities, NEC",operating,Health Care,True,
AVAH,1832332,"Aveanna Healthcare Holdings, Inc.",Nasdaq,8082,Services-Home Health Care Services,operating,Health Care,True,
BOH,46195,BANK OF HAWAII CORP,NYSE,6022,State Commercial Banks,operating,Financials,True,
NMM,1415921,Navios Maritime Partners L.P.,NYSE,4412,Deep Sea Foreign Transportation of  Freight,other,Industrials,False,not an operating company
MGEE,1161728,MGE ENERGY INC,Nasdaq,4900,"Electric, Gas & Sanitary Services",operating,Utilities,True,
NOG,1104485,"NORTHERN OIL & GAS, INC.",NYSE,1311,Crude Petroleum & Natural Gas,operating,Energy,True,
ROG,84748,ROGERS CORP,NYSE,2821,"Plastic Materials, Synth Resins & Nonvulcan Elastomers",operating,Materials,True,
UE,1611547,Urban Edge Properties,NYSE,6500,Real Estate,operating,Real Estate,True,
UNFI,1020859,UNITED NATURAL FOODS INC,NYSE,5141,"Wholesale-Groceries, General Line",operating,Industrials,True,
AKR,899629,ACADIA REALTY TRUST,NYSE,6798,Real Estate Investment Trusts,operating,Real Estate,True,
SKWD,1519449,"Skyward Specialty Insurance Group, Inc.",Nasdaq,6331,"Fire, Marine & Casualty Insurance",operating,Financials,True,
ADEA,1803696,Adeia Inc.,Nasdaq,4841,Cable & Other Pay Television Services,operating,Communication Services,True,
HURN,1289848,Huron Consulting Group Inc.,Nasdaq,8742,Services-Management Consulting Services,operating,Industrials,True,
DX,826675,DYNEX CAPITAL INC,NYSE,6798,Real Estate Investment Trusts,operating,Real Estate,True,
FBK,1649749,FB Financial Corp,NYSE,6022,State Commercial Banks,operating,Financials,True,
MNSO,1815846,MINISO Group Holding Ltd,NYSE,5331,Retail-Variety Stores,other,Consumer Discretionary,False,not an operating company
NEOG,711377,NEOGEN CORP,Nasdaq,2835,In Vitro & In Vivo Diagnostic Substances,operating,Health Care,True,
AMBP,1845097,Ardagh Metal Packaging S.A.,NYSE,3411,Metal Cans,other,Industrials,False,not an operating company
IMOS,1123134,CHIPMOS TECHNOLOGIES INC,Nasdaq,3674,Semiconductors & Related Devices,other,Information Technology,False,not an operating company
NBTB,790359,NBT BANCORP INC,Nasdaq,6021,National Commercial Banks,operating,Financials,True,
MRVI,1823239,"MARAVAI LIFESCIENCES HOLDINGS, INC.",Nasdaq,2834,Pharmaceutical Preparations,operating,Health Care,True,
BTDR,1899123,Bitdeer Technologies Group,Nasdaq,6199,Finance Services,other,Financials,False,not an operating company
GRDN,1802255,"Guardian Pharmacy Services, Inc.",NYSE,5912,Retail-Drug Stores and Proprietary Stores,operating,Consumer Staples,True,
BKV,1838406,BKV Corp,NYSE,1311,Crude Petroleum & Natural Gas,operating,Energy,True,
TRMK,36146,TRUSTMARK CORP,Nasdaq,6021,National Commercial Banks,operating,Financials,True,
VIA,1603015,"Via Transportation, Inc.",NYSE,7372,Services-Prepackaged Software,operating,Information Technology,True,
BKD,1332349,Brookdale Senior Living Inc.,NYSE,8050,Services-Nursing & Personal Care Facilities,operating,Health Care,True,
BBAR,913059,Banco BBVA Argentina S.A.,NYSE,6029,"Commercial Banks, NEC",other,Financials,False,not an operating company
BCC,1328581,BOISE CASCADE Co,NYSE,5030,Wholesale-Lumber & Other Construction Materials,operating,Industrials,True,
UUUU,1385849,ENERGY FUELS INC,NYSE,1400,Mining & Quarrying of  Nonmetallic Minerals (No Fuels),operating,Materials,True,
FIVN,1288847,"Five9, Inc.",Nasdaq,7374,Services-Computer Processing & Data Preparation,operating,Information Technology,True,
REZI,1740332,"RESIDEO TECHNOLOGIES, INC.",NYSE,5072,Wholesale-Hardware,operating,Industrials,True,
PRVA,1759655,"Privia Health Group, Inc.",Nasdaq,8000,Services-Health Services,operating,Health Care,True,
DRH,1298946,DiamondRock Hospitality Co,Nasdaq,6798,Real Estate Investment Trusts,operating,Real Estate,True,
KC,1795589,Kingsoft Cloud Holdings Ltd,Nasdaq,7372,Services-Prepackaged Software,other,Information Technology,False,not an operating company
AMC,1411579,"AMC ENTERTAINMENT HOLDINGS, INC.",NYSE,7830,Services-Motion Picture Theaters,operating,Communication Services,True,
LCLN,1925283,"Lincoln International, Inc.",NYSE,6282,Investment Advice,operating,Financials,True,
NVA,1852551,Nova Minerals Corp,NYSE,1040,Gold and Silver Ores,operating,Materials,True,
CARG,1494259,"CarGurus, Inc.",Nasdaq,7374,Services-Computer Processing & Data Preparation,operating,Information Technology,True,
DCO,30305,DUCOMMUN INC /DE/,NYSE,3728,"Aircraft Parts & Auxiliary Equipment, NEC",operating,Industrials,True,
CENT,887733,CENTRAL GARDEN & PET CO,Nasdaq,5190,Wholesale-Miscellaneous Nondurable Goods,operating,Industrials,True,
AAP,1158449,ADVANCE AUTO PARTS INC,NYSE,5531,Retail-Auto & Home Supply Stores,operating,Consumer Discretionary,True,
KD,1867072,"Kyndryl Holdings, Inc.",NYSE,7373,Services-Computer Integrated Systems Design,operating,Information Technology,True,
GRND,1820144,Grindr Inc.,NYSE,7370,"Services-Computer Programming, Data Processing, Etc.",operating,Information Technology,True,
MH,1951070,"McGraw Hill, Inc.",NYSE,2741,Miscellaneous Publishing,operating,Communication Services,True,
FG,1934850,"F&G Annuities & Life, Inc.",NYSE,6311,Life Insurance,operating,Financials,True,
EXK,1277866,ENDEAVOUR SILVER CORP,NYSE,1040,Gold and Silver Ores,other,Materials,False,not an operating company
BEAM,1745999,Beam Therapeutics Inc.,Nasdaq,2836,"Biological Products, (No Diagnostic Substances)",operating,Health Care,True,
MBX,1776111,"MBX Biosciences, Inc.",Nasdaq,2834,Pharmaceutical Preparations,operating,Health Care,True,
CUBI,1488813,"Customers Bancorp, Inc.",NYSE,6022,State Commercial Banks,operating,Financials,True,
RNW,1848763,ReNew Energy Global plc,Nasdaq,4911,Electric Services,other,Utilities,False,not an operating company
GPK,1408075,GRAPHIC PACKAGING HOLDING CO,NYSE,2650,Paperboard Containers & Boxes,operating,Materials,True,
WLY,107140,"JOHN WILEY & SONS, INC.",NYSE,2731,Books: Publishing or  Publishing & Printing,operating,Communication Services,True,
LQDA,1819576,Liquidia Corp,Nasdaq,2834,Pharmaceutical Preparations,operating,Health Care,True,
MAN,871763,ManpowerGroup Inc.,NYSE,7363,Services-Help Supply Services,operating,Industrials,True,
PONY,1969302,Pony AI Inc.,Nasdaq,7373,Services-Computer Integrated Systems Design,other,Information Technology,False,not an operating company
INFQ,2007825,"Infleqtion, Inc.",NYSE,7374,Services-Computer Processing & Data Preparation,operating,Information Technology,True,
FRME,712534,FIRST MERCHANTS CORP,Nasdaq,6021,National Commercial Banks,operating,Financials,True,
LPG,1596993,DORIAN LPG LTD.,NYSE,4412,Deep Sea Foreign Transportation of  Freight,operating,Industrials,True,
HOS,866829,"HORNBECK OFFSHORE SERVICES, INC.",NYSE,1389,"Oil & Gas Field Services, NEC",operating,Energy,True,
JPC,1216583,Nuveen Preferred & Income Opportunities Fund,NYSE,,,other,Unclassified,False,not an operating company
NAMS,1936258,NewAmsterdam Pharma Co N.V.,Nasdaq,2834,Pharmaceutical Preparations,operating,Health Care,True,
CALY,837465,Callaway Golf Co,NYSE,3949,"Sporting & Athletic Goods, NEC",operating,Consumer Discretionary,True,
FBNC,811589,FIRST BANCORP /NC/,Nasdaq,6022,State Commercial Banks,operating,Financials,True,
PPTA,1526243,PERPETUA RESOURCES CORP.,Nasdaq,1040,Gold and Silver Ores,operating,Materials,True,
COTY,1024305,COTY INC.,NYSE,2844,"Perfumes, Cosmetics & Other Toilet Preparations",operating,Consumer Staples,True,
BANR,946673,BANNER CORP,Nasdaq,6022,State Commercial Banks,operating,Financials,True,
SUPN,1356576,"SUPERNUS PHARMACEUTICALS, INC.",Nasdaq,2834,Pharmaceutical Preparations,operating,Health Care,True,
FIGS,1846576,"FIGS, Inc.",NYSE,2300,Apparel & Other Finishd Prods of  Fabrics & Similar Matl,operating,Consumer Discretionary,True,
NGVT,1653477,Ingevity Corp,NYSE,2800,Chemicals & Allied Products,operating,Materials,True,
GDV,1260729,GABELLI DIVIDEND & INCOME TRUST,NYSE,,,other,Unclassified,False,not an operating company
KALU,811596,KAISER ALUMINUM CORP,Nasdaq,3350,Rolling Drawing & Extruding of  Nonferrous Metals,operating,Materials,True,
HTO,766829,H2O AMERICA,Nasdaq,4941,Water Supply,operating,Utilities,True,
SOUN,1840856,"SOUNDHOUND AI, INC.",Nasdaq,7372,Services-Prepackaged Software,operating,Information Technology,True,
HAYW,1834622,"Hayward Holdings, Inc.",NYSE,3580,Refrigeration & Service Industry Machinery,operating,Industrials,True,
CLOV,1801170,"CLOVER HEALTH INVESTMENTS, CORP. /DE",Nasdaq,6324,Hospital & Medical Service Plans,operating,Financials,True,
TTAM,2035304,Titan America SA,NYSE,1400,Mining & Quarrying of  Nonmetallic Minerals (No Fuels),other,Materials,False,not an operating company
PAYO,1845815,Payoneer Global Inc.,Nasdaq,7389,"Services-Business Services, NEC",operating,Industrials,True,
KMT,55242,KENNAMETAL INC,NYSE,3541,"Machine Tools, Metal Cutting Types",operating,Industrials,True,
PTY,1190935,PIMCO CORPORATE & INCOME OPPORTUNITY FUND,NYSE,,,other,Unclassified,False,not an operating company
BUSE,314489,FIRST BUSEY CORP /NV/,Nasdaq,6022,State Commercial Banks,operating,Financials,True,
NWL,814453,NEWELL BRANDS INC.,Nasdaq,3089,"Plastics Products, NEC",operating,Materials,True,
IOSP,1054905,INNOSPEC INC.,Nasdaq,2800,Chemicals & Allied Products,operating,Materials,True,
RDW,1819810,Redwire Corp,NYSE,3760,Guided Missiles & Space Vehicles & Parts,operating,Industrials,True,
KYN,1293613,"Kayne Anderson Energy Infrastructure Fund, Inc.",NYSE,,,other,Unclassified,False,not an operating company
PLUG,1093691,PLUG POWER INC,Nasdaq,3620,Electrical Industrial Apparatus,operating,Industrials,True,
PLUS,1022408,EPLUS INC,Nasdaq,5045,Wholesale-Computers & Peripheral Equipment & Software,operating,Industrials,True,
OSW,1758488,ONESPAWORLD HOLDINGS Ltd,Nasdaq,7997,Services-Membership Sports & Recreation Clubs,operating,Consumer Discretionary,True,
APAM,1517302,Artisan Partners Asset Management Inc.,NYSE,6282,Investment Advice,operating,Financials,True,
HCI,1400810,"HCI Group, Inc.",NYSE,6331,"Fire, Marine & Casualty Insurance",operating,Financials,True,
EEFT,1029199,"EURONET WORLDWIDE, INC.",Nasdaq,6099,"Functions Related To Depository Banking, NEC",operating,Financials,True,
HCM,1648257,HUTCHMED (China) Ltd,Nasdaq,2834,Pharmaceutical Preparations,other,Health Care,False,not an operating company
SYBT,835324,"Stock Yards Bancorp, Inc.",Nasdaq,6022,State Commercial Banks,operating,Financials,True,
NAD,1083839,Nuveen Quality Municipal Income Fund,NYSE,,,other,Unclassified,False,not an operating company
ATHM,1527636,Autohome Inc.,NYSE,7374,Services-Computer Processing & Data Preparation,other,Information Technology,False,not an operating company
NESR,1698514,National Energy Services Reunited Corp.,Nasdaq,1389,"Oil & Gas Field Services, NEC",operating,Energy,True,
STUB,1337634,"StubHub Holdings, Inc.",NYSE,7990,Services-Miscellaneous Amusement & Recreation,operating,Consumer Discretionary,True,
LIND,1512499,"LINDBLAD EXPEDITIONS HOLDINGS, INC.",Nasdaq,4700,Transportation Services,operating,Industrials,True,
FCPT,1650132,"Four Corners Property Trust, Inc.",NYSE,6798,Real Estate Investment Trusts,operating,Real Estate,True,
UPST,1647639,"Upstart Holdings, Inc.",Nasdaq,6199,Finance Services,operating,Financials,True,
IRON,1816736,"Disc Medicine, Inc.",Nasdaq,2834,Pharmaceutical Preparations,operating,Health Care,True,
HRMY,1802665,"Harmony Biosciences Holdings, Inc.",Nasdaq,2834,Pharmaceutical Preparations,operating,Health Care,True,
ADMA,1368514,"ADMA BIOLOGICS, INC.",Nasdaq,2836,"Biological Products, (No Diagnostic Substances)",operating,Health Care,True,
LIFE,1788451,Ethos Technologies Inc.,Nasdaq,6411,"Insurance Agents, Brokers & Service",operating,Financials,True,
PBI,78814,PITNEY BOWES INC /DE/,NYSE,3579,"Office Machines, NEC",operating,Information Technology,True,
BBT,1108134,Beacon Financial Corp,NYSE,6036,"Savings Institutions, Not Federally Chartered",operating,Financials,True,
IVT,1307748,InvenTrust Properties Corp.,NYSE,6798,Real Estate Investment Trusts,operating,Real Estate,True,
NRIX,1549595,"Nurix Therapeutics, Inc.",Nasdaq,2834,Pharmaceutical Preparations,operating,Health Care,True,
CLDX,744218,"Celldex Therapeutics, Inc.",Nasdaq,2835,In Vitro & In Vivo Diagnostic Substances,operating,Health Care,True,
CNXN,1050377,PC CONNECTION INC,Nasdaq,5045,Wholesale-Computers & Peripheral Equipment & Software,operating,Industrials,True,
KSS,885639,KOHLS Corp,NYSE,5311,Retail-Department Stores,operating,Consumer Discretionary,True,
CALX,1406666,"CALIX, INC",NYSE,4899,"Communications Services, NEC",operating,Communication Services,True,
AERO,1561861,"Grupo Aeromexico, S.A.B. de C.V.",NYSE,4512,"Air Transportation, Scheduled",other,Industrials,False,not an operating company
VC,1111335,VISTEON CORP,Nasdaq,3714,Motor Vehicle Parts & Accessories,operating,Consumer Discretionary,True,
MBIN,1629019,Merchants Bancorp,Nasdaq,6022,State Commercial Banks,operating,Financials,True,
RAMP,733269,"LiveRamp Holdings, Inc.",NYSE,7374,Services-Computer Processing & Data Preparation,operating,Information Technology,True,
ANDE,821026,"Andersons, Inc.",Nasdaq,5150,Wholesale-Farm Product Raw Materials,operating,Industrials,True,
HIMX,1342338,"Himax Technologies, Inc.",Nasdaq,3674,Semiconductors & Related Devices,other,Information Technology,False,not an operating company
BHC,885590,Bausch Health Companies Inc.,NYSE,2834,Pharmaceutical Preparations,operating,Health Care,True,
NVG,1090116,Nuveen AMT-Free Municipal Credit Income Fund,NYSE,,,other,Unclassified,False,not an operating company
NTB,1653242,Bank of N.T. Butterfield & Son Ltd,NYSE,6029,"Commercial Banks, NEC",other,Financials,False,not an operating company
SVM,1340677,SILVERCORP METALS INC,NYSE,1040,Gold and Silver Ores,other,Materials,False,not an operating company
LTC,887905,LTC PROPERTIES INC,NYSE,6798,Real Estate Investment Trusts,operating,Real Estate,True,
TSAT,1845840,Telesat Corp,Nasdaq,4899,"Communications Services, NEC",other,Communication Services,False,not an operating company
SLS,1390478,"SELLAS Life Sciences Group, Inc.",Nasdaq,2834,Pharmaceutical Preparations,operating,Health Care,True,
IMNM,1472012,Immunome Inc.,Nasdaq,2834,Pharmaceutical Preparations,operating,Health Care,True,
DJT,1849635,Trump Media & Technology Group Corp.,Nasdaq,7370,"Services-Computer Programming, Data Processing, Etc.",operating,Information Technology,True,
FLYW,1580560,Flywire Corp,Nasdaq,7389,"Services-Business Services, NEC",operating,Industrials,True,
AGM,845877,FEDERAL AGRICULTURAL MORTGAGE CORP,NYSE,6111,Federal & Federally-Sponsored Credit Agencies,operating,Financials,True,
PBH,1295947,Prestige Consumer Healthcare Inc.,NYSE,2834,Pharmaceutical Preparations,operating,Health Care,True,
UFPT,914156,UFP TECHNOLOGIES INC,Nasdaq,3841,Surgical & Medical Instruments & Apparatus,operating,Health Care,True,
HLIO,1024795,"HELIOS TECHNOLOGIES, INC.",NYSE,3490,Miscellaneous Fabricated Metal Products,operating,Industrials,True,
BKE,885245,BUCKLE INC,NYSE,5651,Retail-Family Clothing Stores,operating,Consumer Discretionary,True,
FRMI,2071778,Fermi Inc.,Nasdaq,6798,Real Estate Investment Trusts,operating,Real Estate,True,
ASAN,1477720,"Asana, Inc.",NYSE,7372,Services-Prepackaged Software,operating,Information Technology,True,
VVX,1601548,"V2X, Inc.",NYSE,8744,Services-Facilities Support Management Services,operating,Industrials,True,
LASR,1124796,"NLIGHT, INC.",Nasdaq,3674,Semiconductors & Related Devices,operating,Information Technology,True,
OPEN,1801169,Opendoor Technologies Inc.,Nasdaq,6531,Real Estate Agents & Managers (For Others),operating,Real Estate,True,
PDFS,1120914,PDF SOLUTIONS INC,Nasdaq,7372,Services-Prepackaged Software,operating,Information Technology,True,
WAFD,936528,WAFD INC,Nasdaq,6021,National Commercial Banks,operating,Financials,True,
AMR,1704715,"Alpha Metallurgical Resources, Inc.",NYSE,1221,Bituminous Coal & Lignite Surface Mining,operating,Energy,True,
BGSI,2091467,Boyd Group Services Inc.,NYSE,7500,"Services-Automotive Repair, Services & Parking",other,Industrials,False,not an operating company
PRLB,1443669,Proto Labs Inc,NYSE,3440,Fabricated Structural Metal Products,operating,Industrials,True,
PHVS,1830487,Pharvaris N.V.,Nasdaq,2834,Pharmaceutical Preparations,other,Health Care,False,not an operating company
ICHR,1652535,"ICHOR HOLDINGS, LTD.",Nasdaq,3674,Semiconductors & Related Devices,operating,Information Technology,True,
NWBI,1471265,"Northwest Bancshares, Inc.",Nasdaq,6021,National Commercial Banks,operating,Financials,True,
BVC,1785680,BitVentures Ltd,Nasdaq,6282,Investment Advice,other,Financials,False,not an operating company
LUNR,1844452,"Intuitive Machines, Inc.",Nasdaq,3812,"Search, Detection, Navigation, Guidance, Aeronautical Sys",operating,Information Technology,True,
STDN,2086716,"Standard Nuclear, Inc.",NYSE,2810,Industrial Inorganic Chemicals,operating,Materials,True,
SIND,2096861,Sinda Ltd.,NYSE,1040,Gold and Silver Ores,operating,Materials,True,
OFG,1030469,OFG BANCORP,NYSE,6022,State Commercial Banks,operating,Financials,True,
PTON,1639825,"PELOTON INTERACTIVE, INC.",Nasdaq,3949,"Sporting & Athletic Goods, NEC",operating,Consumer Discretionary,True,
NWCL,2131813,newcleo plc,Nasdaq,3443,Fabricated Plate Work (Boiler Shops),other,Industrials,False,not an operating company
AUPH,1600620,Aurinia Pharmaceuticals Inc.,Nasdaq,2834,Pharmaceutical Preparations,operating,Health Care,True,
DNN,1063259,DENISON MINES CORP.,NYSE,1090,Miscellaneous Metal Ores,other,Materials,False,not an operating company
ADUS,1468328,Addus HomeCare Corp,Nasdaq,8082,Services-Home Health Care Services,operating,Health Care,True,
EFSC,1025835,ENTERPRISE FINANCIAL SERVICES CORP,Nasdaq,6022,State Commercial Banks,operating,Financials,True,
DBD,28823,"DIEBOLD NIXDORF, Inc",NYSE,3578,Calculating & Accounting Machines (No Electronic Computers),operating,Information Technology,True,
CHA,2013649,Chagee Holdings Ltd.,Nasdaq,5810,Retail-Eating & Drinking Places,other,Consumer Discretionary,False,not an operating company
CTOS,1709682,"Custom Truck One Source, Inc.",NYSE,7359,"Services-Equipment Rental & Leasing, NEC",operating,Industrials,True,
RH,1528849,RH,NYSE,5712,Retail-Furniture Stores,operating,Consumer Discretionary,True,
PEB,1474098,Pebblebrook Hotel Trust,NYSE,6798,Real Estate Investment Trusts,operating,Real Estate,True,
MD,893949,"Pediatrix Medical Group, Inc.",NYSE,8060,Services-Hospitals,operating,Health Care,True,
PHIN,1968915,PHINIA INC.,NYSE,3714,Motor Vehicle Parts & Accessories,operating,Consumer Discretionary,True,
NZF,1137887,Nuveen Municipal Credit Income Fund,NYSE,,,other,Unclassified,False,not an operating company
STGW,876883,Stagwell Inc,Nasdaq,7311,Services-Advertising Agencies,operating,Industrials,True,
VERA,1831828,"Vera Therapeutics, Inc.",Nasdaq,2834,Pharmaceutical Preparations,operating,Health Care,True,
PGNY,1551306,"Progyny, Inc.",Nasdaq,8090,"Services-Misc Health & Allied Services, NEC",operating,Health Care,True,
BCRX,882796,BIOCRYST PHARMACEUTICALS INC,Nasdaq,2836,"Biological Products, (No Diagnostic Substances)",operating,Health Care,True,
ECPG,1084961,ENCORE CAPITAL GROUP INC,Nasdaq,6153,Short-Term Business Credit Institutions,operating,Financials,True,
DV,1819928,"DoubleVerify Holdings, Inc.",NYSE,7370,"Services-Computer Programming, Data Processing, Etc.",operating,Information Technology,True,
AXGN,805928,"Axogen, Inc.",Nasdaq,3845,Electromedical & Electrotherapeutic Apparatus,operating,Health Care,True,
HTH,1265131,Hilltop Holdings Inc.,NYSE,6022,State Commercial Banks,operating,Financials,True,
SHO,1295810,"Sunstone Hotel Investors, Inc.",NYSE,7011,Hotels & Motels,operating,Consumer Discretionary,True,
PENN,921738,"PENN Entertainment, Inc.",Nasdaq,7011,Hotels & Motels,operating,Consumer Discretionary,True,
RLX,1828365,RLX Technology Inc.,NYSE,2111,Cigarettes,other,Consumer Staples,False,not an operating company
BFLY,1804176,"Butterfly Network, Inc.",NYSE,3844,X-Ray Apparatus & Tubes & Related Irradiation Apparatus,operating,Health Care,True,
FLOC,2035149,Flowco Holdings Inc.,NYSE,3533,Oil & Gas Field Machinery & Equipment,operating,Industrials,True,
UAA,1336917,"Under Armour, Inc.",NYSE,2300,Apparel & Other Finishd Prods of  Fabrics & Similar Matl,operating,Consumer Discretionary,True,
CTRI,1981599,"Centuri Holdings, Inc.",NYSE,4923,Natural Gas Transmisison & Distribution,operating,Utilities,True,
DRD,1023512,DRDGOLD LTD,NYSE,1040,Gold and Silver Ores,other,Materials,False,not an operating company
RVT,804116,"ROYCE SMALL-CAP TRUST, INC.",NYSE,,,other,Unclassified,False,not an operating company
RXRX,1601830,"RECURSION PHARMACEUTICALS, INC.",Nasdaq,2836,"Biological Products, (No Diagnostic Substances)",operating,Health Care,True,
PRDO,1046568,PERDOCEO EDUCATION Corp,Nasdaq,8200,Services-Educational Services,operating,Industrials,True,
SSMR,2091017,Sunshine Silver Mining & Refining Co,NYSE,1040,Gold and Silver Ores,operating,Materials,True,
INOD,903651,INNODATA INC,Nasdaq,7374,Services-Computer Processing & Data Preparation,operating,Information Technology,True,
PATK,76605,PATRICK INDUSTRIES INC,Nasdaq,3714,Motor Vehicle Parts & Accessories,operating,Consumer Discretionary,True,
EVT,1253327,Eaton Vance Tax-Advantaged Dividend Income Fund,NYSE,,,other,Unclassified,False,not an operating company
MCRI,907242,MONARCH CASINO & RESORT INC,Nasdaq,7011,Hotels & Motels,operating,Consumer Discretionary,True,
SECZ,2094496,Securitize Corp.,NYSE,6199,Finance Services,operating,Financials,True,
CC,1627223,Chemours Co,NYSE,2800,Chemicals & Allied Products,operating,Materials,True,
PLBL,2035697,Polibeli Group Ltd,Nasdaq,5064,"Wholesale-Electrical Appliances, Tv & Radio Sets",other,Industrials,False,not an operating company
NCNO,1902733,"nCino, Inc.",Nasdaq,7372,Services-Prepackaged Software,operating,Information Technology,True,
VRDN,1590750,"Viridian Therapeutics, Inc.\DE",Nasdaq,2834,Pharmaceutical Preparations,operating,Health Care,True,
CDLR,1978867,Cadeler A/S,NYSE,4412,Deep Sea Foreign Transportation of  Freight,other,Industrials,False,not an operating company
BSTZ,1768666,BlackRock Science & Technology Term Trust,NYSE,,,other,Unclassified,False,not an operating company
UTZ,1739566,"Utz Brands, Inc.",NYSE,2090,Miscellaneous Food Preparations & Kindred Products,operating,Consumer Staples,True,
SRCE,34782,1ST SOURCE CORP,Nasdaq,6022,State Commercial Banks,operating,Financials,True,
VCEL,887359,Vericel Corp,Nasdaq,2836,"Biological Products, (No Diagnostic Substances)",operating,Health Care,True,
ALGT,1362468,Allegiant Travel CO,Nasdaq,4512,"Air Transportation, Scheduled",operating,Industrials,True,
VERX,1806837,"Vertex, Inc.",Nasdaq,7372,Services-Prepackaged Software,operating,Information Technology,True,
GCT,1857816,GigaCloud Technology Inc,Nasdaq,5961,Retail-Catalog & Mail-Order Houses,operating,Consumer Discretionary,True,
FCF,712537,FIRST COMMONWEALTH FINANCIAL CORP /PA/,NYSE,6021,National Commercial Banks,operating,Financials,True,
MTX,891014,MINERALS TECHNOLOGIES INC,NYSE,2810,Industrial Inorganic Chemicals,operating,Materials,True,
CLM,814083,"Cornerstone Strategic Investment Fund, Inc.",NYSE,0000,,other,Unclassified,False,not an operating company
ATEN,1580808,"A10 Networks, Inc.",NYSE,3576,Computer Communications Equipment,operating,Information Technology,True,
TILE,715787,INTERFACE INC,Nasdaq,2273,Carpets & Rugs,operating,Consumer Discretionary,True,
NWN,1733998,Northwest Natural Holding Co,NYSE,4924,Natural Gas Distribution,operating,Utilities,True,
TRN,99780,TRINITY INDUSTRIES INC,NYSE,3743,Railroad Equipment,operating,Industrials,True,
NEO,1077183,NEOGENOMICS INC,Nasdaq,8734,Services-Testing Laboratories,operating,Industrials,True,
ETOR,1493318,eToro Group Ltd.,Nasdaq,6211,"Security Brokers, Dealers & Flotation Companies",other,Financials,False,not an operating company
PLGO,1636639,Pelagos Insurance Capital Ltd,NYSE,6331,"Fire, Marine & Casualty Insurance",other,Financials,False,not an operating company
ALVO,1898416,Alvotech,Nasdaq,2836,"Biological Products, (No Diagnostic Substances)",other,Health Care,False,not an operating company
BLKB,1280058,BLACKBAUD INC,Nasdaq,7372,Services-Prepackaged Software,operating,Information Technology,True,
IDT,1005731,IDT CORP,NYSE,4813,Telephone Communications (No Radiotelephone),operating,Communication Services,True,
TBBK,1295401,"Bancorp, Inc.",Nasdaq,6021,National Commercial Banks,operating,Financials,True,
AMPL,1866692,"Amplitude, Inc.",Nasdaq,7372,Services-Prepackaged Software,operating,Information Technology,True,
SONO,1314727,Sonos Inc,Nasdaq,3651,Household Audio & Video Equipment,operating,Industrials,True,
DAO,1781753,"Youdao, Inc.",NYSE,8200,Services-Educational Services,other,Industrials,False,not an operating company
WGS,1818331,GeneDx Holdings Corp.,Nasdaq,8000,Services-Health Services,operating,Health Care,True,
CHCO,726854,CITY HOLDING CO,Nasdaq,6021,National Commercial Banks,operating,Financials,True,
SEDG,1419612,"SOLAREDGE TECHNOLOGIES, INC.",Nasdaq,3674,Semiconductors & Related Devices,operating,Information Technology,True,
TRLV,1754195,Trulieve Cannabis Corp.,NYSE,2833,Medicinal Chemicals & Botanical Products,operating,Health Care,True,
WERN,793074,WERNER ENTERPRISES INC,Nasdaq,4213,Trucking (No Local),operating,Industrials,True,
SDGR,1490978,"Schrodinger, Inc.",Nasdaq,2834,Pharmaceutical Preparations,operating,Health Care,True,
PRGO,1585364,PERRIGO Co plc,NYSE,2834,Pharmaceutical Preparations,operating,Health Care,True,
DEI,1364250,Douglas Emmett Inc,NYSE,6798,Real Estate Investment Trusts,operating,Real Estate,True,
WU,1365135,Western Union CO,NYSE,7389,"Services-Business Services, NEC",operating,Industrials,True,
KRP,1657788,"Kimbell Royalty Partners, LP",NYSE,1311,Crude Petroleum & Natural Gas,operating,Energy,True,
TOP,1848275,TOP Financial Group Ltd,Nasdaq,6200,"Security & Commodity Brokers, Dealers, Exchanges & Services",operating,Financials,True,
MLYS,1933414,"Mineralys Therapeutics, Inc.",Nasdaq,2834,Pharmaceutical Preparations,operating,Health Care,True,
DXC,1688568,DXC Technology Co,NYSE,7374,Services-Computer Processing & Data Preparation,operating,Information Technology,True,
GOF,1380936,GUGGENHEIM STRATEGIC OPPORTUNITIES FUND,NYSE,,,other,Unclassified,False,not an operating company
DRVN,1804745,Driven Brands Holdings Inc.,Nasdaq,7500,"Services-Automotive Repair, Services & Parking",operating,Industrials,True,
GRC,42682,GORMAN RUPP CO,NYSE,3561,Pumps & Pumping Equipment,operating,Industrials,True,
AADX,2118195,"Applied Aerospace & Defense, Inc.",NYSE,3728,"Aircraft Parts & Auxiliary Equipment, NEC",operating,Industrials,True,
LKFT,1421876,Lakefront Biotherapeutics NV,Nasdaq,2834,Pharmaceutical Preparations,other,Health Care,False,not an operating company
PRCH,1784535,"Porch Group, Inc.",Nasdaq,6321,Accident & Health Insurance,operating,Financials,True,
PLPC,80035,PREFORMED LINE PRODUCTS CO,Nasdaq,1623,"Water, Sewer, Pipeline, Comm & Power Line Construction",operating,Industrials,True,
LCII,763744,LCI INDUSTRIES,NYSE,3714,Motor Vehicle Parts & Accessories,operating,Consumer Discretionary,True,
NMZ,1266585,NUVEEN MUNICIPAL HIGH INCOME OPPORTUNITY FUND,NYSE,,,other,Unclassified,False,not an operating company
KEEL,1812477,Keel Infrastructure Corp.,Nasdaq,6199,Finance Services,operating,Financials,True,
EZPW,876523,EZCORP INC,Nasdaq,5900,Retail-Miscellaneous Retail,operating,Consumer Discretionary,True,
INSP,1609550,"Inspire Medical Systems, Inc.",NYSE,3841,Surgical & Medical Instruments & Apparatus,operating,Health Care,True,
INVX,1042893,"Innovex International, Inc.",NYSE,3533,Oil & Gas Field Machinery & Equipment,operating,Industrials,True,
SAH,1043509,SONIC AUTOMOTIVE INC,NYSE,5500,Retail-Auto Dealers & Gasoline Stations,operating,Consumer Discretionary,True,
WKC,789460,WORLD KINECT CORP,NYSE,5172,Wholesale-Petroleum & Petroleum Products (No Bulk Stations),operating,Industrials,True,
TIC,2032966,"TIC Solutions, Inc.",NYSE,7389,"Services-Business Services, NEC",operating,Industrials,True,
IQMX,2113060,IQM Quantum Computers Oyj,Nasdaq,7372,Services-Prepackaged Software,other,Information Technology,False,not an operating company
BLBD,1589526,Blue Bird Corp,Nasdaq,3713,Truck & Bus Bodies,operating,Consumer Discretionary,True,
AGIO,1439222,"AGIOS PHARMACEUTICALS, INC.",Nasdaq,2834,Pharmaceutical Preparations,operating,Health Care,True,
ARR,1428205,"Armour Residential REIT, Inc.",NYSE,6798,Real Estate Investment Trusts,operating,Real Estate,True,
SRPT,873303,"Sarepta Therapeutics, Inc.",Nasdaq,2834,Pharmaceutical Preparations,operating,Health Care,True,
FTRE,1965040,Fortrea Holdings Inc.,Nasdaq,8071,Services-Medical Laboratories,operating,Health Care,True,
WHR,106640,WHIRLPOOL CORP /DE/,NYSE,3630,Household Appliances,operating,Consumer Discretionary,True,
ZD,1084048,"ZIFF DAVIS, INC.",Nasdaq,4822,Telegraph & Other Message Communications,operating,Communication Services,True,
MPT,1287865,MEDICAL PROPERTIES TRUST INC,NYSE,6798,Real Estate Investment Trusts,operating,Real Estate,True,
ADRX,1802369,"ADARx Pharmaceuticals, Inc.",Nasdaq,2834,Pharmaceutical Preparations,other,Health Care,False,not an operating company
NSP,1000753,"INSPERITY, INC.",NYSE,7363,Services-Help Supply Services,operating,Industrials,True,
BXMT,1061630,"BLACKSTONE MORTGAGE TRUST, INC.",NYSE,6798,Real Estate Investment Trusts,operating,Real Estate,True,
VIR,1706431,"Vir Biotechnology, Inc.",Nasdaq,2836,"Biological Products, (No Diagnostic Substances)",operating,Health Care,True,
CEPU,1717161,CENTRAL PUERTO S.A.,NYSE,4911,Electric Services,other,Utilities,False,not an operating company
NN,1865631,NEXTNAV INC.,Nasdaq,3812,"Search, Detection, Navigation, Guidance, Aeronautical Sys",operating,Information Technology,True,
SBET,1981535,"Sharplink, Inc.",Nasdaq,6199,Finance Services,operating,Financials,True,
ALG,897077,ALAMO GROUP INC,NYSE,3523,Farm Machinery & Equipment,operating,Industrials,True,
PVLA,1583648,"PALVELLA THERAPEUTICS, INC.",Nasdaq,2834,Pharmaceutical Preparations,operating,Health Care,True,
SMA,1585389,"SmartStop Self Storage REIT, Inc.",NYSE,6798,Real Estate Investment Trusts,operating,Real Estate,True,
SFL,1289877,SFL Corp Ltd.,NYSE,4412,Deep Sea Foreign Transportation of  Freight,other,Industrials,False,not an operating company
KARO,1828102,Karooooo Ltd.,Nasdaq,7372,Services-Prepackaged Software,other,Information Technology,False,not an operating company
XERS,1867096,"Xeris Biopharma Holdings, Inc.",Nasdaq,2834,Pharmaceutical Preparations,operating,Health Care,True,
HMN,850141,HORACE MANN EDUCATORS CORP /DE/,NYSE,6331,"Fire, Marine & Casualty Insurance",operating,Financials,True,
TRVI,1563880,"Trevi Therapeutics, Inc.",Nasdaq,2834,Pharmaceutical Preparations,operating,Health Care,True,
BOBS,2085187,"Bob's Discount Furniture, Inc.",NYSE,5712,Retail-Furniture Stores,operating,Consumer Discretionary,True,
PAX,1825570,Patria Investments Ltd,Nasdaq,6282,Investment Advice,other,Financials,False,not an operating company
VSTS,1967649,Vestis Corp,NYSE,5190,Wholesale-Miscellaneous Nondurable Goods,operating,Industrials,True,
GNL,1526113,"Global Net Lease, Inc.",NYSE,6798,Real Estate Investment Trusts,operating,Real Estate,True,
CMRE,1503584,Costamare Inc.,NYSE,4412,Deep Sea Foreign Transportation of  Freight,other,Industrials,False,not an operating company
URGN,1668243,UroGen Pharma Ltd.,Nasdaq,2834,Pharmaceutical Preparations,operating,Health Care,True,
GABC,714395,"GERMAN AMERICAN BANCORP, INC.",Nasdaq,6022,State Commercial Banks,operating,Financials,True,
TY,99614,TRI-CONTINENTAL Corp,NYSE,,,other,Unclassified,False,not an operating company
ALNT,46129,ALLIENT INC,Nasdaq,3825,Instruments For Meas & Testing of  Electricity & Elec Signals,operating,Information Technology,True,
XPRO,2126198,Expro Ltd,NYSE,1389,"Oil & Gas Field Services, NEC",operating,Energy,True,
DHC,1075415,DIVERSIFIED HEALTHCARE TRUST,Nasdaq,6798,Real Estate Investment Trusts,operating,Real Estate,True,
STRA,1013934,"Strategic Education, Inc.",Nasdaq,8200,Services-Educational Services,operating,Industrials,True,
GPCR,1888886,Structure Therapeutics Inc.,Nasdaq,2834,Pharmaceutical Preparations,operating,Health Care,True,
LIME,1699963,"Neutron Holdings, Inc.",Nasdaq,7372,Services-Prepackaged Software,operating,Information Technology,True,
ZYME,1937653,Zymeworks Inc.,Nasdaq,2834,Pharmaceutical Preparations,operating,Health Care,True,
ALMR,2104204,"Alamar Biosciences, Inc.",Nasdaq,3826,Laboratory Analytical Instruments,operating,Information Technology,True,
LMAT,1158895,LEMAITRE VASCULAR INC,Nasdaq,3841,Surgical & Medical Instruments & Apparatus,operating,Health Care,True,
RBCAA,921557,REPUBLIC BANCORP INC /KY/,Nasdaq,6022,State Commercial Banks,operating,Financials,True,
VET,1293135,VERMILION ENERGY INC.,NYSE,1311,Crude Petroleum & Natural Gas,other,Energy,False,not an operating company
BRSL,1619762,Brightstar Lottery PLC,NYSE,7990,Services-Miscellaneous Amusement & Recreation,other,Consumer Discretionary,False,not an operating company
FORTY,1045986,FORMULA SYSTEMS (1985) LTD,Nasdaq,7371,Services-Computer Programming Services,other,Information Technology,False,not an operating company
NAT,1000177,NORDIC AMERICAN TANKERS Ltd,NYSE,4400,Water Transportation,other,Industrials,False,not an operating company
NEXT,1612720,NextDecade Corp,Nasdaq,4923,Natural Gas Transmisison & Distribution,operating,Utilities,True,
MQ,1522540,"Marqeta, Inc.",Nasdaq,7372,Services-Prepackaged Software,operating,Information Technology,True,
ESTA,1688757,ESTABLISHMENT LABS HOLDINGS INC.,Nasdaq,3842,"Orthopedic, Prosthetic & Surgical Appliances & Supplies",operating,Health Care,True,
AI,1577526,"C3.ai, Inc.",NYSE,7372,Services-Prepackaged Software,operating,Information Technology,True,
XNCR,1326732,Xencor Inc,Nasdaq,2834,Pharmaceutical Preparations,operating,Health Care,True,
MNR,1980088,MACH NATURAL RESOURCES LP,NYSE,1311,Crude Petroleum & Natural Gas,operating,Energy,True,
CMPR,1262976,CIMPRESS plc,Nasdaq,2750,Commercial Printing,operating,Communication Services,True,
NVAX,1000694,NOVAVAX INC,Nasdaq,2836,"Biological Products, (No Diagnostic Substances)",operating,Health Care,True,
UNIT,2020795,Uniti Group Inc.,Nasdaq,4813,Telephone Communications (No Radiotelephone),operating,Communication Services,True,
GENB,2100782,"Generate Biomedicines, Inc.",Nasdaq,2834,Pharmaceutical Preparations,operating,Health Care,True,
MFP,2088281,"Midera Food Processing, Inc.",Nasdaq,3580,Refrigeration & Service Industry Machinery,operating,Industrials,True,
EPAC,6955,ENERPAC TOOL GROUP CORP,NYSE,3590,Misc Industrial & Commercial Machinery & Equipment,operating,Industrials,True,
BHVN,1935979,Biohaven Ltd.,NYSE,2834,Pharmaceutical Preparations,operating,Health Care,True,
ALHC,1832466,"Alignment Healthcare, Inc.",Nasdaq,6324,Hospital & Medical Service Plans,operating,Financials,True,
RUN,1469367,Sunrun Inc.,Nasdaq,1700,Construction - Special Trade Contractors,operating,Industrials,True,
TH,1712189,Target Hospitality Corp.,Nasdaq,7000,"Hotels, Rooming Houses, Camps & Other Lodging Places",operating,Consumer Discretionary,True,
XHR,1616000,"Xenia Hotels & Resorts, Inc.",NYSE,7011,Hotels & Motels,operating,Consumer Discretionary,True,
SPB,109177,"Spectrum Brands Holdings, Inc.",NYSE,3690,"Miscellaneous Electrical Machinery, Equipment & Supplies",operating,Information Technology,True,
NTST,1798100,NETSTREIT Corp.,NYSE,6798,Real Estate Investment Trusts,operating,Real Estate,True,
MESO,1345099,MESOBLAST LTD,Nasdaq,2836,"Biological Products, (No Diagnostic Substances)",other,Health Care,False,not an operating company
ASTH,1083446,"Astrana Health, Inc.",Nasdaq,8742,Services-Management Consulting Services,operating,Industrials,True,
ACVA,1637873,ACV Auctions Inc.,NYSE,7389,"Services-Business Services, NEC",operating,Industrials,True,
GAB,794685,GABELLI EQUITY TRUST INC,NYSE,,,other,Unclassified,False,not an operating company
SGRY,1638833,"Surgery Partners, Inc.",Nasdaq,8062,"Services-General Medical & Surgical Hospitals, NEC",operating,Health Care,True,
OLN,74303,OLIN Corp,NYSE,2800,Chemicals & Allied Products,operating,Materials,True,
SAM,949870,BOSTON BEER CO INC,NYSE,2082,Malt Beverages,operating,Consumer Staples,True,
HAPN,1409970,"Happen, Inc.",Nasdaq,6141,Personal Credit Institutions,operating,Financials,True,
EVTC,1559865,"EVERTEC, Inc.",NYSE,7374,Services-Computer Processing & Data Preparation,operating,Information Technology,True,
ETG,1270523,Eaton Vance Tax-Advantaged Global Dividend Income Fund,NYSE,,,other,Unclassified,False,not an operating company
UWMC,1783398,UWM Holdings Corp,NYSE,6162,Mortgage Bankers & Loan Correspondents,operating,Financials,True,
MHD,1034665,"BLACKROCK MUNIHOLDINGS FUND, INC.",NYSE,,,other,Unclassified,False,not an operating company
GEL,1022321,GENESIS ENERGY LP,NYSE,4610,Pipe Lines (No Natural Gas),operating,Industrials,True,
ETV,1322436,Eaton Vance Tax-Managed Buy-Write Opportunities Fund,NYSE,,,other,Unclassified,False,not an operating company
PLAB,810136,PHOTRONICS INC,Nasdaq,3674,Semiconductors & Related Devices,operating,Information Technology,True,
PDO,1798618,PIMCO Dynamic Income Opportunities Fund,NYSE,,,other,Unclassified,False,not an operating company
ARCO,1508478,Arcos Dorados Holdings Inc.,NYSE,5812,Retail-Eating  Places,other,Consumer Discretionary,False,not an operating company
SNDA,1043000,"SONIDA SENIOR LIVING, INC.",NYSE,8050,Services-Nursing & Personal Care Facilities,operating,Health Care,True,
ATS,1394832,ATS Corp /ATS,NYSE,3569,"General Industrial Machinery & Equipment, NEC",other,Industrials,False,not an operating company
ZBIO,1953926,"Zenas BioPharma, Inc.",Nasdaq,2834,Pharmaceutical Preparations,operating,Health Care,True,
GENI,1834489,Genius Sports Ltd,NYSE,7990,Services-Miscellaneous Amusement & Recreation,other,Consumer Discretionary,False,not an operating company
GTY,1052752,GETTY REALTY CORP /MD/,NYSE,6500,Real Estate,operating,Real Estate,True,
STBA,719220,S&T BANCORP INC,Nasdaq,6022,State Commercial Banks,operating,Financials,True,
AGBK,2081206,AGI Inc,NYSE,6029,"Commercial Banks, NEC",other,Financials,False,not an operating company
WS,1968487,"Worthington Steel, Inc.",NYSE,3310,"Steel Works, Blast Furnaces & Rolling & Finishing Mills",operating,Materials,True,
DCOM,846617,"Dime Commercial Bancshares, Inc. /NY/",NYSE,6021,National Commercial Banks,operating,Financials,True,
PSNL,1527753,"Personalis, Inc.",Nasdaq,8071,Services-Medical Laboratories,operating,Health Care,True,
FRNM,2017526,"Freenome, Inc.",Nasdaq,8071,Services-Medical Laboratories,operating,Health Care,True,
HOPE,1128361,HOPE BANCORP INC,Nasdaq,6021,National Commercial Banks,operating,Financials,True,
RLJ,1511337,RLJ Lodging Trust,NYSE,6798,Real Estate Investment Trusts,operating,Real Estate,True,
NYAX,1901279,Nayax Ltd.,Nasdaq,7372,Services-Prepackaged Software,other,Information Technology,False,not an operating company
FSUN,1709442,FIRSTSUN CAPITAL BANCORP,Nasdaq,6021,National Commercial Banks,operating,Financials,True,
NUV,812801,NUVEEN MUNICIPAL VALUE FUND INC,NYSE,,,operating,Unclassified,True,
BXDC,2100161,Blackstone Digital Infrastructure Trust Inc.,NYSE,6500,Real Estate,operating,Real Estate,True,
LILA,1712184,Liberty Latin America Ltd.,Nasdaq,4841,Cable & Other Pay Television Services,operating,Communication Services,True,
FLNG,1772253,Flex LNG Ltd.,NYSE,4400,Water Transportation,other,Industrials,False,not an operating company
WLTH,1524566,WEALTHFRONT CORP,Nasdaq,6199,Finance Services,operating,Financials,True,
XRAY,818479,DENTSPLY SIRONA Inc.,Nasdaq,3843,Dental Equipment & Supplies,operating,Health Care,True,
NTLA,1652130,"Intellia Therapeutics, Inc.",Nasdaq,2835,In Vitro & In Vivo Diagnostic Substances,operating,Health Care,True,
NUVB,1811063,Nuvation Bio Inc.,NYSE,2834,Pharmaceutical Preparations,operating,Health Care,True,
HYMC,1718405,HYCROFT MINING HOLDING CORP,Nasdaq,1040,Gold and Silver Ores,operating,Materials,True,
NBHC,1475841,National Bank Holdings Corp,NYSE,6021,National Commercial Banks,operating,Financials,True,
AIN,819793,ALBANY INTERNATIONAL CORP /DE/,NYSE,2221,"Broadwoven Fabric Mills, Man Made Fiber & Silk",operating,Consumer Discretionary,True,
SEPN,1984086,"Septerna, Inc.",Nasdaq,2834,Pharmaceutical Preparations,operating,Health Care,True,
STEW,102426,"SRH Total Return Fund, Inc.",NYSE,,,other,Unclassified,False,not an operating company
BAND,1514416,Bandwidth Inc.,Nasdaq,7372,Services-Prepackaged Software,operating,Information Technology,True,
TSLX,1508655,"Sixth Street Specialty Lending, Inc.",NYSE,,,operating,Unclassified,True,
TGLS,1534675,Tecnoglass Holdings Inc.,NYSE,3211,Flat Glass,operating,Materials,True,
CPRI,1530721,Capri Holdings Ltd,NYSE,3100,Leather & Leather Products,operating,Consumer Discretionary,True,
BL,1666134,"BLACKLINE, INC.",Nasdaq,7372,Services-Prepackaged Software,operating,Information Technology,True,
BRVE,2131524,"Braveheart Bio, Inc.",Nasdaq,2834,Pharmaceutical Preparations,operating,Health Care,True,
BDJ,1332283,BlackRock Enhanced Equity Dividend Trust,NYSE,,,other,Unclassified,False,not an operating company
AAT,1500217,"American Assets Trust, Inc.",NYSE,6798,Real Estate Investment Trusts,operating,Real Estate,True,
QUBT,1758009,Quantum Computing Inc.,Nasdaq,7372,Services-Prepackaged Software,operating,Information Technology,True,
BY,1702750,"BYLINE BANCORP, INC.",NYSE,6022,State Commercial Banks,operating,Financials,True,
SID,1049659,NATIONAL STEEL CO,NYSE,3310,"Steel Works, Blast Furnaces & Rolling & Finishing Mills",other,Materials,False,not an operating company
VOYG,1788060,"Voyager Technologies, Inc./TX",NYSE,3760,Guided Missiles & Space Vehicles & Parts,operating,Industrials,True,
TCBK,356171,TRICO BANCSHARES /,Nasdaq,6022,State Commercial Banks,operating,Financials,True,
NEXA,1713930,Nexa Resources S.A.,NYSE,1000,Metal Mining,other,Materials,False,not an operating company
ANIP,1023024,ANI PHARMACEUTICALS INC,Nasdaq,2834,Pharmaceutical Preparations,operating,Health Care,True,
BFC,1746109,Bank First Corp,Nasdaq,6021,National Commercial Banks,operating,Financials,True,
NVCR,1645113,NovoCure Ltd,Nasdaq,3841,Surgical & Medical Instruments & Apparatus,operating,Health Care,True,
CTS,26058,CTS CORP,NYSE,3672,Printed Circuit Boards,operating,Information Technology,True,
CNXC,1803599,Concentrix Corp,Nasdaq,7389,"Services-Business Services, NEC",operating,Industrials,True,
GIC,945114,GLOBAL INDUSTRIAL Co,NYSE,5084,Wholesale-Industrial Machinery & Equipment,operating,Industrials,True,
PBT,319654,PERMIAN BASIN ROYALTY TRUST,NYSE,6792,Oil Royalty Traders,operating,Financials,True,
THRM,903129,Gentherm Inc,Nasdaq,3714,Motor Vehicle Parts & Accessories,operating,Consumer Discretionary,True,
OCUL,1393434,"OCULAR THERAPEUTIX, INC",Nasdaq,2834,Pharmaceutical Preparations,operating,Health Care,True,
IMKTA,50493,INGLES MARKETS INC,Nasdaq,5411,Retail-Grocery Stores,operating,Consumer Staples,True,
HUBG,940942,"Hub Group, Inc.",Nasdaq,4731,Arrangement of  Transportation of  Freight & Cargo,operating,Industrials,True,
DSGR,703604,"Distribution Solutions Group, Inc.",Nasdaq,5080,"Wholesale-Machinery, Equipment & Supplies",operating,Industrials,True,
EVCM,1853145,EverCommerce Inc.,Nasdaq,7372,Services-Prepackaged Software,operating,Information Technology,True,
OBK,1516912,"Origin Bancorp, Inc.",NYSE,6022,State Commercial Banks,operating,Financials,True,
QCRH,906465,QCR HOLDINGS INC,Nasdaq,6022,State Commercial Banks,operating,Financials,True,
KOS,1509991,Kosmos Energy Ltd.,NYSE,1311,Crude Petroleum & Natural Gas,operating,Energy,True,
GLP,1323468,GLOBAL PARTNERS LP,NYSE,5171,Wholesale-Petroleum Bulk Stations & Terminals,operating,Industrials,True,
KMPR,860748,KEMPER Corp,NYSE,6331,"Fire, Marine & Casualty Insurance",operating,Financials,True,
WOLF,895419,"WOLFSPEED, INC.",NYSE,3674,Semiconductors & Related Devices,operating,Information Technology,True,
GSHD,1726978,"Goosehead Insurance, Inc.",Nasdaq,6411,"Insurance Agents, Brokers & Service",operating,Financials,True,
LOB,1462120,"Live Oak Bancshares, Inc.",NYSE,6022,State Commercial Banks,operating,Financials,True,
MLCO,1381640,Melco Resorts & Entertainment LTD,Nasdaq,7011,Hotels & Motels,other,Consumer Discretionary,False,not an operating company
CCS,1576940,"Century Communities, Inc.",NYSE,1531,Operative Builders,operating,Industrials,True,
OCFC,1004702,OCEANFIRST FINANCIAL CORP,Nasdaq,6021,National Commercial Banks,operating,Financials,True,
WB,1595761,WEIBO Corp,Nasdaq,7370,"Services-Computer Programming, Data Processing, Etc.",other,Information Technology,False,not an operating company
STC,94344,STEWART INFORMATION SERVICES CORP,NYSE,6361,Title Insurance,operating,Financials,True,
ATEC,1350653,"Alphatec Holdings, Inc.",Nasdaq,3841,Surgical & Medical Instruments & Apparatus,operating,Health Care,True,
OMCL,926326,"OMNICELL, INC.",Nasdaq,3571,Electronic Computers,operating,Information Technology,True,
PICS,1841644,PicS N.V.,Nasdaq,6141,Personal Credit Institutions,other,Financials,False,not an operating company
ETON,1710340,"Eton Pharmaceuticals, Inc.",Nasdaq,2834,Pharmaceutical Preparations,operating,Health Care,True,
WWW,110471,WOLVERINE WORLD WIDE INC /DE/,NYSE,3140,"Footwear, (No Rubber)",operating,Consumer Discretionary,True,
TEN,1166663,TSAKOS ENERGY NAVIGATION LTD,NYSE,4412,Deep Sea Foreign Transportation of  Freight,other,Industrials,False,not an operating company
CMPS,1816590,COMPASS Pathways plc,Nasdaq,2834,Pharmaceutical Preparations,operating,Health Care,True,
GLOB,1557860,Globant S.A.,NYSE,7374,Services-Computer Processing & Data Preparation,other,Information Technology,False,not an operating company
PRGS,876167,PROGRESS SOFTWARE CORP /MA,Nasdaq,7372,Services-Prepackaged Software,operating,Information Technology,True,
STOK,1623526,"Stoke Therapeutics, Inc.",Nasdaq,2834,Pharmaceutical Preparations,operating,Health Care,True,
ICFI,1362004,"ICF International, Inc.",Nasdaq,8742,Services-Management Consulting Services,operating,Industrials,True,
ARDT,1756655,"Ardent Health, Inc.",NYSE,8062,"Services-General Medical & Surgical Hospitals, NEC",operating,Health Care,True,
AZTA,933974,"Azenta, Inc.",Nasdaq,3559,"Special Industry Machinery, NEC",operating,Industrials,True,
TRIN,1786108,Trinity Capital Inc.,NYSE,,,operating,Unclassified,True,
QURE,1590560,uniQure N.V.,Nasdaq,2834,Pharmaceutical Preparations,operating,Health Care,True,
IE,1879016,Ivanhoe Electric Inc.,NYSE,1000,Metal Mining,operating,Materials,True,
NOMD,1651717,Nomad Foods Ltd,NYSE,2000,Food and Kindred Products,other,Consumer Staples,False,not an operating company
ALKT,1529274,"ALKAMI TECHNOLOGY, INC.",Nasdaq,7372,Services-Prepackaged Software,operating,Information Technology,True,
SNDX,1395937,Syndax Pharmaceuticals Inc,Nasdaq,2834,Pharmaceutical Preparations,operating,Health Care,True,
FOIL,2006960,Londian Wason New Energy Tech Inc.,NYSE,3390,Miscellaneous Primary Metal Products,other,Materials,False,not an operating company
EFC,1411342,Ellington Financial Inc.,NYSE,6500,Real Estate,operating,Real Estate,True,
CBL,910612,CBL & ASSOCIATES PROPERTIES INC,NYSE,6798,Real Estate Investment Trusts,operating,Real Estate,True,
SAFT,1172052,SAFETY INSURANCE GROUP INC,Nasdaq,6331,"Fire, Marine & Casualty Insurance",operating,Financials,True,
GAM,40417,GENERAL AMERICAN INVESTORS CO INC,NYSE,0000,,other,Unclassified,False,not an operating company
ABSI,1672688,Absci Corp,Nasdaq,8731,Services-Commercial Physical & Biological Research,operating,Industrials,True,
HYT,1222401,"BLACKROCK CORPORATE HIGH YIELD FUND, INC.",NYSE,,,other,Unclassified,False,not an operating company
RVLV,1746618,"Revolve Group, Inc.",NYSE,5961,Retail-Catalog & Mail-Order Houses,operating,Consumer Discretionary,True,
UROY,2143673,Uranium Royalty Corp.,Nasdaq,6221,Commodity Contracts Brokers & Dealers,operating,Financials,True,
CNOB,712771,"ConnectOne Bancorp, Inc.",Nasdaq,6022,State Commercial Banks,operating,Financials,True,
HE,354707,HAWAIIAN ELECTRIC INDUSTRIES INC,NYSE,4911,Electric Services,operating,Utilities,True,
AGRO,1499505,Adecoagro S.A.,NYSE,0100,Agricultural Production-Crops,other,Consumer Staples,False,not an operating company
CSWC,17313,CAPITAL SOUTHWEST CORP,Nasdaq,,,operating,Unclassified,True,
PSQL,2119292,Pasqal Holding SA,Nasdaq,7374,Services-Computer Processing & Data Preparation,other,Information Technology,False,not an operating company
PGY,1883085,Pagaya Technologies Ltd.,Nasdaq,6199,Finance Services,operating,Financials,True,
AESI,1984060,Atlas Energy Solutions Inc.,NYSE,1311,Crude Petroleum & Natural Gas,operating,Energy,True,
PAHC,1069899,PHIBRO ANIMAL HEALTH CORP,Nasdaq,2834,Pharmaceutical Preparations,operating,Health Care,True,
INVA,1080014,"Innoviva, Inc.",Nasdaq,2834,Pharmaceutical Preparations,operating,Health Care,True,
JJSF,785956,J&J SNACK FOODS CORP,Nasdaq,2052,Cookies & Crackers,operating,Consumer Staples,True,
KMTS,1877184,"KESTRA MEDICAL TECHNOLOGIES, LTD.",Nasdaq,3841,Surgical & Medical Instruments & Apparatus,operating,Health Care,True,
RARE,1515673,Ultragenyx Pharmaceutical Inc.,Nasdaq,2834,Pharmaceutical Preparations,operating,Health Care,True,
QQQX,1608741,Nuveen NASDAQ 100 Dynamic Overwrite Fund,Nasdaq,,,other,Unclassified,False,not an operating company
ATEX,1304492,Anterix Inc.,Nasdaq,4813,Telephone Communications (No Radiotelephone),operating,Communication Services,True,
IMCR,1671927,Immunocore Holdings plc,Nasdaq,2836,"Biological Products, (No Diagnostic Substances)",operating,Health Care,True,
CASH,907471,"PATHWARD FINANCIAL, INC.",Nasdaq,6021,National Commercial Banks,operating,Financials,True,
GFR,1966287,Greenfire Resources Ltd.,NYSE,1311,Crude Petroleum & Natural Gas,other,Energy,False,not an operating company
SBH,1368458,"Sally Beauty Holdings, Inc.",NYSE,5990,"Retail-Retail Stores, NEC",operating,Consumer Discretionary,True,
COUR,1651562,"Coursera, Inc.",NYSE,7372,Services-Prepackaged Software,operating,Information Technology,True,
OPRA,1737450,Opera Ltd,Nasdaq,7372,Services-Prepackaged Software,other,Information Technology,False,not an operating company
KRSA,1755237,"Korsana Biosciences, Inc.",Nasdaq,2834,Pharmaceutical Preparations,operating,Health Care,True,
TFIN,1539638,"Triumph Financial, Inc.",NYSE,6022,State Commercial Banks,operating,Financials,True,
WRD,1867729,WeRide Inc.,Nasdaq,7373,Services-Computer Integrated Systems Design,other,Information Technology,False,not an operating company
REX,744187,REX AMERICAN RESOURCES Corp,NYSE,2860,Industrial Organic Chemicals,operating,Materials,True,
NVGS,1581804,Navigator Holdings Ltd.,NYSE,4412,Deep Sea Foreign Transportation of  Freight,other,Industrials,False,not an operating company
AMSC,880807,AMERICAN SUPERCONDUCTOR CORP /DE/,Nasdaq,3621,Motors & Generators,operating,Industrials,True,
RQI,1157842,COHEN & STEERS QUALITY INCOME REALTY FUND INC,NYSE,,,other,Unclassified,False,not an operating company
HUN,1307954,Huntsman CORP,NYSE,2800,Chemicals & Allied Products,operating,Materials,True,
MQY,890196,"BLACKROCK MUNIYIELD QUALITY FUND, INC.",NYSE,,,other,Unclassified,False,not an operating company
LCID,1811210,"Lucid Group, Inc.",Nasdaq,3711,Motor Vehicles & Passenger Car Bodies,operating,Consumer Discretionary,True,
TMC,1798562,TMC the metals Co Inc.,Nasdaq,1000,Metal Mining,operating,Materials,True,
PWP,1777835,Perella Weinberg Partners,Nasdaq,6199,Finance Services,operating,Financials,True,
DXYZ,1843974,Destiny Tech100 Inc.,NYSE,,,other,Unclassified,False,not an operating company
ENR,1632790,"ENERGIZER HOLDINGS, INC.",NYSE,3690,"Miscellaneous Electrical Machinery, Equipment & Supplies",operating,Information Technology,True,
JBLU,1158463,JETBLUE AIRWAYS CORP,Nasdaq,4512,"Air Transportation, Scheduled",operating,Industrials,True,
VNET,1508475,"VNET Group, Inc.",Nasdaq,7370,"Services-Computer Programming, Data Processing, Etc.",other,Information Technology,False,not an operating company
PRKS,1564902,United Parks & Resorts Inc.,NYSE,7990,Services-Miscellaneous Amusement & Recreation,operating,Consumer Discretionary,True,
DMLP,1172358,"DORCHESTER MINERALS, L.P.",Nasdaq,1311,Crude Petroleum & Natural Gas,operating,Energy,True,
LUXE,1831907,LuxExperience B.V.,NYSE,5961,Retail-Catalog & Mail-Order Houses,other,Consumer Discretionary,False,not an operating company
BCAT,1809541,BlackRock Capital Allocation Term Trust,NYSE,,,other,Unclassified,False,not an operating company
PCRX,1396814,"Pacira BioSciences, Inc.",Nasdaq,2834,Pharmaceutical Preparations,operating,Health Care,True,
TSHA,1806310,"Taysha Gene Therapies, Inc.",Nasdaq,2836,"Biological Products, (No Diagnostic Substances)",operating,Health Care,True,
UFCS,101199,UNITED FIRE GROUP INC,Nasdaq,6331,"Fire, Marine & Casualty Insurance",operating,Financials,True,
COAG,2114044,"Hemab Therapeutics Holdings, Inc.",Nasdaq,2836,"Biological Products, (No Diagnostic Substances)",operating,Health Care,True,
RAPP,2012593,"Rapport Therapeutics, Inc.",Nasdaq,2834,Pharmaceutical Preparations,operating,Health Care,True,
EFOR,890564,Everforth Inc,NYSE,7363,Services-Help Supply Services,operating,Industrials,True,
PRSU,884219,"Pursuit Attractions & Hospitality, Inc.",NYSE,7990,Services-Miscellaneous Amusement & Recreation,operating,Consumer Discretionary,True,
LKFN,721994,LAKELAND FINANCIAL CORP,Nasdaq,6022,State Commercial Banks,operating,Financials,True,
USAS,1286973,Americas Gold & Silver Corp,NYSE,1000,Metal Mining,other,Materials,False,not an operating company
NUTX,1479681,Nutex Health Inc.,Nasdaq,7389,"Services-Business Services, NEC",operating,Industrials,True,
ESQ,1531031,"Esquire Financial Holdings, Inc.",Nasdaq,6029,"Commercial Banks, NEC",operating,Financials,True,
IIPR,1677576,INNOVATIVE INDUSTRIAL PROPERTIES INC,NYSE,6500,Real Estate,operating,Real Estate,True,
MAZE,1842295,"Maze Therapeutics, Inc.",Nasdaq,2836,"Biological Products, (No Diagnostic Substances)",operating,Health Care,True,
MLKN,66382,"MILLERKNOLL, INC.",Nasdaq,2520,Office Furniture,operating,Consumer Discretionary,True,
SHAZ,2068385,SharonAI Holdings Inc.,Nasdaq,7374,Services-Computer Processing & Data Preparation,operating,Information Technology,True,
FLNC,1868941,"Fluence Energy, Inc.",Nasdaq,3690,"Miscellaneous Electrical Machinery, Equipment & Supplies",operating,Information Technology,True,
PNTG,1766400,"Pennant Group, Inc.",Nasdaq,8000,Services-Health Services,operating,Health Care,True,
AMBQ,1500412,"Ambiq Micro, Inc.",NYSE,3674,Semiconductors & Related Devices,operating,Information Technology,True,
LYNX,2132582,Lyntris Inc.,NYSE,3812,"Search, Detection, Navigation, Guidance, Aeronautical Sys",other,Information Technology,False,not an operating company
AMAL,1823608,Amalgamated Financial Corp.,Nasdaq,6022,State Commercial Banks,operating,Financials,True,
AGL,1831097,"agilon health, inc.",NYSE,8090,"Services-Misc Health & Allied Services, NEC",operating,Health Care,True,
BORR,1715497,Borr Drilling Ltd,NYSE,1381,Drilling Oil & Gas Wells,other,Energy,False,not an operating company
HCSG,731012,HEALTHCARE SERVICES GROUP INC,Nasdaq,8050,Services-Nursing & Personal Care Facilities,operating,Health Care,True,
CRSR,1743759,"Corsair Gaming, Inc.",Nasdaq,3577,"Computer Peripheral Equipment, NEC",operating,Information Technology,True,
SVV,1883313,"Savers Value Village, Inc.",NYSE,5900,Retail-Miscellaneous Retail,operating,Consumer Discretionary,True,
SHLS,1831651,"Shoals Technologies Group, Inc.",Nasdaq,3674,Semiconductors & Related Devices,operating,Information Technology,True,
XZO,1873951,"Exzeo Group, Inc.",NYSE,7372,Services-Prepackaged Software,operating,Information Technology,True,
MBC,1941365,"MasterBrand, Inc.",NYSE,2511,"Wood Household Furniture, (No Upholstered)",operating,Consumer Discretionary,True,
SCL,94049,STEPAN CO,NYSE,2840,"Soap, Detergents, Cleang Preparations, Perfumes, Cosmetics",operating,Consumer Staples,True,
MGRT,2033377,Mega Fortune Co Ltd,Nasdaq,7371,Services-Computer Programming Services,other,Information Technology,False,not an operating company
ECAT,1864843,BlackRock ESG Capital Allocation Term Trust,NYSE,,,other,Unclassified,False,not an operating company
ATLC,1464343,Atlanticus Holdings Corp,Nasdaq,6141,Personal Credit Institutions,operating,Financials,True,
ESRT,1541401,"Empire State Realty Trust, Inc.",NYSE,6798,Real Estate Investment Trusts,operating,Real Estate,True,
BHRB,1964333,Burke & Herbert Financial Services Corp.,Nasdaq,6021,National Commercial Banks,operating,Financials,True,
DMC,1047340,DEL MONTE CORP,NYSE,0100,Agricultural Production-Crops,operating,Consumer Staples,True,
FMC,37785,FMC CORP,NYSE,2800,Chemicals & Allied Products,operating,Materials,True,
TMP,1005817,TOMPKINS FINANCIAL CORP,NYSE,6022,State Commercial Banks,operating,Financials,True,
NKTR,906709,NEKTAR THERAPEUTICS,Nasdaq,2834,Pharmaceutical Preparations,operating,Health Care,True,
GHRS,1855129,GH Research PLC,Nasdaq,2834,Pharmaceutical Preparations,other,Health Care,False,not an operating company
ANAB,1370053,"ANAPTYSBIO, INC",Nasdaq,2834,Pharmaceutical Preparations,operating,Health Care,True,
FCEL,886128,FUELCELL ENERGY INC,Nasdaq,3620,Electrical Industrial Apparatus,operating,Industrials,True,
TYRA,1863127,"Tyra Biosciences, Inc.",Nasdaq,2834,Pharmaceutical Preparations,operating,Health Care,True,
ARHS,1875444,"Arhaus, Inc.",Nasdaq,5712,Retail-Furniture Stores,operating,Consumer Discretionary,True,
BTT,1528437,BlackRock Municipal 2030 Target Term Trust,NYSE,,,other,Unclassified,False,not an operating company
WABC,311094,WESTAMERICA BANCORPORATION,Nasdaq,6021,National Commercial Banks,operating,Financials,True,
TRS,842633,TRIMAS CORP,Nasdaq,3460,Metal Forgings & Stampings,operating,Industrials,True,
OMER,1285819,OMEROS CORP,Nasdaq,2834,Pharmaceutical Preparations,operating,Health Care,True,
ADNT,1670541,Adient plc,NYSE,3714,Motor Vehicle Parts & Accessories,operating,Consumer Discretionary,True,
AMN,1142750,AMN HEALTHCARE SERVICES INC,NYSE,7363,Services-Help Supply Services,operating,Industrials,True,
CTBI,350852,COMMUNITY TRUST BANCORP INC /KY/,Nasdaq,6022,State Commercial Banks,operating,Financials,True,
GT,42582,GOODYEAR TIRE & RUBBER CO /OH/,Nasdaq,3011,Tires & Inner Tubes,operating,Materials,True,
VISN,1517228,"Vistance Networks, Inc.",Nasdaq,3663,Radio & Tv Broadcasting & Communications Equipment,operating,Information Technology,True,
INBX,2007919,"Inhibrx Biosciences, Inc.",Nasdaq,2836,"Biological Products, (No Diagnostic Substances)",operating,Health Care,True,
HLMN,1822492,Hillman Solutions Corp.,Nasdaq,3420,"Cutlery, Handtools & General Hardware",operating,Industrials,True,
AAPG,2023311,ASCENTAGE PHARMA GROUP INTERNATIONAL,Nasdaq,2834,Pharmaceutical Preparations,other,Health Care,False,not an operating company
NFJ,1260563,"Virtus Dividend, Interest & Premium Strategy Fund",NYSE,6163,Loan Brokers,other,Financials,False,not an operating company
HAWK,1750704,"HawkEye 360, Inc.",NYSE,7374,Services-Computer Processing & Data Preparation,operating,Information Technology,True,
CRCT,1828962,"Cricut, Inc.",Nasdaq,3559,"Special Industry Machinery, NEC",operating,Industrials,True,
AMPX,1899287,"Amprius Technologies, Inc.",NYSE,3690,"Miscellaneous Electrical Machinery, Equipment & Supplies",operating,Information Technology,True,
CNMD,816956,CONMED Corp,NYSE,3845,Electromedical & Electrotherapeutic Apparatus,operating,Health Care,True,
TK,911971,TEEKAY CORP LTD,NYSE,4412,Deep Sea Foreign Transportation of  Freight,other,Industrials,False,not an operating company
ULCC,1670076,"Frontier Group Holdings, Inc.",Nasdaq,4512,"Air Transportation, Scheduled",operating,Industrials,True,
RYZ,1481582,Ryerson Holding Corp,NYSE,5051,Wholesale-Metals Service Centers & of fices,operating,Industrials,True,
ELE,2086771,Elemental Royalty Corp,Nasdaq,1040,Gold and Silver Ores,other,Materials,False,not an operating company
DCH,1062231,Dauch Corp,NYSE,3714,Motor Vehicle Parts & Accessories,operating,Consumer Discretionary,True,
IAUX,1853962,i-80 Gold Corp.,NYSE,1040,Gold and Silver Ores,operating,Materials,True,
KARD,2123613,"Kardigan, Inc.",Nasdaq,2834,Pharmaceutical Preparations,operating,Health Care,True,
NMAX,2026478,Newsmax Inc.,NYSE,4833,Television Broadcasting Stations,operating,Communication Services,True,
LSPD,1823306,Lightspeed Commerce Inc.,NYSE,7372,Services-Prepackaged Software,other,Information Technology,False,not an operating company
RES,742278,RPC INC,NYSE,1389,"Oil & Gas Field Services, NEC",operating,Energy,True,
AZUL,1432364,AZUL SA,NYSE,4512,"Air Transportation, Scheduled",other,Industrials,False,not an operating company
EYE,1710155,"National Vision Holdings, Inc.",Nasdaq,3851,Ophthalmic Goods,operating,Health Care,True,
HLF,1180262,HERBALIFE LTD.,NYSE,5122,"Wholesale-Drugs, Proprietaries & Druggists' Sundries",operating,Health Care,True,
FOR,1406587,Forestar Group Inc.,NYSE,6500,Real Estate,operating,Real Estate,True,
CERT,1827090,"Certara, Inc.",Nasdaq,7372,Services-Prepackaged Software,operating,Information Technology,True,
WBTN,1997859,WEBTOON Entertainment Inc.,Nasdaq,2741,Miscellaneous Publishing,operating,Communication Services,True,
FMBH,700565,"FIRST MID BANCSHARES, INC.",Nasdaq,6022,State Commercial Banks,operating,Financials,True,
LQDT,1235468,LIQUIDITY SERVICES INC,Nasdaq,7389,"Services-Business Services, NEC",operating,Industrials,True,
ADIG,2105139,ADI GLOBAL DISTRIBUTION INC.,NYSE,5072,Wholesale-Hardware,operating,Industrials,True,
ARLO,1736946,"Arlo Technologies, Inc.",NYSE,7381,"Services-Detective, Guard & Armored Car Services",operating,Industrials,True,
UVE,891166,"UNIVERSAL INSURANCE HOLDINGS, INC.",NYSE,6331,"Fire, Marine & Casualty Insurance",operating,Financials,True,
HBT,775215,"HBT Financial, Inc.",Nasdaq,6022,State Commercial Banks,operating,Financials,True,
SLVM,1856485,Sylvamo Corp,NYSE,2621,Paper Mills,operating,Materials,True,
APPS,317788,"Digital Turbine, Inc.",Nasdaq,6794,Patent Owners & Lessors,operating,Financials,True,
UMH,752642,"UMH PROPERTIES, INC.",NYSE,6798,Real Estate Investment Trusts,operating,Real Estate,True,
KLRA,2096997,"Kailera Therapeutics, Inc.",Nasdaq,2834,Pharmaceutical Preparations,operating,Health Care,True,
DRTS,1871321,Alpha Tau Medical Ltd.,Nasdaq,3841,Surgical & Medical Instruments & Apparatus,other,Health Care,False,not an operating company
EPC,1096752,EDGEWELL PERSONAL CARE Co,NYSE,2844,"Perfumes, Cosmetics & Other Toilet Preparations",operating,Consumer Staples,True,
RDVT,1720116,"Red Violet, Inc.",Nasdaq,7372,Services-Prepackaged Software,operating,Information Technology,True,
DMRA,1800315,"Damora Therapeutics, Inc.",Nasdaq,2834,Pharmaceutical Preparations,operating,Health Care,True,
ASIC,2040491,Ategrity Specialty Insurance Co Holdings,NYSE,6331,"Fire, Marine & Casualty Insurance",operating,Financials,True,
OMDA,1611115,"Omada Health, Inc.",Nasdaq,8000,Services-Health Services,operating,Health Care,True,
BJRI,1013488,BJs RESTAURANTS INC,Nasdaq,5812,Retail-Eating  Places,operating,Consumer Discretionary,True,
OSBC,357173,OLD SECOND BANCORP INC,Nasdaq,6022,State Commercial Banks,operating,Financials,True,
NSSC,69633,"NAPCO SECURITY TECHNOLOGIES, INC",Nasdaq,3669,"Communications Equipment, NEC",operating,Information Technology,True,
CD,1527762,Chaince Digital Holdings Inc.,Nasdaq,6199,Finance Services,operating,Financials,True,
CCEC,1392326,Capital Clean Energy Carriers Corp.,Nasdaq,4412,Deep Sea Foreign Transportation of  Freight,other,Industrials,False,not an operating company
OPY,791963,OPPENHEIMER HOLDINGS INC,NYSE,6211,"Security Brokers, Dealers & Flotation Companies",operating,Financials,True,
NBXG,1843181,Neuberger Next Generation Connectivity Fund Inc.,NYSE,,,other,Unclassified,False,not an operating company
USPH,885978,U S PHYSICAL THERAPY INC /NV,NYSE,8000,Services-Health Services,operating,Health Care,True,
CXM,1569345,"Sprinklr, Inc.",NYSE,7372,Services-Prepackaged Software,operating,Information Technology,True,
INNV,1834376,InnovAge Holding Corp.,Nasdaq,8000,Services-Health Services,operating,Health Care,True,
DFIN,1669811,"Donnelley Financial Solutions, Inc.",NYSE,7380,Services-Miscellaneous Business Services,operating,Industrials,True,
AFYA,1771007,Afya Ltd,Nasdaq,8200,Services-Educational Services,other,Industrials,False,not an operating company
RDWR,1094366,RADWARE LTD,Nasdaq,7389,"Services-Business Services, NEC",other,Industrials,False,not an operating company
XNDU,2097163,Xanadu Quantum Technologies Ltd,Nasdaq,3571,Electronic Computers,other,Information Technology,False,not an operating company
ALX,3499,ALEXANDERS INC,NYSE,6798,Real Estate Investment Trusts,operating,Real Estate,True,
PD,1568100,"PagerDuty, Inc.",NYSE,7372,Services-Prepackaged Software,operating,Information Technology,True,
XPEL,1767258,"XPEL, Inc.",Nasdaq,3470,"Coating, Engraving & Allied Services",operating,Industrials,True,
NBR,1163739,NABORS INDUSTRIES LTD,NYSE,1381,Drilling Oil & Gas Wells,operating,Energy,True,
CCO,1334978,"Clear Channel Outdoor Holdings, Inc.",NYSE,7310,Services-Advertising,operating,Industrials,True,
ORIC,1796280,"Oric Pharmaceuticals, Inc.",Nasdaq,2834,Pharmaceutical Preparations,operating,Health Care,True,
REPL,1737953,"Replimune Group, Inc.",Nasdaq,2836,"Biological Products, (No Diagnostic Substances)",operating,Health Care,True,
VZLA,1796073,Vizsla Silver Corp.,NYSE,1040,Gold and Silver Ores,other,Materials,False,not an operating company
FLO,1128928,FLOWERS FOODS INC,NYSE,2000,Food and Kindred Products,operating,Consumer Staples,True,
CBRL,1067294,"CRACKER BARREL OLD COUNTRY STORE, INC",Nasdaq,5812,Retail-Eating  Places,operating,Consumer Discretionary,True,
DOLE,1857475,Dole plc,NYSE,0100,Agricultural Production-Crops,operating,Consumer Staples,True,
TBN,1997652,Tamboran Resources Corp,NYSE,1311,Crude Petroleum & Natural Gas,operating,Energy,True,
PFBC,1492165,Preferred Bank,Nasdaq,,,other,Unclassified,False,not an operating company
PRG,1808834,"PROG Holdings, Inc.",NYSE,7359,"Services-Equipment Rental & Leasing, NEC",operating,Industrials,True,
VTOL,1525221,Bristow Group Inc.,NYSE,4522,"Air Transportation, Nonscheduled",operating,Industrials,True,
GNK,1326200,GENCO SHIPPING & TRADING LTD,NYSE,4412,Deep Sea Foreign Transportation of  Freight,operating,Industrials,True,
MUC,1051004,"BLACKROCK MUNIHOLDINGS CALIFORNIA QUALITY FUND, INC.",NYSE,,,other,Unclassified,False,not an operating company
HLIT,851310,HARMONIC INC.,Nasdaq,3663,Radio & Tv Broadcasting & Communications Equipment,operating,Information Technology,True,
SENEA,88948,Seneca Foods Corp,Nasdaq,2033,"Canned, Fruits, Veg, Preserves, Jams & Jellies",operating,Consumer Staples,True,
GOLD,1591588,"Gold.com, Inc.",NYSE,5094,"Wholesale-Jewelry, Watches, Precious Stones & Metals",operating,Industrials,True,
CRI,1060822,CARTERS INC,NYSE,2300,Apparel & Other Finishd Prods of  Fabrics & Similar Matl,operating,Consumer Discretionary,True,
GBX,923120,GREENBRIER COMPANIES INC,NYSE,3743,Railroad Equipment,operating,Industrials,True,
POET,1437424,POET TECHNOLOGIES INC.,Nasdaq,3674,Semiconductors & Related Devices,other,Information Technology,False,not an operating company
SCSC,918965,"SCANSOURCE, INC.",Nasdaq,5045,Wholesale-Computers & Peripheral Equipment & Software,operating,Industrials,True,
WEN,30697,Wendy's Co,Nasdaq,5810,Retail-Eating & Drinking Places,operating,Consumer Discretionary,True,
WD,1497770,"Walker & Dunlop, Inc.",NYSE,6199,Finance Services,operating,Financials,True,
TV,912892,"GRUPO TELEVISA, S.A.B.",NYSE,4833,Television Broadcasting Stations,other,Communication Services,False,not an operating company
GO,1771515,Grocery Outlet Holding Corp.,Nasdaq,5411,Retail-Grocery Stores,operating,Consumer Staples,True,
CRON,1656472,Cronos Group Inc.,Nasdaq,2833,Medicinal Chemicals & Botanical Products,operating,Health Care,True,
LZB,57131,LA-Z-BOY INC,NYSE,2510,Household Furniture,operating,Consumer Discretionary,True,
ESBA,1553079,"Empire State Realty OP, L.P.",NYSE,6798,Real Estate Investment Trusts,operating,Real Estate,True,
IRS,933267,IRSA INVESTMENTS & REPRESENTATIONS INC,NYSE,6552,Land Subdividers & Developers (No Cemeteries),other,Real Estate,False,not an operating company
REAL,1573221,"TheRealReal, Inc.",Nasdaq,5900,Retail-Miscellaneous Retail,operating,Consumer Discretionary,True,
NBTX,1760854,Nanobiotix S.A.,Nasdaq,2834,Pharmaceutical Preparations,other,Health Care,False,not an operating company
AIIR,2097725,AIR Global PLC,Nasdaq,2100,Tobacco Products,other,Consumer Staples,False,not an operating company
BH-A,1726173,Biglari Holdings Inc.,NYSE,5812,Retail-Eating  Places,operating,Consumer Discretionary,True,
LOMA,1711375,Loma Negra Compania Industrial Argentina Sociedad Anonima,NYSE,3241,"Cement, Hydraulic",other,Materials,False,not an operating company
TRAX,2091349,"First Tracks Biotherapeutics, Inc.",Nasdaq,2834,Pharmaceutical Preparations,operating,Health Care,True,
FUN,1999001,Six Flags Entertainment Corporation/NEW,NYSE,7900,Services-Amusement & Recreation Services,operating,Consumer Discretionary,True,
HZO,1057060,MARINEMAX INC,NYSE,5531,Retail-Auto & Home Supply Stores,operating,Consumer Discretionary,True,
LNN,836157,LINDSAY CORP,NYSE,3523,Farm Machinery & Equipment,operating,Industrials,True,
GIII,821002,G III APPAREL GROUP LTD /DE/,Nasdaq,2300,Apparel & Other Finishd Prods of  Fabrics & Similar Matl,operating,Consumer Discretionary,True,
MYI,883412,"BLACKROCK MUNIYIELD QUALITY FUND III, INC.",NYSE,,,other,Unclassified,False,not an operating company
HROW,1360214,"HARROW, INC.",Nasdaq,2834,Pharmaceutical Preparations,operating,Health Care,True,
NEWP,1369085,NEW PACIFIC METALS CORP,NYSE,1040,Gold and Silver Ores,other,Materials,False,not an operating company
VOR,1817229,Vor Biopharma Inc.,Nasdaq,2836,"Biological Products, (No Diagnostic Substances)",operating,Health Care,True,
GDRX,1809519,"GoodRx Holdings, Inc.",Nasdaq,7374,Services-Computer Processing & Data Preparation,operating,Information Technology,True,
JANX,1817713,"Janux Therapeutics, Inc.",Nasdaq,2834,Pharmaceutical Preparations,operating,Health Care,True,
MYE,69488,MYERS INDUSTRIES INC,NYSE,3089,"Plastics Products, NEC",operating,Materials,True,
JCAP,2046042,"Jefferson Capital, Inc. / DE",Nasdaq,6153,Short-Term Business Credit Institutions,operating,Financials,True,
MSDL,1782524,Morgan Stanley Direct Lending Fund,NYSE,,,operating,Unclassified,True,
BCAX,2023658,Bicara Therapeutics Inc.,Nasdaq,2834,Pharmaceutical Preparations,operating,Health Care,True,
AMTB,1734342,Amerant Bancorp Inc.,NYSE,6021,National Commercial Banks,operating,Financials,True,
EOS,1308335,Eaton Vance Enhanced Equity Income Fund II,NYSE,,,other,Unclassified,False,not an operating company
SPH,1005210,SUBURBAN PROPANE PARTNERS LP,NYSE,5900,Retail-Miscellaneous Retail,operating,Consumer Discretionary,True,
QMCO,709283,QUANTUM CORP /DE/,Nasdaq,3572,Computer Storage Devices,operating,Information Technology,True,
UVSP,102212,UNIVEST FINANCIAL Corp,Nasdaq,6022,State Commercial Banks,operating,Financials,True,
BBAI,1836981,"BigBear.ai Holdings, Inc.",NYSE,7372,Services-Prepackaged Software,operating,Information Technology,True,
SLSR,2019103,Solaris Resources Inc.,NYSE,1040,Gold and Silver Ores,other,Materials,False,not an operating company
HEPS,1850235,D-MARKET Electronic Services & Trading,Nasdaq,5961,Retail-Catalog & Mail-Order Houses,other,Consumer Discretionary,False,not an operating company
SG,1477815,"Sweetgreen, Inc.",NYSE,5812,Retail-Eating  Places,operating,Consumer Discretionary,True,
TNC,97134,TENNANT CO,NYSE,3580,Refrigeration & Service Industry Machinery,operating,Industrials,True,
DEA,1622194,"Easterly Government Properties, Inc.",NYSE,6798,Real Estate Investment Trusts,operating,Real Estate,True,
TPB,1290677,"Turning Point Brands, Inc.",NYSE,2100,Tobacco Products,operating,Consumer Staples,True,
PDM,1042776,"Piedmont Realty Trust, Inc.",NYSE,6512,Opeators of  Nonresidential Buildings,operating,Real Estate,True,
ECVT,1708035,Ecovyst Inc.,NYSE,2800,Chemicals & Allied Products,operating,Materials,True,
HFWA,1046025,HERITAGE FINANCIAL CORP /WA/,Nasdaq,6036,"Savings Institutions, Not Federally Chartered",operating,Financials,True,
LADR,1577670,Ladder Capital Corp,NYSE,6798,Real Estate Investment Trusts,operating,Real Estate,True,
BOW,2002473,Bowhead Specialty Holdings Inc.,NYSE,6331,"Fire, Marine & Casualty Insurance",operating,Financials,True,
DSL,1566388,DoubleLine Income Solutions Fund,NYSE,,,other,Unclassified,False,not an operating company
AIP,1667011,"Arteris, Inc.",Nasdaq,3674,Semiconductors & Related Devices,operating,Information Technology,True,
PIII,1832511,P3 Health Partners Inc.,Nasdaq,8000,Services-Health Services,operating,Health Care,True,
IMTX,1809196,Immatics N.V.,Nasdaq,2836,"Biological Products, (No Diagnostic Substances)",other,Health Care,False,not an operating company
LBRX,1691082,LB PHARMACEUTICALS INC,Nasdaq,2834,Pharmaceutical Preparations,operating,Health Care,True,
NHP,1561032,"National Healthcare Properties, Inc.",Nasdaq,6798,Real Estate Investment Trusts,operating,Real Estate,True,
TRUP,1371285,"TRUPANION, INC.",Nasdaq,6324,Hospital & Medical Service Plans,operating,Financials,True,
AMRC,1488139,"Ameresco, Inc.",NYSE,1700,Construction - Special Trade Contractors,operating,Industrials,True,
UTI,1261654,UNIVERSAL TECHNICAL INSTITUTE INC,NYSE,8200,Services-Educational Services,operating,Industrials,True,
PSIX,1137091,"POWER SOLUTIONS INTERNATIONAL, INC.",Nasdaq,3510,Engines & Turbines,operating,Industrials,True,
WLDN,1370450,"Willdan Group, Inc.",Nasdaq,8711,Services-Engineering Services,operating,Industrials,True,
STAA,718937,STAAR SURGICAL CO,Nasdaq,3851,Ophthalmic Goods,operating,Health Care,True,
ROCK,912562,"GIBRALTAR INDUSTRIES, INC.",Nasdaq,3310,"Steel Works, Blast Furnaces & Rolling & Finishing Mills",operating,Materials,True,
PUMP,1680247,ProPetro Holding Corp.,NYSE,1389,"Oil & Gas Field Services, NEC",operating,Energy,True,
CRAI,1053706,"CRA INTERNATIONAL, INC.",Nasdaq,8111,Services-Legal Services,operating,Industrials,True,
IRMD,1325618,IRADIMED CORP,Nasdaq,3841,Surgical & Medical Instruments & Apparatus,operating,Health Care,True,
HPK,1792849,"HighPeak Energy, Inc.",Nasdaq,1381,Drilling Oil & Gas Wells,operating,Energy,True,
HBNB,2054507,Hotel101 Global Holdings Corp.,Nasdaq,7011,Hotels & Motels,other,Consumer Discretionary,False,not an operating company
AMPH,1297184,"Amphastar Pharmaceuticals, Inc.",Nasdaq,2834,Pharmaceutical Preparations,operating,Health Care,True,
MNKD,899460,MANNKIND CORP,Nasdaq,2834,Pharmaceutical Preparations,operating,Health Care,True,
GTM,1794515,ZoomInfo Technologies Inc.,Nasdaq,7372,Services-Prepackaged Software,operating,Information Technology,True,
AVLN,1540171,Avalyn Pharma Inc.,Nasdaq,2834,Pharmaceutical Preparations,operating,Health Care,True,
MCB,1476034,Metropolitan Bank Holding Corp.,NYSE,6022,State Commercial Banks,operating,Financials,True,
NPK,80172,NATIONAL PRESTO INDUSTRIES INC,NYSE,3480,"Ordnance & Accessories, (No Vehicles/Guided Missiles)",operating,Industrials,True,
MMI,1578732,"Marcus & Millichap, Inc.",NYSE,6531,Real Estate Agents & Managers (For Others),operating,Real Estate,True,
CNL,1953575,Collective Mining Ltd.,Nasdaq,1040,Gold and Silver Ores,other,Materials,False,not an operating company
BTX,1836057,BlackRock Technology & Private Equity Term Trust,NYSE,,,other,Unclassified,False,not an operating company
KRT,1758021,Karat Packaging Inc.,Nasdaq,3089,"Plastics Products, NEC",operating,Materials,True,
TNDM,1438133,TANDEM DIABETES CARE INC,Nasdaq,3841,Surgical & Medical Instruments & Apparatus,operating,Health Care,True,
UVV,102037,UNIVERSAL CORP /VA/,NYSE,5150,Wholesale-Farm Product Raw Materials,operating,Industrials,True,
EMAT,1866226,Evolution Metals & Technologies Corp.,Nasdaq,3690,"Miscellaneous Electrical Machinery, Equipment & Supplies",operating,Information Technology,True,
SBR,710752,SABINE ROYALTY TRUST,NYSE,6792,Oil Royalty Traders,operating,Financials,True,
PDS,1013605,PRECISION DRILLING Corp,NYSE,1381,Drilling Oil & Gas Wells,other,Energy,False,not an operating company
UPWK,1627475,"UPWORK, INC",Nasdaq,7374,Services-Computer Processing & Data Preparation,operating,Information Technology,True,
SGML,1848309,Sigma Lithium Corp,Nasdaq,1000,Metal Mining,other,Materials,False,not an operating company
CDRE,1860543,"Cadre Holdings, Inc.",NYSE,3842,"Orthopedic, Prosthetic & Surgical Appliances & Supplies",operating,Health Care,True,
CPAC,1221029,CEMENTOS PACASMAYO SAA,NYSE,3241,"Cement, Hydraulic",other,Materials,False,not an operating company
UMAC,1956955,"Unusual Machines, Inc.",NYSE,3663,Radio & Tv Broadcasting & Communications Equipment,operating,Information Technology,True,
IGIC,1794338,International General Insurance Holdings Ltd.,Nasdaq,6399,"Insurance Carriers, NEC",other,Financials,False,not an operating company
WINA,908315,WINMARK CORP,Nasdaq,5900,Retail-Miscellaneous Retail,operating,Consumer Discretionary,True,
DLX,27996,DELUXE CORP,NYSE,2780,"Blankbooks, Looseleaf Binders & Bookbindg & Relatd Work",operating,Communication Services,True,
GPRE,1309402,Green Plains Inc.,Nasdaq,2860,Industrial Organic Chemicals,operating,Materials,True,
AOD,1379400,abrdn Total Dynamic Dividend Fund,NYSE,,,other,Unclassified,False,not an operating company
RSKD,1851112,RISKIFIED LTD.,NYSE,7389,"Services-Business Services, NEC",other,Industrials,False,not an operating company
FSBC,1275168,FIVE STAR BANCORP,Nasdaq,6022,State Commercial Banks,operating,Financials,True,
CRF,33934,CORNERSTONE TOTAL RETURN FUND INC,NYSE,,,other,Unclassified,False,not an operating company
YELP,1345016,YELP INC,NYSE,7200,Services-Personal Services,operating,Consumer Discretionary,True,
CFFN,1490906,"Capitol Federal Financial, Inc.",Nasdaq,6035,"Savings Institution, Federally Chartered",operating,Financials,True,
HRTG,1598665,"Heritage Insurance Holdings, Inc.",NYSE,6331,"Fire, Marine & Casualty Insurance",operating,Financials,True,
CII,1278895,"BlackRock Enhanced Large Cap Core Fund, Inc.",NYSE,,,other,Unclassified,False,not an operating company
MRTN,799167,MARTEN TRANSPORT LTD,Nasdaq,4213,Trucking (No Local),operating,Industrials,True,
ANDG,2065708,Andersen Group Inc.,NYSE,7389,"Services-Business Services, NEC",operating,Industrials,True,
TUYA,1829118,Tuya Inc.,NYSE,7372,Services-Prepackaged Software,other,Information Technology,False,not an operating company
OCSL,1414932,Oaktree Specialty Lending Corp,Nasdaq,,,operating,Unclassified,True,
LGIH,1580670,"LGI Homes, Inc.",Nasdaq,1531,Operative Builders,operating,Industrials,True,
TRIP,1526520,"TripAdvisor, Inc.",Nasdaq,7370,"Services-Computer Programming, Data Processing, Etc.",operating,Information Technology,True,
IART,917520,INTEGRA LIFESCIENCES HOLDINGS CORP,Nasdaq,3841,Surgical & Medical Instruments & Apparatus,operating,Health Care,True,
ETW,1322435,Eaton Vance Tax-Managed Global Buy-Write Opportunities Fund,NYSE,,,other,Unclassified,False,not an operating company
CLVT,1764046,CLARIVATE PLC,NYSE,7374,Services-Computer Processing & Data Preparation,operating,Information Technology,True,
AORT,784199,"ARTIVION, INC.",NYSE,3841,Surgical & Medical Instruments & Apparatus,operating,Health Care,True,
AVO,1802974,"Mission Produce, Inc.",Nasdaq,0700,Agricultural Services,operating,Consumer Staples,True,
OPK,944809,"OPKO HEALTH, INC.",Nasdaq,2834,Pharmaceutical Preparations,operating,Health Care,True,
MUX,314203,McEwen Inc.,NYSE,1040,Gold and Silver Ores,operating,Materials,True,
BFS,907254,"SAUL CENTERS, INC.",NYSE,6798,Real Estate Investment Trusts,operating,Real Estate,True,
ASA,1230869,ASA Gold & Precious Metals Ltd,NYSE,,,other,Unclassified,False,not an operating company
TDAY,1579684,"USA TODAY Co., Inc.",NYSE,2711,Newspapers: Publishing or  Publishing & Printing,operating,Communication Services,True,
ITRN,1337117,Ituran Location & Control Ltd.,Nasdaq,5065,"Wholesale-Electronic Parts & Equipment, NEC",other,Industrials,False,not an operating company
CSTL,1447362,CASTLE BIOSCIENCES INC,Nasdaq,8071,Services-Medical Laboratories,operating,Health Care,True,
BMEZ,1785971,BlackRock Health Sciences Term Trust,NYSE,,,other,Unclassified,False,not an operating company
TE,1992243,T1 Energy Inc.,NYSE,3674,Semiconductors & Related Devices,operating,Information Technology,True,
LZ,1286139,"LEGALZOOM.COM, INC.",Nasdaq,7374,Services-Computer Processing & Data Preparation,operating,Information Technology,True,
NXRT,1620393,"NexPoint Residential Trust, Inc.",NYSE,6798,Real Estate Investment Trusts,operating,Real Estate,True,
MBWM,1042729,MERCANTILE BANK CORP,Nasdaq,6022,State Commercial Banks,operating,Financials,True,
PRCT,1588978,PROCEPT BioRobotics Corp,Nasdaq,3841,Surgical & Medical Instruments & Apparatus,operating,Health Care,True,
MGTX,1735438,MeiraGTx Holdings plc,Nasdaq,2836,"Biological Products, (No Diagnostic Substances)",operating,Health Care,True,
FSCO,1568194,FS Credit Opportunities Corp.,NYSE,,,other,Unclassified,False,not an operating company
HBNC,706129,HORIZON BANCORP INC /IN/,Nasdaq,6022,State Commercial Banks,operating,Financials,True,
GSBD,1572694,"Goldman Sachs BDC, Inc.",NYSE,,,operating,Unclassified,True,
MCBS,1747068,"MetroCity Bankshares, Inc.",Nasdaq,6022,State Commercial Banks,operating,Financials,True,
CCNE,736772,CNB FINANCIAL CORP/PA,Nasdaq,6022,State Commercial Banks,operating,Financials,True,
MSEX,66004,MIDDLESEX WATER CO,Nasdaq,4941,Water Supply,operating,Utilities,True,
BFST,1624322,"Business First Bancshares, Inc.",Nasdaq,6022,State Commercial Banks,operating,Financials,True,
SVRA,1160308,Savara Inc,Nasdaq,2834,Pharmaceutical Preparations,operating,Health Care,True,
TDOC,1477449,"Teladoc Health, Inc.",NYSE,8011,Services-Offices & Clinics of  Doctors of  Medicine,operating,Health Care,True,
SB,1434754,"SAFE BULKERS, INC.",NYSE,4412,Deep Sea Foreign Transportation of  Freight,other,Industrials,False,not an operating company
AHG,1702318,Akso Health Group,Nasdaq,7389,"Services-Business Services, NEC",other,Industrials,False,not an operating company
HSTM,1095565,HEALTHSTREAM INC,Nasdaq,7370,"Services-Computer Programming, Data Processing, Etc.",operating,Information Technology,True,
YSS,2086587,York Space Systems Inc.,NYSE,3760,Guided Missiles & Space Vehicles & Parts,operating,Industrials,True,
ORC,1518621,"Orchid Island Capital, Inc.",NYSE,6798,Real Estate Investment Trusts,operating,Real Estate,True,
VCX,1867090,"Fundrise Innovation Fund, LLC",NYSE,,,other,Unclassified,False,not an operating company
EOSE,1805077,"Eos Energy Enterprises, Inc.",Nasdaq,3690,"Miscellaneous Electrical Machinery, Equipment & Supplies",operating,Information Technology,True,
IBTA,1538379,"Ibotta, Inc.",NYSE,7310,Services-Advertising,operating,Industrials,True,
CRML,1951089,Critical Metals Corp.,Nasdaq,1000,Metal Mining,other,Materials,False,not an operating company
ANL,1944552,Adlai Nortye Group Ltd.,Nasdaq,2834,Pharmaceutical Preparations,other,Health Care,False,not an operating company
NBBK,1979330,"NB Bancorp, Inc.",Nasdaq,6036,"Savings Institutions, Not Federally Chartered",operating,Financials,True,
TYG,1268533,TORTOISE ENERGY INFRASTRUCTURE CORP,NYSE,,,other,Unclassified,False,not an operating company
AKTS,2035832,"Aktis Oncology, Inc.",Nasdaq,2834,Pharmaceutical Preparations,operating,Health Care,True,
FTK,928054,FLOTEK INDUSTRIES INC/CN/,NYSE,2890,Miscellaneous Chemical Products,operating,Materials,True,
LTGO,2056611,"Latigo Biotherapeutics, Inc.",Nasdaq,2834,Pharmaceutical Preparations,operating,Health Care,True,
LMRI,2071288,"Lumexa Imaging Holdings, Inc.",Nasdaq,8071,Services-Medical Laboratories,operating,Health Care,True,
ENOV,1420800,Enovis CORP,NYSE,3842,"Orthopedic, Prosthetic & Surgical Appliances & Supplies",operating,Health Care,True,
EQBK,1227500,EQUITY BANCSHARES INC,NYSE,6022,State Commercial Banks,operating,Financials,True,
STK,1471420,"Columbia Seligman Premium Technology Growth Fund, Inc.",NYSE,,,other,Unclassified,False,not an operating company
NPKI,71829,NPK International Inc.,NYSE,7350,Services-Miscellaneous Equipment Rental & Leasing,operating,Industrials,True,
DEC,1922446,Diversified Energy Co,NYSE,1311,Crude Petroleum & Natural Gas,operating,Energy,True,
BRUN,2090646,Boost Run Inc.,Nasdaq,7374,Services-Computer Processing & Data Preparation,operating,Information Technology,True,
AVEX,2096300,AEVEX Corp.,NYSE,3721,Aircraft,operating,Industrials,True,
CSR,798359,CENTERSPACE,NYSE,6798,Real Estate Investment Trusts,operating,Real Estate,True,
XIFR,1603145,"XPLR Infrastructure, LP",NYSE,4911,Electric Services,operating,Utilities,True,
IQ,1722608,"iQIYI, Inc.",Nasdaq,7841,Services-Video Tape Rental,other,Communication Services,False,not an operating company
HSLV,2013223,Highlander Silver Corp.,NYSE,1040,Gold and Silver Ores,other,Materials,False,not an operating company
BV,1734713,"BrightView Holdings, Inc.",NYSE,0700,Agricultural Services,operating,Consumer Staples,True,
CMP,1227654,COMPASS MINERALS INTERNATIONAL INC,NYSE,1400,Mining & Quarrying of  Nonmetallic Minerals (No Fuels),operating,Materials,True,
REPX,1001614,"Riley Exploration Permian, Inc.",NYSE,1311,Crude Petroleum & Natural Gas,operating,Energy,True,
VPG,1487952,"Vishay Precision Group, Inc.",NYSE,3670,Electronic Components & Accessories,operating,Information Technology,True,
GHM,716314,GRAHAM CORP,NYSE,3560,General Industrial Machinery & Equipment,operating,Industrials,True,
FET,1401257,"FORUM ENERGY TECHNOLOGIES, INC.",NYSE,3533,Oil & Gas Field Machinery & Equipment,operating,Industrials,True,
CGEM,1789972,"Cullinan Therapeutics, Inc.",Nasdaq,2836,"Biological Products, (No Diagnostic Substances)",operating,Health Care,True,
PSEC,1287032,PROSPECT CAPITAL CORP,Nasdaq,,,operating,Unclassified,True,
UTL,755001,UNITIL CORP,NYSE,4931,Electric & Other Services Combined,operating,Utilities,True,
NWPX,1001385,"NWPX Infrastructure, Inc.",Nasdaq,3317,Steel Pipe & Tubes,operating,Materials,True,
NXDR,1846069,"Nextdoor Holdings, Inc.",NYSE,7370,"Services-Computer Programming, Data Processing, Etc.",operating,Information Technology,True,
SPTX,2042347,"Seaport Therapeutics, Inc.",Nasdaq,2834,Pharmaceutical Preparations,operating,Health Care,True,
SBGI,1971213,"Sinclair, Inc.",Nasdaq,4833,Television Broadcasting Stations,operating,Communication Services,True,
CHY,1222719,CALAMOS CONVERTIBLE & HIGH INCOME FUND,Nasdaq,,,other,Unclassified,False,not an operating company
ITG,2110117,"ITG, Inc./DE/",Nasdaq,1623,"Water, Sewer, Pipeline, Comm & Power Line Construction",operating,Industrials,True,
CAC,750686,CAMDEN NATIONAL CORP,Nasdaq,6021,National Commercial Banks,operating,Financials,True,
VYX,70866,NCR Voyix Corp,NYSE,3578,Calculating & Accounting Machines (No Electronic Computers),operating,Information Technology,True,
FPF,1567569,First Trust Intermediate Duration Preferred & Income Fund,NYSE,,,other,Unclassified,False,not an operating company
AEVA,1789029,"Aeva Technologies, Inc.",Nasdaq,3714,Motor Vehicle Parts & Accessories,operating,Consumer Discretionary,True,
CEVA,1173489,CEVA INC,Nasdaq,7370,"Services-Computer Programming, Data Processing, Etc.",operating,Information Technology,True,
PTA,1793882,Cohen & Steers Tax-Advantaged Preferred Securities & Income Fund,NYSE,,,other,Unclassified,False,not an operating company
ANRO,1999480,"Alto Neuroscience, Inc.",NYSE,2834,Pharmaceutical Preparations,operating,Health Care,True,
TBLA,1840502,Taboola.com Ltd.,Nasdaq,7370,"Services-Computer Programming, Data Processing, Etc.",operating,Information Technology,True,
CHI,1171471,CALAMOS CONVERTIBLE OPPORTUNITIES & INCOME FUND,Nasdaq,,,other,Unclassified,False,not an operating company
GLIBA,2057463,Liberty Capital Corp/NV,Nasdaq,4841,Cable & Other Pay Television Services,operating,Communication Services,True,
PXED,1600222,"Phoenix Education Partners, Inc.",NYSE,8200,Services-Educational Services,operating,Industrials,True,
CPF,701347,CENTRAL PACIFIC FINANCIAL CORP,NYSE,6022,State Commercial Banks,operating,Financials,True,
KODK,31235,EASTMAN KODAK CO,NYSE,3861,Photographic Equipment & Supplies,operating,Information Technology,True,
VMET,2080073,Versamet Royalties Corp,Nasdaq,6795,Mineral Royalty Traders,other,Financials,False,not an operating company
TRST,357301,TRUSTCO BANK CORP N Y,Nasdaq,6022,State Commercial Banks,operating,Financials,True,
KURA,1422143,"Kura Oncology, Inc.",Nasdaq,2834,Pharmaceutical Preparations,operating,Health Care,True,
HAFC,1109242,HANMI FINANCIAL CORP,Nasdaq,6021,National Commercial Banks,operating,Financials,True,
BRAI,2076975,Braiin Ltd,Nasdaq,7374,Services-Computer Processing & Data Preparation,other,Information Technology,False,not an operating company
OI,812074,"O-I Glass, Inc. /DE/",NYSE,3221,Glass Containers,operating,Materials,True,
BBNX,1674632,"Beta Bionics, Inc.",Nasdaq,3841,Surgical & Medical Instruments & Apparatus,operating,Health Care,True,
KFRC,930420,KFORCE INC,NYSE,7363,Services-Help Supply Services,operating,Industrials,True,
PDX,1756908,PIMCO Dynamic Income Strategy Fund,NYSE,,,other,Unclassified,False,not an operating company
ASM,316888,AVINO SILVER & GOLD MINES LTD,NYSE,1000,Metal Mining,other,Materials,False,not an operating company
RXT,1810019,"Rackspace Technology, Inc.",Nasdaq,7370,"Services-Computer Programming, Data Processing, Etc.",operating,Information Technology,True,
MPB,879635,MID PENN BANCORP INC,Nasdaq,6022,State Commercial Banks,operating,Financials,True,
BRBR,1772016,"BELLRING BRANDS, INC.",NYSE,2000,Food and Kindred Products,operating,Consumer Staples,True,
SIFY,1094324,SIFY TECHNOLOGIES LTD,Nasdaq,7370,"Services-Computer Programming, Data Processing, Etc.",operating,Information Technology,True,
FRBT,1925062,"Forbright, Inc.",Nasdaq,6022,State Commercial Banks,operating,Financials,True,
SBSI,705432,SOUTHSIDE BANCSHARES INC,NYSE,6022,State Commercial Banks,operating,Financials,True,
BCX,1506289,BlackRock Resources & Commodities Strategy Trust,NYSE,,,other,Unclassified,False,not an operating company
UPBD,933036,"UPBOUND GROUP, INC.",Nasdaq,7359,"Services-Equipment Rental & Leasing, NEC",operating,Industrials,True,
PLOW,1287213,"DOUGLAS DYNAMICS, INC",NYSE,3531,Construction Machinery & Equip,operating,Industrials,True,
FCBC,859070,FIRST COMMUNITY BANKSHARES INC /VA/,Nasdaq,6022,State Commercial Banks,operating,Financials,True,
RIGL,1034842,RIGEL PHARMACEUTICALS INC,Nasdaq,2834,Pharmaceutical Preparations,operating,Health Care,True,
TTI,844965,TETRA TECHNOLOGIES INC,NYSE,1311,Crude Petroleum & Natural Gas,operating,Energy,True,
FMNB,709337,FARMERS NATIONAL BANC CORP /OH/,Nasdaq,6022,State Commercial Banks,operating,Financials,True,
EIG,1379041,"Employers Holdings, Inc.",NYSE,6331,"Fire, Marine & Casualty Insurance",operating,Financials,True,
ACEL,1698991,"Accel Entertainment, Inc.",NYSE,7900,Services-Amusement & Recreation Services,operating,Consumer Discretionary,True,
BBDC,1379785,"Barings BDC, Inc.",NYSE,,,operating,Unclassified,True,
KRO,1257640,KRONOS WORLDWIDE INC,NYSE,2810,Industrial Inorganic Chemicals,operating,Materials,True,
QNST,1117297,"QUINSTREET, INC",Nasdaq,7389,"Services-Business Services, NEC",operating,Industrials,True,
ASTE,792987,ASTEC INDUSTRIES INC,Nasdaq,3531,Construction Machinery & Equip,operating,Industrials,True,
PSNY,1884082,Polestar Automotive Holding UK PLC,Nasdaq,3711,Motor Vehicles & Passenger Car Bodies,other,Consumer Discretionary,False,not an operating company
PSTL,1759774,"Postal Realty Trust, Inc.",NYSE,6798,Real Estate Investment Trusts,operating,Real Estate,True,
RCAT,748268,"Red Cat Holdings, Inc.",Nasdaq,7372,Services-Prepackaged Software,operating,Information Technology,True,
ALMS,1847367,ALUMIS INC.,Nasdaq,2834,Pharmaceutical Preparations,operating,Health Care,True,
HIPO,1828105,Hippo Holdings Inc.,NYSE,6331,"Fire, Marine & Casualty Insurance",operating,Financials,True,
BZH,915840,BEAZER HOMES USA INC,NYSE,1531,Operative Builders,operating,Industrials,True,
RHLD,2039497,"Resolute Holdings Management, Inc.",NYSE,6199,Finance Services,operating,Financials,True,
DSP,1828791,Viant Technology Inc.,Nasdaq,7370,"Services-Computer Programming, Data Processing, Etc.",operating,Information Technology,True,
CBLL,1861107,"Ceribell, Inc.",Nasdaq,3845,Electromedical & Electrotherapeutic Apparatus,operating,Health Care,True,
PLTK,1828016,Playtika Holding Corp.,Nasdaq,7374,Services-Computer Processing & Data Preparation,operating,Information Technology,True,
ODD,1907085,Oddity Tech Ltd,Nasdaq,2844,"Perfumes, Cosmetics & Other Toilet Preparations",other,Consumer Staples,False,not an operating company
BBN,1493683,BlackRock Taxable Municipal Bond Trust,NYSE,,,other,Unclassified,False,not an operating company
SMPL,1702744,Simply Good Foods Co,Nasdaq,2000,Food and Kindred Products,operating,Consumer Staples,True,
THFF,714562,FIRST FINANCIAL CORP /IN/,Nasdaq,6022,State Commercial Banks,operating,Financials,True,
RPD,1560327,"Rapid7, Inc.",Nasdaq,7372,Services-Prepackaged Software,operating,Information Technology,True,
JBIO,1798749,"Jade Biosciences, Inc.",Nasdaq,2834,Pharmaceutical Preparations,operating,Health Care,True,
GLUE,1826457,"Monte Rosa Therapeutics, Inc.",Nasdaq,2836,"Biological Products, (No Diagnostic Substances)",operating,Health Care,True,
AIO,1778114,Virtus Artificial Intelligence & Technology Opportunities Fund,NYSE,,,other,Unclassified,False,not an operating company
RPC,1841968,"Ridgepost Capital, Inc.",NYSE,6282,Investment Advice,operating,Financials,True,
DJCO,783412,DAILY JOURNAL CORP,Nasdaq,2711,Newspapers: Publishing or  Publishing & Printing,operating,Communication Services,True,
FSSL,2065812,FS Specialty Lending Fund,NYSE,,,other,Unclassified,False,not an operating company
VRTS,883237,"VIRTUS INVESTMENT PARTNERS, INC.",NYSE,6282,Investment Advice,operating,Financials,True,
HSHP,1959455,Himalaya Shipping Ltd.,NYSE,4412,Deep Sea Foreign Transportation of  Freight,other,Industrials,False,not an operating company
HTLD,799233,HEARTLAND EXPRESS INC,Nasdaq,4213,Trucking (No Local),operating,Industrials,True,
NAVI,1593538,NAVIENT CORP,Nasdaq,6211,"Security Brokers, Dealers & Flotation Companies",operating,Financials,True,
APEI,1201792,AMERICAN PUBLIC EDUCATION INC,Nasdaq,8200,Services-Educational Services,operating,Industrials,True,
RNP,1224450,COHEN & STEERS REIT & PREFERRED & INCOME FUND INC,NYSE,,,other,Unclassified,False,not an operating company
MLTX,1821586,MoonLake Immunotherapeutics,Nasdaq,2834,Pharmaceutical Preparations,operating,Health Care,True,
EGBN,1050441,EAGLE BANCORP INC,Nasdaq,6022,State Commercial Banks,operating,Financials,True,
ODTX,1882782,"Odyssey Therapeutics, Inc.",Nasdaq,2836,"Biological Products, (No Diagnostic Substances)",operating,Health Care,True,
DFH,1825088,"Dream Finders Homes, Inc.",NYSE,1531,Operative Builders,operating,Industrials,True,
NABL,1834488,"N-able, Inc.",NYSE,7372,Services-Prepackaged Software,operating,Information Technology,True,
SMBK,1038773,SMARTFINANCIAL INC.,NYSE,6021,National Commercial Banks,operating,Financials,True,
AOSL,1387467,ALPHA & OMEGA SEMICONDUCTOR Ltd,Nasdaq,3674,Semiconductors & Related Devices,operating,Information Technology,True,
BVS,1665988,Bioventus Inc.,Nasdaq,3841,Surgical & Medical Instruments & Apparatus,operating,Health Care,True,
SAFE,1095651,Safehold Inc.,NYSE,6798,Real Estate Investment Trusts,operating,Real Estate,True,
LAR,1440972,Lithium Argentina AG,NYSE,1000,Metal Mining,other,Materials,False,not an operating company
DAKT,915779,DAKTRONICS INC /SD/,Nasdaq,3990,Miscellaneous Manufacturing Industries,operating,Consumer Discretionary,True,
CYRX,1124524,"Cryoport, Inc.",Nasdaq,2834,Pharmaceutical Preparations,operating,Health Care,True,
OIG,2124472,Orion180 Insurance Group Inc.,Nasdaq,6411,"Insurance Agents, Brokers & Service",other,Financials,False,not an operating company
GSBC,854560,"GREAT SOUTHERN BANCORP, INC.",Nasdaq,6022,State Commercial Banks,operating,Financials,True,
JMIA,1756708,Jumia Technologies AG,NYSE,5961,Retail-Catalog & Mail-Order Houses,other,Consumer Discretionary,False,not an operating company
PUBM,1422930,"PubMatic, Inc.",Nasdaq,7370,"Services-Computer Programming, Data Processing, Etc.",operating,Information Technology,True,
AEBI,2048519,Aebi Schmidt Holding AG,Nasdaq,3531,Construction Machinery & Equip,operating,Industrials,True,
WLFC,1018164,WILLIS LEASE FINANCE CORP,Nasdaq,5080,"Wholesale-Machinery, Equipment & Supplies",operating,Industrials,True,
OGG,1431852,Osisko Gold Group Inc.,NYSE,1040,Gold and Silver Ores,other,Materials,False,not an operating company
SLBT,2070534,SL Science Holding Ltd,Nasdaq,2836,"Biological Products, (No Diagnostic Substances)",other,Health Care,False,not an operating company
HQ,2088256,Horizon Quantum Holdings Ltd.,Nasdaq,7371,Services-Computer Programming Services,other,Information Technology,False,not an operating company
FEIM,39020,FREQUENCY ELECTRONICS INC,Nasdaq,3825,Instruments For Meas & Testing of  Electricity & Elec Signals,operating,Information Technology,True,
JBGS,1689796,JBG SMITH Properties,NYSE,6798,Real Estate Investment Trusts,operating,Real Estate,True,
RMIX,2094433,"Suncrete, Inc.",Nasdaq,3272,"Concrete Products, Except Block & Brick",operating,Materials,True,
ARDX,1437402,"ARDELYX, INC.",Nasdaq,2834,Pharmaceutical Preparations,operating,Health Care,True,
NX,1423221,Quanex Building Products CORP,NYSE,3350,Rolling Drawing & Extruding of  Nonferrous Metals,operating,Materials,True,
CRVS,1626971,"Corvus Pharmaceuticals, Inc.",Nasdaq,2834,Pharmaceutical Preparations,operating,Health Care,True,
LAC,1966983,LITHIUM AMERICAS CORP.,NYSE,1000,Metal Mining,operating,Materials,True,
QDEL,1906324,QuidelOrtho Corp,Nasdaq,2835,In Vitro & In Vivo Diagnostic Substances,operating,Health Care,True,
PAYS,1496443,"Paysign, Inc.",Nasdaq,7389,"Services-Business Services, NEC",operating,Industrials,True,
ACDC,1881487,ProFrac Holding Corp.,Nasdaq,1389,"Oil & Gas Field Services, NEC",operating,Energy,True,
BKSY,1753539,BlackSky Technology Inc.,NYSE,3663,Radio & Tv Broadcasting & Communications Equipment,operating,Information Technology,True,
APOG,6845,"APOGEE ENTERPRISES, INC.",Nasdaq,3231,"Glass Products, Made of  Purchased Glass",operating,Materials,True,
KOP,1315257,Koppers Holdings Inc.,NYSE,2400,Lumber & Wood Products (No Furniture),operating,Materials,True,
CCBG,726601,CAPITAL CITY BANK GROUP INC,Nasdaq,6022,State Commercial Banks,operating,Financials,True,
BTGO,1740604,"BITGO HOLDINGS, INC.",NYSE,6199,Finance Services,operating,Financials,True,
SIBN,1459839,"SI-BONE, Inc.",Nasdaq,3841,Surgical & Medical Instruments & Apparatus,operating,Health Care,True,
WRLD,108385,WORLD ACCEPTANCE CORP,Nasdaq,6141,Personal Credit Institutions,operating,Financials,True,
AVBP,1868279,"ArriVent BioPharma, Inc.",Nasdaq,2834,Pharmaceutical Preparations,operating,Health Care,True,
OXLC,1495222,Oxford Lane Capital Corp.,Nasdaq,,,other,Unclassified,False,not an operating company
SANA,1770121,"Sana Biotechnology, Inc.",Nasdaq,2836,"Biological Products, (No Diagnostic Substances)",operating,Health Care,True,
MCS,62234,MARCUS CORP,NYSE,7830,Services-Motion Picture Theaters,operating,Communication Services,True,
SMP,93389,"STANDARD MOTOR PRODUCTS, INC.",NYSE,3714,Motor Vehicle Parts & Accessories,operating,Consumer Discretionary,True,
SXC,1514705,"SunCoke Energy, Inc.",NYSE,3312,"Steel Works, Blast Furnaces & Rolling Mills (Coke Ovens)",operating,Materials,True,
EVLV,1805385,"Evolv Technologies Holdings, Inc.",Nasdaq,3577,"Computer Peripheral Equipment, NEC",operating,Information Technology,True,
KBDC,1747172,"Kayne Anderson BDC, Inc.",NYSE,,,operating,Unclassified,True,
CAPL,1538849,CrossAmerica Partners LP,NYSE,5172,Wholesale-Petroleum & Petroleum Products (No Bulk Stations),operating,Industrials,True,
CRESY,1034957,CRESUD INC,Nasdaq,6500,Real Estate,other,Real Estate,False,not an operating company
AWF,906013,ALLIANCEBERNSTEIN GLOBAL HIGH INCOME FUND INC,NYSE,,,other,Unclassified,False,not an operating company
CVLG,928658,"COVENANT LOGISTICS GROUP, INC.",NYSE,4213,Trucking (No Local),operating,Industrials,True,
PML,1170299,PIMCO MUNICIPAL INCOME FUND II,NYSE,,,other,Unclassified,False,not an operating company
RERE,1838957,ATRenew Inc.,NYSE,5990,"Retail-Retail Stores, NEC",other,Consumer Discretionary,False,not an operating company
TRNS,99302,TRANSCAT INC,Nasdaq,3825,Instruments For Meas & Testing of  Electricity & Elec Signals,operating,Information Technology,True,
CODI,1345126,Compass Diversified Holdings,NYSE,2510,Household Furniture,operating,Consumer Discretionary,True,
SGP,1778922,"SpyGlass Pharma, Inc.",Nasdaq,3841,Surgical & Medical Instruments & Apparatus,operating,Health Care,True,
EOI,1300391,Eaton Vance Enhanced Equity Income Fund,NYSE,,,other,Unclassified,False,not an operating company
MTUS,1598428,Metallus Inc.,NYSE,3312,"Steel Works, Blast Furnaces & Rolling Mills (Coke Ovens)",operating,Materials,True,
PCN,1160990,PIMCO CORPORATE & INCOME STRATEGY FUND,NYSE,,,other,Unclassified,False,not an operating company
YALA,1794350,Yalla Group Ltd,NYSE,7370,"Services-Computer Programming, Data Processing, Etc.",other,Information Technology,False,not an operating company
BW,1630805,"Babcock & Wilcox Enterprises, Inc.",NYSE,3433,"Heating Equipment, Except Electric & Warm Air Furnaces",operating,Industrials,True,
MYN,882150,"BLACKROCK MUNIYIELD NEW YORK QUALITY FUND, INC.",NYSE,,,other,Unclassified,False,not an operating company
ORRF,826154,ORRSTOWN FINANCIAL SERVICES INC,Nasdaq,6022,State Commercial Banks,operating,Financials,True,
ABX,1814287,"Abacus Global Management, Inc.",NYSE,6282,Investment Advice,operating,Financials,True,
NNE,1923891,Nano Nuclear Energy Inc.,Nasdaq,4911,Electric Services,operating,Utilities,True,
BLZE,1462056,"Backblaze, Inc.",Nasdaq,7372,Services-Prepackaged Software,operating,Information Technology,True,
INMD,1742692,InMode Ltd.,Nasdaq,3845,Electromedical & Electrotherapeutic Apparatus,other,Health Care,False,not an operating company
PEO,216851,"ADAMS NATURAL RESOURCES FUND, INC.",NYSE,,,other,Unclassified,False,not an operating company
SPFI,1163668,"SOUTH PLAINS FINANCIAL, INC.",Nasdaq,6022,State Commercial Banks,operating,Financials,True,
ASGI,1793855,abrdn Global Infrastructure Income Fund,NYSE,,,other,Unclassified,False,not an operating company
AHCO,1725255,AdaptHealth Corp.,Nasdaq,8082,Services-Home Health Care Services,operating,Health Care,True,
SVC,945394,Service Properties Trust,Nasdaq,6798,Real Estate Investment Trusts,operating,Real Estate,True,
DC,1852353,Dakota Gold Corp.,NYSE,1000,Metal Mining,operating,Materials,True,
ARI,1467760,"Apollo Commercial Real Estate Finance, Inc.",NYSE,6798,Real Estate Investment Trusts,operating,Real Estate,True,
NRK,1195739,NUVEEN NEW YORK AMT-FREE QUALITY MUNICIPAL INCOME FUND,NYSE,,,other,Unclassified,False,not an operating company
REF,1787117,Reformation Inc.,NYSE,2330,"Women's, Misses':  and Juniors Outerwear",operating,Consumer Discretionary,True,
JBSS,880117,SANFILIPPO JOHN B & SON INC,Nasdaq,2060,Sugar & Confectionery Products,operating,Consumer Staples,True,
MTA,1722606,Metalla Royalty & Streaming Ltd.,NYSE,1040,Gold and Silver Ores,other,Materials,False,not an operating company
LU,1816007,Lufax Holding Ltd,NYSE,6199,Finance Services,other,Financials,False,not an operating company
ALRS,903419,ALERUS FINANCIAL CORP,Nasdaq,6021,National Commercial Banks,operating,Financials,True,
WEST,1806347,Westrock Coffee Co,Nasdaq,2080,Beverages,operating,Consumer Staples,True,
RJET,810332,REPUBLIC AIRWAYS HOLDINGS INC.,Nasdaq,4512,"Air Transportation, Scheduled",operating,Industrials,True,
GCMG,1819796,GCM Grosvenor Inc.,Nasdaq,6282,Investment Advice,operating,Financials,True,
TXO,1559432,"TXO Partners, L.P.",NYSE,1311,Crude Petroleum & Natural Gas,operating,Energy,True,
IVA,1756594,Inventiva S.A.,Nasdaq,2834,Pharmaceutical Preparations,other,Health Care,False,not an operating company
SCZM,1548536,Santacruz Silver Mining Ltd.,Nasdaq,1040,Gold and Silver Ores,other,Materials,False,not an operating company
HTD,1260041,JOHN HANCOCK TAX-ADVANTAGED DIVIDEND INCOME FUND,NYSE,,,other,Unclassified,False,not an operating company
ASC,1577437,Ardmore Shipping Corp,NYSE,4412,Deep Sea Foreign Transportation of  Freight,other,Industrials,False,not an operating company
MAKO,1784930,Mako Mining Corp.,Nasdaq,1040,Gold and Silver Ores,other,Materials,False,not an operating company
SMBC,916907,"SOUTHERN MISSOURI BANCORP, INC.",Nasdaq,6036,"Savings Institutions, Not Federally Chartered",operating,Financials,True,
VREX,1681622,Varex Imaging Corp,Nasdaq,3679,"Electronic Components, NEC",operating,Information Technology,True,
SOC,1831481,Sable Offshore Corp.,NYSE,1311,Crude Petroleum & Natural Gas,operating,Energy,True,
MTW,61986,MANITOWOC CO INC,NYSE,3531,Construction Machinery & Equip,operating,Industrials,True,
KRNT,1625791,Kornit Digital Ltd.,Nasdaq,3555,Printing Trades Machinery & Equipment,other,Industrials,False,not an operating company
LXRX,1062822,"LEXICON PHARMACEUTICALS, INC.",Nasdaq,2834,Pharmaceutical Preparations,operating,Health Care,True,
FOXF,1424929,FOX FACTORY HOLDING CORP,Nasdaq,3751,"Motorcycles, Bicycles & Parts",operating,Industrials,True,
OBX,2130606,"Obsidian Therapeutics, Inc.",Nasdaq,2834,Pharmaceutical Preparations,operating,Health Care,True,
BBSI,902791,BARRETT BUSINESS SERVICES INC,Nasdaq,7363,Services-Help Supply Services,operating,Industrials,True,
LWLG,1325964,"Lightwave Logic, Inc.",Nasdaq,3080,Miscellaneous Plastics Products,operating,Materials,True,
SKYH,1823587,Sky Harbour Group Corp,NYSE,6500,Real Estate,operating,Real Estate,True,
HELP,1833141,Helus Pharma Inc.,Nasdaq,2834,Pharmaceutical Preparations,other,Health Care,False,not an operating company
TIGR,1756699,UP Fintech Holding Ltd,Nasdaq,6211,"Security Brokers, Dealers & Flotation Companies",other,Financials,False,not an operating company
GERN,886744,GERON CORP,Nasdaq,2834,Pharmaceutical Preparations,operating,Health Care,True,
PGC,1050743,PEAPACK GLADSTONE FINANCIAL CORP,Nasdaq,6029,"Commercial Banks, NEC",operating,Financials,True,
MNTN,1891027,"MNTN, Inc.",NYSE,7310,Services-Advertising,operating,Industrials,True,
PHK,1219360,PIMCO HIGH INCOME FUND,NYSE,,,other,Unclassified,False,not an operating company
IMMX,1873835,"Immix Biopharma, Inc.",Nasdaq,2834,Pharmaceutical Preparations,operating,Health Care,True,
APC,2080921,ARKO Petroleum Corp.,Nasdaq,5172,Wholesale-Petroleum & Petroleum Products (No Bulk Stations),operating,Industrials,True,
KOPN,771266,KOPIN CORP,Nasdaq,3674,Semiconductors & Related Devices,operating,Information Technology,True,
APMD,1745648,"Apnimed, Inc.",Nasdaq,2834,Pharmaceutical Preparations,operating,Health Care,True,
SABR,1597033,Sabre Corp,Nasdaq,7370,"Services-Computer Programming, Data Processing, Etc.",operating,Information Technology,True,
PCT,1830033,"PureCycle Technologies, Inc.",Nasdaq,2821,"Plastic Materials, Synth Resins & Nonvulcan Elastomers",operating,Materials,True,
FISI,862831,FINANCIAL INSTITUTIONS INC,Nasdaq,6021,National Commercial Banks,operating,Financials,True,
CTO,23795,"CTO Realty Growth, Inc.",NYSE,6798,Real Estate Investment Trusts,operating,Real Estate,True,
HTB,1538263,"HomeTrust Bancshares, Inc.",NYSE,6035,"Savings Institution, Federally Chartered",operating,Financials,True,
GRPN,1490281,"Groupon, Inc.",Nasdaq,7311,Services-Advertising Agencies,operating,Industrials,True,
BXBL,1906364,BOXABL Inc.,Nasdaq,1520,General Bldg Contractors - Residential Bldgs,operating,Industrials,True,
MITK,807863,MITEK SYSTEMS INC,Nasdaq,3577,"Computer Peripheral Equipment, NEC",operating,Information Technology,True,
IMC,2098395,IMC Rare Earths Ltd,NYSE,1000,Metal Mining,other,Materials,False,not an operating company
RZLV,1920294,REZOLVE AI PLC,Nasdaq,7370,"Services-Computer Programming, Data Processing, Etc.",other,Information Technology,False,not an operating company
PRAA,1185348,PRA GROUP INC,Nasdaq,6153,Short-Term Business Credit Institutions,operating,Financials,True,
GOOS,1690511,Canada Goose Holdings Inc.,NYSE,2300,Apparel & Other Finishd Prods of  Fabrics & Similar Matl,other,Consumer Discretionary,False,not an operating company
FDUS,1513363,FIDUS INVESTMENT Corp,Nasdaq,,,operating,Unclassified,True,
LYTS,763532,LSI INDUSTRIES INC,Nasdaq,3640,Electric Lighting & Wiring Equipment,operating,Industrials,True,
ANNX,1528115,"Annexon, Inc.",Nasdaq,2834,Pharmaceutical Preparations,operating,Health Care,True,
SHBI,1035092,SHORE BANCSHARES INC,Nasdaq,6021,National Commercial Banks,operating,Financials,True,
SATL,1874315,Satellogic Inc.,Nasdaq,3663,Radio & Tv Broadcasting & Communications Equipment,operating,Information Technology,True,
CIM,1409493,CHIMERA INVESTMENT CORP,NYSE,6798,Real Estate Investment Trusts,operating,Real Estate,True,
ROOT,1788882,"Root, Inc.",Nasdaq,6331,"Fire, Marine & Casualty Insurance",operating,Financials,True,
ANGX,1865200,"Angel Studios, Inc.",NYSE,7812,Services-Motion Picture & Video Tape Production,operating,Communication Services,True,
DNA,1830214,"Ginkgo Bioworks Holdings, Inc.",NYSE,2836,"Biological Products, (No Diagnostic Substances)",operating,Health Care,True,
BUR,1714174,Burford Capital Ltd,NYSE,6199,Finance Services,operating,Financials,True,
WLKP,1604665,Westlake Chemical Partners LP,NYSE,2860,Industrial Organic Chemicals,operating,Materials,True,
ACHV,949858,"ACHIEVE LIFE SCIENCES, INC.",Nasdaq,2835,In Vitro & In Vivo Diagnostic Substances,operating,Health Care,True,
QFIN,1741530,"Qfin Holdings, Inc.",Nasdaq,6199,Finance Services,other,Financials,False,not an operating company
SMWB,1842731,SIMILARWEB LTD.,NYSE,7370,"Services-Computer Programming, Data Processing, Etc.",other,Information Technology,False,not an operating company
BUUU,2047273,BUUU Group Ltd,Nasdaq,7900,Services-Amusement & Recreation Services,other,Consumer Discretionary,False,not an operating company
XRPN,2044009,Armada Acquisition Corp. II,Nasdaq,6770,Blank Checks,operating,Financials,False,blank check (SPAC)
CADL,1841387,"Candel Therapeutics, Inc.",Nasdaq,2836,"Biological Products, (No Diagnostic Substances)",operating,Health Care,True,
CSIQ,1375877,Canadian Solar Inc.,Nasdaq,3674,Semiconductors & Related Devices,other,Information Technology,False,not an operating company
OBE,1334388,OBSIDIAN ENERGY LTD.,NYSE,1311,Crude Petroleum & Natural Gas,other,Energy,False,not an operating company
GPRK,1464591,GeoPark Ltd,NYSE,1311,Crude Petroleum & Natural Gas,other,Energy,False,not an operating company
CRTO,1576427,Criteo S.A.,Nasdaq,7311,Services-Advertising Agencies,operating,Industrials,True,
IBCP,39311,INDEPENDENT BANK CORP /MI/,Nasdaq,6022,State Commercial Banks,operating,Financials,True,
FINV,1691445,FinVolution Group,NYSE,6163,Loan Brokers,other,Financials,False,not an operating company
LINC,1286613,LINCOLN EDUCATIONAL SERVICES CORP,Nasdaq,8200,Services-Educational Services,operating,Industrials,True,
SLDB,1707502,Solid Biosciences Inc.,Nasdaq,2836,"Biological Products, (No Diagnostic Substances)",operating,Health Care,True,
STRW,1782430,"Strawberry Fields REIT, Inc.",NYSE,6798,Real Estate Investment Trusts,operating,Real Estate,True,
ATTO,2058707,"Attovia Therapeutics, Inc.",Nasdaq,2836,"Biological Products, (No Diagnostic Substances)",operating,Health Care,True,
LXU,60714,"LSB INDUSTRIES, INC.",NYSE,2810,Industrial Inorganic Chemicals,operating,Materials,True,
CGBD,1544206,"Carlyle Secured Lending, Inc.",Nasdaq,,,operating,Unclassified,True,
BTO,925683,JOHN HANCOCK FINANCIAL OPPORTUNITIES FUND,NYSE,,,other,Unclassified,False,not an operating company
MFA,1055160,"MFA FINANCIAL, INC.",NYSE,6798,Real Estate Investment Trusts,operating,Real Estate,True,
TASK,1829864,"TaskUs, Inc.",Nasdaq,7374,Services-Computer Processing & Data Preparation,operating,Information Technology,True,
VINP,1826286,Vinci Compass Investments Ltd.,Nasdaq,6282,Investment Advice,other,Financials,False,not an operating company
BLMN,1546417,"Bloomin' Brands, Inc.",Nasdaq,5812,Retail-Eating  Places,operating,Consumer Discretionary,True,
VSTM,1526119,"Verastem, Inc.",Nasdaq,2834,Pharmaceutical Preparations,operating,Health Care,True,
ADSE,1879248,Ads-Tec Energy Public Ltd Co,Nasdaq,3690,"Miscellaneous Electrical Machinery, Equipment & Supplies",other,Information Technology,False,not an operating company
VTS,1944558,"Vitesse Energy, Inc.",NYSE,1311,Crude Petroleum & Natural Gas,operating,Energy,True,
DQ,1477641,DAQO NEW ENERGY CORP.,NYSE,3674,Semiconductors & Related Devices,other,Information Technology,False,not an operating company
THQ,1604522,abrdn Healthcare Opportunities Fund,NYSE,,,other,Unclassified,False,not an operating company
BAK,1071438,BRASKEM SA,NYSE,2860,Industrial Organic Chemicals,other,Materials,False,not an operating company
GYRE,1124105,"GYRE THERAPEUTICS, INC.",Nasdaq,2834,Pharmaceutical Preparations,operating,Health Care,True,
COLL,1267565,"COLLEGIUM PHARMACEUTICAL, INC",Nasdaq,2834,Pharmaceutical Preparations,operating,Health Care,True,
VLRS,1520504,"Controladora Vuela Compania de Aviacion, S.A.B. de C.V.",NYSE,4512,"Air Transportation, Scheduled",other,Industrials,False,not an operating company
GILT,897322,GILAT SATELLITE NETWORKS LTD,Nasdaq,3663,Radio & Tv Broadcasting & Communications Equipment,other,Information Technology,False,not an operating company
RMT,912147,"ROYCE MICRO-CAP TRUST, INC.",NYSE,,,other,Unclassified,False,not an operating company
DSGN,1807120,"Design Therapeutics, Inc.",Nasdaq,2834,Pharmaceutical Preparations,operating,Health Care,True,
GDOT,1386278,GREEN DOT CORP,NYSE,6199,Finance Services,operating,Financials,True,
SWIM,1833197,"Latham Group, Inc.",Nasdaq,3089,"Plastics Products, NEC",operating,Materials,True,
AVTX,1534120,"Avalo Therapeutics, Inc.",Nasdaq,2834,Pharmaceutical Preparations,operating,Health Care,True,
CWBC,1127371,Community West Bancshares,Nasdaq,6022,State Commercial Banks,operating,Financials,True,
MOV,72573,MOVADO GROUP INC,NYSE,3873,"Watches, Clocks, Clockwork Operated Devices/Parts",operating,Information Technology,True,
EVER,1640428,"EverQuote, Inc.",Nasdaq,7370,"Services-Computer Programming, Data Processing, Etc.",operating,Information Technology,True,
SCHL,866729,SCHOLASTIC CORP,Nasdaq,2731,Books: Publishing or  Publishing & Printing,operating,Communication Services,True,
BWMN,1847590,Bowman Consulting Group Ltd.,Nasdaq,8742,Services-Management Consulting Services,operating,Industrials,True,
WASH,737468,WASHINGTON TRUST BANCORP INC,Nasdaq,6022,State Commercial Banks,operating,Financials,True,
RVI,2085091,Robinhood Ventures Fund I,NYSE,,,other,Unclassified,False,not an operating company
MLAB,724004,MESA LABORATORIES INC /CO/,Nasdaq,3823,"Industrial Instruments For Measurement, Display, and Control",operating,Information Technology,True,
BALY,1747079,Bally's Corp,NYSE,7011,Hotels & Motels,operating,Consumer Discretionary,True,
HTZ,1657853,"HERTZ GLOBAL HOLDINGS, INC",Nasdaq,7510,Services-Auto Rental & Leasing (No Drivers),operating,Industrials,True,
VBNK,1690639,VersaBank,Nasdaq,6029,"Commercial Banks, NEC",other,Financials,False,not an operating company
CARE,1829576,"Carter Bankshares, Inc.",Nasdaq,6021,National Commercial Banks,operating,Financials,True,
WHK,1921603,WhiteHawk Minerals Corp.,NYSE,1311,Crude Petroleum & Natural Gas,operating,Energy,True,
MFIC,1278752,MidCap Financial Investment Corp,Nasdaq,,,operating,Unclassified,True,
FFC,1174164,Flaherty & Crumrine PREFERRED & INCOME SECURITIES FUND INC,NYSE,,,other,Unclassified,False,not an operating company
RGR,95029,STURM RUGER & CO INC,NYSE,3480,"Ordnance & Accessories, (No Vehicles/Guided Missiles)",operating,Industrials,True,
NGVC,1547459,"Natural Grocers by Vitamin Cottage, Inc.",NYSE,5411,Retail-Grocery Stores,operating,Consumer Staples,True,
MEGI,1855066,NYLI CBRE Global Infrastructure Megatrends Term Fund,NYSE,,,other,Unclassified,False,not an operating company
SSYS,1517396,STRATASYS LTD.,Nasdaq,3577,"Computer Peripheral Equipment, NEC",other,Information Technology,False,not an operating company
PACB,1299130,"PACIFIC BIOSCIENCES OF CALIFORNIA, INC.",Nasdaq,3826,Laboratory Analytical Instruments,operating,Information Technology,True,
HDL,1995306,SUPER HI INTERNATIONAL HOLDING LTD.,Nasdaq,5812,Retail-Eating  Places,other,Consumer Discretionary,False,not an operating company
PKOH,76282,PARK OHIO HOLDINGS CORP,Nasdaq,3460,Metal Forgings & Stampings,operating,Industrials,True,
NIE,1383441,Virtus Equity & Convertible Income Fund,NYSE,,,other,Unclassified,False,not an operating company
FDMT,1650648,"4D Molecular Therapeutics, Inc.",Nasdaq,2836,"Biological Products, (No Diagnostic Substances)",operating,Health Care,True,
GROY,1834026,Gold Royalty Corp.,NYSE,1040,Gold and Silver Ores,other,Materials,False,not an operating company
HIVE,1720424,HIVE Digital Technologies Ltd.,Nasdaq,6199,Finance Services,operating,Financials,True,
BCSF,1655050,"Bain Capital Specialty Finance, Inc.",NYSE,,,operating,Unclassified,True,
BCAL,1795815,California BanCorp \ CA,Nasdaq,6021,National Commercial Banks,operating,Financials,True,
TCBX,1781730,"Third Coast Bancshares, Inc.",NYSE,6036,"Savings Institutions, Not Federally Chartered",operating,Financials,True,
WGO,107687,WINNEBAGO INDUSTRIES INC,NYSE,3716,Motor Homes,operating,Consumer Discretionary,True,
HNRG,788965,HALLADOR ENERGY CO,Nasdaq,4911,Electric Services,operating,Utilities,True,
PFIS,1056943,PEOPLES FINANCIAL SERVICES CORP.,Nasdaq,6021,National Commercial Banks,operating,Financials,True,
RZAI,2075335,ROZE AI INC.,Nasdaq,7373,Services-Computer Integrated Systems Design,other,Information Technology,False,not an operating company
AROW,717538,ARROW FINANCIAL CORP,Nasdaq,6021,National Commercial Banks,operating,Financials,True,
DGICA,800457,DONEGAL GROUP INC,Nasdaq,6331,"Fire, Marine & Casualty Insurance",operating,Financials,True,
CTKB,1831915,"Cytek Biosciences, Inc.",Nasdaq,3826,Laboratory Analytical Instruments,operating,Information Technology,True,
CASS,708781,CASS INFORMATION SYSTEMS INC,Nasdaq,7389,"Services-Business Services, NEC",operating,Industrials,True,
CNNE,1704720,"Cannae Holdings, Inc.",NYSE,5810,Retail-Eating & Drinking Places,operating,Consumer Discretionary,True,
ADAM,1273685,"ADAMAS TRUST, INC.",Nasdaq,6798,Real Estate Investment Trusts,operating,Real Estate,True,
KE,1606757,"Kimball Electronics, Inc.",Nasdaq,3672,Printed Circuit Boards,operating,Information Technology,True,
GFUZ,2074850,General Fusion Group Ltd.,Nasdaq,4911,Electric Services,operating,Utilities,True,
LUCK,1840572,Lucky Strike Entertainment Corp,NYSE,7900,Services-Amusement & Recreation Services,operating,Consumer Discretionary,True,
BLDP,1453015,Ballard Power Systems Inc.,Nasdaq,3620,Electrical Industrial Apparatus,other,Industrials,False,not an operating company
AURA,1501796,"Aura Biosciences, Inc.",Nasdaq,2836,"Biological Products, (No Diagnostic Substances)",operating,Health Care,True,
WVE,1631574,"Wave Life Sciences, Inc.",Nasdaq,2834,Pharmaceutical Preparations,operating,Health Care,True,
MSBI,1466026,"Midland States Bancorp, Inc.",Nasdaq,6022,State Commercial Banks,operating,Financials,True,
OLMA,1750284,"Olema Pharmaceuticals, Inc.",Nasdaq,2834,Pharmaceutical Preparations,operating,Health Care,True,
LPTH,889971,LIGHTPATH TECHNOLOGIES INC,Nasdaq,3674,Semiconductors & Related Devices,operating,Information Technology,True,
BUI,1528988,"BlackRock Utilities, Infrastructure & Power Opportunities Trust",NYSE,,,other,Unclassified,False,not an operating company
LEGH,1436208,Legacy Housing Corp,Nasdaq,2451,Mobile Homes,operating,Materials,True,
MOMO,1610601,Hello Group Inc.,Nasdaq,7372,Services-Prepackaged Software,other,Information Technology,False,not an operating company
PHAR,1828316,Pharming Group N.V.,Nasdaq,2834,Pharmaceutical Preparations,other,Health Care,False,not an operating company
DDI,1799567,"DoubleDown Interactive Co., Ltd.",Nasdaq,7374,Services-Computer Processing & Data Preparation,other,Information Technology,False,not an operating company
RRBI,1071236,RED RIVER BANCSHARES INC,Nasdaq,6022,State Commercial Banks,operating,Financials,True,
MDXG,1376339,"MIMEDX GROUP, INC.",Nasdaq,3841,Surgical & Medical Instruments & Apparatus,operating,Health Care,True,
OFRM,1696556,"Once Upon a Farm, PBC",NYSE,2000,Food and Kindred Products,operating,Consumer Staples,True,
CCD,1602584,Calamos Dynamic Convertible & Income Fund,Nasdaq,,,other,Unclassified,False,not an operating company
BOT,2081119,"RoboStrategy, Inc.",Nasdaq,,,other,Unclassified,False,not an operating company
CLDT,1476045,Chatham Lodging Trust,NYSE,6798,Real Estate Investment Trusts,operating,Real Estate,True,
SUPV,1517399,Grupo Supervielle S.A.,NYSE,6029,"Commercial Banks, NEC",other,Financials,False,not an operating company
FPH,1574197,"Five Point Holdings, LLC",NYSE,6500,Real Estate,operating,Real Estate,True,
OABI,1846253,"OmniAb, Inc.",Nasdaq,8731,Services-Commercial Physical & Biological Research,operating,Industrials,True,
HYLN,1759631,Hyliion Holdings Corp.,NYSE,3713,Truck & Bus Bodies,operating,Consumer Discretionary,True,
FWRG,1789940,"First Watch Restaurant Group, Inc.",Nasdaq,5812,Retail-Eating  Places,operating,Consumer Discretionary,True,
OSPN,1044777,OneSpan Inc.,Nasdaq,7373,Services-Computer Integrated Systems Design,operating,Information Technology,True,
PFLT,1504619,PennantPark Floating Rate Capital Ltd.,NYSE,,,operating,Unclassified,True,
YEXT,1614178,"Yext, Inc.",NYSE,7374,Services-Computer Processing & Data Preparation,operating,Information Technology,True,
SPT,1517375,"Sprout Social, Inc.",Nasdaq,7372,Services-Prepackaged Software,operating,Information Technology,True,
MG,1436126,"Mistras Group, Inc.",NYSE,8711,Services-Engineering Services,operating,Industrials,True,
CCSI,1866633,"Consensus Cloud Solutions, Inc.",Nasdaq,7372,Services-Prepackaged Software,operating,Information Technology,True,
PKE,76267,PARK AEROSPACE CORP,NYSE,3728,"Aircraft Parts & Auxiliary Equipment, NEC",operating,Industrials,True,
ELVR,1739016,Elevra Lithium Ltd,Nasdaq,1400,Mining & Quarrying of  Nonmetallic Minerals (No Fuels),other,Materials,False,not an operating company
AGNT,1495932,"AGNT, Inc.",Nasdaq,6531,Real Estate Agents & Managers (For Others),operating,Real Estate,True,
NVCT,1875558,"Nuvectis Pharma, Inc.",Nasdaq,2834,Pharmaceutical Preparations,operating,Health Care,True,
HOV,357294,HOVNANIAN ENTERPRISES INC,NYSE,1531,Operative Builders,operating,Industrials,True,
MATV,1000623,"Mativ Holdings, Inc.",NYSE,2621,Paper Mills,operating,Materials,True,
ZVRA,1434647,"ZEVRA THERAPEUTICS, INC.",Nasdaq,2834,Pharmaceutical Preparations,operating,Health Care,True,
FTH,1829802,"Faeth Therapeutics, Inc.",Nasdaq,2834,Pharmaceutical Preparations,operating,Health Care,True,
AVR,2011514,Anteris Technologies Global Corp.,Nasdaq,3842,"Orthopedic, Prosthetic & Surgical Appliances & Supplies",operating,Health Care,True,
VLGEA,103595,VILLAGE SUPER MARKET INC,Nasdaq,5411,Retail-Grocery Stores,operating,Consumer Staples,True,
PHR,1412408,"Phreesia, Inc.",NYSE,7389,"Services-Business Services, NEC",operating,Industrials,True,
PROK,1850270,PROKIDNEY CORP.,Nasdaq,2836,"Biological Products, (No Diagnostic Substances)",operating,Health Care,True,
PRME,1894562,"Prime Medicine, Inc.",Nasdaq,2836,"Biological Products, (No Diagnostic Substances)",operating,Health Care,True,
TBLD,1820378,Thornburg Income Builder Opportunities Trust,Nasdaq,,,other,Unclassified,False,not an operating company
DMII,2040475,Drugs Made In America Acquisition II Corp.,Nasdaq,6770,Blank Checks,operating,Financials,False,blank check (SPAC)
BHB,743367,BAR HARBOR BANKSHARES,NYSE,6022,State Commercial Banks,operating,Financials,True,
INN,1497645,"Summit Hotel Properties, Inc.",NYSE,6798,Real Estate Investment Trusts,operating,Real Estate,True,
YSWY,1859836,"Yesway, Inc.",Nasdaq,5411,Retail-Grocery Stores,operating,Consumer Staples,True,
TIPT,1393726,TIPTREE INC.,Nasdaq,6331,"Fire, Marine & Casualty Insurance",operating,Financials,True,
WCCB,2105965,West Coast Community Bancorp,Nasdaq,6022,State Commercial Banks,other,Financials,False,not an operating company
CCB,1437958,COASTAL FINANCIAL CORP,Nasdaq,6022,State Commercial Banks,operating,Financials,True,
IRWD,1446847,IRONWOOD PHARMACEUTICALS INC,Nasdaq,2834,Pharmaceutical Preparations,operating,Health Care,True,
ABUS,1447028,Arbutus Biopharma Corp,Nasdaq,2834,Pharmaceutical Preparations,operating,Health Care,True,
ACNB,715579,ACNB CORP,Nasdaq,6022,State Commercial Banks,operating,Financials,True,
SWBI,1092796,"SMITH & WESSON BRANDS, INC.",Nasdaq,3480,"Ordnance & Accessories, (No Vehicles/Guided Missiles)",operating,Industrials,True,
BWMX,1788257,"BETTERWARE DE MEXICO, S.A.P.I. DE C.V",NYSE,5961,Retail-Catalog & Mail-Order Houses,other,Consumer Discretionary,False,not an operating company
PRTH,1653558,"Priority Technology Holdings, Inc.",Nasdaq,7389,"Services-Business Services, NEC",operating,Industrials,True,
HPP,1482512,"Hudson Pacific Properties, Inc.",NYSE,6500,Real Estate,operating,Real Estate,True,
NMFC,1496099,New Mountain Finance Corp,Nasdaq,,,operating,Unclassified,True,
NAK,1164771,NORTHERN DYNASTY MINERALS LTD,NYSE,1040,Gold and Silver Ores,other,Materials,False,not an operating company
GOTU,1768259,Gaotu Techedu Inc.,NYSE,8200,Services-Educational Services,other,Industrials,False,not an operating company
DLY,1788399,DoubleLine Yield Opportunities Fund,NYSE,,,other,Unclassified,False,not an operating company
ABR,1253986,ARBOR REALTY TRUST INC,NYSE,6798,Real Estate Investment Trusts,operating,Real Estate,True,
CGNT,1824814,Cognyte Software Ltd.,Nasdaq,7372,Services-Prepackaged Software,other,Information Technology,False,not an operating company
VTEX,1793663,VTEX,NYSE,7372,Services-Prepackaged Software,other,Information Technology,False,not an operating company
CBNK,1419536,Capital Bancorp Inc,Nasdaq,6021,National Commercial Banks,operating,Financials,True,
GDYN,1743725,"GRID DYNAMICS HOLDINGS, INC.",Nasdaq,7372,Services-Prepackaged Software,operating,Information Technology,True,
PZZA,901491,PAPA JOHNS INTERNATIONAL INC,Nasdaq,5812,Retail-Eating  Places,operating,Consumer Discretionary,True,
WOOF,1826470,"Petco Health & Wellness Company, Inc.",Nasdaq,5990,"Retail-Retail Stores, NEC",operating,Consumer Discretionary,True,
RA,1655099,Brookfield Real Assets Income Fund Inc.,NYSE,,,other,Unclassified,False,not an operating company
BIT,1562818,BlackRock Multi-Sector Income Trust,NYSE,,,other,Unclassified,False,not an operating company
NTGR,1122904,"NETGEAR, INC.",Nasdaq,3576,Computer Communications Equipment,operating,Information Technology,True,
PAR,708821,PAR TECHNOLOGY CORP,NYSE,3578,Calculating & Accounting Machines (No Electronic Computers),operating,Information Technology,True,
ELMT,2101698,Elmet Group Co.,Nasdaq,3490,Miscellaneous Fabricated Metal Products,operating,Industrials,True,
STLN,1799191,"Starling Oncology, Inc.",Nasdaq,8011,Services-Offices & Clinics of  Doctors of  Medicine,operating,Health Care,True,
SLRC,1418076,SLR Investment Corp.,Nasdaq,,,operating,Unclassified,True,
EGY,894627,VAALCO ENERGY INC /DE/,NYSE,1311,Crude Petroleum & Natural Gas,operating,Energy,True,
SHEN,354963,SHENANDOAH TELECOMMUNICATIONS CO/VA/,Nasdaq,4813,Telephone Communications (No Radiotelephone),operating,Communication Services,True,
AGCC,2060016,Agencia Comercial Spirits Ltd.,Nasdaq,5180,"Wholesale-Beer, Wine & Distilled Alcoholic Beverages",other,Industrials,False,not an operating company
SGMT,1400118,Sagimet Biosciences Inc.,Nasdaq,2834,Pharmaceutical Preparations,operating,Health Care,True,
GRNT,1928446,"Granite Ridge Resources, Inc.",NYSE,1311,Crude Petroleum & Natural Gas,operating,Energy,True,
XTND,2111860,"Xtend AI Robotics, Inc.",NYSE,3760,Guided Missiles & Space Vehicles & Parts,other,Industrials,False,not an operating company
GOOD,1234006,GLADSTONE COMMERCIAL CORP,Nasdaq,6519,"Lessors of  Real Property, NEC",operating,Real Estate,True,
MAMA,1520358,"Mama's Creations, Inc.",Nasdaq,2013,Sausages & Other Prepared Meat Products,operating,Consumer Staples,True,
PFN,1296250,PIMCO Income Strategy Fund II,NYSE,,,other,Unclassified,False,not an operating company
RSVR,1824403,"Reservoir Media, Inc.",Nasdaq,7900,Services-Amusement & Recreation Services,operating,Consumer Discretionary,True,
PAXS,1886878,PIMCO Access Income Fund,NYSE,,,other,Unclassified,False,not an operating company
CLYM,1768446,"Climb Bio, Inc.",Nasdaq,2834,Pharmaceutical Preparations,operating,Health Care,True,
SOPH,1840706,SOPHiA GENETICS SA,Nasdaq,7374,Services-Computer Processing & Data Preparation,other,Information Technology,False,not an operating company
EVC,1109116,ENTRAVISION COMMUNICATIONS CORP,NYSE,4833,Television Broadcasting Stations,operating,Communication Services,True,
MUA,901243,"BLACKROCK MUNIASSETS FUND, INC.",NYSE,,,other,Unclassified,False,not an operating company
IVR,1437071,Invesco Mortgage Capital Inc.,NYSE,6798,Real Estate Investment Trusts,operating,Real Estate,True,
HELE,916789,HELEN OF TROY LTD,Nasdaq,3634,Electric Housewares & Fans,operating,Consumer Discretionary,True,
CCXI,2074973,Churchill Capital Corp XI,Nasdaq,3569,"General Industrial Machinery & Equipment, NEC",operating,Industrials,True,
NRDS,1625278,"NERDWALLET, INC.",Nasdaq,7374,Services-Computer Processing & Data Preparation,operating,Information Technology,True,
OIO,1957538,OIO Group,Nasdaq,4953,Refuse Systems,other,Utilities,False,not an operating company
REAX,2136387,Real REMAX Group Inc.,Nasdaq,6531,Real Estate Agents & Managers (For Others),other,Real Estate,False,not an operating company
CRD-A,25475,CRAWFORD & CO,NYSE,6411,"Insurance Agents, Brokers & Service",operating,Financials,True,
LMB,1606163,"Limbach Holdings, Inc.",Nasdaq,1700,Construction - Special Trade Contractors,operating,Industrials,True,
CSHR,2087587,CoinShares PLC,Nasdaq,6211,"Security Brokers, Dealers & Flotation Companies",other,Financials,False,not an operating company
ADTN,926282,"ADTRAN Holdings, Inc.",Nasdaq,3661,Telephone & Telegraph Apparatus,operating,Information Technology,True,
CLMB,945983,"Climb Global Solutions, Inc.",Nasdaq,5045,Wholesale-Computers & Peripheral Equipment & Software,operating,Industrials,True,
WDI,1819559,Western Asset Diversified Income Fund (WDI),NYSE,,,other,Unclassified,False,not an operating company
AQST,1398733,"Aquestive Therapeutics, Inc.",Nasdaq,2834,Pharmaceutical Preparations,operating,Health Care,True,
NRGV,1828536,"Energy Vault Holdings, Inc.",NYSE,3690,"Miscellaneous Electrical Machinery, Equipment & Supplies",operating,Information Technology,True,
WYFI,2042022,"WhiteFiber, Inc.",Nasdaq,6199,Finance Services,operating,Financials,True,
EVAC,2042902,EQV Ventures Acquisition Corp. II,NYSE,6770,Blank Checks,operating,Financials,False,blank check (SPAC)
MATW,63296,MATTHEWS INTERNATIONAL CORP,Nasdaq,3360,Nonferrous Foundries (Castings),operating,Materials,True,
DBVT,1613780,DBV Technologies S.A.,Nasdaq,2836,"Biological Products, (No Diagnostic Substances)",operating,Health Care,True,
TROX,1530804,Tronox Holdings plc,NYSE,2810,Industrial Inorganic Chemicals,operating,Materials,True,
INDI,1841925,"indie Semiconductor, Inc.",Nasdaq,3674,Semiconductors & Related Devices,operating,Information Technology,True,
DCBO,1829959,Docebo Inc.,Nasdaq,7372,Services-Prepackaged Software,other,Information Technology,False,not an operating company
BCSS,2064355,Bain Capital GSS Investment Corp.,NYSE,6770,Blank Checks,operating,Financials,False,blank check (SPAC)
MLR,924822,MILLER INDUSTRIES INC /TN/,NYSE,3713,Truck & Bus Bodies,operating,Consumer Discretionary,True,
NFGC,1840616,New Found Gold Corp.,NYSE,1040,Gold and Silver Ores,other,Materials,False,not an operating company
WEAV,1609151,"Weave Communications, Inc.",NYSE,7372,Services-Prepackaged Software,operating,Information Technology,True,
ISOU,1997377,IsoEnergy Ltd.,NYSE,1090,Miscellaneous Metal Ores,other,Materials,False,not an operating company
PEBO,318300,PEOPLES BANCORP INC,Nasdaq,6022,State Commercial Banks,operating,Financials,True,
FBIZ,1521951,"FIRST BUSINESS FINANCIAL SERVICES, INC.",Nasdaq,6022,State Commercial Banks,operating,Financials,True,
GCBC,1070524,GREENE COUNTY BANCORP INC,Nasdaq,6036,"Savings Institutions, Not Federally Chartered",operating,Financials,True,
CEPF,2034267,"Cantor Equity Partners IV, Inc.",Nasdaq,6770,Blank Checks,operating,Financials,False,blank check (SPAC)
SWRD,1795851,"Stewards, Inc.",Nasdaq,6153,Short-Term Business Credit Institutions,operating,Financials,True,
CXII,2114227,Churchill Capital Corp XII,Nasdaq,6770,Blank Checks,operating,Financials,False,blank check (SPAC)
EROC,2110029,"ERock, Inc.",NYSE,3620,Electrical Industrial Apparatus,operating,Industrials,True,
NKX,1195738,NUVEEN CALIFORNIA AMT-FREE QUALITY MUNICIPAL INCOME FUND,NYSE,,,other,Unclassified,False,not an operating company
TRON,1956744,Tron Inc.,Nasdaq,6199,Finance Services,operating,Financials,True,
JBI,1839839,"Janus International Group, Inc.",NYSE,3442,"Metal Doors, Sash, Frames, Moldings & Trim",operating,Industrials,True,
STTK,1680367,"Shattuck Labs, Inc.",Nasdaq,2834,Pharmaceutical Preparations,operating,Health Care,True,
TWN,804123,TAIWAN FUND INC,NYSE,,,other,Unclassified,False,not an operating company
KRNY,1617242,Kearny Financial Corp.,Nasdaq,6035,"Savings Institution, Federally Chartered",operating,Financials,True,
VEL,1692376,"Velocity Financial, Inc.",NYSE,6199,Finance Services,operating,Financials,True,
HY,1173514,"HYSTER-YALE, INC.",NYSE,3537,"Industrial Trucks, Tractors, Trailors & Stackers",operating,Industrials,True,
IBEX,1720420,IBEX Ltd,Nasdaq,7374,Services-Computer Processing & Data Preparation,operating,Information Technology,True,
AHRT,1569187,"AH Realty Trust, Inc.",NYSE,6500,Real Estate,operating,Real Estate,True,
SLN,1479615,Silence Therapeutics plc,Nasdaq,2834,Pharmaceutical Preparations,operating,Health Care,True,
NUAI,2028336,"New ERA Energy & Digital, Inc.",Nasdaq,1311,Crude Petroleum & Natural Gas,operating,Energy,True,
NML,1562051,Neuberger Energy Infrastructure & Income Fund Inc.,NYSE,,,other,Unclassified,False,not an operating company
ARRY,1820721,"Array Technologies, Inc.",Nasdaq,3674,Semiconductors & Related Devices,operating,Information Technology,True,
EVEX,1823652,"Eve Holding, Inc.",NYSE,3721,Aircraft,operating,Industrials,True,
PHAT,1783183,"Phathom Pharmaceuticals, Inc.",Nasdaq,2834,Pharmaceutical Preparations,operating,Health Care,True,
EBF,33002,"ENNIS, INC.",NYSE,2761,Manifold Business Forms,operating,Communication Services,True,
IIIN,764401,INSTEEL INDUSTRIES INC,NYSE,3310,"Steel Works, Blast Furnaces & Rolling & Finishing Mills",operating,Materials,True,
KIDS,1425450,ORTHOPEDIATRICS CORP,Nasdaq,3841,Surgical & Medical Instruments & Apparatus,operating,Health Care,True,
DSU,1051003,"BLACKROCK DEBT STRATEGIES FUND, INC.",NYSE,,,other,Unclassified,False,not an operating company
SFST,1090009,SOUTHERN FIRST BANCSHARES INC,Nasdaq,6021,National Commercial Banks,operating,Financials,True,
BWB,1341317,Bridgewater Bancshares Inc,Nasdaq,6022,State Commercial Banks,operating,Financials,True,
CRMD,1410098,CorMedix Inc.,Nasdaq,2834,Pharmaceutical Preparations,operating,Health Care,True,
XMAX,1473334,XMax Inc.,Nasdaq,2510,Household Furniture,operating,Consumer Discretionary,True,
TITN,1409171,Titan Machinery Inc.,Nasdaq,5990,"Retail-Retail Stores, NEC",operating,Consumer Discretionary,True,
BXC,1301787,BlueLinx Holdings Inc.,NYSE,5031,"Wholesale-Lumber, Plywood, Millwork & Wood Panels",operating,Industrials,True,
GEMI,2055592,"Gemini Space Station, Inc.",Nasdaq,6199,Finance Services,operating,Financials,True,
ETRA,2088082,"Electra Therapeutics, Inc.",Nasdaq,2836,"Biological Products, (No Diagnostic Substances)",other,Health Care,False,not an operating company
CIVB,944745,"CIVISTA BANCSHARES, INC.",Nasdaq,6022,State Commercial Banks,operating,Financials,True,
ABTC,1755953,American Bitcoin Corp.,Nasdaq,6199,Finance Services,operating,Financials,True,
PANL,1606909,Pangaea Logistics Solutions Ltd.,Nasdaq,4412,Deep Sea Foreign Transportation of  Freight,operating,Industrials,True,
ITIC,720858,INVESTORS TITLE CO,Nasdaq,6361,Title Insurance,operating,Financials,True,
YB,1995520,Yuanbao Inc.,Nasdaq,6411,"Insurance Agents, Brokers & Service",other,Financials,False,not an operating company
GMRS,1898718,GMR Solutions Inc.,NYSE,4700,Transportation Services,operating,Industrials,True,
FLGT,1674930,"Fulgent Genetics, Inc.",Nasdaq,8071,Services-Medical Laboratories,operating,Health Care,True,
MNPR,1645469,Monopar Therapeutics,Nasdaq,2834,Pharmaceutical Preparations,operating,Health Care,True,
KELYA,55135,KELLY SERVICES INC,Nasdaq,7363,Services-Help Supply Services,operating,Industrials,True,
UNTY,920427,UNITY BANCORP INC /NJ/,Nasdaq,6022,State Commercial Banks,operating,Financials,True,
WTI,1288403,W&T OFFSHORE INC,NYSE,1311,Crude Petroleum & Natural Gas,operating,Energy,True,
IGR,1268884,CBRE GLOBAL REAL ESTATE INCOME FUND,NYSE,,,other,Unclassified,False,not an operating company
NVRI,2104052,Enviri Corp,NYSE,4953,Refuse Systems,operating,Utilities,True,
FWRD,912728,FORWARD AIR CORP,Nasdaq,4731,Arrangement of  Transportation of  Freight & Cargo,operating,Industrials,True,
EVO,1412558,Evotec SE,Nasdaq,2834,Pharmaceutical Preparations,other,Health Care,False,not an operating company
OOMA,1327688,OOMA INC,NYSE,7374,Services-Computer Processing & Data Preparation,operating,Information Technology,True,
DDD,910638,3D SYSTEMS CORP,NYSE,7372,Services-Prepackaged Software,operating,Information Technology,True,
MAX,1818383,"MediaAlpha, Inc.",NYSE,7389,"Services-Business Services, NEC",operating,Industrials,True,
ACRS,1557746,"Aclaris Therapeutics, Inc.",Nasdaq,2834,Pharmaceutical Preparations,operating,Health Care,True,
GAU,1377757,Galiano Gold Inc.,NYSE,1400,Mining & Quarrying of  Nonmetallic Minerals (No Fuels),other,Materials,False,not an operating company
UAMY,101538,UNITED STATES ANTIMONY CORP,NYSE,3330,Primary Smelting & Refining of  Nonferrous Metals,operating,Materials,True,
NRIM,1163370,NORTHRIM BANCORP INC,Nasdaq,6035,"Savings Institution, Federally Chartered",operating,Financials,True,
CHWM,2113605,Chilwa Minerals Ltd,Nasdaq,1400,Mining & Quarrying of  Nonmetallic Minerals (No Fuels),other,Materials,False,not an operating company
ETJ,1395325,Eaton Vance Risk-Managed Diversified Equity Income Fund,NYSE,,,other,Unclassified,False,not an operating company
ACP,1503290,abrdn Income Credit Strategies Fund,NYSE,,,other,Unclassified,False,not an operating company
IPX,1898601,IPERIONX Ltd,Nasdaq,1090,Miscellaneous Metal Ores,other,Materials,False,not an operating company
WNC,879526,WABASH NATIONAL Corp,NYSE,3715,Truck Trailers,operating,Consumer Discretionary,True,
SBC,1930313,SBC Medical Group Holdings Inc,Nasdaq,8011,Services-Offices & Clinics of  Doctors of  Medicine,operating,Health Care,True,
ENVX,1828318,Enovix Corp,Nasdaq,3690,"Miscellaneous Electrical Machinery, Equipment & Supplies",operating,Information Technology,True,
SLDP,1844862,"Solid Power, Inc.",Nasdaq,3690,"Miscellaneous Electrical Machinery, Equipment & Supplies",operating,Information Technology,True,
CTGO,1502377,Contango Silver & Gold Inc.,NYSE,1040,Gold and Silver Ores,operating,Materials,True,
NPB,1336706,NORTHPOINTE BANCSHARES INC,NYSE,6022,State Commercial Banks,operating,Financials,True,
FAC,2049662,Factorial Energy Inc.,Nasdaq,3690,"Miscellaneous Electrical Machinery, Equipment & Supplies",operating,Information Technology,True,
METC,1687187,"Ramaco Resources, Inc.",Nasdaq,1220,Silver Ores,operating,Energy,True,
VALN,1836564,Valneva SE,Nasdaq,2836,"Biological Products, (No Diagnostic Substances)",other,Health Care,False,not an operating company
MEI,65270,METHODE ELECTRONICS INC,NYSE,3678,Electronic Connectors,operating,Information Technology,True,
RGNX,1590877,REGENXBIO Inc.,Nasdaq,2836,"Biological Products, (No Diagnostic Substances)",operating,Health Care,True,
BLSM,1839970,"BlossomHill Therapeutics, Inc.",Nasdaq,2834,Pharmaceutical Preparations,operating,Health Care,True,
SSII,1676163,"SS Innovations International, Inc.",Nasdaq,3841,Surgical & Medical Instruments & Apparatus,operating,Health Care,True,
CSV,1016281,CARRIAGE SERVICES INC,NYSE,7200,Services-Personal Services,operating,Consumer Discretionary,True,
FWDI,38264,"Forward Industries, Inc.",Nasdaq,6199,Finance Services,operating,Financials,True,
IIIV,1728688,"i3 Verticals, Inc.",Nasdaq,7372,Services-Prepackaged Software,operating,Information Technology,True,
OCS,1953530,Oculis Holding AG,Nasdaq,2834,Pharmaceutical Preparations,other,Health Care,False,not an operating company
NCDL,1737924,Nuveen Churchill Direct Lending Corp.,NYSE,,,operating,Unclassified,True,
HKD,1809691,AMTD Digital Inc.,NYSE,6199,Finance Services,other,Financials,False,not an operating company
AEXA,2079173,American Exceptionalism Acquisition Corp. A,NYSE,6770,Blank Checks,operating,Financials,False,blank check (SPAC)
CTMX,1501989,"CytomX Therapeutics, Inc.",Nasdaq,2834,Pharmaceutical Preparations,operating,Health Care,True,
MSIF,1535778,"MSC INCOME FUND, INC.",NYSE,,,operating,Unclassified,True,
GUT,1080720,GABELLI UTILITY TRUST,NYSE,,,other,Unclassified,False,not an operating company
NVEC,724910,NVE CORP /NEW/,Nasdaq,3674,Semiconductors & Related Devices,operating,Information Technology,True,
ENHA,1956439,Enhanced Group Inc.,NYSE,7990,Services-Miscellaneous Amusement & Recreation,operating,Consumer Discretionary,True,
NDMO,1793129,Nuveen Dynamic Municipal Opportunities Fund,NYSE,,,other,Unclassified,False,not an operating company
CBIO,1253689,"CRESCENT BIOPHARMA, INC.",Nasdaq,2834,Pharmaceutical Preparations,operating,Health Care,True,
TLRY,1731348,"Tilray Brands, Inc.",Nasdaq,2833,Medicinal Chemicals & Botanical Products,operating,Health Care,True,
NGNE,1404644,Neurogene Inc.,Nasdaq,2834,Pharmaceutical Preparations,operating,Health Care,True,
BSVN,1746129,Bank7 Corp.,Nasdaq,6022,State Commercial Banks,operating,Financials,True,
GORO,1515964,Goldgroup Mining Inc.,NYSE,1040,Gold and Silver Ores,other,Materials,False,not an operating company
ALOY,1567900,REALLOYS INC.,Nasdaq,1000,Metal Mining,operating,Materials,True,
CMDB,2033535,Costamare Bulkers Holdings Ltd,NYSE,4400,Water Transportation,other,Industrials,False,not an operating company
HNST,1530979,"Honest Company, Inc.",Nasdaq,5961,Retail-Catalog & Mail-Order Houses,operating,Consumer Discretionary,True,
CDNL,2079999,Cardinal Infrastructure Group Inc.,Nasdaq,1600,Heavy Construction Other Than Bldg Const - Contractors,operating,Industrials,True,
BWFG,1505732,"Bankwell Financial Group, Inc.",Nasdaq,6022,State Commercial Banks,operating,Financials,True,
FAX,790500,"ABRDN ASIA-PACIFIC INCOME FUND, INC.",NYSE,,,other,Unclassified,False,not an operating company
NOAH,1499543,NOAH HOLDINGS LTD,NYSE,6282,Investment Advice,other,Financials,False,not an operating company
SPPP,1539190,SPROTT PHYSICAL PLATINUM & PALLADIUM TRUST,NYSE,6221,Commodity Contracts Brokers & Dealers,other,Financials,False,fund / ETF / commodity trust (not an operating company)
HBCP,1436425,"HOME BANCORP, INC.",Nasdaq,6036,"Savings Institutions, Not Federally Chartered",operating,Financials,True,
ETD,896156,ETHAN ALLEN INTERIORS INC,NYSE,2511,"Wood Household Furniture, (No Upholstered)",operating,Consumer Discretionary,True,
UHT,798783,UNIVERSAL HEALTH REALTY INCOME TRUST,NYSE,6798,Real Estate Investment Trusts,operating,Real Estate,True,
ROMA,1945240,Roma Green Finance Ltd,Nasdaq,8742,Services-Management Consulting Services,other,Industrials,False,not an operating company
AII,2007587,"American Integrity Insurance Group, Inc.",NYSE,6331,"Fire, Marine & Casualty Insurance",operating,Financials,True,
BSRR,1130144,SIERRA BANCORP,Nasdaq,6022,State Commercial Banks,operating,Financials,True,
OPFI,1818502,OppFi Inc.,NYSE,6199,Finance Services,operating,Financials,True,
SD,1349436,SANDRIDGE ENERGY INC,NYSE,1311,Crude Petroleum & Natural Gas,operating,Energy,True,
FBRT,1562528,"Franklin BSP Realty Trust, Inc.",NYSE,6798,Real Estate Investment Trusts,operating,Real Estate,True,
ESEA,1341170,EUROSEAS LTD.,Nasdaq,4412,Deep Sea Foreign Transportation of  Freight,other,Industrials,False,not an operating company
DCTH,872912,"DELCATH SYSTEMS, INC.",Nasdaq,3841,Surgical & Medical Instruments & Apparatus,operating,Health Care,True,
ITRG,1722387,Integra Resources Corp.,NYSE,1040,Gold and Silver Ores,other,Materials,False,not an operating company
DNUT,1857154,"Krispy Kreme, Inc.",Nasdaq,5400,Retail-Food Stores,operating,Consumer Staples,True,
CARS,1683606,Cars.com Inc.,NYSE,7374,Services-Computer Processing & Data Preparation,operating,Information Technology,True,
PBYI,1401667,"PUMA BIOTECHNOLOGY, INC.",Nasdaq,2834,Pharmaceutical Preparations,operating,Health Care,True,
NEXN,1849396,Nexxen International Ltd.,Nasdaq,7370,"Services-Computer Programming, Data Processing, Etc.",other,Information Technology,False,not an operating company
BGY,1393299,BlackRock Enhanced International Dividend Trust,NYSE,,,other,Unclassified,False,not an operating company
BMM,1732379,Blue Moon Metals Inc.,Nasdaq,1000,Metal Mining,other,Materials,False,not an operating company
DRUG,1827401,BRIGHT MINDS BIOSCIENCES INC.,Nasdaq,2834,Pharmaceutical Preparations,other,Health Care,False,not an operating company
HUYA,1728190,HUYA Inc.,NYSE,7370,"Services-Computer Programming, Data Processing, Etc.",other,Information Technology,False,not an operating company
EOLS,1570562,"Evolus, Inc.",Nasdaq,2834,Pharmaceutical Preparations,operating,Health Care,True,
TMQ,1543418,Trilogy Metals Inc.,NYSE,1040,Gold and Silver Ores,operating,Materials,True,
FVR,1988494,"FrontView REIT, Inc.",NYSE,6798,Real Estate Investment Trusts,operating,Real Estate,True,
IIM,885601,Invesco Value Municipal Income Trust,NYSE,,,other,Unclassified,False,not an operating company
LOT,1962746,Lotus Technology Inc.,Nasdaq,3711,Motor Vehicles & Passenger Car Bodies,other,Consumer Discretionary,False,not an operating company
YORW,108985,YORK WATER CO,Nasdaq,4941,Water Supply,operating,Utilities,True,
MPLT,1770069,"MapLight Therapeutics, Inc.",Nasdaq,2834,Pharmaceutical Preparations,operating,Health Care,True,
ALT,1326190,"Altimmune, Inc.",Nasdaq,2834,Pharmaceutical Preparations,operating,Health Care,True,
OBT,1754226,"Orange County Bancorp, Inc. /DE/",Nasdaq,6022,State Commercial Banks,operating,Financials,True,
TCMD,1027838,TACTILE SYSTEMS TECHNOLOGY INC,Nasdaq,3841,Surgical & Medical Instruments & Apparatus,operating,Health Care,True,
EPRX,1581178,EUPRAXIA PHARMACEUTICALS INC.,Nasdaq,2834,Pharmaceutical Preparations,other,Health Care,False,not an operating company
NWAX,2074878,New America Acquisition I Corp.,NYSE,6770,Blank Checks,operating,Financials,False,blank check (SPAC)
COFS,803164,CHOICEONE FINANCIAL SERVICES INC,Nasdaq,6022,State Commercial Banks,operating,Financials,True,
AAC,2128115,Ares Acquisition Corp III,NYSE,6770,Blank Checks,operating,Financials,False,blank check (SPAC)
GTN,43196,"GRAY MEDIA, INC",NYSE,4833,Television Broadcasting Stations,operating,Communication Services,True,
LAES,1951222,SEALSQ Corp,Nasdaq,3674,Semiconductors & Related Devices,other,Information Technology,False,not an operating company
WEYS,106532,WEYCO GROUP INC,Nasdaq,5130,"Wholesale-Apparel, Piece Goods & Notions",operating,Industrials,True,
ETO,1281926,Eaton Vance Tax-Advantaged Global Dividend Opportunities Fund,NYSE,,,other,Unclassified,False,not an operating company
OIS,1121484,"OIL STATES INTERNATIONAL, INC",NYSE,3533,Oil & Gas Field Machinery & Equipment,operating,Industrials,True,
PBAM,1705284,"Private Bancorp of America, Inc.",Nasdaq,6021,National Commercial Banks,operating,Financials,True,
IGD,1285890,Voya GLOBAL EQUITY DIVIDEND & PREMIUM OPPORTUNITY FUND,NYSE,,,other,Unclassified,False,not an operating company
NRDY,1819404,Nerdy Inc.,NYSE,8200,Services-Educational Services,operating,Industrials,True,
XRN,1533615,Chiron Real Estate Inc.,NYSE,6798,Real Estate Investment Trusts,operating,Real Estate,True,
WTBA,1166928,WEST BANCORPORATION INC,Nasdaq,6022,State Commercial Banks,operating,Financials,True,
BRSP,1717547,"BrightSpire Capital, Inc.",NYSE,6798,Real Estate Investment Trusts,operating,Real Estate,True,
MLAA,2094265,Mountain Lake Acquisition Corp. II,Nasdaq,6770,Blank Checks,operating,Financials,False,blank check (SPAC)
NB,1512228,NIOCORP DEVELOPMENTS LTD,Nasdaq,1000,Metal Mining,operating,Materials,True,
CTNM,1855175,"Contineum Therapeutics, Inc.",Nasdaq,2834,Pharmaceutical Preparations,operating,Health Care,True,
PWRL,2052053,Powerlaw Corp.,Nasdaq,,,other,Unclassified,False,not an operating company
ENRD,2095096,Einride AB,Nasdaq,7373,Services-Computer Integrated Systems Design,other,Information Technology,False,not an operating company
CIX,1049606,COMPX INTERNATIONAL INC,NYSE,3420,"Cutlery, Handtools & General Hardware",operating,Industrials,True,
PDLB,1874071,"Ponce Financial Group, Inc.",Nasdaq,6035,"Savings Institution, Federally Chartered",operating,Financials,True,
KRSP,2074872,Rice Acquisition Corp 3,NYSE,6770,Blank Checks,operating,Financials,False,blank check (SPAC)
GLRE,1385613,"GREENLIGHT CAPITAL RE, LTD.",Nasdaq,6331,"Fire, Marine & Casualty Insurance",operating,Financials,True,
CCOI,1158324,"COGENT COMMUNICATIONS HOLDINGS, INC.",Nasdaq,4899,"Communications Services, NEC",operating,Communication Services,True,
NMCO,1774342,Nuveen Municipal Credit Opportunities Fund,NYSE,,,other,Unclassified,False,not an operating company
BTBT,1710350,"Bit Digital, Inc",Nasdaq,6199,Finance Services,operating,Financials,True,
THW,1635977,abrdn World Healthcare Fund,NYSE,,,other,Unclassified,False,not an operating company
CWCO,928340,Consolidated Water Co. Ltd.,Nasdaq,4941,Water Supply,operating,Utilities,True,
QUAD,1481792,"Quad/Graphics, Inc.",NYSE,2750,Commercial Printing,operating,Communication Services,True,
MMU,886043,WESTERN ASSET MANAGED MUNICIPALS FUND INC.,NYSE,,,other,Unclassified,False,not an operating company
ANGO,1275187,ANGIODYNAMICS INC,Nasdaq,3841,Surgical & Medical Instruments & Apparatus,operating,Health Care,True,
FMAO,792966,FARMERS & MERCHANTS BANCORP INC,Nasdaq,6035,"Savings Institution, Federally Chartered",operating,Financials,True,
ALLO,1737287,"Allogene Therapeutics, Inc.",Nasdaq,2836,"Biological Products, (No Diagnostic Substances)",operating,Health Care,True,
TMS,2048951,Teamshares Inc,Nasdaq,5900,Retail-Miscellaneous Retail,operating,Consumer Discretionary,True,
ARVN,1655759,"ARVINAS, INC.",Nasdaq,2834,Pharmaceutical Preparations,operating,Health Care,True,
MTLS,1091223,MATERIALISE NV,Nasdaq,7372,Services-Prepackaged Software,other,Information Technology,False,not an operating company
OLP,712770,ONE LIBERTY PROPERTIES INC,NYSE,6798,Real Estate Investment Trusts,operating,Real Estate,True,
KRUS,1772177,"KURA SUSHI USA, INC.",Nasdaq,5812,Retail-Eating  Places,operating,Consumer Discretionary,True,
BRTM,2131350,B&R Technology Merger Corp.,Nasdaq,6770,Blank Checks,operating,Financials,False,blank check (SPAC)
OWLS,2025416,OBOOK HOLDINGS INC.,Nasdaq,7372,Services-Prepackaged Software,other,Information Technology,False,not an operating company
ILPT,1717307,Industrial Logistics Properties Trust,Nasdaq,6798,Real Estate Investment Trusts,operating,Real Estate,True,
MASS,1555279,908 Devices Inc.,Nasdaq,3826,Laboratory Analytical Instruments,operating,Information Technology,True,
VGM,880892,Invesco Trust for Investment Grade Municipals,NYSE,,,other,Unclassified,False,not an operating company
CRAN,2081358,Crane Harbor Acquisition Corp. II,Nasdaq,6770,Blank Checks,operating,Financials,False,blank check (SPAC)
MCFT,1638290,"MasterCraft Boat Holdings, Inc.",Nasdaq,3730,Ship & Boat Building & Repairing,operating,Industrials,True,
ONT,1643615,"Onterris, Inc.",NYSE,8742,Services-Management Consulting Services,operating,Industrials,True,
BBCP,1703956,"Concrete Pumping Holdings, Inc.",Nasdaq,1700,Construction - Special Trade Contractors,operating,Industrials,True,
MTC,1742518,"MMTEC, INC.",Nasdaq,6211,"Security Brokers, Dealers & Flotation Companies",other,Financials,False,not an operating company
SENS,1616543,"Senseonics Holdings, Inc.",Nasdaq,3823,"Industrial Instruments For Measurement, Display, and Control",operating,Information Technology,True,
GTEN,1986817,"Gores Holdings X, Inc. / CI",Nasdaq,6770,Blank Checks,operating,Financials,False,blank check (SPAC)
BDN,790816,BRANDYWINE REALTY TRUST,NYSE,6798,Real Estate Investment Trusts,operating,Real Estate,True,
HBB,1709164,Hamilton Beach Brands Holding Co,NYSE,3634,Electric Housewares & Fans,operating,Consumer Discretionary,True,
CMCL,766011,Caledonia Mining Corp Plc,NYSE,1040,Gold and Silver Ores,other,Materials,False,not an operating company
GCGR,2108962,General Catalyst Global Resilience Merger Corp.,Nasdaq,6770,Blank Checks,operating,Financials,False,blank check (SPAC)
ARKO,1823794,ARKO Corp.,Nasdaq,5412,Retail-Convenience Stores,operating,Consumer Staples,True,
MFI,1940941,mF International Ltd,Nasdaq,7371,Services-Computer Programming Services,other,Information Technology,False,not an operating company
APXT,2079253,Apex Treasury Corp,Nasdaq,6770,Blank Checks,operating,Financials,False,blank check (SPAC)
FTHY,1810523,FIRST TRUST HIGH YIELD OPPORTUNITIES 2027 TERM FUND,NYSE,,,other,Unclassified,False,not an operating company
GRVY,1313310,"GRAVITY Co., Ltd.",Nasdaq,7374,Services-Computer Processing & Data Preparation,other,Information Technology,False,not an operating company
LXFR,1096056,LUXFER HOLDINGS PLC,NYSE,2810,Industrial Inorganic Chemicals,operating,Materials,True,
DPG,1515671,Duff & Phelps Utility & Infrastructure Fund Inc.,NYSE,,,other,Unclassified,False,not an operating company
WRN,1364125,Western Copper & Gold Corp,NYSE,1000,Metal Mining,other,Materials,False,not an operating company
JOUT,788329,JOHNSON OUTDOORS INC,Nasdaq,3949,"Sporting & Athletic Goods, NEC",operating,Consumer Discretionary,True,
ASMB,1426800,"ASSEMBLY BIOSCIENCES, INC.",Nasdaq,2834,Pharmaceutical Preparations,operating,Health Care,True,
AUTL,1730463,Autolus Therapeutics plc,Nasdaq,2836,"Biological Products, (No Diagnostic Substances)",operating,Health Care,True,
AUXX,1961592,Gold X2 Mining Inc.,NYSE,1040,Gold and Silver Ores,other,Materials,False,not an operating company
CLB,1958086,Core Laboratories Inc. /DE/,NYSE,1389,"Oil & Gas Field Services, NEC",operating,Energy,True,
CAPR,1133869,"CAPRICOR THERAPEUTICS, INC.",Nasdaq,2834,Pharmaceutical Preparations,operating,Health Care,True,
RYAM,1597672,RAYONIER ADVANCED MATERIALS INC.,NYSE,2611,Pulp Mills,operating,Materials,True,
ACIC,1401521,AMERICAN COASTAL INSURANCE Corp,Nasdaq,6331,"Fire, Marine & Casualty Insurance",operating,Financials,True,
ASPN,1145986,ASPEN AEROGELS INC,NYSE,5030,Wholesale-Lumber & Other Construction Materials,operating,Industrials,True,
CMCO,1005229,COLUMBUS MCKINNON CORP,Nasdaq,3531,Construction Machinery & Equip,operating,Industrials,True,
SGHT,1531177,"Sight Sciences, Inc.",Nasdaq,3841,Surgical & Medical Instruments & Apparatus,operating,Health Care,True,
BLW,1233681,BLACKROCK Ltd DURATION INCOME TRUST,NYSE,,,other,Unclassified,False,not an operating company
ULH,1308208,"UNIVERSAL LOGISTICS HOLDINGS, INC.",Nasdaq,4213,Trucking (No Local),operating,Industrials,True,
FPI,1591670,Farmland Partners Inc.,NYSE,6798,Real Estate Investment Trusts,operating,Real Estate,True,
OVID,1636651,Ovid Therapeutics Inc.,Nasdaq,2834,Pharmaceutical Preparations,operating,Health Care,True,
TRTX,1630472,"TPG RE Finance Trust, Inc.",NYSE,6798,Real Estate Investment Trusts,operating,Real Estate,True,
CERS,1020214,CERUS CORP,Nasdaq,3841,Surgical & Medical Instruments & Apparatus,operating,Health Care,True,
BWAY,1505065,Brainsway Ltd.,Nasdaq,3841,Surgical & Medical Instruments & Apparatus,other,Health Care,False,not an operating company
BCCQ,2128045,Bleichroeder Acquisition Corp. III,Nasdaq,6770,Blank Checks,operating,Financials,False,blank check (SPAC)
GUG,1864208,Guggenheim Active Allocation Fund,NYSE,,,other,Unclassified,False,not an operating company
TKNO,1850902,"Alpha Teknova, Inc.",Nasdaq,2835,In Vitro & In Vivo Diagnostic Substances,operating,Health Care,True,
CLFD,796505,"Clearfield, Inc.",Nasdaq,3661,Telephone & Telegraph Apparatus,operating,Information Technology,True,
ALIT,1809104,"Alight, Inc. / Delaware",NYSE,7389,"Services-Business Services, NEC",operating,Industrials,True,
AMSF,1018979,AMERISAFE INC,Nasdaq,6331,"Fire, Marine & Casualty Insurance",operating,Financials,True,
NMAI,1861115,Nuveen Multi-Asset Income Fund,NYSE,,,other,Unclassified,False,not an operating company
ETB,1308927,Eaton Vance Tax-Managed Buy-Write Income Fund,NYSE,,,other,Unclassified,False,not an operating company
CZNC,810958,CITIZENS & NORTHERN CORP,Nasdaq,6022,State Commercial Banks,operating,Financials,True,
SPRY,1671858,"ARS Pharmaceuticals, Inc.",Nasdaq,2834,Pharmaceutical Preparations,operating,Health Care,True,
LOCO,1606366,"El Pollo Loco Holdings, Inc.",Nasdaq,5812,Retail-Eating  Places,operating,Consumer Discretionary,True,
AGMB,2020932,AgomAb Therapeutics NV,Nasdaq,2836,"Biological Products, (No Diagnostic Substances)",other,Health Care,False,not an operating company
JKS,1481513,"JinkoSolar Holding Co., Ltd.",NYSE,3674,Semiconductors & Related Devices,other,Information Technology,False,not an operating company
GHXI,2086438,"Gores Holdings XI, Inc.",Nasdaq,6770,Blank Checks,operating,Financials,False,blank check (SPAC)
ASIX,1673985,AdvanSix Inc.,NYSE,2821,"Plastic Materials, Synth Resins & Nonvulcan Elastomers",operating,Materials,True,
NRC,70487,NRC HEALTH,Nasdaq,8731,Services-Commercial Physical & Biological Research,operating,Industrials,True,
PRTA,1559053,PROTHENA CORP PUBLIC LTD CO,Nasdaq,2834,Pharmaceutical Preparations,operating,Health Care,True,
KMDA,1567529,KAMADA LTD,Nasdaq,2834,Pharmaceutical Preparations,other,Health Care,False,not an operating company
DDL,1854545,Dingdong (Cayman) Ltd,NYSE,5961,Retail-Catalog & Mail-Order Houses,other,Consumer Discretionary,False,not an operating company
IPI,1421461,"Intrepid Potash, Inc.",NYSE,1400,Mining & Quarrying of  Nonmetallic Minerals (No Fuels),operating,Materials,True,
AMCX,1514991,AMC Global Media Inc.,Nasdaq,4841,Cable & Other Pay Television Services,operating,Communication Services,True,
EIM,1176984,Eaton Vance Municipal Bond Fund,NYSE,,,other,Unclassified,False,not an operating company
BGR,1306550,BlackRock Energy & Resources Trust,NYSE,,,other,Unclassified,False,not an operating company
SMC,2024218,Summit Midstream Corp,NYSE,4922,Natural Gas Transmission,operating,Utilities,True,
MCTA,2035992,Charming Medical Ltd,Nasdaq,8090,"Services-Misc Health & Allied Services, NEC",other,Health Care,False,not an operating company
FFA,1291334,FIRST TRUST ENHANCED EQUITY INCOME FUND,NYSE,,,other,Unclassified,False,not an operating company
KBON,2088749,Karbon Capital Partners Corp.,Nasdaq,6770,Blank Checks,operating,Financials,False,blank check (SPAC)
TECX,1681087,"Tectonic Therapeutic, Inc.",Nasdaq,2836,"Biological Products, (No Diagnostic Substances)",operating,Health Care,True,
GHY,1554697,"PGIM Global High Yield Fund, Inc.",NYSE,,,other,Unclassified,False,not an operating company
RZLT,1509261,"Rezolute, Inc.",Nasdaq,2834,Pharmaceutical Preparations,operating,Health Care,True,
IFN,917100,"ABERDEEN INDIA FUND, INC.",NYSE,,,other,Unclassified,False,not an operating company
VRRM,1682745,VERRA MOBILITY Corp,Nasdaq,4700,Transportation Services,operating,Industrials,True,
IEAG,2084396,Infinite Eagle Acquisition Corp.,Nasdaq,6770,Blank Checks,operating,Financials,False,blank check (SPAC)
SPCE,1706946,"Virgin Galactic Holdings, Inc",NYSE,4700,Transportation Services,operating,Industrials,True,
MBVI,2073928,M3-Brigade Acquisition VI Corp.,Nasdaq,6770,Blank Checks,operating,Financials,False,blank check (SPAC)
BMRC,1403475,Bank of Marin Bancorp,Nasdaq,6022,State Commercial Banks,operating,Financials,True,
VVR,1059386,Invesco Senior Income Trust,NYSE,,,other,Unclassified,False,not an operating company
RLGT,1171155,"RADIANT LOGISTICS, INC",NYSE,4731,Arrangement of  Transportation of  Freight & Cargo,operating,Industrials,True,
ASTL,1860805,Algoma Steel Group Inc.,Nasdaq,3312,"Steel Works, Blast Furnaces & Rolling Mills (Coke Ovens)",other,Materials,False,not an operating company
RBB,1499422,RBB Bancorp,Nasdaq,6022,State Commercial Banks,operating,Financials,True,
TRC,96869,TEJON RANCH CO,NYSE,6500,Real Estate,operating,Real Estate,True,
GNE,1528356,Genie Energy Ltd.,NYSE,4931,Electric & Other Services Combined,operating,Utilities,True,
ASPI,1921865,ASP Isotopes Inc.,Nasdaq,2890,Miscellaneous Chemical Products,operating,Materials,True,
IACO,2091176,Idea Acquisition Corp.,Nasdaq,6770,Blank Checks,operating,Financials,False,blank check (SPAC)
TWI,899751,TITAN INTERNATIONAL INC,NYSE,3312,"Steel Works, Blast Furnaces & Rolling Mills (Coke Ovens)",operating,Materials,True,
ATNI,879585,"ATN International, Inc.",Nasdaq,4813,Telephone Communications (No Radiotelephone),operating,Communication Services,True,
MESH,2081468,Meshflow Acquisition Corp,Nasdaq,6770,Blank Checks,operating,Financials,False,blank check (SPAC)
EVH,1628908,"Evolent Health, Inc.",NYSE,8741,Services-Management Services,operating,Industrials,True,
DBCA,2095161,D. Boral Acquisition I Corp.,Nasdaq,6770,Blank Checks,operating,Financials,False,blank check (SPAC)
MBUU,1590976,"MALIBU BOATS, INC.",Nasdaq,3730,Ship & Boat Building & Repairing,operating,Industrials,True,
FBYD,1937987,"Falcon's Beyond Global, Inc.",Nasdaq,7990,Services-Miscellaneous Amusement & Recreation,operating,Consumer Discretionary,True,
KRAQ,2082119,KRAKacquisition Corp,Nasdaq,6770,Blank Checks,operating,Financials,False,blank check (SPAC)
CBK,1981546,"Commercial Bancgroup, Inc.",Nasdaq,6022,State Commercial Banks,operating,Financials,True,
CBAN,711669,COLONY BANKCORP INC,NYSE,6022,State Commercial Banks,operating,Financials,True,
ENTX,1638097,Entera Bio Ltd.,Nasdaq,2836,"Biological Products, (No Diagnostic Substances)",operating,Health Care,True,
EDIT,1650664,"Editas Medicine, Inc.",Nasdaq,2836,"Biological Products, (No Diagnostic Substances)",operating,Health Care,True,
VCV,895531,Invesco California Value Municipal Income Trust,NYSE,,,other,Unclassified,False,not an operating company
PLBC,1168455,PLUMAS BANCORP,Nasdaq,6153,Short-Term Business Credit Institutions,operating,Financials,True,
HVT,216085,HAVERTY FURNITURE COMPANIES INC,NYSE,5712,Retail-Furniture Stores,operating,Consumer Discretionary,True,
NGS,1084991,NATURAL GAS SERVICES GROUP INC,NYSE,1389,"Oil & Gas Field Services, NEC",operating,Energy,True,
DMAC,1401040,DiaMedica Therapeutics Inc.,Nasdaq,2834,Pharmaceutical Preparations,operating,Health Care,True,
GLAD,1143513,GLADSTONE CAPITAL CORP,Nasdaq,,,operating,Unclassified,True,
PBFS,1769663,"Pioneer Bancorp, Inc./MD",Nasdaq,6036,"Savings Institutions, Not Federally Chartered",operating,Financials,True,
TATT,808439,TAT TECHNOLOGIES LTD,Nasdaq,3724,Aircraft Engines & Engine Parts,other,Industrials,False,not an operating company
ACTG,934549,ACACIA RESEARCH CORP,Nasdaq,6794,Patent Owners & Lessors,operating,Financials,True,
PRE,1876431,Prenetics Global Ltd,Nasdaq,2834,Pharmaceutical Preparations,other,Health Care,False,not an operating company
CDRO,1866782,"Codere Online Luxembourg, S.A.",Nasdaq,7990,Services-Miscellaneous Amusement & Recreation,other,Consumer Discretionary,False,not an operating company
VHI,59255,VALHI INC /DE/,NYSE,2810,Industrial Inorganic Chemicals,operating,Materials,True,
CAL,14707,CALERES INC,NYSE,3140,"Footwear, (No Rubber)",operating,Consumer Discretionary,True,
NPFD,1865389,Nuveen Variable Rate Preferred & Income Fund,NYSE,,,other,Unclassified,False,not an operating company
SGU,1002590,"STAR GROUP, L.P.",NYSE,5990,"Retail-Retail Stores, NEC",operating,Consumer Discretionary,True,
NPCE,1528287,NeuroPace Inc,Nasdaq,3841,Surgical & Medical Instruments & Apparatus,operating,Health Care,True,
XIII,2114229,Churchill Capital Corp XIII,Nasdaq,6770,Blank Checks,other,Financials,False,blank check (SPAC)
MNRO,876427,"MONRO, INC.",Nasdaq,7500,"Services-Automotive Repair, Services & Parking",operating,Industrials,True,
CTRN,1318484,Citi Trends Inc,Nasdaq,5600,Retail-Apparel & Accessory Stores,operating,Consumer Discretionary,True,
ALTI,1838615,"AlTi Global, Inc.",Nasdaq,6282,Investment Advice,operating,Financials,True,
KFII,2029976,K&F GROWTH ACQUISITION CORP. II,Nasdaq,6770,Blank Checks,operating,Financials,False,blank check (SPAC)
RWT,930236,REDWOOD TRUST INC,NYSE,6798,Real Estate Investment Trusts,operating,Real Estate,True,
MAGN,41719,Magnera Corp,NYSE,2621,Paper Mills,operating,Materials,True,
YDES,2011674,YD Bio Ltd,Nasdaq,8071,Services-Medical Laboratories,other,Health Care,False,not an operating company
NATH,69733,"NATHANS FAMOUS, INC.",Nasdaq,5812,Retail-Eating  Places,operating,Consumer Discretionary,True,
KIO,1515940,KKR Income Opportunities Fund,NYSE,,,other,Unclassified,False,not an operating company
AVIR,1593899,"Atea Pharmaceuticals, Inc.",Nasdaq,2834,Pharmaceutical Preparations,operating,Health Care,True,
BTQ,1821866,BTQ Technologies Corp.,Nasdaq,7370,"Services-Computer Programming, Data Processing, Etc.",other,Information Technology,False,not an operating company
ECC,1604174,Eagle Point Credit Co,NYSE,,,other,Unclassified,False,not an operating company
VALU,717720,VALUE LINE INC,Nasdaq,6282,Investment Advice,operating,Financials,True,
CTEV,1793229,Claritev Corp,NYSE,7389,"Services-Business Services, NEC",operating,Industrials,True,
NXG,1506488,NXG NextGen Infrastructure Income Fund,NYSE,,,other,Unclassified,False,not an operating company
FOSL,883569,"Fossil Group, Inc.",Nasdaq,3873,"Watches, Clocks, Clockwork Operated Devices/Parts",operating,Information Technology,True,
LAND,1495240,GLADSTONE LAND Corp,Nasdaq,6798,Real Estate Investment Trusts,operating,Real Estate,True,
ACCO,712034,ACCO BRANDS Corp,NYSE,2780,"Blankbooks, Looseleaf Binders & Bookbindg & Relatd Work",operating,Communication Services,True,
GLAS,1848731,Glass House Brands Inc.,NYSE,2833,Medicinal Chemicals & Botanical Products,other,Health Care,False,not an operating company
EIKN,1861123,"Eikon Therapeutics, Inc.",Nasdaq,2836,"Biological Products, (No Diagnostic Substances)",operating,Health Care,True,
USCB,1901637,"USCB FINANCIAL HOLDINGS, INC.",Nasdaq,6022,State Commercial Banks,operating,Financials,True,
IDR,1030192,"Idaho Strategic Resources, Inc.",NYSE,1040,Gold and Silver Ores,operating,Materials,True,
CLBR,2091024,Colombier Acquisition Corp. III,NYSE,6770,Blank Checks,operating,Financials,False,blank check (SPAC)
AVBC,2058758,"Avidia Bancorp, Inc.",NYSE,6036,"Savings Institutions, Not Federally Chartered",operating,Financials,True,
LSAK,1041514,LESAKA TECHNOLOGIES INC,Nasdaq,6099,"Functions Related To Depository Banking, NEC",operating,Financials,True,
SUJA,1934114,"SUJA LIFE, INC.",Nasdaq,2080,Beverages,operating,Consumer Staples,True,
RCEL,1762303,"AVITA Medical, Inc.",Nasdaq,3841,Surgical & Medical Instruments & Apparatus,operating,Health Care,True,
BNED,1634117,"Barnes & Noble Education, Inc.",NYSE,5940,Retail-Miscellaneous Shopping Goods Stores,operating,Consumer Discretionary,True,
NPAC,2048948,New Providence Acquisition Corp. III/Cayman,Nasdaq,6770,Blank Checks,operating,Financials,False,blank check (SPAC)
OSPR,2113481,Osprey Acquisition Corp. III,Nasdaq,6770,Blank Checks,operating,Financials,False,blank check (SPAC)
SRTA,1779128,"Strata Critical Medical, Inc.",Nasdaq,8000,Services-Health Services,operating,Health Care,True,
ADV,1776661,Advantage Solutions Inc.,Nasdaq,7389,"Services-Business Services, NEC",operating,Industrials,True,
URG,1375205,UR-ENERGY INC,NYSE,1040,Gold and Silver Ores,operating,Materials,True,
MEVO,2087361,M Evo Global Acquisition Corp II,Nasdaq,6770,Blank Checks,operating,Financials,False,blank check (SPAC)
STRZ,929351,STARZ ENTERTAINMENT CORP /CN/,Nasdaq,7812,Services-Motion Picture & Video Tape Production,operating,Communication Services,True,
ISTR,1602658,Investar Holding Corp,Nasdaq,6022,State Commercial Banks,operating,Financials,True,
MYGN,899923,MYRIAD GENETICS INC,Nasdaq,2835,In Vitro & In Vivo Diagnostic Substances,operating,Health Care,True,
SLI,1537137,STANDARD LITHIUM LTD.,NYSE,2800,Chemicals & Allied Products,other,Materials,False,not an operating company
SPIR,1816017,"Spire Global, Inc.",NYSE,4899,"Communications Services, NEC",operating,Communication Services,True,
VITL,1579733,"Vital Farms, Inc.",Nasdaq,2000,Food and Kindred Products,operating,Consumer Staples,True,
ALLT,1365767,Allot Ltd.,Nasdaq,3576,Computer Communications Equipment,other,Information Technology,False,not an operating company
FINS,1745059,Angel Oak Financial Strategies Income Term Trust,NYSE,,,other,Unclassified,False,not an operating company
FCBM,1531193,"First Carolina Financial Services, Inc.",NYSE,6022,State Commercial Banks,operating,Financials,True,
GCO,18498,GENESCO INC,NYSE,5661,Retail-Shoe Stores,operating,Consumer Discretionary,True,
TCI,733590,TRANSCONTINENTAL REALTY INVESTORS INC,NYSE,6798,Real Estate Investment Trusts,operating,Real Estate,True,
MRAM,1438423,EVERSPIN TECHNOLOGIES INC.,Nasdaq,3674,Semiconductors & Related Devices,operating,Information Technology,True,
CINT,1868995,CI&T Inc,NYSE,7371,Services-Computer Programming Services,other,Information Technology,False,not an operating company
EVGO,1821159,EVgo Inc.,Nasdaq,7500,"Services-Automotive Repair, Services & Parking",operating,Industrials,True,
TACO,2033122,Berto Acquisition Corp.,Nasdaq,6770,Blank Checks,operating,Financials,False,blank check (SPAC)
ZKP,2087447,Lafayette Digital Acquisition Corp. I,Nasdaq,6770,Blank Checks,operating,Financials,False,blank check (SPAC)
PCB,1423869,PCB BANCORP,Nasdaq,6022,State Commercial Banks,operating,Financials,True,
OPRT,1538716,Oportun Financial Corp,Nasdaq,6199,Finance Services,operating,Financials,True,
RDAG,2055459,Republic Digital Acquisition Co,Nasdaq,6770,Blank Checks,operating,Financials,False,blank check (SPAC)
WENN,2057043,WEN Acquisition Corp,Nasdaq,6770,Blank Checks,operating,Financials,False,blank check (SPAC)
CHMG,763563,CHEMUNG FINANCIAL CORP,Nasdaq,6022,State Commercial Banks,operating,Financials,True,
GUAC,2081515,Berto Acquisition Corp. II,Nasdaq,6770,Blank Checks,operating,Financials,False,blank check (SPAC)
PHOE,2035709,Phoenix Asia Holdings Ltd,Nasdaq,1700,Construction - Special Trade Contractors,other,Industrials,False,not an operating company
ORBS,1892492,Eightco Holdings Inc.,Nasdaq,6199,Finance Services,operating,Financials,True,
ZURA,1855644,Zura Bio Ltd,Nasdaq,2836,"Biological Products, (No Diagnostic Substances)",operating,Health Care,True,
MNTK,1826600,"Montauk Renewables, Inc.",Nasdaq,4932,Gas & Other Services Combined,operating,Utilities,True,
BRBI,2058601,BRBI BR Partners S.A.,Nasdaq,6199,Finance Services,other,Financials,False,not an operating company
CHCT,1631569,Community Healthcare Trust Inc,NYSE,6798,Real Estate Investment Trusts,operating,Real Estate,True,
ADUR,1863934,ADURO CLEAN TECHNOLOGIES INC.,Nasdaq,2800,Chemicals & Allied Products,other,Materials,False,not an operating company
CZFS,739421,CITIZENS FINANCIAL SERVICES INC,Nasdaq,6022,State Commercial Banks,operating,Financials,True,
BMBL,1830043,Bumble Inc.,Nasdaq,7370,"Services-Computer Programming, Data Processing, Etc.",operating,Information Technology,True,
PKBK,1315399,"PARKE BANCORP, INC.",Nasdaq,6022,State Commercial Banks,operating,Financials,True,
CYH,1108109,COMMUNITY HEALTH SYSTEMS INC,NYSE,8062,"Services-General Medical & Surgical Hospitals, NEC",operating,Health Care,True,
ISD,1534880,"PGIM High Yield Bond Fund, Inc.",NYSE,,,other,Unclassified,False,not an operating company
CPS,1320461,Cooper-Standard Holdings Inc.,NYSE,3714,Motor Vehicle Parts & Accessories,operating,Consumer Discretionary,True,
MEC,1766368,"Mayville Engineering Company, Inc.",NYSE,3460,Metal Forgings & Stampings,operating,Industrials,True,
DFP,1559991,Flaherty & Crumrine Dynamic Preferred & Income Fund Inc,NYSE,,,other,Unclassified,False,not an operating company
CCCT,2123471,Columbus Circle Capital Corp III,Nasdaq,6770,Blank Checks,operating,Financials,False,blank check (SPAC)
SERV,1832483,Serve Robotics Inc. /DE/,Nasdaq,3569,"General Industrial Machinery & Equipment, NEC",operating,Industrials,True,
SHIP,1448397,Seanergy Maritime Holdings Corp.,Nasdaq,4412,Deep Sea Foreign Transportation of  Freight,other,Industrials,False,not an operating company
OXM,75288,OXFORD INDUSTRIES INC,NYSE,2320,"Men's & Boys' Furnishgs, Work Clothg, & Allied Garments",operating,Consumer Discretionary,True,
RMNI,1635282,"Rimini Street, Inc.",Nasdaq,7389,"Services-Business Services, NEC",operating,Industrials,True,
KYTX,1994702,"Kyverna Therapeutics, Inc.",Nasdaq,2836,"Biological Products, (No Diagnostic Substances)",operating,Health Care,True,
FRST,1325670,Primis Financial Corp.,Nasdaq,6022,State Commercial Banks,operating,Financials,True,
XRX,1770450,Xerox Holdings Corp,Nasdaq,3577,"Computer Peripheral Equipment, NEC",operating,Information Technology,True,
KEYY,2102771,Keystone Acquisition Corp.,Nasdaq,6770,Blank Checks,operating,Financials,False,blank check (SPAC)
FRPH,844059,"FRP HOLDINGS, INC.",Nasdaq,6500,Real Estate,operating,Real Estate,True,
MVBF,1277902,MVB FINANCIAL CORP,Nasdaq,6022,State Commercial Banks,operating,Financials,True,
MCI,275694,BARINGS CORPORATE INVESTORS,NYSE,,,other,Unclassified,False,not an operating company
CARL,1794546,"CARLSMED, INC.",Nasdaq,3841,Surgical & Medical Instruments & Apparatus,operating,Health Care,True,
YICC,2130386,Yorkville International Capital Corp.,Nasdaq,6770,Blank Checks,operating,Financials,False,blank check (SPAC)
JRI,1539337,Nuveen Real Asset Income & Growth Fund,NYSE,,,other,Unclassified,False,not an operating company
NECB,1847398,"NorthEast Community Bancorp, Inc./MD/",Nasdaq,6036,"Savings Institutions, Not Federally Chartered",operating,Financials,True,
TWIN,100378,TWIN DISC INC,Nasdaq,3560,General Industrial Machinery & Equipment,operating,Industrials,True,
FNLC,765207,"First Bancorp, Inc /ME/",Nasdaq,6021,National Commercial Banks,operating,Financials,True,
CRNC,1768267,Cerence Inc.,Nasdaq,7372,Services-Prepackaged Software,operating,Information Technology,True,
NNBR,918541,NN INC,Nasdaq,3540,Metalworkg Machinery & Equipment,operating,Industrials,True,
AUNA,1799207,AUNA S.A.,NYSE,8011,Services-Offices & Clinics of  Doctors of  Medicine,other,Health Care,False,not an operating company
SOHU,1734107,Sohu.com Ltd,Nasdaq,7374,Services-Computer Processing & Data Preparation,other,Information Technology,False,not an operating company
ALOV,2083989,"Aldabra 4 Liquidity Opportunity Vehicle, Inc.",Nasdaq,6770,Blank Checks,operating,Financials,False,blank check (SPAC)
AEF,846676,"abrdn Emerging Markets ex-China Fund, Inc.",NYSE,,,other,Unclassified,False,not an operating company
HACQ,2089982,HCM IV Acquisition Corp.,Nasdaq,6770,Blank Checks,operating,Financials,False,blank check (SPAC)
IMXI,1683695,"International Money Express, Inc.",Nasdaq,7389,"Services-Business Services, NEC",operating,Industrials,True,
MZYX,2097376,MOZAYYX Acquisition Corp.,NYSE,6770,Blank Checks,operating,Financials,False,blank check (SPAC)
SI,1699350,"SHOULDER INNOVATIONS, INC.",NYSE,3841,Surgical & Medical Instruments & Apparatus,operating,Health Care,True,
HPS,1215913,JOHN HANCOCK PREFERRED INCOME FUND III,NYSE,,,other,Unclassified,False,not an operating company
CGC,1737927,Canopy Growth Corp,Nasdaq,2833,Medicinal Chemicals & Botanical Products,operating,Health Care,True,
SDHY,1812923,PGIM Short Duration High Yield Opportunities Fund,NYSE,,,other,Unclassified,False,not an operating company
KREF,1631596,KKR Real Estate Finance Trust Inc.,NYSE,6798,Real Estate Investment Trusts,operating,Real Estate,True,
DIN,49754,"Dine Brands Global, Inc.",NYSE,5812,Retail-Eating  Places,operating,Consumer Discretionary,True,
NWFL,1013272,NORWOOD FINANCIAL CORP,Nasdaq,6022,State Commercial Banks,operating,Financials,True,
FENC,1211583,FENNEC PHARMACEUTICALS INC.,Nasdaq,2836,"Biological Products, (No Diagnostic Substances)",operating,Health Care,True,
GTE,1273441,GRAN TIERRA ENERGY INC.,NYSE,1311,Crude Petroleum & Natural Gas,operating,Energy,True,
OPTU,1702780,"Optimum Communications, Inc.",NYSE,4841,Cable & Other Pay Television Services,operating,Communication Services,True,
GIW,2080019,GigCapital8 Corp.,Nasdaq,6770,Blank Checks,operating,Financials,False,blank check (SPAC)
FVAV,1850733,Fortress Value Acquisition Corp. V,Nasdaq,6770,Blank Checks,operating,Financials,False,blank check (SPAC)
WDH,1823986,Waterdrop Inc.,NYSE,6411,"Insurance Agents, Brokers & Service",other,Financials,False,not an operating company
FSTR,352825,FOSTER L B CO,Nasdaq,5051,Wholesale-Metals Service Centers & of fices,operating,Industrials,True,
IRD,1228627,"Opus Genetics, Inc.",Nasdaq,2834,Pharmaceutical Preparations,operating,Health Care,True,
SDHI,2034037,Siddhi Acquisition Corp (Cayman Islands),Nasdaq,6770,Blank Checks,operating,Financials,False,blank check (SPAC)
FDMM,2129659,Freedom Metals Acquisition Corp.,Nasdaq,6770,Blank Checks,operating,Financials,False,blank check (SPAC)
BOC,1494582,BOSTON OMAHA Corp,NYSE,6510,Real Estate Operators (No Developers) & Lessors,operating,Real Estate,True,
GALT,1133416,GALECTIN THERAPEUTICS INC,Nasdaq,2834,Pharmaceutical Preparations,operating,Health Care,True,
HPI,1176199,JOHN HANCOCK PREFERRED INCOME FUND,NYSE,,,other,Unclassified,False,not an operating company
FCRS,2074697,FutureCrest Acquisition Corp.,NYSE,6770,Blank Checks,operating,Financials,False,blank check (SPAC)
TRX,1173643,TRX GOLD Corp,NYSE,1040,Gold and Silver Ores,other,Materials,False,not an operating company
KPLT,1785424,"Katapult Holdings, Inc.",Nasdaq,7359,"Services-Equipment Rental & Leasing, NEC",operating,Industrials,True,
GIX,2098712,GigCapital9 Corp.,Nasdaq,6770,Blank Checks,operating,Financials,False,blank check (SPAC)
OIM,2088325,OneIM Acquisition Corp.,Nasdaq,6770,Blank Checks,operating,Financials,False,blank check (SPAC)
ORN,1402829,Orion Group Holdings Inc,NYSE,1600,Heavy Construction Other Than Bldg Const - Contractors,operating,Industrials,True,
EVN,1074540,Eaton Vance Municipal Income Trust,NYSE,,,other,Unclassified,False,not an operating company
ALUB,2041493,Alussa Energy Acquisition Corp. II,NYSE,6770,Blank Checks,operating,Financials,False,blank check (SPAC)
ARCT,1768224,Arcturus Therapeutics Holdings Inc.,Nasdaq,2834,Pharmaceutical Preparations,operating,Health Care,True,
TACH,2009183,Titan Acquisition Corp.,Nasdaq,6770,Blank Checks,operating,Financials,False,blank check (SPAC)
SFIX,1576942,"Stitch Fix, Inc.",Nasdaq,5961,Retail-Catalog & Mail-Order Houses,operating,Consumer Discretionary,True,
FNKO,1704711,"Funko, Inc.",Nasdaq,3944,"Games, Toys & Children's Vehicles (No Dolls & Bicycles)",operating,Consumer Discretionary,True,
HFRO,1710680,HIGHLAND OPPORTUNITIES & INCOME FUND,NYSE,,,investment,Unclassified,False,not an operating company
PERI,1338940,Perion Network Ltd.,Nasdaq,7371,Services-Computer Programming Services,other,Information Technology,False,not an operating company
OFIX,884624,Orthofix Medical Inc.,Nasdaq,3841,Surgical & Medical Instruments & Apparatus,operating,Health Care,True,
JILL,1687932,"J.Jill, Inc.",NYSE,2330,"Women's, Misses':  and Juniors Outerwear",operating,Consumer Discretionary,True,
RR,1963685,RICHTECH ROBOTICS INC.,Nasdaq,3569,"General Industrial Machinery & Equipment, NEC",operating,Industrials,True,
VMD,1729149,"VIEMED HEALTHCARE, INC.",Nasdaq,8090,"Services-Misc Health & Allied Services, NEC",operating,Health Care,True,
DSX,1318885,DIANA SHIPPING INC.,NYSE,4412,Deep Sea Foreign Transportation of  Freight,other,Industrials,False,not an operating company
KNOP,1564180,KNOT Offshore Partners LP,NYSE,4400,Water Transportation,other,Industrials,False,not an operating company
KCHV,2053799,Kochav Defense Acquisition Corp.,Nasdaq,6770,Blank Checks,operating,Financials,False,blank check (SPAC)
RNGR,1699039,"Ranger Energy Services, Inc.",NYSE,1389,"Oil & Gas Field Services, NEC",operating,Energy,True,
ACAA,2096900,Averin Capital Acquisition Corp.,Nasdaq,6770,Blank Checks,operating,Financials,False,blank check (SPAC)
CCII,2064683,Cohen Circle Acquisition Corp. II,Nasdaq,6770,Blank Checks,operating,Financials,False,blank check (SPAC)
SCTX,1853921,"Scribe Therapeutics, Inc.",Nasdaq,2836,"Biological Products, (No Diagnostic Substances)",operating,Health Care,True,
NREF,1786248,"NexPoint Real Estate Finance, Inc.",NYSE,6798,Real Estate Investment Trusts,operating,Real Estate,True,
SOUL,2025608,Soulpower Acquisition Corp.,NYSE,6770,Blank Checks,operating,Financials,False,blank check (SPAC)
ENTA,1177648,ENANTA PHARMACEUTICALS INC,Nasdaq,2834,Pharmaceutical Preparations,operating,Health Care,True,
AMAC,2110119,AMR Resources Acquisition Corp.,Nasdaq,6770,Blank Checks,operating,Financials,False,blank check (SPAC)
HCIC,2099093,Hennessy Capital Investment Corp. VIII,Nasdaq,6770,Blank Checks,operating,Financials,False,blank check (SPAC)
IMSR,2019804,Terrestrial Energy Inc. /DE/,Nasdaq,3443,Fabricated Plate Work (Boiler Shops),operating,Industrials,True,
TSBK,1046050,TIMBERLAND BANCORP INC,Nasdaq,6036,"Savings Institutions, Not Federally Chartered",operating,Financials,True,
VOXR,1907909,VOX ROYALTY CORP.,Nasdaq,1040,Gold and Silver Ores,other,Materials,False,not an operating company
ARCI,2083910,Archimedes Tech SPAC Partners III Co.,Nasdaq,6770,Blank Checks,operating,Financials,False,blank check (SPAC)
EAD,1210123,ALLSPRING INCOME OPPORTUNITIES FUND,NYSE,,,investment,Unclassified,False,not an operating company
CCCC,1662579,"C4 Therapeutics, Inc.",Nasdaq,2836,"Biological Products, (No Diagnostic Substances)",operating,Health Care,True,
FLXS,37472,FLEXSTEEL INDUSTRIES INC,Nasdaq,2510,Household Furniture,operating,Consumer Discretionary,True,
CV,1378325,"CapsoVision, Inc",Nasdaq,3845,Electromedical & Electrotherapeutic Apparatus,operating,Health Care,True,
OYSE,2042182,Oyster Enterprises II Acquisition Corp,Nasdaq,6770,Blank Checks,operating,Financials,False,blank check (SPAC)
NKLR,2067627,Terra Innovatum Global N.V.,Nasdaq,3443,Fabricated Plate Work (Boiler Shops),operating,Industrials,True,
REI,1384195,"RING ENERGY, INC.",NYSE,1311,Crude Petroleum & Natural Gas,operating,Energy,True,
BDCI,2042292,BTC Development Corp.,Nasdaq,6770,Blank Checks,operating,Financials,False,blank check (SPAC)
SBXE,2081909,SilverBox Corp V,NYSE,6770,Blank Checks,operating,Financials,False,blank check (SPAC)
BLZR,2075310,Trailblazer Acquisition Corp.,Nasdaq,6770,Blank Checks,operating,Financials,False,blank check (SPAC)
NMG,1649752,Nouveau Monde Graphite Inc.,NYSE,1090,Miscellaneous Metal Ores,other,Materials,False,not an operating company
TREE,1434621,"LendingTree, Inc.",Nasdaq,6163,Loan Brokers,operating,Financials,True,
SHOE,895447,SHOE STATION GROUP INC,Nasdaq,5661,Retail-Shoe Stores,operating,Consumer Discretionary,True,
TTRX,2023016,Turn Therapeutics Inc.,Nasdaq,2834,Pharmaceutical Preparations,operating,Health Care,True,
GLOO,2069785,"Gloo Holdings, Inc.",Nasdaq,7374,Services-Computer Processing & Data Preparation,operating,Information Technology,True,
OBIO,1814114,"Orchestra BioMed Holdings, Inc.",Nasdaq,3841,Surgical & Medical Instruments & Apparatus,operating,Health Care,True,
WSBF,1569994,"Waterstone Financial, Inc.",Nasdaq,6035,"Savings Institution, Federally Chartered",operating,Financials,True,
BRBS,842717,"BLUE RIDGE BANKSHARES, INC.",NYSE,6022,State Commercial Banks,operating,Financials,True,
EBS,1367644,Emergent BioSolutions Inc.,NYSE,2834,Pharmaceutical Preparations,operating,Health Care,True,
SORN,2086263,Soren Acquisition Corp.,Nasdaq,6770,Blank Checks,operating,Financials,False,blank check (SPAC)
AIOT,1774170,"Powerfleet, Inc.",Nasdaq,3669,"Communications Equipment, NEC",operating,Information Technology,True,
HCMA,2069856,HCM III ACQUISITION CORP.,Nasdaq,6770,Blank Checks,operating,Financials,False,blank check (SPAC)
FSBW,1530249,"FS Bancorp, Inc.",Nasdaq,6036,"Savings Institutions, Not Federally Chartered",operating,Financials,True,
TLNC,2073340,Talon Capital Corp.,Nasdaq,6770,Blank Checks,operating,Financials,False,blank check (SPAC)
JONE,2129056,Jones Ventures INTL Acquisition1 Corp,Nasdaq,6770,Blank Checks,operating,Financials,False,blank check (SPAC)
ARTNA,863110,ARTESIAN RESOURCES CORP,Nasdaq,4941,Water Supply,operating,Utilities,True,
ERII,1421517,"Energy Recovery, Inc.",Nasdaq,3559,"Special Industry Machinery, NEC",operating,Industrials,True,
GASS,1328919,StealthGas Inc.,Nasdaq,4412,Deep Sea Foreign Transportation of  Freight,other,Industrials,False,not an operating company
AVBH,1443575,"Avidbank Holdings, Inc.",Nasdaq,6022,State Commercial Banks,operating,Financials,True,
FOF,1375340,"Cohen & Steers Closed-End Opportunity Fund, Inc.",NYSE,,,other,Unclassified,False,not an operating company
GBLI,1494904,"Global Indemnity Group, LLC",Nasdaq,6331,"Fire, Marine & Casualty Insurance",operating,Financials,True,
HTT,1692705,High Templar Tech Ltd,NYSE,6199,Finance Services,other,Financials,False,not an operating company
DSAC,2082149,Daedalus Special Acquisition Corp.,Nasdaq,6770,Blank Checks,operating,Financials,False,blank check (SPAC)
IA,836690,INNOVATIVE SOLUTIONS & SUPPORT INC,Nasdaq,7371,Services-Computer Programming Services,operating,Information Technology,True,
GBAB,1495825,Guggenheim Taxable Municipal Bond & Investment Grade Debt Trust,NYSE,,,other,Unclassified,False,not an operating company
RCKY,895456,"ROCKY BRANDS, INC.",Nasdaq,3140,"Footwear, (No Rubber)",operating,Consumer Discretionary,True,
PFL,1244183,PIMCO INCOME STRATEGY FUND,NYSE,,,other,Unclassified,False,not an operating company
AACI,2092897,Armada Acquisition Corp. III,Nasdaq,6770,Blank Checks,operating,Financials,False,blank check (SPAC)
RLMD,1553643,"RELMADA THERAPEUTICS, INC.",Nasdaq,2834,Pharmaceutical Preparations,operating,Health Care,True,
CION,1534254,CION Investment Corp,NYSE,,,operating,Unclassified,True,
PUSA,2009312,Powerus Corp,Nasdaq,7997,Services-Membership Sports & Recreation Clubs,operating,Consumer Discretionary,True,
API,1802883,"Agora, Inc.",Nasdaq,7372,Services-Prepackaged Software,other,Information Technology,False,not an operating company
CGCF,2126043,Cartesian Growth Corp IV,Nasdaq,6770,Blank Checks,operating,Financials,False,blank check (SPAC)
AFRI,1903870,Forafric Global PLC,Nasdaq,2040,Grain Mill Products,other,Consumer Staples,False,not an operating company
PINE,1786117,"Alpine Income Property Trust, Inc.",NYSE,6798,Real Estate Investment Trusts,operating,Real Estate,True,
AGEN,1098972,AGENUS INC,Nasdaq,2836,"Biological Products, (No Diagnostic Substances)",operating,Health Care,True,
LEO,818972,"BNY MELLON STRATEGIC MUNICIPALS, INC.",NYSE,,,other,Unclassified,False,not an operating company
CAII,2115404,Collective Acquisition Corp. II,Nasdaq,6770,Blank Checks,operating,Financials,False,blank check (SPAC)
OPI,1456772,OFFICE PROPERTIES INCOME TRUST,Nasdaq,6500,Real Estate,operating,Real Estate,True,
KDK,1853138,"Kodiak AI, Inc.",Nasdaq,7373,Services-Computer Integrated Systems Design,operating,Information Technology,True,
TCPC,1370755,BlackRock TCP Capital Corp.,Nasdaq,,,operating,Unclassified,True,
GEVO,1392380,"Gevo, Inc.",Nasdaq,2860,Industrial Organic Chemicals,operating,Materials,True,
IPFX,2102041,Inflection Point Acquisition Corp. VI,Nasdaq,6770,Blank Checks,operating,Financials,False,blank check (SPAC)
BCML,1730984,BayCom Corp,Nasdaq,6022,State Commercial Banks,operating,Financials,True,
QNC,2106613,Quantum eMotion Corp,NYSE,7372,Services-Prepackaged Software,other,Information Technology,False,not an operating company
RPAY,1720592,Repay Holdings Corp,Nasdaq,7389,"Services-Business Services, NEC",operating,Industrials,True,
SVIA,2076163,"Silvia, Inc.",Nasdaq,6199,Finance Services,operating,Financials,True,
PTOR,2093912,Praetorian Acquisition Corp.,Nasdaq,6770,Blank Checks,operating,Financials,False,blank check (SPAC)
SCD,1270131,LMP CAPITAL & INCOME FUND INC.,NYSE,,,other,Unclassified,False,not an operating company
CCAP,1633336,"Crescent Capital BDC, Inc.",Nasdaq,,,operating,Unclassified,True,
ARTV,1817241,"Artiva Biotherapeutics, Inc.",Nasdaq,2836,"Biological Products, (No Diagnostic Substances)",operating,Health Care,True,
OCGN,1372299,"Ocugen, Inc.",Nasdaq,2836,"Biological Products, (No Diagnostic Substances)",operating,Health Care,True,
OTLY,1843586,Oatly Group AB,Nasdaq,2000,Food and Kindred Products,other,Consumer Staples,False,not an operating company
BLUW,2050501,Blue Water Acquisition Corp. III,Nasdaq,6770,Blank Checks,operating,Financials,False,blank check (SPAC)
CLNE,1368265,Clean Energy Fuels Corp.,Nasdaq,4932,Gas & Other Services Combined,operating,Utilities,True,
VKI,908993,Invesco Advantage Municipal Income Trust II,NYSE,,,other,Unclassified,False,not an operating company
BEAG,1852207,Bold Eagle Acquisition Corp.,Nasdaq,6770,Blank Checks,operating,Financials,False,blank check (SPAC)
SPXX,1338561,Nuveen S&P 500 Dynamic Overwrite Fund,NYSE,,,other,Unclassified,False,not an operating company
PNRG,56868,PRIMEENERGY RESOURCES CORP,Nasdaq,1311,Crude Petroleum & Natural Gas,operating,Energy,True,
ZKH,1862044,ZKH Group Ltd,NYSE,5200,"Retail-Building Materials, Hardware, Garden Supply",other,Consumer Discretionary,False,not an operating company
CFFI,913341,C & F FINANCIAL CORP,Nasdaq,6022,State Commercial Banks,operating,Financials,True,
SRZN,1824893,"Surrozen, Inc./DE",Nasdaq,2836,"Biological Products, (No Diagnostic Substances)",operating,Health Care,True,
PACK,1712463,Ranpak Holdings Corp.,NYSE,2670,Converted Paper & Paperboard Prods (No Contaners/Boxes),operating,Materials,True,
RREV,2123969,RRE Ventures Acquisition Corp.,Nasdaq,6770,Blank Checks,operating,Financials,False,blank check (SPAC)
RFAI,2012807,RF Acquisition Corp II,Nasdaq,6770,Blank Checks,operating,Financials,False,blank check (SPAC)
FERA,2025401,Fifth Era Acquisition Corp I,Nasdaq,6770,Blank Checks,operating,Financials,False,blank check (SPAC)
FDBC,1098151,FIDELITY D & D BANCORP INC,Nasdaq,6021,National Commercial Banks,operating,Financials,True,
EMBC,1872789,Embecta Corp.,Nasdaq,3841,Surgical & Medical Instruments & Apparatus,operating,Health Care,True,
PCAP,2056634,ProCap Acquisition Corp,Nasdaq,6770,Blank Checks,operating,Financials,False,blank check (SPAC)
PPHC,1903508,"Public Policy Holding Company, Inc.",Nasdaq,8742,Services-Management Consulting Services,operating,Industrials,True,
OPTX,1866816,"SYNTEC OPTICS HOLDINGS, INC.",Nasdaq,3827,Optical Instruments & Lenses,operating,Information Technology,True,
TLS,320121,TELOS CORP,Nasdaq,7373,Services-Computer Integrated Systems Design,operating,Information Technology,True,
DRDB,2032528,Roman DBDR Acquisition Corp. II,Nasdaq,6770,Blank Checks,operating,Financials,False,blank check (SPAC)
SZZL,2030663,Sizzle Acquisition Corp. II,Nasdaq,6770,Blank Checks,operating,Financials,False,blank check (SPAC)
EMF,809708,TEMPLETON EMERGING MARKETS FUND,NYSE,,,other,Unclassified,False,not an operating company
PACH,2040381,Pioneer Acquisition I Corp,Nasdaq,6770,Blank Checks,operating,Financials,False,blank check (SPAC)
OBA,2034313,Oxley Bridge Acquisition Ltd,Nasdaq,6770,Blank Checks,operating,Financials,False,blank check (SPAC)
CVEO,1590584,Civeo Corp,NYSE,7000,"Hotels, Rooming Houses, Camps & Other Lodging Places",operating,Consumer Discretionary,True,
NNDM,1643303,Nano Dimension Ltd.,Nasdaq,3672,Printed Circuit Boards,operating,Information Technology,True,
ECX,1861974,ECARX Holdings Inc.,Nasdaq,7373,Services-Computer Integrated Systems Design,other,Information Technology,False,not an operating company
CRAQ,2058359,Cal Redwood Acquisition Corp.,Nasdaq,6770,Blank Checks,operating,Financials,False,blank check (SPAC)
OEC,1609804,Orion S.A.,NYSE,2890,Miscellaneous Chemical Products,operating,Materials,True,
CEPV,2034266,"Cantor Equity Partners V, Inc.",Nasdaq,6770,Blank Checks,operating,Financials,False,blank check (SPAC)
MIY,890393,"BLACKROCK MUNIYIELD MICHIGAN QUALITY FUND, INC.",NYSE,,,other,Unclassified,False,not an operating company
TWFG,2007596,"TWFG, Inc.",Nasdaq,6411,"Insurance Agents, Brokers & Service",operating,Financials,True,
FXHO,1789299,UTime Ltd,Nasdaq,3600,Electronic & Other Electrical Equipment (No Computer Equip),other,Industrials,False,not an operating company
RTAC,2035173,Renatus Tactical Acquisition Corp I,Nasdaq,6770,Blank Checks,operating,Financials,False,blank check (SPAC)
VFF,1584549,"Village Farms International, Inc.",Nasdaq,0100,Agricultural Production-Crops,operating,Consumer Staples,True,
JMSB,1710482,"John Marshall Bancorp, Inc.",Nasdaq,6022,State Commercial Banks,operating,Financials,True,
CABA,1759138,"Cabaletta Bio, Inc.",Nasdaq,2836,"Biological Products, (No Diagnostic Substances)",operating,Health Care,True,
EVOX,2077954,Evolution Global Acquisition Corp,Nasdaq,6770,Blank Checks,operating,Financials,False,blank check (SPAC)
KOYN,2068454,"CSLM Digital Asset Acquisition Corp III, Ltd",Nasdaq,6770,Blank Checks,operating,Financials,False,blank check (SPAC)
JGH,1615905,Nuveen Global High Income Fund,NYSE,,,other,Unclassified,False,not an operating company
ALDF,2031561,Aldel Financial II Inc.,Nasdaq,6770,Blank Checks,operating,Financials,False,blank check (SPAC)
GRRR,1903145,Gorilla Technology Group Inc.,Nasdaq,7372,Services-Prepackaged Software,other,Information Technology,False,not an operating company
ASG,786035,LIBERTY ALL STAR GROWTH FUND INC.,NYSE,,,other,Unclassified,False,not an operating company
SMTI,714256,Sanara MedTech Inc.,Nasdaq,3842,"Orthopedic, Prosthetic & Surgical Appliances & Supplies",operating,Health Care,True,
PMTR,2061473,Perimeter Acquisition Corp. I,Nasdaq,6770,Blank Checks,operating,Financials,False,blank check (SPAC)
COSO,1297107,"CoastalSouth Bancshares, Inc.",NYSE,6022,State Commercial Banks,operating,Financials,True,
NAN,1074769,NUVEEN NEW YORK QUALITY MUNICIPAL INCOME FUND,NYSE,,,other,Unclassified,False,not an operating company
SILC,916793,SILICOM LTD.,Nasdaq,3576,Computer Communications Equipment,other,Information Technology,False,not an operating company
IACQ,2122505,Irenic Acquisition Corp.,Nasdaq,6770,Blank Checks,operating,Financials,False,blank check (SPAC)
LWAY,814586,"Lifeway Foods, Inc.",Nasdaq,2020,Dairy Products,operating,Consumer Staples,True,
BBW,1113809,BUILD-A-BEAR WORKSHOP INC,NYSE,5945,"Retail-Hobby, Toy & Game Shops",operating,Consumer Discretionary,True,
DGXX,1854368,Digi Power X Inc.,Nasdaq,6199,Finance Services,operating,Financials,True,
ZIP,1617553,"ZIPRECRUITER, INC.",NYSE,7370,"Services-Computer Programming, Data Processing, Etc.",operating,Information Technology,True,
JACS,2039058,Jackson Acquisition Co II,NYSE,6770,Blank Checks,operating,Financials,False,blank check (SPAC)
RNGT,2078653,Range Capital Acquisition Corp II,Nasdaq,6770,Blank Checks,operating,Financials,False,blank check (SPAC)
CAES,2087965,"Cantor Equity Partners VII, Inc.",Nasdaq,6770,Blank Checks,operating,Financials,False,blank check (SPAC)
CLPT,1285550,"ClearPoint Neuro, Inc.",Nasdaq,3841,Surgical & Medical Instruments & Apparatus,operating,Health Care,True,
NEWT,1587987,"NewtekOne, Inc.",Nasdaq,6021,National Commercial Banks,operating,Financials,True,
LTRX,1114925,LANTRONIX INC,Nasdaq,3576,Computer Communications Equipment,operating,Information Technology,True,
MPTI,1902314,"M-tron Industries, Inc.",NYSE,3679,"Electronic Components, NEC",operating,Information Technology,True,
CBNA,1392272,CHAIN BRIDGE BANCORP INC,NYSE,6021,National Commercial Banks,operating,Financials,True,
TVA,2033991,Texas Ventures Acquisition III Corp,Nasdaq,6770,Blank Checks,operating,Financials,False,blank check (SPAC)
RBBN,1708055,Ribbon Communications Inc.,Nasdaq,7373,Services-Computer Integrated Systems Design,operating,Information Technology,True,
JAKK,1009829,JAKKS PACIFIC INC,Nasdaq,3944,"Games, Toys & Children's Vehicles (No Dolls & Bicycles)",operating,Consumer Discretionary,True,
NOA,1368519,North American Construction Group Ltd.,NYSE,1389,"Oil & Gas Field Services, NEC",other,Energy,False,not an operating company
SAC,2082844,Safeguard Acquisition Corp.,NYSE,6770,Blank Checks,operating,Financials,False,blank check (SPAC)
ATII,2028516,Archimedes Tech SPAC Partners II Co.,Nasdaq,6770,Blank Checks,operating,Financials,False,blank check (SPAC)
AEAQ,2083689,Activate Energy Acquisition Corp.,Nasdaq,6770,Blank Checks,operating,Financials,False,blank check (SPAC)
SAAQ,2091222,Space Asset Acquisition Corp.,Nasdaq,6770,Blank Checks,operating,Financials,False,blank check (SPAC)
IPXG,2088805,Inflection Point Acquisition Corp. VII,Nasdaq,7373,Services-Computer Integrated Systems Design,operating,Information Technology,True,
ARQQ,1859690,Arqit Quantum Inc.,Nasdaq,7372,Services-Prepackaged Software,other,Information Technology,False,not an operating company
FIP,1899883,FTAI Infrastructure Inc.,Nasdaq,4011,"Railroads, Line-Haul Operating",operating,Industrials,True,
FVCB,1675644,"FVCBankcorp, Inc.",Nasdaq,6022,State Commercial Banks,operating,Financials,True,
RIV,1501072,"RIVERNORTH OPPORTUNITIES FUND, INC.",NYSE,,,other,Unclassified,False,not an operating company
KTF,839533,DWS MUNICIPAL INCOME TRUST,NYSE,,,investment,Unclassified,False,not an operating company
HIX,1058239,WESTERN ASSET HIGH INCOME FUND II INC.,NYSE,,,other,Unclassified,False,not an operating company
AACO,2099906,Abony Acquisition Corp. I,Nasdaq,6770,Blank Checks,operating,Financials,False,blank check (SPAC)
ELA,701719,Envela Corp,NYSE,5944,Retail-Jewelry Stores,operating,Consumer Discretionary,True,
INDP,1857044,"Indaptus Therapeutics, Inc.",Nasdaq,2834,Pharmaceutical Preparations,operating,Health Care,True,
CLW,1441236,Clearwater Paper Corp,NYSE,2631,Paperboard Mills,operating,Materials,True,
LEGO,2087450,Legato Merger Corp. IV,NYSE,6770,Blank Checks,operating,Financials,False,blank check (SPAC)
ILLU,2101135,Illumination Acquisition Corp. I,Nasdaq,6770,Blank Checks,operating,Financials,False,blank check (SPAC)
MTAL,2107724,Metals Acquisition Corp. II,NYSE,6770,Blank Checks,operating,Financials,False,blank check (SPAC)
TJGC,1969928,TJGC GROUP Ltd,Nasdaq,7311,Services-Advertising Agencies,other,Industrials,False,not an operating company
CAQ,2100125,Cambridge Acquisition Corp.,Nasdaq,6770,Blank Checks,operating,Financials,False,blank check (SPAC)
LWAC,2061379,LightWave Acquisition Corp.,Nasdaq,6770,Blank Checks,operating,Financials,False,blank check (SPAC)
PRLD,1678660,Prelude Therapeutics Inc,Nasdaq,2834,Pharmaceutical Preparations,operating,Health Care,True,
RAC,2047497,Rithm Acquisition Corp.,NYSE,6770,Blank Checks,operating,Financials,False,blank check (SPAC)
EGHT,1023731,8X8 INC /DE/,Nasdaq,7374,Services-Computer Processing & Data Preparation,operating,Information Technology,True,
LPBB,2023676,Launch Two Acquisition Corp.,Nasdaq,3443,Fabricated Plate Work (Boiler Shops),operating,Industrials,True,
BKKT,1820302,"Bakkt, Inc.",NYSE,6199,Finance Services,operating,Financials,True,
RM,1519401,Regional Management Corp.,NYSE,6141,Personal Credit Institutions,operating,Financials,True,
SVIV,2098242,Spring Valley Acquisition Corp. IV,Nasdaq,6770,Blank Checks,operating,Financials,False,blank check (SPAC)
MOVE,1734750,"Corvex, Inc.",Nasdaq,7374,Services-Computer Processing & Data Preparation,operating,Information Technology,True,
VHCP,2086264,Vine Hill Capital Investment Corp. II,Nasdaq,6770,Blank Checks,operating,Financials,False,blank check (SPAC)
CURR,1862935,Currenc Group Inc.,Nasdaq,7389,"Services-Business Services, NEC",operating,Industrials,True,
ITHA,2080985,ITHAX Acquisition Corp III,Nasdaq,6770,Blank Checks,operating,Financials,False,blank check (SPAC)
BNTC,1808898,Benitec Biopharma Inc.,Nasdaq,2834,Pharmaceutical Preparations,operating,Health Care,True,
EH,1759783,EHang Holdings Ltd,Nasdaq,3728,"Aircraft Parts & Auxiliary Equipment, NEC",other,Industrials,False,not an operating company
TMTS,2097364,Spartacus Acquisition Corp. II,Nasdaq,6770,Blank Checks,operating,Financials,False,blank check (SPAC)
LE,799288,"LANDS' END, INC.",Nasdaq,5651,Retail-Family Clothing Stores,operating,Consumer Discretionary,True,
FVRR,1762301,Fiverr International Ltd.,NYSE,7389,"Services-Business Services, NEC",other,Industrials,False,not an operating company
AWP,1390195,abrdn Global Premier Properties Fund,NYSE,,,other,Unclassified,False,not an operating company
BKT,832327,"BLACKROCK INCOME TRUST, INC.",NYSE,0000,,other,Unclassified,False,not an operating company
BGT,1287480,BLACKROCK FLOATING RATE INCOME TRUST,NYSE,,,other,Unclassified,False,not an operating company
FRD,39092,FRIEDMAN INDUSTRIES INC,Nasdaq,3310,"Steel Works, Blast Furnaces & Rolling & Finishing Mills",operating,Materials,True,
FCCO,932781,FIRST COMMUNITY CORP /SC/,Nasdaq,6022,State Commercial Banks,operating,Financials,True,
XNET,1510593,Xunlei Ltd,Nasdaq,7372,Services-Prepackaged Software,other,Information Technology,False,not an operating company
GOGO,1537054,Gogo Inc.,Nasdaq,4899,"Communications Services, NEC",operating,Communication Services,True,
TDUP,1484778,ThredUp Inc.,Nasdaq,5961,Retail-Catalog & Mail-Order Houses,operating,Consumer Discretionary,True,
ZTR,836412,Virtus Total Return Fund Inc.,NYSE,,,other,Unclassified,False,not an operating company
USDE,2080215,StableCoinX Inc.,Nasdaq,6199,Finance Services,operating,Financials,True,
HRZN,1487428,Horizon Technology Finance Corp,Nasdaq,,,operating,Unclassified,True,
IHRT,1400891,"iHeartMedia, Inc.",Nasdaq,4832,Radio Broadcasting Stations,operating,Communication Services,True,
NODK,1681206,"NI Holdings, Inc.",Nasdaq,6331,"Fire, Marine & Casualty Insurance",operating,Financials,True,
SNDL,1766600,SNDL Inc.,Nasdaq,2833,Medicinal Chemicals & Botanical Products,other,Health Care,False,not an operating company
BIXI,2082542,Bitcoin Infrastructure Acquisition Corp Ltd,Nasdaq,6770,Blank Checks,operating,Financials,False,blank check (SPAC)
EFR,1258623,Eaton Vance Senior Floating-Rate Trust,NYSE,,,other,Unclassified,False,not an operating company
BRW,826020,Saba Capital Income & Opportunities Fund,NYSE,,,other,Unclassified,False,not an operating company
LVWR,1898795,"LiveWire Group, Inc.",NYSE,3751,"Motorcycles, Bicycles & Parts",operating,Industrials,True,
CATX,728387,"Perspective Therapeutics, Inc.",NYSE,2834,Pharmaceutical Preparations,operating,Health Care,True,
OTGA,2077010,OTG Acquisition Corp. I,Nasdaq,6770,Blank Checks,operating,Financials,False,blank check (SPAC)
CDZI,727273,CADIZ INC,Nasdaq,4941,Water Supply,operating,Utilities,True,
GSRV,2111762,GSR V Acquisition Corp.,Nasdaq,6770,Blank Checks,operating,Financials,False,blank check (SPAC)
HVMC,2070602,Highview Merger Corp.,Nasdaq,6770,Blank Checks,operating,Financials,False,blank check (SPAC)
JENA,2060337,JENA ACQUISITION Corp II,NYSE,6770,Blank Checks,operating,Financials,False,blank check (SPAC)
GSRF,2072404,GSR IV Acquisition Corp.,Nasdaq,6770,Blank Checks,operating,Financials,False,blank check (SPAC)
RMR,1644378,RMR GROUP INC.,Nasdaq,8742,Services-Management Consulting Services,operating,Industrials,True,
QLEP,2102155,Quantum Leap Acquisition Corp,NYSE,6770,Blank Checks,operating,Financials,False,blank check (SPAC)
TRVG,1683825,trivago N.V.,Nasdaq,7374,Services-Computer Processing & Data Preparation,other,Information Technology,False,not an operating company
FTW,2083125,PRESIDIO PRODUCTION Co,NYSE,1311,Crude Petroleum & Natural Gas,operating,Energy,True,
ELLO,946394,Ellomay Capital Ltd.,NYSE,4911,Electric Services,other,Utilities,False,not an operating company
PESI,891532,PERMA FIX ENVIRONMENTAL SERVICES INC,Nasdaq,4955,Hazardous Waste Management,operating,Utilities,True,
OPAL,1842279,OPAL Fuels Inc.,Nasdaq,4932,Gas & Other Services Combined,operating,Utilities,True,
MLP,63330,MAUI LAND & PINEAPPLE CO INC,NYSE,6500,Real Estate,operating,Real Estate,True,
MTRX,866273,MATRIX SERVICE CO,Nasdaq,1700,Construction - Special Trade Contractors,operating,Industrials,True,
SVAQ,2085659,Silicon Valley Acquisition Corp.,Nasdaq,7372,Services-Prepackaged Software,operating,Information Technology,True,
PSBD,1794776,Palmer Square Capital BDC Inc.,NYSE,,,operating,Unclassified,True,
RCMT,700841,"RCM TECHNOLOGIES, INC.",Nasdaq,7363,Services-Help Supply Services,operating,Industrials,True,
GPAC,2085408,General Purpose Acquisition Corp.,Nasdaq,6770,Blank Checks,operating,Financials,False,blank check (SPAC)
DBI,1319947,Designer Brands Inc.,NYSE,5661,Retail-Shoe Stores,operating,Consumer Discretionary,True,
MGPI,835011,MGP INGREDIENTS INC,Nasdaq,5180,"Wholesale-Beer, Wine & Distilled Alcoholic Beverages",operating,Industrials,True,
CYPH,1509745,CYPHERPUNK TECHNOLOGIES INC.,Nasdaq,2834,Pharmaceutical Preparations,operating,Health Care,True,
HCAC,2079013,Hall Chadwick Acquisition Corp,Nasdaq,3341,Secondary Smelting & Refining of  Nonferrous Metals,operating,Materials,True,
GMTL,2039972,Guardian Metal Resources PLC,NYSE,1000,Metal Mining,other,Materials,False,not an operating company
PSFE,1833835,Paysafe Ltd,NYSE,7389,"Services-Business Services, NEC",other,Industrials,False,not an operating company
TTGT,2018064,"TechTarget, Inc.",Nasdaq,4822,Telegraph & Other Message Communications,operating,Communication Services,True,
BPRN,1913971,"Princeton Bancorp, Inc.",Nasdaq,6022,State Commercial Banks,operating,Financials,True,
IRHO,2051985,Iron Horse Acquisition II Corp.,Nasdaq,7389,"Services-Business Services, NEC",operating,Industrials,True,
RELL,355948,"RICHARDSON ELECTRONICS, LTD.",Nasdaq,5065,"Wholesale-Electronic Parts & Equipment, NEC",operating,Industrials,True,
TBCV,2140030,"Thunder Bridge Capital Partners V, Ltd.",Nasdaq,6770,Blank Checks,operating,Financials,False,blank check (SPAC)
MYFW,1327607,First Western Financial Inc,Nasdaq,6022,State Commercial Banks,operating,Financials,True,
HLLY,1822928,Holley Inc.,NYSE,3714,Motor Vehicle Parts & Accessories,operating,Consumer Discretionary,True,
MTNE,2044817,CH4 Natural Solutions Corp,NYSE,6770,Blank Checks,operating,Financials,False,blank check (SPAC)
SUPX,1897087,SuperX AI Technology Ltd,Nasdaq,8742,Services-Management Consulting Services,other,Industrials,False,not an operating company
ISBA,842517,ISABELLA BANK CORP,Nasdaq,6022,State Commercial Banks,operating,Financials,True,
LZM,1958217,Lifezone Metals Ltd,NYSE,1000,Metal Mining,other,Materials,False,not an operating company
ACGC,2111542,ACP Holdings Acquisition Corp.,Nasdaq,6770,Blank Checks,operating,Financials,False,blank check (SPAC)
BACC,2059654,Blue Acquisition Corp/Cayman,Nasdaq,6770,Blank Checks,operating,Financials,False,blank check (SPAC)
ADAC,2083002,American Drive Acquisition Co,Nasdaq,6770,Blank Checks,operating,Financials,False,blank check (SPAC)
KPET,2095297,KPET Ultra Paceline Corp,NYSE,6770,Blank Checks,operating,Financials,False,blank check (SPAC)
FGII,2090452,FG Imperii Acquisition Corp.,Nasdaq,6770,Blank Checks,operating,Financials,False,blank check (SPAC)
ELVA,1844450,Electrovaya Inc.,Nasdaq,3690,"Miscellaneous Electrical Machinery, Equipment & Supplies",operating,Information Technology,True,
RCKT,1281895,"ROCKET PHARMACEUTICALS, INC.",Nasdaq,2834,Pharmaceutical Preparations,operating,Health Care,True,
LPCV,2083728,Launchpad Cadenza Acquisition Corp I,Nasdaq,6770,Blank Checks,operating,Financials,False,blank check (SPAC)
PMTS,1641614,CPI Card Group Inc.,Nasdaq,2750,Commercial Printing,operating,Communication Services,True,
OVLY,1431567,Oak Valley Bancorp,Nasdaq,6022,State Commercial Banks,operating,Financials,True,
XFLT,1703079,XAI Floating Rate & Alternative Income Trust,NYSE,,,other,Unclassified,False,not an operating company
ABAT,1576873,AMERICAN BATTERY TECHNOLOGY Co,Nasdaq,1400,Mining & Quarrying of  Nonmetallic Minerals (No Fuels),operating,Materials,True,
SEG,2009684,Seaport Entertainment Group Inc.,NYSE,7990,Services-Miscellaneous Amusement & Recreation,operating,Consumer Discretionary,True,
ALCO,3545,"ALICO, INC.",Nasdaq,6519,"Lessors of  Real Property, NEC",operating,Real Estate,True,
TEI,909112,TEMPLETON EMERGING MARKETS INCOME FUND,NYSE,,,other,Unclassified,False,not an operating company
UCFI,1901203,CN Healthy Food Tech Group Corp.,Nasdaq,2000,Food and Kindred Products,operating,Consumer Staples,True,
MXF,65433,MEXICO FUND INC,NYSE,,,other,Unclassified,False,not an operating company
ZH,1835724,Zhihu Inc.,NYSE,7389,"Services-Business Services, NEC",other,Industrials,False,not an operating company
QNBC,750558,QNB CORP.,Nasdaq,6022,State Commercial Banks,operating,Financials,True,
SHOT,2104879,RMG ML Sports Holdings,Nasdaq,6770,Blank Checks,operating,Financials,False,blank check (SPAC)
BIOA,1709941,"BioAge Labs, Inc.",Nasdaq,2834,Pharmaceutical Preparations,operating,Health Care,True,
ABEO,318306,ABEONA THERAPEUTICS INC.,Nasdaq,2834,Pharmaceutical Preparations,operating,Health Care,True,
EYPT,1314102,"EyePoint, Inc.",Nasdaq,3826,Laboratory Analytical Instruments,operating,Information Technology,True,
ALTO,778164,"Alto Ingredients, Inc.",Nasdaq,2860,Industrial Organic Chemicals,operating,Materials,True,
FRAF,723646,FRANKLIN FINANCIAL SERVICES CORP /PA/,Nasdaq,6022,State Commercial Banks,operating,Financials,True,
FULC,1680581,"Fulcrum Therapeutics, Inc.",Nasdaq,2834,Pharmaceutical Preparations,operating,Health Care,True,
CUB,2015955,Lionheart Holdings,Nasdaq,6770,Blank Checks,operating,Financials,False,blank check (SPAC)
HPF,1189740,JOHN HANCOCK PREFERRED INCOME FUND II,NYSE,,,other,Unclassified,False,not an operating company
VELO,1825079,"Velo3D, Inc.",Nasdaq,3559,"Special Industry Machinery, NEC",operating,Industrials,True,
PTLO,1871509,Portillo's Inc.,Nasdaq,5812,Retail-Eating  Places,operating,Consumer Discretionary,True,
FUND,825202,SPROTT FOCUS TRUST INC.,Nasdaq,,,other,Unclassified,False,not an operating company
FNRN,1114927,FIRST NORTHERN COMMUNITY BANCORP,Nasdaq,6035,"Savings Institution, Federally Chartered",operating,Financials,True,
ATLQ,2128739,JAB Acquisition Corp I,Nasdaq,6770,Blank Checks,operating,Financials,False,blank check (SPAC)
ATLO,1132651,AMES NATIONAL CORP,Nasdaq,6021,National Commercial Banks,operating,Financials,True,
TVAI,1872228,Thayer Ventures Acquisition Corp II,Nasdaq,6770,Blank Checks,operating,Financials,False,blank check (SPAC)
MOBI,1489993,"Mobia Medical, Inc.",Nasdaq,3841,Surgical & Medical Instruments & Apparatus,operating,Health Care,True,
WLCO,2101470,Wilco 63 Corp,Nasdaq,6770,Blank Checks,operating,Financials,False,blank check (SPAC)
AXIN,2057030,Axiom Intelligence Acquisition Corp 1,Nasdaq,6770,Blank Checks,operating,Financials,False,blank check (SPAC)
XCBE,2083493,X3 Acquisition Corp. Ltd.,Nasdaq,6770,Blank Checks,operating,Financials,False,blank check (SPAC)
PAII,2069238,Pyrophyte Acquisition Corp. II,NYSE,6770,Blank Checks,operating,Financials,False,blank check (SPAC)
SAMO,2125567,Samos Energy Acquisition Corp,NYSE,6770,Blank Checks,operating,Financials,False,blank check (SPAC)
CUVL,1290877,Clinuvel Pharmaceuticals Ltd,Nasdaq,8880,American Depositary Receipts,other,Industrials,False,not an operating company
ASYS,720500,AMTECH SYSTEMS INC,Nasdaq,3559,"Special Industry Machinery, NEC",operating,Industrials,True,
SES,1819142,SES AI Corp,NYSE,3690,"Miscellaneous Electrical Machinery, Equipment & Supplies",operating,Information Technology,True,
DSC,1966041,DSC Holdings Ltd.,Nasdaq,7370,"Services-Computer Programming, Data Processing, Etc.",other,Information Technology,False,not an operating company
FUNC,763907,FIRST UNITED CORP/MD/,Nasdaq,6021,National Commercial Banks,operating,Financials,True,
HWBK,893847,"HAWTHORN BANCSHARES, INC.",Nasdaq,6021,National Commercial Banks,operating,Financials,True,
ACB,1683541,AURORA CANNABIS INC,Nasdaq,2833,Medicinal Chemicals & Botanical Products,other,Health Care,False,not an operating company
TSSI,1320760,"TSS, Inc.",Nasdaq,8742,Services-Management Consulting Services,operating,Industrials,True,
CWH,1669779,"Camping World Holdings, Inc.",NYSE,5500,Retail-Auto Dealers & Gasoline Stations,operating,Consumer Discretionary,True,
ISNR,2123475,Snow Rothschild Acquisition Corp.,Nasdaq,6770,Blank Checks,operating,Financials,False,blank check (SPAC)
BKTI,2186,BK Technologies Corp,NYSE,3663,Radio & Tv Broadcasting & Communications Equipment,operating,Information Technology,True,
LAW,1625641,"CS Disco, Inc.",NYSE,7372,Services-Prepackaged Software,operating,Information Technology,True,
LRMR,1374690,"Larimar Therapeutics, Inc.",Nasdaq,2834,Pharmaceutical Preparations,operating,Health Care,True,
FUBO,1484769,FuboTV Inc.,NYSE,7812,Services-Motion Picture & Video Tape Production,operating,Communication Services,True,
XSLL,2088807,Xsolla SPAC 1,Nasdaq,6770,Blank Checks,operating,Financials,False,blank check (SPAC)
RFI,891290,COHEN & STEERS TOTAL RETURN REALTY FUND INC,NYSE,,,other,Unclassified,False,not an operating company
RFMZ,1817159,"RiverNorth Flexible Municipal Income Fund II, Inc.",NYSE,,,other,Unclassified,False,not an operating company
MTAK,2133136,Market Technology Acquisition Corp,Nasdaq,6770,Blank Checks,operating,Financials,False,blank check (SPAC)
NHIV,2099767,NewHold Investment Corp IV,Nasdaq,6770,Blank Checks,operating,Financials,False,blank check (SPAC)
III,1371489,Information Services Group Inc.,Nasdaq,8742,Services-Management Consulting Services,operating,Industrials,True,
WNEB,1157647,"Western New England Bancorp, Inc.",Nasdaq,6035,"Savings Institution, Federally Chartered",operating,Financials,True,
SSP,832428,E.W. SCRIPPS Co,Nasdaq,4833,Television Broadcasting Stations,operating,Communication Services,True,
XFOR,1501697,"X4 Pharmaceuticals, Inc",Nasdaq,2836,"Biological Products, (No Diagnostic Substances)",operating,Health Care,True,
NC,789933,NACCO INDUSTRIES INC,NYSE,1221,Bituminous Coal & Lignite Surface Mining,operating,Energy,True,
TBI,768899,"TrueBlue, Inc.",NYSE,7363,Services-Help Supply Services,operating,Industrials,True,
SRV,1400897,NXG Cushing Midstream Energy Fund,NYSE,,,other,Unclassified,False,not an operating company
KWY,1072627,KINGSWAY Corp,NYSE,6331,"Fire, Marine & Casualty Insurance",operating,Financials,True,
KINS,33992,"KINGSTONE COMPANIES, INC.",Nasdaq,6331,"Fire, Marine & Casualty Insurance",operating,Financials,True,
CEPO,2027708,"Cantor Equity Partners I, Inc.",Nasdaq,6770,Blank Checks,operating,Financials,False,blank check (SPAC)
PC,1998056,Premium Catering (Holdings) Ltd,Nasdaq,5812,Retail-Eating  Places,other,Consumer Discretionary,False,not an operating company
NKSH,796534,NATIONAL BANKSHARES INC,Nasdaq,6021,National Commercial Banks,operating,Financials,True,
OIA,835333,Invesco Municipal Income Opportunities Trust,NYSE,,,other,Unclassified,False,not an operating company
FISN,1918102,"DEEP FISSION, INC.",Nasdaq,4911,Electric Services,operating,Utilities,True,
AIV,922864,APARTMENT INVESTMENT & MANAGEMENT CO,NYSE,6798,Real Estate Investment Trusts,operating,Real Estate,True,
MFIN,1000209,MEDALLION FINANCIAL CORP,Nasdaq,6199,Finance Services,operating,Financials,True,
MUZE,2093484,Muzero Acquisition Corp,Nasdaq,6770,Blank Checks,operating,Financials,False,blank check (SPAC)
BDSX,1439725,BIODESIX INC,Nasdaq,8071,Services-Medical Laboratories,operating,Health Care,True,
AUDC,1086434,AUDIOCODES LTD,Nasdaq,3661,Telephone & Telegraph Apparatus,other,Information Technology,False,not an operating company
EOD,1386067,ALLSPRING GLOBAL DIVIDEND OPPORTUNITY FUND,NYSE,,,other,Unclassified,False,not an operating company
ARDC,1515324,"Ares Dynamic Credit Allocation Fund, Inc.",NYSE,,,other,Unclassified,False,not an operating company
NXDT,1356115,NEXPOINT DIVERSIFIED REAL ESTATE TRUST,NYSE,6798,Real Estate Investment Trusts,operating,Real Estate,True,
LCNB,1074902,LCNB CORP,Nasdaq,6021,National Commercial Banks,operating,Financials,True,
FXNC,719402,FIRST NATIONAL CORP /VA/,Nasdaq,6022,State Commercial Banks,operating,Financials,True,
QSI,1816431,Quantum-Si Inc,Nasdaq,3829,"Measuring & Controlling Devices, NEC",operating,Information Technology,True,
BBOT,1869105,"BridgeBio Oncology Therapeutics, Inc.",Nasdaq,2834,Pharmaceutical Preparations,operating,Health Care,True,
RWAY,1653384,Runway Growth Finance Corp.,Nasdaq,,,operating,Unclassified,True,
VNDA,1347178,Vanda Pharmaceuticals Inc.,Nasdaq,2834,Pharmaceutical Preparations,operating,Health Care,True,
DNMX,2081125,Dynamix Corp III,Nasdaq,6770,Blank Checks,operating,Financials,False,blank check (SPAC)
SVCO,1943289,"Silvaco Group, Inc.",Nasdaq,7372,Services-Prepackaged Software,operating,Information Technology,True,
LDI,1831631,"loanDepot, Inc.",NYSE,6199,Finance Services,operating,Financials,True,
HCKT,1057379,"HACKETT GROUP, INC.",Nasdaq,8742,Services-Management Consulting Services,operating,Industrials,True,
VABK,1572334,Virginia National Bankshares Corp,Nasdaq,6021,National Commercial Banks,operating,Financials,True,
TSI,809559,TCW STRATEGIC INCOME FUND INC,NYSE,,,other,Unclassified,False,not an operating company
IKT,1750149,"Inhibikase Therapeutics, Inc.",Nasdaq,2836,"Biological Products, (No Diagnostic Substances)",operating,Health Care,True,
INFU,1337013,"InfuSystem Holdings, Inc",NYSE,3841,Surgical & Medical Instruments & Apparatus,operating,Health Care,True,
AIRJ,1855474,AirJoule Technologies Corp.,Nasdaq,3585,Air-Cond & Warm Air Heatg Equip & Comm & Indl Refrig Equip,operating,Industrials,True,
VOGX,1903784,"Vogenx, Inc.",Nasdaq,2834,Pharmaceutical Preparations,operating,Health Care,True,
XTER,2134856,Karman Line Acquisition Corp.,Nasdaq,6770,Blank Checks,operating,Financials,False,blank check (SPAC)
CATL,2104391,Catalyst Acquisition Corp.,Nasdaq,6770,Blank Checks,operating,Financials,False,blank check (SPAC)
USNA,896264,USANA HEALTH SCIENCES INC,NYSE,2833,Medicinal Chemicals & Botanical Products,operating,Health Care,True,
PCYO,276720,PURE CYCLE CORP,Nasdaq,4941,Water Supply,operating,Utilities,True,
PAMT,798287,PAMT CORP,Nasdaq,4213,Trucking (No Local),operating,Industrials,True,
CMRC,1626450,"Commerce.com, Inc.",Nasdaq,7372,Services-Prepackaged Software,operating,Information Technology,True,
BCYC,1761612,BICYCLE THERAPEUTICS PLC,Nasdaq,2834,Pharmaceutical Preparations,operating,Health Care,True,
OFLX,1317945,"Omega Flex, Inc.",Nasdaq,3430,"Heating Equip, Except Elec & Warm Air; & Plumbing Fixtures",operating,Industrials,True,
AVNW,1377789,"AVIAT NETWORKS, INC.",Nasdaq,3663,Radio & Tv Broadcasting & Communications Equipment,operating,Information Technology,True,
OACC,2029769,Oaktree Acquisition Corp. III Life Sciences,Nasdaq,6770,Blank Checks,operating,Financials,False,blank check (SPAC)
NCZ,1227857,Virtus Convertible & Income Fund II,NYSE,,,other,Unclassified,False,not an operating company
SHMD,1987240,SCHMID Group N.V.,Nasdaq,3590,Misc Industrial & Commercial Machinery & Equipment,other,Industrials,False,not an operating company
DMAA,2028614,Drugs Made In America Acquisition Corp.,Nasdaq,6770,Blank Checks,operating,Financials,False,blank check (SPAC)
KF,748691,KOREA FUND INC,NYSE,,,other,Unclassified,False,not an operating company
LCTX,876343,"Lineage Cell Therapeutics, Inc.",NYSE,2836,"Biological Products, (No Diagnostic Substances)",operating,Health Care,True,
STRO,1382101,"SUTRO BIOPHARMA, INC.",Nasdaq,2836,"Biological Products, (No Diagnostic Substances)",operating,Health Care,True,
SABS,1833214,"SAB Biotherapeutics, Inc.",Nasdaq,2836,"Biological Products, (No Diagnostic Substances)",operating,Health Care,True,
OSUR,1116463,ORASURE TECHNOLOGIES INC,Nasdaq,3841,Surgical & Medical Instruments & Apparatus,operating,Health Care,True,
FACT,2028935,FACT II Acquisition Corp.,Nasdaq,3728,"Aircraft Parts & Auxiliary Equipment, NEC",operating,Industrials,True,
GENC,64472,GENCOR INDUSTRIES INC,NYSE,3531,Construction Machinery & Equip,operating,Industrials,True,
MIN,826735,ABERDEEN INTERMEDIATE INCOME FUND,NYSE,,,other,Unclassified,False,not an operating company
NTWO,2028027,Newbury Street II Acquisition Corp,Nasdaq,3620,Electrical Industrial Apparatus,operating,Industrials,True,
POWW,1015383,Outdoor Holding Co,Nasdaq,7389,"Services-Business Services, NEC",operating,Industrials,True,
LXEO,1907108,"Lexeo Therapeutics, Inc.",Nasdaq,2836,"Biological Products, (No Diagnostic Substances)",operating,Health Care,True,
TRGS,2098780,TRG Latin America Acquisitions Corp.,Nasdaq,6770,Blank Checks,operating,Financials,False,blank check (SPAC)
LAB,1162194,STANDARD BIOTOOLS INC.,Nasdaq,2834,Pharmaceutical Preparations,operating,Health Care,True,
THEO,2080216,BOA Acquisition Corp. II,Nasdaq,6770,Blank Checks,operating,Financials,False,blank check (SPAC)
ACIU,1651625,AC Immune SA,Nasdaq,2834,Pharmaceutical Preparations,other,Health Care,False,not an operating company
AZ,1866030,A2Z CUST2MATE SOLUTIONS CORP.,Nasdaq,3569,"General Industrial Machinery & Equipment, NEC",other,Industrials,False,not an operating company
ESCA,33488,ESCALADE INC,Nasdaq,3949,"Sporting & Athletic Goods, NEC",operating,Consumer Discretionary,True,
NPCT,1835068,Nuveen Core Plus Impact Fund,NYSE,,,other,Unclassified,False,not an operating company
VNME,2055879,Vendome Acquisition Corp I,Nasdaq,6770,Blank Checks,operating,Financials,False,blank check (SPAC)
PPIH,914122,"Perma-Pipe International Holdings, Inc.",Nasdaq,3564,Industrial & Commercial Fans & Blowers & Air Purifing Equip,operating,Industrials,True,
ZSQR,1759186,Z Squared Inc.,Nasdaq,6199,Finance Services,operating,Financials,True,
BCBP,1228454,BCB BANCORP INC,Nasdaq,6035,"Savings Institution, Federally Chartered",operating,Financials,True,
HQI,1140102,"HireQuest, Inc.",Nasdaq,7363,Services-Help Supply Services,operating,Industrials,True,
CNCK,1913847,Coincheck Group N.V.,Nasdaq,6199,Finance Services,other,Financials,False,not an operating company
ANIK,898437,"Anika Therapeutics, Inc.",Nasdaq,3841,Surgical & Medical Instruments & Apparatus,operating,Health Care,True,
PHOS,1490078,First Phosphate Corp.,Nasdaq,1400,Mining & Quarrying of  Nonmetallic Minerals (No Fuels),other,Materials,False,not an operating company
BRT,14846,BRT Apartments Corp.,NYSE,6798,Real Estate Investment Trusts,operating,Real Estate,True,
STRT,933034,STRATTEC SECURITY CORP,Nasdaq,3714,Motor Vehicle Parts & Accessories,operating,Consumer Discretionary,True,
IPSC,1850119,"Century Therapeutics, Inc.",Nasdaq,2836,"Biological Products, (No Diagnostic Substances)",operating,Health Care,True,
ACV,1636289,Virtus Diversified Income & Convertible Fund,NYSE,,,other,Unclassified,False,not an operating company
XPER,1788999,Xperi Inc.,NYSE,7372,Services-Prepackaged Software,operating,Information Technology,True,
AMRN,897448,AMARIN CORP PLC\UK,Nasdaq,2834,Pharmaceutical Preparations,operating,Health Care,True,
IVAI,2077345,Ives Ultra AI Opportunities Inc.,NYSE,,,other,Unclassified,False,not an operating company
VLOS,2016072,Velos Acquisition I Corp.,Nasdaq,6770,Blank Checks,operating,Financials,False,blank check (SPAC)
SCII,2076739,SC II Acquisition Corp.,Nasdaq,6770,Blank Checks,operating,Financials,False,blank check (SPAC)
GBFH,1791145,GBank Financial Holdings Inc.,Nasdaq,6022,State Commercial Banks,operating,Financials,True,
IPVV,2105274,"InterPrivate Investment Partners V, Inc.",Nasdaq,6770,Blank Checks,operating,Financials,False,blank check (SPAC)
PALI,1357459,"PALISADE BIO, INC.",Nasdaq,2836,"Biological Products, (No Diagnostic Substances)",operating,Health Care,True,
DSM,855887,"BNY MELLON STRATEGIC MUNICIPAL BOND FUND, INC.",NYSE,,,other,Unclassified,False,not an operating company
TMCI,1630627,"TREACE MEDICAL CONCEPTS, INC.",Nasdaq,3841,Surgical & Medical Instruments & Apparatus,operating,Health Care,True,
PDYN,1826681,Palladyne AI Corp.,Nasdaq,7372,Services-Prepackaged Software,operating,Information Technology,True,
FATE,1434316,FATE THERAPEUTICS INC,Nasdaq,2836,"Biological Products, (No Diagnostic Substances)",operating,Health Care,True,
FBLA,2013639,"FB Bancorp, Inc. /MD/",Nasdaq,6036,"Savings Institutions, Not Federally Chartered",operating,Financials,True,
QADR,2083217,QDRO Acquisition Corp.,Nasdaq,6770,Blank Checks,operating,Financials,False,blank check (SPAC)
OHAC,2090787,Oceanhawk Acquisition Corp.,Nasdaq,6770,Blank Checks,operating,Financials,False,blank check (SPAC)
MKLY,2067592,McKinley Acquisition Corp,Nasdaq,7372,Services-Prepackaged Software,operating,Information Technology,True,
INR,2029118,"INFINITY NATURAL RESOURCES, INC.",NYSE,1311,Crude Petroleum & Natural Gas,operating,Energy,True,
GTERA,2043766,Globa Terra Acquisition Corp,Nasdaq,6770,Blank Checks,operating,Financials,False,blank check (SPAC)
UPB,2022626,"Upstream Bio, Inc.",Nasdaq,2834,Pharmaceutical Preparations,operating,Health Care,True,
EFSI,880641,EAGLE FINANCIAL SERVICES INC,Nasdaq,6022,State Commercial Banks,operating,Financials,True,
TLSI,1826667,"TriSalus Life Sciences, Inc.",Nasdaq,3841,Surgical & Medical Instruments & Apparatus,operating,Health Care,True,
IMPP,1876581,Imperial Petroleum Inc./Marshall Islands,Nasdaq,4412,Deep Sea Foreign Transportation of  Freight,other,Industrials,False,not an operating company
SY,1758530,So-Young International Inc.,Nasdaq,7374,Services-Computer Processing & Data Preparation,other,Information Technology,False,not an operating company
BNC,1482541,BNB Standard Corp,Nasdaq,0700,Agricultural Services,operating,Consumer Staples,True,
TG,850429,TREDEGAR CORP,NYSE,3350,Rolling Drawing & Extruding of  Nonferrous Metals,operating,Materials,True,
ANGI,1705110,Angi Inc.,Nasdaq,7310,Services-Advertising,operating,Industrials,True,
PROF,1628808,Profound Medical Corp.,Nasdaq,3841,Surgical & Medical Instruments & Apparatus,operating,Health Care,True,
RMM,1771226,"RiverNorth Managed Duration Municipal Income Fund, Inc.",NYSE,,,other,Unclassified,False,not an operating company
EVI,65312,"EVI INDUSTRIES, INC.",NYSE,7200,Services-Personal Services,operating,Consumer Discretionary,True,
IPHX,2146310,Inflection Point Acquisition Corp. VIII,Nasdaq,6770,Blank Checks,operating,Financials,False,blank check (SPAC)
REFI,1867949,"Chicago Atlantic Real Estate Finance, Inc.",Nasdaq,6798,Real Estate Investment Trusts,operating,Real Estate,True,
VCRE,2124403,Vicore Pharma Holding AB,Nasdaq,2834,Pharmaceutical Preparations,other,Health Care,False,not an operating company
CPZ,1717457,Calamos Long/Short Equity & Dynamic Income Trust,Nasdaq,,,other,Unclassified,False,not an operating company
RMBI,1767837,"Richmond Mutual Bancorporation, Inc.",Nasdaq,6022,State Commercial Banks,operating,Financials,True,
ZNTL,1725160,"Zentalis Pharmaceuticals, Inc.",Nasdaq,2834,Pharmaceutical Preparations,operating,Health Care,True,
PNAQ,2123955,Pinnacle Acquisition Corp,NYSE,6770,Blank Checks,operating,Financials,False,blank check (SPAC)
DUOT,1396536,"DUOS TECHNOLOGIES GROUP, INC.",Nasdaq,7372,Services-Prepackaged Software,operating,Information Technology,True,
NEGG,1474627,"Newegg Commerce, Inc.",Nasdaq,5990,"Retail-Retail Stores, NEC",operating,Consumer Discretionary,True,
XPOF,1802156,"Xponential Fitness, Inc.",NYSE,7990,Services-Miscellaneous Amusement & Recreation,operating,Consumer Discretionary,True,
MCGA,2064658,Yorkville Acquisition Corp.,Nasdaq,6199,Finance Services,operating,Financials,True,
SSAC,2081300,SPACSphere Acquisition Corp.,Nasdaq,7372,Services-Prepackaged Software,operating,Information Technology,True,
LFCR,1005286,"LIFECORE BIOMEDICAL, INC. \DE\",Nasdaq,2834,Pharmaceutical Preparations,operating,Health Care,True,
CMTV,718413,COMMUNITY BANCORP /VT,Nasdaq,6021,National Commercial Banks,operating,Financials,True,
GPRO,1500435,"GoPro, Inc.",Nasdaq,3861,Photographic Equipment & Supplies,operating,Information Technology,True,
BLND,1855747,"Blend Labs, Inc.",NYSE,7370,"Services-Computer Programming, Data Processing, Etc.",operating,Information Technology,True,
SOCA,2065948,Solarius Capital Acquisition Corp.,Nasdaq,6770,Blank Checks,operating,Financials,False,blank check (SPAC)
CNDT,1677703,CONDUENT Inc,Nasdaq,7389,"Services-Business Services, NEC",operating,Industrials,True,
UXIN,1729173,Uxin Ltd,Nasdaq,7389,"Services-Business Services, NEC",other,Industrials,False,not an operating company
DYNC,2028699,Dynamix Corp,Nasdaq,6770,Blank Checks,operating,Financials,False,blank check (SPAC)
IGAC,2075068,Invest Green Acquisition Corp,Nasdaq,6770,Blank Checks,operating,Financials,False,blank check (SPAC)
PLAY,1525769,"Dave & Buster's Entertainment, Inc.",Nasdaq,5812,Retail-Eating  Places,operating,Consumer Discretionary,True,
DAAQ,2052162,Digital Asset Acquisition Corp.,Nasdaq,6022,State Commercial Banks,operating,Financials,True,
IMRX,1790340,Immuneering Corp,Nasdaq,2834,Pharmaceutical Preparations,operating,Health Care,True,
RGCO,1069533,RGC RESOURCES INC,Nasdaq,4923,Natural Gas Transmisison & Distribution,operating,Utilities,True,
AENT,1823584,ALLIANCE ENTERTAINMENT HOLDING CORP,Nasdaq,5099,"Wholesale-Durable Goods, NEC",operating,Industrials,True,
QTTB,1661998,Q32 Bio Inc.,Nasdaq,2834,Pharmaceutical Preparations,operating,Health Care,True,
PMM,844790,FRANKLIN MANAGED MUNICIPAL INCOME TRUST,NYSE,,,other,Unclassified,False,not an operating company
BGIN,1945565,BGIN BLOCKCHAIN Ltd,Nasdaq,6199,Finance Services,other,Financials,False,not an operating company
SNFCA,318673,SECURITY NATIONAL FINANCIAL CORP,Nasdaq,6199,Finance Services,operating,Financials,True,
TDWD,2076616,Tailwind 2.0 Acquisition Corp.,Nasdaq,6770,Blank Checks,operating,Financials,False,blank check (SPAC)
ASLE,1754170,AerSale Corp,Nasdaq,5080,"Wholesale-Machinery, Equipment & Supplies",operating,Industrials,True,
SIGA,1010086,SIGA TECHNOLOGIES INC,Nasdaq,2834,Pharmaceutical Preparations,operating,Health Care,True,
ERC,1227073,ALLSPRING MULTI-SECTOR INCOME FUND,NYSE,,,investment,Unclassified,False,not an operating company
CURV,1792781,Torrid Holdings Inc.,NYSE,5600,Retail-Apparel & Accessory Stores,operating,Consumer Discretionary,True,
RCS,916183,"PIMCO STRATEGIC INCOME FUND, INC.",NYSE,,,other,Unclassified,False,not an operating company
ACU,2098,ACME UNITED CORP,NYSE,3420,"Cutlery, Handtools & General Hardware",operating,Industrials,True,
IMMR,1058811,IMMERSION CORP,Nasdaq,3577,"Computer Peripheral Equipment, NEC",operating,Information Technology,True,
IONR,1896084,ioneer Ltd,Nasdaq,1400,Mining & Quarrying of  Nonmetallic Minerals (No Fuels),other,Materials,False,not an operating company
MAGH,2046117,Magnitude International Ltd,Nasdaq,1731,Electrical Work,other,Industrials,False,not an operating company
TDF,919893,TEMPLETON DRAGON FUND INC,NYSE,,,other,Unclassified,False,not an operating company
AACP,2102123,Apogee Acquisition Corp,Nasdaq,6770,Blank Checks,operating,Financials,False,blank check (SPAC)
JACK,807882,JACK IN THE BOX INC,Nasdaq,5812,Retail-Eating  Places,operating,Consumer Discretionary,True,
PEBK,1093672,PEOPLES BANCORP OF NORTH CAROLINA INC,Nasdaq,6022,State Commercial Banks,operating,Financials,True,
TWLV,2052243,Twelve Seas Investment Co III/Cayman,Nasdaq,6770,Blank Checks,operating,Financials,False,blank check (SPAC)
YSG,1819580,Yatsen Holding Ltd,NYSE,2844,"Perfumes, Cosmetics & Other Toilet Preparations",other,Consumer Staples,False,not an operating company
LATA,2076427,Galata Acquisition Corp. II,Nasdaq,6770,Blank Checks,operating,Financials,False,blank check (SPAC)
COPL,2045473,Copley Acquisition Corp,NYSE,6770,Blank Checks,operating,Financials,False,blank check (SPAC)
PYXS,1782223,"Pyxis Oncology, Inc.",Nasdaq,2834,Pharmaceutical Preparations,operating,Health Care,True,
GWRS,1434728,"Global Water Resources, Inc.",Nasdaq,4941,Water Supply,operating,Utilities,True,
UTMD,706698,UTAH MEDICAL PRODUCTS INC,Nasdaq,3841,Surgical & Medical Instruments & Apparatus,operating,Health Care,True,
BRCC,1891101,BRC Inc.,NYSE,2080,Beverages,operating,Consumer Staples,True,
DYOR,2079292,Insight Digital Partners II,Nasdaq,6770,Blank Checks,operating,Financials,False,blank check (SPAC)
SMHI,1690334,SEACOR Marine Holdings Inc.,NYSE,4412,Deep Sea Foreign Transportation of  Freight,operating,Industrials,True,
SUMA,2105838,SUMA Acquisition Corp,Nasdaq,6770,Blank Checks,operating,Financials,False,blank check (SPAC)
BLRK,2081532,Bluerock Acquisition Corp.,Nasdaq,6770,Blank Checks,operating,Financials,False,blank check (SPAC)
NUW,1450445,Nuveen AMT-Free Municipal Value Fund,NYSE,,,other,Unclassified,False,not an operating company
SAR,1377936,SARATOGA INVESTMENT CORP.,NYSE,,,operating,Unclassified,True,
MX,1325702,MAGNACHIP SEMICONDUCTOR Corp,NYSE,3674,Semiconductors & Related Devices,operating,Information Technology,True,
KGEI,1477081,Kolibri Global Energy Inc.,Nasdaq,1311,Crude Petroleum & Natural Gas,other,Energy,False,not an operating company
CAF,1368493,"Morgan Stanley China A Share Fund, Inc.",NYSE,,,other,Unclassified,False,not an operating company
SVCC,2033593,Stellar V Capital Corp. (Cayman Islands),Nasdaq,6770,Blank Checks,operating,Financials,False,blank check (SPAC)
NUS,1021561,"NU SKIN ENTERPRISES, INC.",NYSE,5122,"Wholesale-Drugs, Proprietaries & Druggists' Sundries",operating,Health Care,True,
KROS,1664710,"Keros Therapeutics, Inc.",Nasdaq,2834,Pharmaceutical Preparations,operating,Health Care,True,
BIII,2087087,Black Spade Acquisition III Co,NYSE,6770,Blank Checks,operating,Financials,False,blank check (SPAC)
HLXC,2099656,Helix Acquisition Corp. III,Nasdaq,6770,Blank Checks,operating,Financials,False,blank check (SPAC)
SLNH,64463,"Soluna Holdings, Inc",Nasdaq,6199,Finance Services,operating,Financials,True,
SPOK,1289945,"Spok Holdings, Inc",Nasdaq,4812,Radiotelephone Communications,operating,Communication Services,True,
KLC,1873529,"KinderCare Learning Companies, Inc.",NYSE,8351,Services-Child Day Care Services,operating,Industrials,True,
SLGL,1684693,Sol-Gel Technologies Ltd.,Nasdaq,2834,Pharmaceutical Preparations,other,Health Care,False,not an operating company
SBMT,2067674,SILVER BOW MINING CORP.,NYSE,1040,Gold and Silver Ores,operating,Materials,True,
INBK,1562463,First Internet Bancorp,Nasdaq,6022,State Commercial Banks,operating,Financials,True,
ELMD,1488917,"Electromed, Inc.",NYSE,3845,Electromedical & Electrotherapeutic Apparatus,operating,Health Care,True,
EVMN,2044725,"Evommune, Inc.",NYSE,2834,Pharmaceutical Preparations,operating,Health Care,True,
MMT,809173,ABERDEEN MULTI-MARKET INCOME FUND,NYSE,,,other,Unclassified,False,not an operating company
CRAC,2070887,Crown Reserve Acquisition Corp. I,Nasdaq,6770,Blank Checks,operating,Financials,False,blank check (SPAC)
IRAB,2077785,Iris Acquisition Corp II,NYSE,6770,Blank Checks,operating,Financials,False,blank check (SPAC)
USAU,27093,U.S. GOLD CORP.,Nasdaq,1000,Metal Mining,operating,Materials,True,
LTGR,2104177,Long Table Growth Corp.,Nasdaq,6770,Blank Checks,operating,Financials,False,blank check (SPAC)
TVIV,2096755,Texas Ventures Acquisition IV Corp,Nasdaq,6770,Blank Checks,operating,Financials,False,blank check (SPAC)
EAF,931148,GRAFTECH INTERNATIONAL LTD,NYSE,3620,Electrical Industrial Apparatus,operating,Industrials,True,
ALMU,1828805,"Aeluma, Inc.",Nasdaq,3674,Semiconductors & Related Devices,operating,Information Technology,True,
MBI,814585,MBIA INC,NYSE,6351,Surety Insurance,operating,Financials,True,
TBCH,1493761,Turtle Beach Corp,Nasdaq,3669,"Communications Equipment, NEC",operating,Information Technology,True,
FF,1337298,FutureFuel Corp.,NYSE,2860,Industrial Organic Chemicals,operating,Materials,True,
MGNX,1125345,MACROGENICS INC,Nasdaq,2834,Pharmaceutical Preparations,operating,Health Care,True,
NAUT,1808805,"Nautilus Biotechnology, Inc.",Nasdaq,3826,Laboratory Analytical Instruments,operating,Information Technology,True,
AKBA,1517022,"Akebia Therapeutics, Inc.",Nasdaq,2834,Pharmaceutical Preparations,operating,Health Care,True,
ALEC,1653087,"Alector, Inc.",Nasdaq,2836,"Biological Products, (No Diagnostic Substances)",operating,Health Care,True,
EFTY,2058349,"ETOILES CAPITAL GROUP CO., LTD",Nasdaq,8742,Services-Management Consulting Services,other,Industrials,False,not an operating company
MRCO,2106436,Mercator Acquisition Corp.,Nasdaq,6770,Blank Checks,operating,Financials,False,blank check (SPAC)
CAMP,1736730,Camp4 Therapeutics Corp,Nasdaq,2834,Pharmaceutical Preparations,operating,Health Care,True,
OPBK,1722010,OP Bancorp,Nasdaq,6022,State Commercial Banks,operating,Financials,True,
ONIT,873860,ONITY GROUP INC.,NYSE,6162,Mortgage Bankers & Loan Correspondents,operating,Financials,True,
RLTY,1866874,Cohen & Steers Real Estate Opportunities & Income Fund,NYSE,,,other,Unclassified,False,not an operating company
PONO,2108164,"Pono Capital Four, Inc.",Nasdaq,6770,Blank Checks,operating,Financials,False,blank check (SPAC)
SMRT,1837014,"SmartRent, Inc.",NYSE,7373,Services-Computer Integrated Systems Design,operating,Information Technology,True,
HITI,1847409,High Tide Inc.,Nasdaq,5990,"Retail-Retail Stores, NEC",other,Consumer Discretionary,False,not an operating company
MVST,1760689,"Microvast Holdings, Inc.",Nasdaq,3690,"Miscellaneous Electrical Machinery, Equipment & Supplies",operating,Information Technology,True,
HMH,2021880,HMH Holding Inc,Nasdaq,3533,Oil & Gas Field Machinery & Equipment,operating,Industrials,True,
SND,1529628,"Smart Sand, Inc.",Nasdaq,1400,Mining & Quarrying of  Nonmetallic Minerals (No Fuels),operating,Materials,True,
CFBK,1070680,CF BANKSHARES INC.,Nasdaq,6021,National Commercial Banks,operating,Financials,True,
ONCH,2054272,1RT Acquisition Corp.,Nasdaq,6770,Blank Checks,operating,Financials,False,blank check (SPAC)
SION,2036042,"Sionna Therapeutics, Inc.",Nasdaq,2834,Pharmaceutical Preparations,operating,Health Care,True,
FOA,1828937,Finance of America Companies Inc.,NYSE,6162,Mortgage Bankers & Loan Correspondents,operating,Financials,True,
DHY,1061353,UBS ASSET MANAGEMENT HIGH YIELD CREDIT FUND,NYSE,,,other,Unclassified,False,not an operating company
MRBK,1750735,Meridian Corp,Nasdaq,6021,National Commercial Banks,operating,Financials,True,
AEHL,1470683,Antelope Enterprise Holdings Ltd,Nasdaq,4899,"Communications Services, NEC",other,Communication Services,False,not an operating company
LGI,1278211,LAZARD GLOBAL TOTAL RETURN & INCOME FUND INC,NYSE,,,other,Unclassified,False,not an operating company
DGAC,2111038,DISCIPLINED GROWTH ACQUISITION Corp,NYSE,6770,Blank Checks,operating,Financials,False,blank check (SPAC)
PRQR,1612940,ProQR Therapeutics N.V.,Nasdaq,2834,Pharmaceutical Preparations,other,Health Care,False,not an operating company
AIAI,2096362,AIAI Holdings Corp,Nasdaq,7374,Services-Computer Processing & Data Preparation,operating,Information Technology,True,
IFRX,1708688,InflaRx N.V.,Nasdaq,2834,Pharmaceutical Preparations,other,Health Care,False,not an operating company
NATR,275053,NATURES SUNSHINE PRODUCTS INC,Nasdaq,2834,Pharmaceutical Preparations,operating,Health Care,True,
MAMK,2008007,MaxsMaking Inc.,Nasdaq,2390,Miscellaneous Fabricated Textile Products,other,Consumer Discretionary,False,not an operating company
FORR,1023313,"FORRESTER RESEARCH, INC.",Nasdaq,8700,"Services-Engineering, Accounting, Research, Management",operating,Industrials,True,
LMNR,1342423,Limoneira CO,Nasdaq,0100,Agricultural Production-Crops,operating,Consumer Staples,True,
CHPT,1777393,"ChargePoint Holdings, Inc.",NYSE,3690,"Miscellaneous Electrical Machinery, Equipment & Supplies",operating,Information Technology,True,
FCAP,1070296,FIRST CAPITAL INC,Nasdaq,6035,"Savings Institution, Federally Chartered",operating,Financials,True,
PTAC,2099095,Patriot Acquisition Corp./CI,Nasdaq,6770,Blank Checks,operating,Financials,False,blank check (SPAC)
PLX,1006281,"Protalix BioTherapeutics, Inc.",NYSE,2836,"Biological Products, (No Diagnostic Substances)",operating,Health Care,True,
GLSI,1799788,"Greenwich LifeSciences, Inc.",Nasdaq,2834,Pharmaceutical Preparations,operating,Health Care,True,
HDSN,925528,HUDSON TECHNOLOGIES INC /NY,Nasdaq,5080,"Wholesale-Machinery, Equipment & Supplies",operating,Industrials,True,
RC,1527590,Ready Capital Corp,NYSE,6798,Real Estate Investment Trusts,operating,Real Estate,True,
PSF,1498612,"Cohen & Steers Select Preferred & Income Fund, Inc.",NYSE,,,other,Unclassified,False,not an operating company
GSHR,2044635,Gesher Acquisition Corp. II,Nasdaq,6770,Blank Checks,operating,Financials,False,blank check (SPAC)
TRDA,1689375,"Entrada Therapeutics, Inc.",Nasdaq,2834,Pharmaceutical Preparations,operating,Health Care,True,
OVBC,894671,OHIO VALLEY BANC CORP,Nasdaq,6022,State Commercial Banks,operating,Financials,True,
CAN,1780652,Canaan Inc.,Nasdaq,6199,Finance Services,other,Financials,False,not an operating company
LYEL,1806952,"Lyell Immunopharma, Inc.",Nasdaq,2834,Pharmaceutical Preparations,operating,Health Care,True,
AMWL,1393584,American Well Corp,NYSE,7389,"Services-Business Services, NEC",operating,Industrials,True,
EGHA,2052547,EGH Acquisition Corp.,Nasdaq,6770,Blank Checks,operating,Financials,False,blank check (SPAC)
ZUMZ,1318008,Zumiez Inc,Nasdaq,5600,Retail-Apparel & Accessory Stores,operating,Consumer Discretionary,True,
DHX,1393883,"DHI GROUP, INC.",NYSE,7389,"Services-Business Services, NEC",operating,Industrials,True,
FUFU,1921158,Bitfufu Inc.,Nasdaq,6199,Finance Services,other,Financials,False,not an operating company
LCUT,874396,"LIFETIME BRANDS, INC",Nasdaq,3420,"Cutlery, Handtools & General Hardware",operating,Industrials,True,
AESP,2082526,Aeon Acquisition I Corp.,Nasdaq,6770,Blank Checks,operating,Financials,False,blank check (SPAC)
LIEN,1843162,"Chicago Atlantic BDC, Inc.",Nasdaq,,,operating,Unclassified,True,
VUZI,1463972,Vuzix Corp,Nasdaq,3663,Radio & Tv Broadcasting & Communications Equipment,operating,Information Technology,True,
AIBZ,2100457,Bitzero Holdings Inc.,Nasdaq,6199,Finance Services,other,Financials,False,not an operating company
OSG,874501,OCTAVE SPECIALTY GROUP INC,NYSE,6351,Surety Insurance,operating,Financials,True,
HAVA,2042460,Harvard Ave Acquisition Corp,Nasdaq,6770,Blank Checks,operating,Financials,False,blank check (SPAC)
IDAC,2090441,Iron Dome Acquisition I Corp.,Nasdaq,6770,Blank Checks,operating,Financials,False,blank check (SPAC)
EIC,1754836,Eagle Point Income Co,NYSE,,,other,Unclassified,False,not an operating company
IVVD,1832038,"Invivyd, Inc.",Nasdaq,2836,"Biological Products, (No Diagnostic Substances)",operating,Health Care,True,
BGS,1278027,"B&G Foods, Inc.",NYSE,2000,Food and Kindred Products,operating,Consumer Staples,True,
PNNT,1383414,PENNANTPARK INVESTMENT CORP,NYSE,,,operating,Unclassified,True,
PALO,2101562,PALOMA ACQUISITION CORP I,Nasdaq,6770,Blank Checks,operating,Financials,False,blank check (SPAC)
LTBR,1084554,LIGHTBRIDGE Corp,Nasdaq,2810,Industrial Inorganic Chemicals,operating,Materials,True,
TII,1791703,Titan Mining Corp,NYSE,1040,Gold and Silver Ores,other,Materials,False,not an operating company
ASUR,884144,ASURE SOFTWARE INC,Nasdaq,7373,Services-Computer Integrated Systems Design,operating,Information Technology,True,
SGC,95574,"SUPERIOR GROUP OF COMPANIES, INC.",Nasdaq,2300,Apparel & Other Finishd Prods of  Fabrics & Similar Matl,operating,Consumer Discretionary,True,
CMT,1026655,CORE MOLDING TECHNOLOGIES INC,NYSE,3089,"Plastics Products, NEC",operating,Materials,True,
SABA,828803,Saba Capital Income & Opportunities Fund II,NYSE,,,other,Unclassified,False,not an operating company
TDAC,1926599,Translational Development Acquisition Corp.,Nasdaq,6770,Blank Checks,operating,Financials,False,blank check (SPAC)
LOVE,1701758,Lovesac Co,Nasdaq,5712,Retail-Furniture Stores,operating,Consumer Discretionary,True,
CZWI,1367859,Citizens Community Bancorp Inc.,Nasdaq,6035,"Savings Institution, Federally Chartered",operating,Financials,True,
ALTG,1759824,ALTA EQUIPMENT GROUP INC.,NYSE,5084,Wholesale-Industrial Machinery & Equipment,operating,Industrials,True,
EXFY,1476840,"Expensify, Inc.",Nasdaq,7372,Services-Prepackaged Software,operating,Information Technology,True,
CPSS,889609,"CONSUMER PORTFOLIO SERVICES, INC.",Nasdaq,6199,Finance Services,operating,Financials,True,
NAGE,1386570,"Niagen Bioscience, Inc.",Nasdaq,2833,Medicinal Chemicals & Botanical Products,operating,Health Care,True,
ADCT,1771910,ADC Therapeutics SA,NYSE,2834,Pharmaceutical Preparations,operating,Health Care,True,
WLII,2083946,Willow Lane Acquisition Corp. II,Nasdaq,6770,Blank Checks,operating,Financials,False,blank check (SPAC)
AOUT,1808997,"American Outdoor Brands, Inc.",Nasdaq,3949,"Sporting & Athletic Goods, NEC",operating,Consumer Discretionary,True,
SCM,1551901,Stellus Capital Investment Corp,NYSE,,,operating,Unclassified,True,
RBKB,1751783,"Rhinebeck Bancorp, Inc.",Nasdaq,6036,"Savings Institutions, Not Federally Chartered",operating,Financials,True,
PMA,1956166,PMA Graphene Technology Group Inc.,Nasdaq,1700,Construction - Special Trade Contractors,other,Industrials,False,not an operating company
NCMI,1377630,"National CineMedia, Inc.",Nasdaq,7310,Services-Advertising,operating,Industrials,True,
RNAC,1453687,"Cartesian Therapeutics, Inc.",Nasdaq,2834,Pharmaceutical Preparations,operating,Health Care,True,
KTWO,2086524,K2 Capital Acquisition Corp,Nasdaq,6770,Blank Checks,operating,Financials,False,blank check (SPAC)
USBC,1074828,"USBC, Inc.",NYSE,6199,Finance Services,operating,Financials,True,
MFM,801961,ABERDEEN MUNICIPAL INCOME FUND,NYSE,,,other,Unclassified,False,not an operating company
RXST,1111485,"RxSight, Inc.",Nasdaq,3851,Ophthalmic Goods,operating,Health Care,True,
ACRE,1529377,Ares Commercial Real Estate Corp,NYSE,6798,Real Estate Investment Trusts,operating,Real Estate,True,
GDEV,1848739,GDEV Inc.,Nasdaq,7371,Services-Computer Programming Services,other,Information Technology,False,not an operating company
RICK,935419,"RCI HOSPITALITY HOLDINGS, INC.",Nasdaq,5812,Retail-Eating  Places,operating,Consumer Discretionary,True,
BEBE,2079933,TGE Value Creative Solutions Corp,NYSE,6770,Blank Checks,operating,Financials,False,blank check (SPAC)
PDEX,788920,PRO DEX INC,Nasdaq,3841,Surgical & Medical Instruments & Apparatus,operating,Health Care,True,
RAIL,1320854,"FreightCar America, Inc.",Nasdaq,3743,Railroad Equipment,operating,Industrials,True,
NNNN,1982708,Anbio Biotechnology,Nasdaq,2835,In Vitro & In Vivo Diagnostic Substances,other,Health Care,False,not an operating company
FIGX,2059033,FIGX Capital Acquisition Corp.,Nasdaq,6770,Blank Checks,operating,Financials,False,blank check (SPAC)
ETSS,2085932,Energy Transition Special Opportunities,NYSE,6770,Blank Checks,operating,Financials,False,blank check (SPAC)
AMBR,1697818,Amber International Holding Ltd,Nasdaq,6199,Finance Services,other,Financials,False,not an operating company
KLTR,1432133,KALTURA INC,Nasdaq,7372,Services-Prepackaged Software,operating,Information Technology,True,
MPAA,918251,MOTORCAR PARTS OF AMERICA INC,Nasdaq,3714,Motor Vehicle Parts & Accessories,operating,Consumer Discretionary,True,
APMC,2101393,AmperCap Acquisition Co,Nasdaq,6770,Blank Checks,operating,Financials,False,blank check (SPAC)
CGEN,1119774,COMPUGEN LTD,Nasdaq,2836,"Biological Products, (No Diagnostic Substances)",other,Health Care,False,not an operating company
AIIA,2073553,AI Infrastructure Acquisition Corp.,NYSE,6770,Blank Checks,operating,Financials,False,blank check (SPAC)
GGT,921671,GABELLI MULTIMEDIA TRUST INC.,NYSE,,,other,Unclassified,False,not an operating company
LFAC,2084563,Leapfrog Acquisition Corp,Nasdaq,6770,Blank Checks,operating,Financials,False,blank check (SPAC)
WHWK,1422142,"Whitehawk Therapeutics, Inc.",Nasdaq,2834,Pharmaceutical Preparations,operating,Health Care,True,
TMCR,2087398,Metals Royalty Co Inc.,Nasdaq,1040,Gold and Silver Ores,other,Materials,False,not an operating company
MIAC,2136530,Meridian3 Industrials Acquisition Corp,Nasdaq,6770,Blank Checks,operating,Financials,False,blank check (SPAC)
FIRY,1801661,Firy Inc.,NYSE,7374,Services-Computer Processing & Data Preparation,operating,Information Technology,True,
RVII,2131040,Robinhood Ventures Fund II,NYSE,,,operating,Unclassified,True,
ELDN,1404281,"Eledon Pharmaceuticals, Inc.",Nasdaq,2834,Pharmaceutical Preparations,operating,Health Care,True,
FOCL,1041934,EDAP TMS SA,Nasdaq,3845,Electromedical & Electrotherapeutic Apparatus,operating,Health Care,True,
ESOA,1357971,Energy Services of America CORP,Nasdaq,1623,"Water, Sewer, Pipeline, Comm & Power Line Construction",operating,Industrials,True,
CXDO,1075736,"Crexendo, Inc.",Nasdaq,4813,Telephone Communications (No Radiotelephone),operating,Communication Services,True,
ACOG,1655923,Alpha Cognition Inc.,Nasdaq,2836,"Biological Products, (No Diagnostic Substances)",operating,Health Care,True,
IIF,916618,"MORGAN STANLEY INDIA INVESTMENT FUND, INC.",NYSE,,,other,Unclassified,False,not an operating company
XGN,1274737,EXAGEN INC.,Nasdaq,8071,Services-Medical Laboratories,operating,Health Care,True,
PERF,1899830,Perfect Corp.,NYSE,7372,Services-Prepackaged Software,other,Information Technology,False,not an operating company
EU,1500881,enCore Energy Corp.,Nasdaq,1090,Miscellaneous Metal Ores,operating,Materials,True,
NSLR,1509470,Neostellar Capital Corp.,Nasdaq,,,operating,Unclassified,True,
TROO,1412095,"Troops, Inc. /Cayman Islands/",Nasdaq,6159,Miscellaneous Business Credit Institution,operating,Financials,True,
FJDI,2094712,ARC Group Securities Acquisition I,Nasdaq,6770,Blank Checks,operating,Financials,False,blank check (SPAC)
QUIK,882508,QUICKLOGIC Corp,Nasdaq,3674,Semiconductors & Related Devices,operating,Information Technology,True,
REA,2095743,"Rare Earths Americas, Inc.",NYSE,1000,Metal Mining,operating,Materials,True,
AIRO,1927958,"AIRO Group Holdings, Inc.",Nasdaq,3721,Aircraft,operating,Industrials,True,
AMPY,1533924,Amplify Energy Corp.,NYSE,1311,Crude Petroleum & Natural Gas,operating,Energy,True,
CHCI,1299969,"Comstock Holding Companies, Inc.",Nasdaq,6500,Real Estate,operating,Real Estate,True,
CBFV,1605301,"CB Financial Services, Inc.",Nasdaq,6022,State Commercial Banks,operating,Financials,True,
BID,2094919,Tribeca Strategic Acquisition Corp.,Nasdaq,6770,Blank Checks,operating,Financials,False,blank check (SPAC)
CRNT,1119769,CERAGON NETWORKS LTD,Nasdaq,3663,Radio & Tv Broadcasting & Communications Equipment,other,Information Technology,False,not an operating company
LARK,1141688,LANDMARK BANCORP INC,Nasdaq,6021,National Commercial Banks,operating,Financials,True,
GSIT,1126741,GSI TECHNOLOGY INC,Nasdaq,3674,Semiconductors & Related Devices,operating,Information Technology,True,
TPVG,1580345,TriplePoint Venture Growth BDC Corp.,NYSE,,,operating,Unclassified,True,
GCTS,1851961,"GCT Semiconductor Holding, Inc.",NYSE,3674,Semiconductors & Related Devices,operating,Information Technology,True,
NGEN,1751912,NERVGEN PHARMA CORP.,Nasdaq,2834,Pharmaceutical Preparations,other,Health Care,False,not an operating company
SWMR,2092574,"Swarmer, Inc",Nasdaq,7372,Services-Prepackaged Software,operating,Information Technology,True,
GLDG,1538847,GoldMining Inc.,NYSE,1040,Gold and Silver Ores,other,Materials,False,not an operating company
ETX,1563696,Eaton Vance Municipal Income 2028 Term Trust,NYSE,,,other,Unclassified,False,not an operating company
GOW,2097702,GOWell Energy Technology,Nasdaq,3533,Oil & Gas Field Machinery & Equipment,other,Industrials,False,not an operating company
TAYD,96536,"TAYLOR DEVICES, INC.",Nasdaq,3569,"General Industrial Machinery & Equipment, NEC",operating,Industrials,True,
VLN,1863006,Valens Semiconductor Ltd.,NYSE,3674,Semiconductors & Related Devices,other,Information Technology,False,not an operating company
BZUN,1625414,Baozun Inc.,Nasdaq,5961,Retail-Catalog & Mail-Order Houses,other,Consumer Discretionary,False,not an operating company
HLP,1855557,Hongli Group Inc.,Nasdaq,3569,"General Industrial Machinery & Equipment, NEC",other,Industrials,False,not an operating company
OSS,1394056,"ONE STOP SYSTEMS, INC.",Nasdaq,3571,Electronic Computers,operating,Information Technology,True,
RDNW,1596961,"RideNow Group, Inc.",Nasdaq,7371,Services-Computer Programming Services,operating,Information Technology,True,
BANX,1578987,ArrowMark Financial Corp.,Nasdaq,,,other,Unclassified,False,not an operating company
AUC,1755058,ATIF Holdings Ltd,Nasdaq,8742,Services-Management Consulting Services,operating,Industrials,True,
BSET,10329,BASSETT FURNITURE INDUSTRIES INC,Nasdaq,2511,"Wood Household Furniture, (No Upholstered)",operating,Consumer Discretionary,True,
QMLS,2084026,"QumulusAI, Inc.",Nasdaq,7374,Services-Computer Processing & Data Preparation,operating,Information Technology,True,
XYF,1725033,X Financial,NYSE,6199,Finance Services,other,Financials,False,not an operating company
ECBK,1914605,"ECB Bancorp, Inc. /MD/",Nasdaq,6036,"Savings Institutions, Not Federally Chartered",operating,Financials,True,
AP,6176,AMPCO PITTSBURGH CORP,NYSE,3561,Pumps & Pumping Equipment,operating,Industrials,True,
TOYO,1985273,"TOYO Co., Ltd",Nasdaq,3674,Semiconductors & Related Devices,other,Information Technology,False,not an operating company
SBFG,767405,"SB FINANCIAL GROUP, INC.",Nasdaq,6022,State Commercial Banks,operating,Financials,True,
DEFT,1888274,"Defi Technologies, Inc.",Nasdaq,6199,Finance Services,other,Financials,False,not an operating company
TORO,1941131,TORO CORP.,Nasdaq,4412,Deep Sea Foreign Transportation of  Freight,other,Industrials,False,not an operating company
EXOD,1821534,"Exodus Movement, Inc.",NYSE,6199,Finance Services,operating,Financials,True,
EPSN,1726126,Epsilon Energy Ltd.,Nasdaq,1311,Crude Petroleum & Natural Gas,operating,Energy,True,
MSC,1713334,STUDIO CITY INTERNATIONAL HOLDINGS Ltd,NYSE,7011,Hotels & Motels,other,Consumer Discretionary,False,not an operating company
YARW,1566044,"Yarrow Bioscience, Inc.",Nasdaq,2834,Pharmaceutical Preparations,operating,Health Care,True,
ADAG,1818838,Adagene Inc.,Nasdaq,2834,Pharmaceutical Preparations,other,Health Care,False,not an operating company
BVFL,1302387,"BV Financial, Inc.",Nasdaq,6035,"Savings Institution, Federally Chartered",operating,Financials,True,
BETR,1835856,Better Home & Finance Holding Co,Nasdaq,6163,Loan Brokers,operating,Financials,True,
NPV,897421,NUVEEN VIRGINIA QUALITY MUNICIPAL INCOME FUND,NYSE,,,other,Unclassified,False,not an operating company
NXH,1130713,"NEIGHBORHOOD INTELLIGENCE, INC.",Nasdaq,5961,Retail-Catalog & Mail-Order Houses,operating,Consumer Discretionary,True,
SRI,1043337,STONERIDGE INC,NYSE,3714,Motor Vehicle Parts & Accessories,operating,Consumer Discretionary,True,
IDE,1417802,"Voya Infrastructure, Industrials & Materials Fund",NYSE,,,other,Unclassified,False,not an operating company
WHG,1165002,WESTWOOD HOLDINGS GROUP INC,NYSE,6282,Investment Advice,operating,Financials,True,
OMSE,2012219,OMS Energy Technologies Inc.,Nasdaq,3533,Oil & Gas Field Machinery & Equipment,other,Industrials,False,not an operating company
BAFN,1649739,BayFirst Financial Corp.,Nasdaq,6022,State Commercial Banks,operating,Financials,True,
INTT,1036262,INTEST CORP,NYSE,3825,Instruments For Meas & Testing of  Electricity & Elec Signals,operating,Information Technology,True,
MITT,1514281,"TPG Mortgage Investment Trust, Inc.",NYSE,6798,Real Estate Investment Trusts,operating,Real Estate,True,
FNWD,919864,Finward Bancorp,Nasdaq,6035,"Savings Institution, Federally Chartered",operating,Financials,True,
ARCL,2073515,ARC Group Acquisition I Corp.,Nasdaq,6770,Blank Checks,operating,Financials,False,blank check (SPAC)
DPRO,1786286,Draganfly Inc.,Nasdaq,3721,Aircraft,other,Industrials,False,not an operating company
AOMR,1766478,"Angel Oak Mortgage REIT, Inc.",NYSE,6500,Real Estate,operating,Real Estate,True,
CIA,24090,"CITIZENS, INC.",NYSE,6311,Life Insurance,operating,Financials,True,
HNVR,1828588,"Hanover Bancorp, Inc. /MD",Nasdaq,6022,State Commercial Banks,operating,Financials,True,
GPAT,1834526,GP-Act III Acquisition Corp.,Nasdaq,6770,Blank Checks,operating,Financials,False,blank check (SPAC)
PAAC,2087446,Proem Acquisition Corp. I,Nasdaq,6770,Blank Checks,operating,Financials,False,blank check (SPAC)
CHEC,2047177,Chenghe Acquisition III Co.,Nasdaq,6770,Blank Checks,operating,Financials,False,blank check (SPAC)
DTIL,1357874,PRECISION BIOSCIENCES INC,Nasdaq,2836,"Biological Products, (No Diagnostic Substances)",operating,Health Care,True,
MNSB,1693577,"MainStreet Bancshares, Inc.",Nasdaq,6022,State Commercial Banks,operating,Financials,True,
WIA,1254370,WESTERN ASSET INFLATION-LINKED INCOME FUND,NYSE,,,other,Unclassified,False,not an operating company
BWIV,2082847,Blue Water Acquisition Corp. IV,NYSE,6770,Blank Checks,operating,Financials,False,blank check (SPAC)
PED,1141197,PEDEVCO CORP,NYSE,1311,Crude Petroleum & Natural Gas,operating,Energy,True,
ONEN,1846416,ONE Nuclear Energy Inc.,Nasdaq,4911,Electric Services,operating,Utilities,True,
NUCL,2089283,Eagle Nuclear Energy Corp.,Nasdaq,1090,Miscellaneous Metal Ores,operating,Materials,True,
TONX,1566610,TON Strategy Co,Nasdaq,6199,Finance Services,operating,Financials,True,
CMPX,1738021,"Compass Therapeutics, Inc.",Nasdaq,2836,"Biological Products, (No Diagnostic Substances)",operating,Health Care,True,
AREC,1590715,American Resources Corp,Nasdaq,1220,Silver Ores,operating,Energy,True,
CURI,1776909,CuriosityStream Inc.,Nasdaq,7812,Services-Motion Picture & Video Tape Production,operating,Communication Services,True,
ORMP,1176309,ORAMED PHARMACEUTICALS INC.,Nasdaq,2834,Pharmaceutical Preparations,operating,Health Care,True,
MPV,831655,BARINGS PARTICIPATION INVESTORS,NYSE,,,other,Unclassified,False,not an operating company
ANTX,1880438,"AN2 Therapeutics, Inc.",Nasdaq,2834,Pharmaceutical Preparations,operating,Health Care,True,
EDRY,1731388,EuroDry Ltd.,Nasdaq,4400,Water Transportation,other,Industrials,False,not an operating company
CMTG,1666291,"Claros Mortgage Trust, Inc.",NYSE,6500,Real Estate,operating,Real Estate,True,
ESP,33533,ESPEY MFG & ELECTRONICS CORP,NYSE,3679,"Electronic Components, NEC",operating,Information Technology,True,
FLWS,1084869,1 800 FLOWERS COM INC,Nasdaq,5990,"Retail-Retail Stores, NEC",operating,Consumer Discretionary,True,
NEN,746514,NEW ENGLAND REALTY ASSOCIATES LIMITED PARTNERSHIP,NYSE,6513,Operators of  Apartment Buildings,operating,Real Estate,True,
LAWR,2007599,"Robot Consulting Co., Ltd.",Nasdaq,7370,"Services-Computer Programming, Data Processing, Etc.",other,Information Technology,False,not an operating company
OPP,1678130,"RiverNorth/DoubleLine Strategic Opportunity Fund, Inc.",NYSE,,,other,Unclassified,False,not an operating company
RDCM,1016838,RADCOM LTD,Nasdaq,3577,"Computer Peripheral Equipment, NEC",other,Information Technology,False,not an operating company
RILY,1464790,"BRC Group Holdings, Inc.",Nasdaq,6282,Investment Advice,operating,Financials,True,
DMB,1565381,"BNY Mellon Municipal Bond Infrastructure Fund, Inc.",NYSE,,,other,Unclassified,False,not an operating company
DERM,1867066,Journey Medical Corp,Nasdaq,2834,Pharmaceutical Preparations,operating,Health Care,True,
SPMC,1930147,"Sound Point Meridian Capital, Inc.",NYSE,,,other,Unclassified,False,not an operating company
CTAA,2094073,Clearthink 1 Acquisition Corp.,Nasdaq,6770,Blank Checks,operating,Financials,False,blank check (SPAC)
MINE,1823255,MAYFAIR GOLD CORP.,NYSE,1000,Metal Mining,other,Materials,False,not an operating company
SITC,894315,SITE Centers Corp.,NYSE,6798,Real Estate Investment Trusts,operating,Real Estate,True,
LODE,1120970,Comstock Inc.,NYSE,2860,Industrial Organic Chemicals,operating,Materials,True,
GF,858706,NEW GERMANY FUND INC,NYSE,0000,,other,Unclassified,False,not an operating company
OCLT,2137679,OceanLight Acquisition Corp,Nasdaq,6770,Blank Checks,operating,Financials,False,blank check (SPAC)
EBMT,1478454,"Eagle Bancorp Montana, Inc.",Nasdaq,6022,State Commercial Banks,operating,Financials,True,
JRVR,1620459,"James River Group Holdings, Inc.",Nasdaq,6331,"Fire, Marine & Casualty Insurance",operating,Financials,True,
LEE,58361,"LEE ENTERPRISES, Inc",Nasdaq,2711,Newspapers: Publishing or  Publishing & Printing,operating,Communication Services,True,
UIS,746838,UNISYS CORP,NYSE,7373,Services-Computer Integrated Systems Design,operating,Information Technology,True,
NMP,2054876,NMP Acquisition Corp.,Nasdaq,6770,Blank Checks,operating,Financials,False,blank check (SPAC)
PEPG,1835597,PepGen Inc.,Nasdaq,2834,Pharmaceutical Preparations,operating,Health Care,True,
ALXO,1810182,ALX ONCOLOGY HOLDINGS INC,Nasdaq,2834,Pharmaceutical Preparations,operating,Health Care,True,
CNTN,1861657,"Canton Strategic Holdings, Inc.",Nasdaq,6199,Finance Services,operating,Financials,True,
IPHA,1598599,Innate Pharma SA,Nasdaq,2836,"Biological Products, (No Diagnostic Substances)",other,Health Care,False,not an operating company
SSTK,1549346,"Shutterstock, Inc.",NYSE,7374,Services-Computer Processing & Data Preparation,operating,Information Technology,True,
ORGO,1661181,Organogenesis Holdings Inc.,Nasdaq,2834,Pharmaceutical Preparations,operating,Health Care,True,
ECF,793040,ELLSWORTH GROWTH & INCOME FUND LTD,NYSE,0000,,other,Unclassified,False,not an operating company
NSTR,2080023,"NorthStar Earth & Space Enterprises, Inc.",NYSE,4899,"Communications Services, NEC",operating,Communication Services,True,
SAGU,2083452,Shreya Acquisition Group,NYSE,6770,Blank Checks,operating,Financials,False,blank check (SPAC)
OZ,1807046,"Belpointe PREP, LLC",NYSE,6500,Real Estate,operating,Real Estate,True,
MRT,1852767,"Marti Technologies, Inc.",NYSE,7510,Services-Auto Rental & Leasing (No Drivers),operating,Industrials,True,
MDWD,1593984,MediWound Ltd.,Nasdaq,2833,Medicinal Chemicals & Botanical Products,other,Health Care,False,not an operating company
CUE,1645460,"Cue Biopharma, Inc.",Nasdaq,2834,Pharmaceutical Preparations,operating,Health Care,True,
SANG,1753368,Sangoma Technologies Corp,Nasdaq,7370,"Services-Computer Programming, Data Processing, Etc.",other,Information Technology,False,not an operating company
EMIS,2075816,Emmis Acquisition Corp.,Nasdaq,6770,Blank Checks,operating,Financials,False,blank check (SPAC)
EHI,1228509,WESTERN ASSET GLOBAL HIGH INCOME FUND INC.,NYSE,,,other,Unclassified,False,not an operating company
STIM,1227636,"Neuronetics, Inc.",Nasdaq,3841,Surgical & Medical Instruments & Apparatus,operating,Health Care,True,
VBF,5094,Invesco Bond Fund,NYSE,,,other,Unclassified,False,not an operating company
PLG,1095052,PLATINUM GROUP METALS LTD,NYSE,1040,Gold and Silver Ores,other,Materials,False,not an operating company
FLC,1245648,FLAHERTY & CRUMRINE TOTAL RETURN FUND INC,NYSE,,,other,Unclassified,False,not an operating company
QRED,2085177,QuasarEdge Acquisition Corp,NYSE,6770,Blank Checks,operating,Financials,False,blank check (SPAC)
ACR,1332551,ACRES Commercial Realty Corp.,NYSE,6798,Real Estate Investment Trusts,operating,Real Estate,True,
LKSP,2043508,Lake Superior Acquisition Corp,Nasdaq,6770,Blank Checks,operating,Financials,False,blank check (SPAC)
GLED,2091484,GalaxyEdge Acquisition Corp,NYSE,6770,Blank Checks,operating,Financials,False,blank check (SPAC)
WENC,2104260,West Enclave Merger Corp.,NYSE,6770,Blank Checks,operating,Financials,False,blank check (SPAC)
ONEW,1772921,OneWater Marine Inc.,Nasdaq,5531,Retail-Auto & Home Supply Stores,operating,Consumer Discretionary,True,
ATOM,1420520,Atomera Inc,Nasdaq,3674,Semiconductors & Related Devices,operating,Information Technology,True,
NRO,1261166,NEUBERGER REAL ESTATE SECURITIES INCOME FUND INC,NYSE,,,other,Unclassified,False,not an operating company
NERV,1598646,"Minerva Neurosciences, Inc.",Nasdaq,2834,Pharmaceutical Preparations,operating,Health Care,True,
SPEG,2028735,Silver Pegasus Acquisition Corp.,Nasdaq,6770,Blank Checks,operating,Financials,False,blank check (SPAC)
CHRS,1512762,"Coherus Oncology, Inc.",Nasdaq,2836,"Biological Products, (No Diagnostic Substances)",operating,Health Care,True,
LAFA,2079106,LaFayette Acquisition Corp.,Nasdaq,6770,Blank Checks,operating,Financials,False,blank check (SPAC)
RRGB,1171759,RED ROBIN GOURMET BURGERS INC,Nasdaq,5812,Retail-Eating  Places,operating,Consumer Discretionary,True,
FMAC,2099232,Future Money Acquisition Corp,Nasdaq,6770,Blank Checks,operating,Financials,False,blank check (SPAC)
NAKA,1946573,Nakamoto Inc.,Nasdaq,6199,Finance Services,operating,Financials,True,
VRXA,2079109,Veraxa Biotech AG - Post de-SPAC,Nasdaq,2834,Pharmaceutical Preparations,other,Health Care,False,not an operating company
WPAC,2081536,White Pearl Acquisition Corp.,NYSE,6770,Blank Checks,operating,Financials,False,blank check (SPAC)
SIDU,1879726,Sidus Space Inc.,Nasdaq,4812,Radiotelephone Communications,operating,Communication Services,True,
DHF,1057861,BNY MELLON HIGH YIELD STRATEGIES FUND,NYSE,,,other,Unclassified,False,not an operating company
NBP,1778016,NovaBridge Biosciences,Nasdaq,2834,Pharmaceutical Preparations,other,Health Care,False,not an operating company
NKTX,1787400,"Nkarta, Inc.",Nasdaq,2834,Pharmaceutical Preparations,operating,Health Care,True,
CRDL,1702123,Cardiol Therapeutics Inc.,Nasdaq,2836,"Biological Products, (No Diagnostic Substances)",other,Health Care,False,not an operating company
ATER,1757715,"Aterian, Inc.",Nasdaq,3634,Electric Housewares & Fans,operating,Consumer Discretionary,True,
BRCB,2068577,"Black Rock Coffee Bar, Inc.",Nasdaq,5810,Retail-Eating & Drinking Places,operating,Consumer Discretionary,True,
SEVN,1452477,Seven Hills Realty Trust,Nasdaq,6798,Real Estate Investment Trusts,operating,Real Estate,True,
HTLM,2023153,HomesToLife Ltd,Nasdaq,5712,Retail-Furniture Stores,other,Consumer Discretionary,False,not an operating company
INGN,1294133,Inogen Inc,Nasdaq,3842,"Orthopedic, Prosthetic & Surgical Appliances & Supplies",operating,Health Care,True,
ELME,104894,Elme Communities,NYSE,6798,Real Estate Investment Trusts,operating,Real Estate,True,
OCAC,1926314,Ocean Capital Acquisition Corp,NYSE,6770,Blank Checks,operating,Financials,False,blank check (SPAC)
OPRX,1448431,OptimizeRx Corp,Nasdaq,7389,"Services-Business Services, NEC",operating,Industrials,True,
BNR,1792267,Burning Rock Biotech Ltd,Nasdaq,8071,Services-Medical Laboratories,other,Health Care,False,not an operating company
KRRO,1703647,"Korro Bio, Inc.",Nasdaq,2834,Pharmaceutical Preparations,operating,Health Care,True,
TARA,1359931,"Protara Therapeutics, Inc.",Nasdaq,2836,"Biological Products, (No Diagnostic Substances)",operating,Health Care,True,
MSLE,1421642,Satellos Bioscience Inc.,Nasdaq,2834,Pharmaceutical Preparations,other,Health Care,False,not an operating company
TONT,1897463,Graf Global Corp.,NYSE,6770,Blank Checks,operating,Financials,False,blank check (SPAC)
HSDT,1610853,Solana Co,Nasdaq,6199,Finance Services,operating,Financials,True,
MENS,1954488,Jyong Biotech Ltd.,Nasdaq,2834,Pharmaceutical Preparations,other,Health Care,False,not an operating company
INAC,2063816,Indigo Acquisition Corp.,Nasdaq,6770,Blank Checks,operating,Financials,False,blank check (SPAC)
WHF,1552198,"WhiteHorse Finance, Inc.",Nasdaq,,,operating,Unclassified,True,
DLTH,1649744,DULUTH HOLDINGS INC.,Nasdaq,5600,Retail-Apparel & Accessory Stores,operating,Consumer Discretionary,True,
NEOV,1748137,NeoVolta Inc.,Nasdaq,3690,"Miscellaneous Electrical Machinery, Equipment & Supplies",operating,Information Technology,True,
FINW,1856365,Finwise Bancorp,Nasdaq,6022,State Commercial Banks,operating,Financials,True,
EML,31107,EASTERN CO,Nasdaq,3420,"Cutlery, Handtools & General Hardware",operating,Industrials,True,
EDF,1501103,Virtus Stone Harbor Emerging Markets Income Fund,NYSE,,,other,Unclassified,False,not an operating company
YCY,2075336,AA Mission Acquisition Corp. II,NYSE,6770,Blank Checks,operating,Financials,False,blank check (SPAC)
GIBO,2034520,GIBO HOLDINGS Ltd,Nasdaq,7372,Services-Prepackaged Software,other,Information Technology,False,not an operating company
SKYX,1598981,SKYX Platforms Corp.,Nasdaq,3640,Electric Lighting & Wiring Equipment,operating,Industrials,True,
CEPS,2089536,"Cantor Equity Partners VI, Inc.",Nasdaq,6770,Blank Checks,operating,Financials,False,blank check (SPAC)
ABOS,1576885,"Acumen Pharmaceuticals, Inc.",Nasdaq,2836,"Biological Products, (No Diagnostic Substances)",operating,Health Care,True,
WW,105319,"WW INTERNATIONAL, INC.",Nasdaq,7200,Services-Personal Services,operating,Consumer Discretionary,True,
HGLB,1622148,HIGHLAND GLOBAL ALLOCATION FUND,NYSE,,,investment,Unclassified,False,not an operating company
ZJYL,1837821,Jin Medical International Ltd.,Nasdaq,3842,"Orthopedic, Prosthetic & Surgical Appliances & Supplies",other,Health Care,False,not an operating company
CDXS,1200375,"CODEXIS, INC.",Nasdaq,2860,Industrial Organic Chemicals,operating,Materials,True,
QTRX,1503274,Quanterix Corp,Nasdaq,3826,Laboratory Analytical Instruments,operating,Information Technology,True,
APUR,2093524,Aperture AC,Nasdaq,6770,Blank Checks,operating,Financials,False,blank check (SPAC)
POLE,2025341,Andretti Acquisition Corp. II,Nasdaq,6770,Blank Checks,operating,Financials,False,blank check (SPAC)
JELD,1674335,"JELD-WEN Holding, Inc.",NYSE,2430,"Millwood, Veneer, Plywood, & Structural Wood Members",operating,Materials,True,
ALPX,2125551,Alpex Acquisition Corp,Nasdaq,6770,Blank Checks,operating,Financials,False,blank check (SPAC)
DFDV,1805526,DeFi Development Corp.,Nasdaq,6199,Finance Services,operating,Financials,True,
NIU,1744781,Niu Technologies,Nasdaq,3711,Motor Vehicles & Passenger Car Bodies,other,Consumer Discretionary,False,not an operating company
TRAD,2085485,APEX Tech Acquisition Inc.,NYSE,6770,Blank Checks,operating,Financials,False,blank check (SPAC)
VNCE,1579157,VINCE HOLDING CORP.,Nasdaq,5600,Retail-Apparel & Accessory Stores,operating,Consumer Discretionary,True,
ENGS,1971828,Energys Group Ltd,Nasdaq,1731,Electrical Work,other,Industrials,False,not an operating company
NCO,2116230,Southern Cross Acquisition I Corp.,Nasdaq,6770,Blank Checks,operating,Financials,False,blank check (SPAC)
MOLN,1745114,MOLECULAR PARTNERS AG,Nasdaq,2836,"Biological Products, (No Diagnostic Substances)",other,Health Care,False,not an operating company
MYX,2080087,Maywood Acquisition Corp. 2,Nasdaq,6770,Blank Checks,operating,Financials,False,blank check (SPAC)
EPM,1006655,EVOLUTION PETROLEUM CORP,NYSE,1311,Crude Petroleum & Natural Gas,operating,Energy,True,
XFLH,2088103,XFLH Capital Corp,NYSE,6770,Blank Checks,operating,Financials,False,blank check (SPAC)
VYGR,1640266,"Voyager Therapeutics, Inc.",Nasdaq,2836,"Biological Products, (No Diagnostic Substances)",operating,Health Care,True,
BRLT,1866757,"Brilliant Earth Group, Inc.",Nasdaq,3910,"Jewelry, Silverware & Plated Ware",operating,Consumer Discretionary,True,
HUCK,1505952,"Huckleberry.ai, Inc.",Nasdaq,7372,Services-Prepackaged Software,operating,Information Technology,True,
PNI,1170311,PIMCO NEW YORK MUNICIPAL INCOME FUND II,NYSE,,,other,Unclassified,False,not an operating company
VRA,1495320,"Vera Bradley, Inc.",Nasdaq,3100,Leather & Leather Products,operating,Consumer Discretionary,True,
PIM,830622,FRANKLIN MASTER INTERMEDIATE INCOME TRUST,NYSE,,,other,Unclassified,False,not an operating company
NLOP,1952976,Net Lease Office Properties,NYSE,6798,Real Estate Investment Trusts,operating,Real Estate,True,
TLSA,1723069,Tiziana Life Sciences Ltd,Nasdaq,2834,Pharmaceutical Preparations,other,Health Care,False,not an operating company
COOK,1857853,"Traeger, Inc.",NYSE,3630,Household Appliances,operating,Consumer Discretionary,True,
GNT,1438893,"GAMCO Natural Resources, Gold & Income Trust",NYSE,,,other,Unclassified,False,not an operating company
NSAI,2133719,NorthStrive Acquisition Corp I.,Nasdaq,6770,Blank Checks,other,Financials,False,blank check (SPAC)
TCGX,2137965,TCGX Acquisition Corp.,Nasdaq,6770,Blank Checks,operating,Financials,False,blank check (SPAC)
TLAC,2128462,Three Lions Acquisition Corp.,Nasdaq,6770,Blank Checks,other,Financials,False,blank check (SPAC)
ARMP,921114,"Armata Pharmaceuticals, Inc.",NYSE,2836,"Biological Products, (No Diagnostic Substances)",operating,Health Care,True,
LSBK,2059653,"Lake Shore Bancorp, Inc. /MD/",Nasdaq,6035,"Savings Institution, Federally Chartered",operating,Financials,True,
DVLT,1682149,Datavault AI Inc.,Nasdaq,7389,"Services-Business Services, NEC",operating,Industrials,True,
AVXL,1314052,ANAVEX LIFE SCIENCES CORP.,Nasdaq,2836,"Biological Products, (No Diagnostic Substances)",operating,Health Care,True,
TRAK,50471,"ReposiTrak, Inc.",NYSE,7374,Services-Computer Processing & Data Preparation,operating,Information Technology,True,
BHAV,2097288,BHAV Acquisition Corp,Nasdaq,6770,Blank Checks,operating,Financials,False,blank check (SPAC)
CANG,1725123,Cango Inc.,NYSE,6199,Finance Services,other,Financials,False,not an operating company
RNA,2093101,"Atrium Therapeutics, Inc.",Nasdaq,2834,Pharmaceutical Preparations,operating,Health Care,True,
EARN,1560672,Ellington Credit Co,NYSE,6798,Real Estate Investment Trusts,operating,Real Estate,True,
DOUG,1878897,Douglas Elliman Inc.,NYSE,6531,Real Estate Agents & Managers (For Others),operating,Real Estate,True,
EGAN,1066194,EGAIN Corp,Nasdaq,7372,Services-Prepackaged Software,operating,Information Technology,True,
RFAM,2091712,RF Acquisition Corp III,Nasdaq,6770,Blank Checks,operating,Financials,False,blank check (SPAC)
OTLK,1649989,"Outlook Therapeutics, Inc.",Nasdaq,2836,"Biological Products, (No Diagnostic Substances)",operating,Health Care,True,
MRDN,1437925,Meridian Holdings Inc./NV,Nasdaq,7372,Services-Prepackaged Software,operating,Information Technology,True,
UAC,2098669,United Acquisition Corp. I,NYSE,6770,Blank Checks,operating,Financials,False,blank check (SPAC)
FGBI,1408534,"First Guaranty Bancshares, Inc.",Nasdaq,6035,"Savings Institution, Federally Chartered",operating,Financials,True,
CEPL,1009759,"Capstone Energy Plus, Inc.",Nasdaq,3510,Engines & Turbines,operating,Industrials,True,
SPE,897802,"SPECIAL OPPORTUNITIES FUND, INC.",NYSE,,,other,Unclassified,False,not an operating company
MRLN,2028707,"Merlin, Inc.",Nasdaq,7373,Services-Computer Integrated Systems Design,operating,Information Technology,True,
SCPQ,2083143,Social Commerce Partners Corp,Nasdaq,6770,Blank Checks,operating,Financials,False,blank check (SPAC)
DMRC,2119322,Digimarc Corp,Nasdaq,7373,Services-Computer Integrated Systems Design,operating,Information Technology,True,
OXSQ,1259429,Oxford Square Capital Corp.,Nasdaq,,,operating,Unclassified,True,
UP,1819516,Wheels Up Experience Inc.,NYSE,4522,"Air Transportation, Nonscheduled",operating,Industrials,True,
KRMD,704440,"KORU Medical Systems, Inc.",Nasdaq,3841,Surgical & Medical Instruments & Apparatus,operating,Health Care,True,
OCC,1000230,OPTICAL CABLE CORP,Nasdaq,3357,Drawing & Insulating of  Nonferrous Wire,operating,Materials,True,
FTHA,2097986,Forefront Tech Holdings Acquisition Corp,Nasdaq,6770,Blank Checks,operating,Financials,False,blank check (SPAC)
GRX,1391437,Gabelli Healthcare & WellnessRx Trust,NYSE,,,other,Unclassified,False,not an operating company
SRBK,1951276,"SR Bancorp, Inc.",Nasdaq,6036,"Savings Institutions, Not Federally Chartered",operating,Financials,True,
NYXH,1857190,Nyxoah SA,Nasdaq,3841,Surgical & Medical Instruments & Apparatus,other,Health Care,False,not an operating company
VTN,883265,Invesco Trust for Investment Grade New York Municipals,NYSE,,,other,Unclassified,False,not an operating company
PLUN,2065661,Plutonian Acquisition Corp. II,NYSE,6770,Blank Checks,operating,Financials,False,blank check (SPAC)
MHF,830487,WESTERN ASSET MUNICIPAL HIGH INCOME FUND INC.,NYSE,,,other,Unclassified,False,not an operating company
HOFT,1077688,HOOKER FURNISHINGS Corp,Nasdaq,2510,Household Furniture,operating,Consumer Discretionary,True,
OGI,1620737,ORGANIGRAM GLOBAL INC.,Nasdaq,2834,Pharmaceutical Preparations,other,Health Care,False,not an operating company
HURC,315374,HURCO COMPANIES INC,Nasdaq,3823,"Industrial Instruments For Measurement, Display, and Control",operating,Information Technology,True,
OWLT,1816708,"Owlet, Inc.",NYSE,3829,"Measuring & Controlling Devices, NEC",operating,Information Technology,True,
PFD,868578,FLAHERTY & CRUMRINE PREFERRED & INCOME FUND INC,NYSE,,,other,Unclassified,False,not an operating company
TLYS,1524025,"TILLY'S, INC.",NYSE,5600,Retail-Apparel & Accessory Stores,operating,Consumer Discretionary,True,
CLPR,1649096,Clipper Realty Inc.,NYSE,6798,Real Estate Investment Trusts,operating,Real Estate,True,
MSD,904112,MORGAN STANLEY EMERGING MARKETS DEBT FUND INC,NYSE,,,other,Unclassified,False,not an operating company
FEAM,1888654,"5E Advanced Materials, Inc.",Nasdaq,1400,Mining & Quarrying of  Nonmetallic Minerals (No Fuels),operating,Materials,True,
DLNG,1578453,Dynagas LNG Partners LP,NYSE,4400,Water Transportation,other,Industrials,False,not an operating company
TUSK,1679268,"MAMMOTH ENERGY SERVICES, INC.",Nasdaq,1389,"Oil & Gas Field Services, NEC",operating,Energy,True,
AIIO,1932737,ROBO.AI INC.,Nasdaq,3711,Motor Vehicles & Passenger Car Bodies,other,Consumer Discretionary,False,not an operating company
BGX,1504234,Blackstone Long-Short Credit Income Fund,NYSE,,,other,Unclassified,False,not an operating company
BMN,1832871,BlackRock 2037 Municipal Target Term Trust,NYSE,,,other,Unclassified,False,not an operating company
LANV,1922097,Lanvin Group Holdings Ltd,NYSE,2300,Apparel & Other Finishd Prods of  Fabrics & Similar Matl,other,Consumer Discretionary,False,not an operating company
KLXE,1738827,"KLX Energy Services Holdings, Inc.",Nasdaq,1389,"Oil & Gas Field Services, NEC",operating,Energy,True,
AGPU,1446159,Axe Compute Inc.,Nasdaq,6199,Finance Services,operating,Financials,True,
SAFX,2019793,"XCF Global, Inc.",Nasdaq,2860,Industrial Organic Chemicals,operating,Materials,True,
DIBS,1600641,"1stdibs.com, Inc.",Nasdaq,5961,Retail-Catalog & Mail-Order Houses,operating,Consumer Discretionary,True,
AMOD,1862463,"ALPHA MODUS HOLDINGS, INC.",Nasdaq,6794,Patent Owners & Lessors,operating,Financials,True,
CAAS,2037400,"China Automotive Systems, Inc.",Nasdaq,3714,Motor Vehicle Parts & Accessories,other,Consumer Discretionary,False,not an operating company
FLYX,1843973,FLYEXCLUSIVE INC.,NYSE,4522,"Air Transportation, Nonscheduled",operating,Industrials,True,
HEQ,1496749,John Hancock Diversified Income Fund,NYSE,,,other,Unclassified,False,not an operating company
BYND,1655210,"BEYOND MEAT, INC.",Nasdaq,2000,Food and Kindred Products,operating,Consumer Staples,True,
CTW,2047148,CTW,Nasdaq,7374,Services-Computer Processing & Data Preparation,other,Information Technology,False,not an operating company
GRO,1472326,Brazil Potash Corp.,NYSE,1400,Mining & Quarrying of  Nonmetallic Minerals (No Fuels),other,Materials,False,not an operating company
HCAT,1636422,"Health Catalyst, Inc.",Nasdaq,7370,"Services-Computer Programming, Data Processing, Etc.",operating,Information Technology,True,
CLAR,913277,Clarus Corp,Nasdaq,3949,"Sporting & Athletic Goods, NEC",operating,Consumer Discretionary,True,
SPRB,1683553,"SPRUCE BIOSCIENCES, INC.",Nasdaq,2834,Pharmaceutical Preparations,operating,Health Care,True,
VECA,2081690,Vernal Capital Acquisition Corp.,NYSE,6770,Blank Checks,operating,Financials,False,blank check (SPAC)
BCV,9521,BANCROFT FUND LTD,NYSE,,,other,Unclassified,False,not an operating company
LGCY,1836754,Legacy Education Inc.,NYSE,8200,Services-Educational Services,operating,Industrials,True,
MED,910329,MEDIFAST INC,NYSE,2090,Miscellaneous Food Preparations & Kindred Products,operating,Consumer Staples,True,
FWAC,2116105,Futurewave Acquisition Corp,Nasdaq,6770,Blank Checks,operating,Financials,False,blank check (SPAC)
FXAC,2121703,FortuneX Acquisition Corp,Nasdaq,6770,Blank Checks,operating,Financials,False,blank check (SPAC)
LFMD,948320,"LifeMD, Inc.",Nasdaq,8011,Services-Offices & Clinics of  Doctors of  Medicine,operating,Health Care,True,
EWAV,2100704,East West Ave Acquisition Corp.,Nasdaq,6770,Blank Checks,operating,Financials,False,blank check (SPAC)
SHIM,1887944,Shimmick Corp,Nasdaq,1600,Heavy Construction Other Than Bldg Const - Contractors,operating,Industrials,True,
WYHG,1999860,Wing Yip Food Holdings Group Ltd,Nasdaq,2013,Sausages & Other Prepared Meat Products,other,Consumer Staples,False,not an operating company
EGG,1982961,ENIGMATIG LTD,NYSE,8742,Services-Management Consulting Services,other,Industrials,False,not an operating company
ABLV,1957489,Able View Global Inc.,Nasdaq,5960,Retail-Nonstore Retailers,other,Consumer Discretionary,False,not an operating company
ONL,1873923,Orion Properties Inc.,NYSE,6798,Real Estate Investment Trusts,operating,Real Estate,True,
AMTX,738214,"AEMETIS, INC",Nasdaq,2860,Industrial Organic Chemicals,operating,Materials,True,
SRFM,1936224,SURF AIR MOBILITY INC.,NYSE,4522,"Air Transportation, Nonscheduled",operating,Industrials,True,
BGM,1779578,BGM Group Ltd.,Nasdaq,2834,Pharmaceutical Preparations,other,Health Care,False,not an operating company
TNXP,1430306,Tonix Pharmaceuticals Holding Corp.,Nasdaq,2834,Pharmaceutical Preparations,operating,Health Care,True,
HYNE,2073153,"Hoyne Bancorp, Inc.",Nasdaq,6036,"Savings Institutions, Not Federally Chartered",operating,Financials,True,
CLLS,1627281,Cellectis S.A.,Nasdaq,2836,"Biological Products, (No Diagnostic Substances)",other,Health Care,False,not an operating company
XHG,1769256,XChange TEC.INC,Nasdaq,6411,"Insurance Agents, Brokers & Service",other,Financials,False,not an operating company
NRXP,1719406,"NRX Pharmaceuticals, Inc.",Nasdaq,2834,Pharmaceutical Preparations,operating,Health Care,True,
MPA,891038,BLACKROCK MUNIYIELD PENNSYLVANIA QUALITY FUND,NYSE,,,other,Unclassified,False,not an operating company
HYI,1497186,Western Asset High Yield Opportunity Fund Inc.,NYSE,,,other,Unclassified,False,not an operating company
ACNT,95953,ASCENT INDUSTRIES CO.,Nasdaq,2800,Chemicals & Allied Products,operating,Materials,True,
TISI,318833,TEAM INC,NYSE,7600,Services-Miscellaneous Repair Services,operating,Industrials,True,
DOYU,1762417,DouYu International Holdings Ltd,Nasdaq,7370,"Services-Computer Programming, Data Processing, Etc.",other,Information Technology,False,not an operating company
HURA,1498382,"TuHURA Biosciences, Inc./NV",Nasdaq,2834,Pharmaceutical Preparations,operating,Health Care,True,
HUMA,1818382,"Humacyte, Inc.",Nasdaq,2836,"Biological Products, (No Diagnostic Substances)",operating,Health Care,True,
BOTJ,1275101,BANK OF THE JAMES FINANCIAL GROUP INC,Nasdaq,6022,State Commercial Banks,operating,Financials,True,
MGYR,1337068,"Magyar Bancorp, Inc.",Nasdaq,6035,"Savings Institution, Federally Chartered",operating,Financials,True,
CGO,1285650,CALAMOS GLOBAL TOTAL RETURN FUND,Nasdaq,,,other,Unclassified,False,not an operating company
LUCD,1799011,Lucid Diagnostics Inc.,Nasdaq,3841,Surgical & Medical Instruments & Apparatus,operating,Health Care,True,
CBUS,1705843,"Cibus, Inc.",Nasdaq,2870,Agricultural Chemicals,operating,Materials,True,
ZJK,1941506,"ZJK Industrial Co., Ltd.",Nasdaq,3452,"Bolts, Nuts, Screws, Rivets & Washers",other,Industrials,False,not an operating company
VTVT,1641489,vTv Therapeutics Inc.,Nasdaq,2834,Pharmaceutical Preparations,operating,Health Care,True,
SEER,1726445,"Seer, Inc.",Nasdaq,3826,Laboratory Analytical Instruments,operating,Information Technology,True,
EP,887396,EMPIRE PETROLEUM CORP,NYSE,1311,Crude Petroleum & Natural Gas,operating,Energy,True,
RYDE,1971115,Ryde Group Ltd,NYSE,7389,"Services-Business Services, NEC",other,Industrials,False,not an operating company
SMID,924719,SMITH MIDLAND CORP,Nasdaq,3272,"Concrete Products, Except Block & Brick",operating,Materials,True,
AIRS,1870940,"Airsculpt Technologies, Inc.",Nasdaq,8011,Services-Offices & Clinics of  Doctors of  Medicine,operating,Health Care,True,
TNYA,1858848,"Tenaya Therapeutics, Inc.",Nasdaq,2836,"Biological Products, (No Diagnostic Substances)",operating,Health Care,True,
CHAR,2024459,Charlton Aria Acquisition Corp,Nasdaq,6770,Blank Checks,operating,Financials,False,blank check (SPAC)
PLCI,2122392,Pelican Acquisition II Corp,Nasdaq,6770,Blank Checks,other,Financials,False,blank check (SPAC)
GHI,1059142,Greystone Housing Impact Investors LP,NYSE,6199,Finance Services,operating,Financials,True,
RTB,1419275,"RTB Digital, Inc.",Nasdaq,8742,Services-Management Consulting Services,operating,Industrials,True,
KVHI,1007587,KVH INDUSTRIES INC \DE\,Nasdaq,4899,"Communications Services, NEC",operating,Communication Services,True,
IAF,779336,"ABRDN AUSTRALIA EQUITY FUND, INC.",NYSE,,,other,Unclassified,False,not an operating company
RVSB,1041368,RIVERVIEW BANCORP INC,Nasdaq,6035,"Savings Institution, Federally Chartered",operating,Financials,True,
SAIQ,2101411,WISeSat.Space Holdings Corp.,Nasdaq,4899,"Communications Services, NEC",other,Communication Services,False,not an operating company
FHTX,1822462,Foghorn Therapeutics Inc.,Nasdaq,2834,Pharmaceutical Preparations,operating,Health Care,True,
PLBY,1803914,"Playboy, Inc.",Nasdaq,5900,Retail-Miscellaneous Retail,operating,Consumer Discretionary,True,
BOOM,34067,DMC Global Inc.,Nasdaq,3390,Miscellaneous Primary Metal Products,operating,Materials,True,
AKA,1865107,A.K.A. BRANDS HOLDING CORP.,NYSE,5961,Retail-Catalog & Mail-Order Houses,operating,Consumer Discretionary,True,
HCHL,2046656,Happy City Holdings Ltd,Nasdaq,5812,Retail-Eating  Places,other,Consumer Discretionary,False,not an operating company
QUMS,2070900,Quantumsphere Acquisition Corp,Nasdaq,6770,Blank Checks,operating,Financials,False,blank check (SPAC)
JHS,759866,JOHN HANCOCK INCOME SECURITIES TRUST,NYSE,0000,,other,Unclassified,False,not an operating company
ZENA,1997403,"ZenaTech, Inc.",Nasdaq,7372,Services-Prepackaged Software,other,Information Technology,False,not an operating company
BRKH,2098707,Burtech Acquisition Corp II,Nasdaq,6770,Blank Checks,operating,Financials,False,blank check (SPAC)
ENGN,1980845,enGene Therapeutics Inc.,Nasdaq,2836,"Biological Products, (No Diagnostic Substances)",operating,Health Care,True,
TP,2104296,Ticketplus Ltd.,NYSE,7990,Services-Miscellaneous Amusement & Recreation,other,Consumer Discretionary,False,not an operating company
QUCY,1874252,Quantum Cyber N.V.,Nasdaq,2834,Pharmaceutical Preparations,operating,Health Care,True,
UFI,100726,UNIFI INC,NYSE,2200,Textile Mill Products,operating,Consumer Discretionary,True,
BSBK,1787414,Bogota Financial Corp.,Nasdaq,6036,"Savings Institutions, Not Federally Chartered",operating,Financials,True,
GGZ,1585855,Gabelli Global Small & Mid Cap Value Trust,NYSE,,,other,Unclassified,False,not an operating company
WSBK,2047235,"Winchester Bancorp, Inc./MD/",Nasdaq,6036,"Savings Institutions, Not Federally Chartered",operating,Financials,True,
BEEP,1847874,Mobile Infrastructure Corp,Nasdaq,6500,Real Estate,operating,Real Estate,True,
INO,1055726,"INOVIO PHARMACEUTICALS, INC.",Nasdaq,2834,Pharmaceutical Preparations,operating,Health Care,True,
LX,1708259,LexinFintech Holdings Ltd.,Nasdaq,6199,Finance Services,other,Financials,False,not an operating company
PROV,1010470,PROVIDENT FINANCIAL HOLDINGS INC,Nasdaq,6035,"Savings Institution, Federally Chartered",operating,Financials,True,
COYA,1835022,"Coya Therapeutics, Inc.",Nasdaq,2834,Pharmaceutical Preparations,operating,Health Care,True,
CODA,1334325,"Coda Octopus Group, Inc.",Nasdaq,3812,"Search, Detection, Navigation, Guidance, Aeronautical Sys",operating,Information Technology,True,
KULR,1662684,"KULR Technology Group, Inc.",NYSE,3670,Electronic Components & Accessories,operating,Information Technology,True,
FLX,1858724,BingEx Ltd,Nasdaq,4210,Trucking & Courier Services (No Air),other,Industrials,False,not an operating company
OPHC,1288855,"OptimumBank Holdings, Inc.",NYSE,6021,National Commercial Banks,operating,Financials,True,
UNB,706863,UNION BANKSHARES INC,Nasdaq,6022,State Commercial Banks,operating,Financials,True,
PLMK,2030482,Plum Acquisition Corp. IV,Nasdaq,4911,Electric Services,operating,Utilities,True,
CVGI,1290900,"Commercial Vehicle Group, Inc.",Nasdaq,3714,Motor Vehicle Parts & Accessories,operating,Consumer Discretionary,True,
GNLX,1231457,GENELUX Corp,Nasdaq,2834,Pharmaceutical Preparations,operating,Health Care,True,
LENZ,1815776,"LENZ Therapeutics, Inc.",Nasdaq,2836,"Biological Products, (No Diagnostic Substances)",operating,Health Care,True,
WTF,1987363,Waton Financial Ltd,Nasdaq,6200,"Security & Commodity Brokers, Dealers, Exchanges & Services",other,Financials,False,not an operating company
PMVP,1699382,"PMV Pharmaceuticals, Inc.",Nasdaq,2834,Pharmaceutical Preparations,operating,Health Care,True,
STEX,1530766,Streamex Corp.,Nasdaq,6200,"Security & Commodity Brokers, Dealers, Exchanges & Services",operating,Financials,True,
STXS,1289340,"Stereotaxis, Inc.",NYSE,3845,Electromedical & Electrotherapeutic Apparatus,operating,Health Care,True,
GLND,2093507,Greenland Energy Co,Nasdaq,1381,Drilling Oil & Gas Wells,operating,Energy,True,
SFBC,1541119,"Sound Financial Bancorp, Inc.",Nasdaq,6035,"Savings Institution, Federally Chartered",operating,Financials,True,
QTEX,1837493,QTREX Quantum Ltd.,Nasdaq,3841,Surgical & Medical Instruments & Apparatus,other,Health Care,False,not an operating company
HMR,2029471,Heidmar Maritime Holdings Corp.,Nasdaq,4412,Deep Sea Foreign Transportation of  Freight,operating,Industrials,True,
UNCY,1766140,"Unicycive Therapeutics, Inc.",Nasdaq,2834,Pharmaceutical Preparations,operating,Health Care,True,
AXR,6207,AMREP CORP.,NYSE,6552,Land Subdividers & Developers (No Cemeteries),operating,Real Estate,True,
RANI,1856725,"Rani Therapeutics Holdings, Inc.",Nasdaq,2834,Pharmaceutical Preparations,operating,Health Care,True,
OESX,1409375,"ORION ENERGY SYSTEMS, INC.",Nasdaq,3640,Electric Lighting & Wiring Equipment,operating,Industrials,True,
RMMZ,1870833,"RiverNorth Managed Duration Municipal Income Fund II, Inc.",NYSE,,,other,Unclassified,False,not an operating company
MCN,1289868,XAI Madison Equity Premium Income Fund,NYSE,,,other,Unclassified,False,not an operating company
NPWR,1845437,Net Power Inc.,NYSE,3620,Electrical Industrial Apparatus,operating,Industrials,True,
RNAQ,2147219,Rainier Acquisition Corp,Nasdaq,6770,Blank Checks,other,Financials,False,blank check (SPAC)
PBHC,1609065,"Pathfinder Bancorp, Inc.",Nasdaq,6022,State Commercial Banks,operating,Financials,True,
NINE,1532286,"Nine Energy Service, Inc.",NYSE,1389,"Oil & Gas Field Services, NEC",operating,Energy,True,
VANI,1266806,"Vivani Medical, Inc.",Nasdaq,3845,Electromedical & Electrotherapeutic Apparatus,operating,Health Care,True,
SSTI,1351636,"SOUNDTHINKING, INC.",Nasdaq,7372,Services-Prepackaged Software,operating,Information Technology,True,
PNBK,1098146,PATRIOT NATIONAL BANCORP INC,Nasdaq,6021,National Commercial Banks,operating,Financials,True,
NIM,890119,NUVEEN SELECT MATURITIES MUNICIPAL FUND,NYSE,,,other,Unclassified,False,not an operating company
QSEA,2047455,Quartzsea Acquisition Corp,Nasdaq,6770,Blank Checks,operating,Financials,False,blank check (SPAC)
BYFC,1001171,BROADWAY FINANCIAL CORP DE,Nasdaq,6035,"Savings Institution, Federally Chartered",operating,Financials,True,
SOTK,806172,SONO TEK CORP,Nasdaq,3559,"Special Industry Machinery, NEC",operating,Industrials,True,
PAI,75398,Western Asset Investment Grade Income Fund Inc.,NYSE,,,other,Unclassified,False,not an operating company
BHR,1574085,Braemar Hotels & Resorts Inc.,NYSE,6798,Real Estate Investment Trusts,operating,Real Estate,True,
DMO,1478102,Western Asset Mortgage Opportunity Fund Inc.,NYSE,,,other,Unclassified,False,not an operating company
TCX,909494,TUCOWS INC /PA/,Nasdaq,7374,Services-Computer Processing & Data Preparation,operating,Information Technology,True,
IMDX,1642380,Insight Molecular Diagnostics Inc.,Nasdaq,2835,In Vitro & In Vivo Diagnostic Substances,operating,Health Care,True,
ZKIN,1687451,"ZK International Group Co., Ltd.",Nasdaq,3490,Miscellaneous Fabricated Metal Products,other,Industrials,False,not an operating company
AARD,1774857,"Aardvark Therapeutics, Inc.",Nasdaq,2834,Pharmaceutical Preparations,operating,Health Care,True,
MACI,2016221,Melar Acquisition Corp. I/Cayman,Nasdaq,7389,"Services-Business Services, NEC",operating,Industrials,True,
SDEV,1389545,Stablecoin Development Corp,NYSE,6199,Finance Services,operating,Financials,True,
NICM,1526475,NICOLA MINING INC.,Nasdaq,1000,Metal Mining,other,Materials,False,not an operating company
CHPG,2024460,ChampionsGate Acquisition Corp,Nasdaq,6770,Blank Checks,operating,Financials,False,blank check (SPAC)
ULBI,875657,ULTRALIFE CORP,Nasdaq,3690,"Miscellaneous Electrical Machinery, Equipment & Supplies",operating,Information Technology,True,
BYRN,1354866,Byrna Technologies Inc.,Nasdaq,3690,"Miscellaneous Electrical Machinery, Equipment & Supplies",operating,Information Technology,True,
GLU,1282957,GABELLI GLOBAL UTILITY & INCOME TRUST,NYSE,,,other,Unclassified,False,not an operating company
ANNA,1845123,"AleAnna, Inc.",Nasdaq,1311,Crude Petroleum & Natural Gas,operating,Energy,True,
CPIX,1087294,CUMBERLAND PHARMACEUTICALS INC,Nasdaq,2834,Pharmaceutical Preparations,operating,Health Care,True,
BMHL,2027815,Bluemount Holdings Ltd,Nasdaq,6199,Finance Services,other,Financials,False,not an operating company
DH,1861795,Definitive Healthcare Corp.,Nasdaq,7372,Services-Prepackaged Software,operating,Information Technology,True,
RACD,2137777,Research Alliance Corp IV,Nasdaq,6770,Blank Checks,operating,Financials,False,blank check (SPAC)
VIOT,1742770,"Viomi Technology Co., Ltd",Nasdaq,3630,Household Appliances,other,Consumer Discretionary,False,not an operating company
STHO,1953366,Star Holdings,Nasdaq,6519,"Lessors of  Real Property, NEC",operating,Real Estate,True,
SUIG,1425355,SUI Group Holdings Ltd.,Nasdaq,6199,Finance Services,operating,Financials,True,
VIRC,751365,VIRCO MFG CORPORATION,Nasdaq,2531,Public Bldg & Related Furniture,operating,Consumer Discretionary,True,
BZFD,1828972,"BuzzFeed, Inc.",Nasdaq,4899,"Communications Services, NEC",operating,Communication Services,True,
MXCT,1287098,"MAXCYTE, INC.",Nasdaq,8731,Services-Commercial Physical & Biological Research,operating,Industrials,True,
CRBP,1595097,"Corbus Pharmaceuticals Holdings, Inc.",Nasdaq,2834,Pharmaceutical Preparations,operating,Health Care,True,
BDTX,1701541,"Black Diamond Therapeutics, Inc.",Nasdaq,2836,"Biological Products, (No Diagnostic Substances)",operating,Health Care,True,
AMAN,2112457,Amanat Acquisition Corp.,Nasdaq,6770,Blank Checks,operating,Financials,False,blank check (SPAC)
HOVR,1930021,New Horizon Aircraft Ltd.,Nasdaq,3721,Aircraft,operating,Industrials,True,
RGP,1084765,"RESOURCES CONNECTION, INC.",Nasdaq,7389,"Services-Business Services, NEC",operating,Industrials,True,
TDTH,1983550,Trident Digital Tech Holdings Ltd,Nasdaq,7389,"Services-Business Services, NEC",other,Industrials,False,not an operating company
VIVO,1681348,VivoPower PLC,Nasdaq,4931,Electric & Other Services Combined,other,Utilities,False,not an operating company
ANIX,715446,Anixa Biosciences Inc,Nasdaq,2834,Pharmaceutical Preparations,operating,Health Care,True,
IMUX,1280776,"IMMUNIC, INC.",Nasdaq,2834,Pharmaceutical Preparations,operating,Health Care,True,
DAVA,1656081,Endava plc,NYSE,7371,Services-Computer Programming Services,other,Information Technology,False,not an operating company
JYNT,1612630,JOINT Corp,Nasdaq,6794,Patent Owners & Lessors,operating,Financials,True,
LAKE,798081,LAKELAND INDUSTRIES INC,Nasdaq,3842,"Orthopedic, Prosthetic & Surgical Appliances & Supplies",operating,Health Care,True,
KZIA,1075880,KAZIA THERAPEUTICS LTD,Nasdaq,2834,Pharmaceutical Preparations,operating,Health Care,True,
ZSTK,1790169,ZeroStack Corp.,Nasdaq,6199,Finance Services,operating,Financials,True,
PLYX,2075320,"Polaryx Therapeutics, Inc.",Nasdaq,2834,Pharmaceutical Preparations,operating,Health Care,True,
PYPD,1611842,PolyPid Ltd.,Nasdaq,3841,Surgical & Medical Instruments & Apparatus,other,Health Care,False,not an operating company
APYX,719135,Apyx Medical Corp,Nasdaq,3841,Surgical & Medical Instruments & Apparatus,operating,Health Care,True,
PZG,1629210,Paramount Gold Nevada Corp.,NYSE,1000,Metal Mining,operating,Materials,True,
FURY,1514597,FURY GOLD MINES LTD,NYSE,1040,Gold and Silver Ores,other,Materials,False,not an operating company
JLHL,2007846,Julong Holding Ltd,Nasdaq,8711,Services-Engineering Services,other,Industrials,False,not an operating company
SBI,882300,WESTERN ASSET INTERMEDIATE MUNI FUND INC.,NYSE,,,other,Unclassified,False,not an operating company
VATE,1006837,INNOVATE Corp.,NYSE,3440,Fabricated Structural Metal Products,operating,Industrials,True,
BMEA,1840439,"Biomea Fusion, Inc.",Nasdaq,2834,Pharmaceutical Preparations,operating,Health Care,True,
CHMI,1571776,Cherry Hill Mortgage Investment Corp,NYSE,6798,Real Estate Investment Trusts,operating,Real Estate,True,
GCL,2002045,GCL Global Holdings Ltd,Nasdaq,7372,Services-Prepackaged Software,other,Information Technology,False,not an operating company
GHG,1724755,GreenTree Hospitality Group Ltd.,NYSE,7011,Hotels & Motels,other,Consumer Discretionary,False,not an operating company
KEQU,55529,KEWAUNEE SCIENTIFIC CORP /DE/,Nasdaq,3821,Laboratory Apparatus & Furniture,operating,Information Technology,True,
PARK,2069604,"Park Dental Partners, Inc.",Nasdaq,8090,"Services-Misc Health & Allied Services, NEC",operating,Health Care,True,
PAL,1998768,"Proficient Auto Logistics, Inc",Nasdaq,4700,Transportation Services,operating,Industrials,True,
SLNG,1043186,"Stabilis Solutions, Inc.",Nasdaq,4924,Natural Gas Distribution,operating,Utilities,True,
HYPR,1833769,"Hyperfine, Inc.",Nasdaq,3845,Electromedical & Electrotherapeutic Apparatus,operating,Health Care,True,
CSTE,1504379,Caesarstone Ltd.,Nasdaq,3281,Cut Stone & Stone Products,other,Materials,False,not an operating company
PGP,1318025,PIMCO Global StocksPLUS & Income Fund,NYSE,,,other,Unclassified,False,not an operating company
RDZN,1868640,Roadzen Inc.,Nasdaq,6411,"Insurance Agents, Brokers & Service",operating,Financials,True,
TAVI,2020385,Tavia Acquisition Corp.,Nasdaq,6770,Blank Checks,operating,Financials,False,blank check (SPAC)
PCF,810943,HIGH INCOME SECURITIES FUND,NYSE,0000,,other,Unclassified,False,not an operating company
BUDA,2079720,"BUDA JUICE, INC.",NYSE,2080,Beverages,operating,Consumer Staples,True,
JTTT,2145659,JATT III Acquisition Corp,Nasdaq,6770,Blank Checks,other,Financials,False,blank check (SPAC)
CBAT,2086841,CBAK Energy Technology Ltd,Nasdaq,3690,"Miscellaneous Electrical Machinery, Equipment & Supplies",other,Information Technology,False,not an operating company
RACC,2118032,Research Alliance Corp III,Nasdaq,2834,Pharmaceutical Preparations,operating,Health Care,True,
LPA,1997711,Logistic Properties of the Americas,NYSE,6500,Real Estate,other,Real Estate,False,not an operating company
INSE,1615063,"Inspired Entertainment, Inc.",Nasdaq,7372,Services-Prepackaged Software,operating,Information Technology,True,
IAE,1385632,Voya Asia Pacific High Dividend Equity Income Fund,NYSE,,,other,Unclassified,False,not an operating company
EMPD,1829794,Empery Digital Inc.,Nasdaq,6199,Finance Services,operating,Financials,True,
AUBN,750574,"AUBURN NATIONAL BANCORPORATION, INC",Nasdaq,6022,State Commercial Banks,operating,Financials,True,
CNXU,2066836,Conexeu Sciences Inc.,Nasdaq,3842,"Orthopedic, Prosthetic & Surgical Appliances & Supplies",operating,Health Care,True,
RGT,1514490,"ROYCE GLOBAL TRUST, INC.",NYSE,,,other,Unclassified,False,not an operating company
FDSB,2012726,"Fifth District Bancorp, Inc.",Nasdaq,6035,"Savings Institution, Federally Chartered",operating,Financials,True,
OKUR,1637715,"OnKure Therapeutics, Inc.",Nasdaq,2834,Pharmaceutical Preparations,operating,Health Care,True,
IGI,1462586,Western Asset Investment Grade Opportunity Trust Inc.,NYSE,,,other,Unclassified,False,not an operating company
BHM,1903382,"Bluerock Homes Trust, Inc.",NYSE,6798,Real Estate Investment Trusts,operating,Real Estate,True,
FNWB,1556727,First Northwest Bancorp,Nasdaq,6036,"Savings Institutions, Not Federally Chartered",operating,Financials,True,
SRG,1628063,Seritage Growth Properties,NYSE,6500,Real Estate,operating,Real Estate,True,
SIEB,65596,SIEBERT FINANCIAL CORP,Nasdaq,6211,"Security Brokers, Dealers & Flotation Companies",operating,Financials,True,
INVZ,1835654,Innoviz Technologies Ltd.,Nasdaq,3714,Motor Vehicle Parts & Accessories,other,Consumer Discretionary,False,not an operating company
EVTL,1867102,Vertical Aerospace Ltd.,NYSE,3721,Aircraft,other,Industrials,False,not an operating company
FUSB,717806,"FIRST US BANCSHARES, INC.",Nasdaq,6022,State Commercial Banks,operating,Financials,True,
BWEN,1120370,"BROADWIND, INC.",Nasdaq,3360,Nonferrous Foundries (Castings),operating,Materials,True,
ATRA,1604464,"Atara Biotherapeutics, Inc.",Nasdaq,2836,"Biological Products, (No Diagnostic Substances)",operating,Health Care,True,
SPWR,1838987,SunPower Inc.,Nasdaq,1700,Construction - Special Trade Contractors,operating,Industrials,True,
EQ,1746466,"Equillium, Inc.",Nasdaq,2834,Pharmaceutical Preparations,operating,Health Care,True,
CIGL,2001794,Concorde International Group Ltd.,Nasdaq,7381,"Services-Detective, Guard & Armored Car Services",other,Industrials,False,not an operating company
MMTX,2077033,Miluna Acquisition Corp,Nasdaq,7371,Services-Computer Programming Services,operating,Information Technology,True,
FJET,1947016,"Starfighters Space, Inc.",NYSE,4512,"Air Transportation, Scheduled",operating,Industrials,True,
ORIQ,2044523,Origin Investment Corp I,Nasdaq,6770,Blank Checks,operating,Financials,False,blank check (SPAC)
HERE,1932770,Here Group Ltd,Nasdaq,5945,"Retail-Hobby, Toy & Game Shops",other,Consumer Discretionary,False,not an operating company
RLYB,1739410,Rallybio Corp,Nasdaq,2834,Pharmaceutical Preparations,operating,Health Care,True,
HOST,1948864,Host Digital Inc.,NYSE,5411,Retail-Grocery Stores,operating,Consumer Staples,True,
GRWG,1604868,GrowGeneration Corp.,Nasdaq,5200,"Retail-Building Materials, Hardware, Garden Supply",operating,Consumer Discretionary,True,
ARQ,1515156,"Arq, Inc.",Nasdaq,2890,Miscellaneous Chemical Products,operating,Materials,True,
RFIL,740664,R F INDUSTRIES LTD,Nasdaq,3678,Electronic Connectors,operating,Information Technology,True,
GDL,1378701,GDL FUND,NYSE,,,other,Unclassified,False,not an operating company
JXG,1546383,JX Luxventure Group Inc.,Nasdaq,5000,Wholesale-Durable Goods,other,Industrials,False,not an operating company
MIST,1408443,Milestone Pharmaceuticals Inc.,Nasdaq,2834,Pharmaceutical Preparations,operating,Health Care,True,
HFFG,1680873,HF Foods Group Inc.,Nasdaq,5140,Wholesale-Groceries & Related Products,operating,Industrials,True,
WRAP,1702924,"WRAP TECHNOLOGIES, INC.",Nasdaq,3480,"Ordnance & Accessories, (No Vehicles/Guided Missiles)",operating,Industrials,True,
JLS,1472215,Nuveen Mortgage & Income Fund/MA/,NYSE,,,other,Unclassified,False,not an operating company
CABO,1632127,"Cable One, Inc.",NYSE,4841,Cable & Other Pay Television Services,operating,Communication Services,True,
FLNT,1460329,"Fluent, Inc.",Nasdaq,7310,Services-Advertising,operating,Industrials,True,
CTOR,1851484,"CITIUS ONCOLOGY, INC.",Nasdaq,2834,Pharmaceutical Preparations,operating,Health Care,True,
ICCC,811641,IMMUCELL CORP /DE/,Nasdaq,2835,In Vitro & In Vivo Diagnostic Substances,operating,Health Care,True,
EVF,1070732,Eaton Vance Senior Income Trust,NYSE,,,other,Unclassified,False,not an operating company
PFX,1490349,PhenixFIN Corp,Nasdaq,,,operating,Unclassified,True,
QXL,797542,QUANTUM X LABS INC.,Nasdaq,7372,Services-Prepackaged Software,operating,Information Technology,True,
WFF,1980210,WF Holding Ltd,Nasdaq,3990,Miscellaneous Manufacturing Industries,other,Consumer Discretionary,False,not an operating company
MCAH,2109876,Mountain Crest Acquisition 6 Corp.,Nasdaq,6770,Blank Checks,operating,Financials,False,blank check (SPAC)
SPAI,2011208,Safe Pro Group Inc.,Nasdaq,7372,Services-Prepackaged Software,operating,Information Technology,True,
RMI,1746967,"RiverNorth Opportunistic Municipal Income Fund, Inc.",NYSE,,,other,Unclassified,False,not an operating company
MGLD,1005101,"Marygold Companies, Inc.",NYSE,6199,Finance Services,operating,Financials,True,
CGTX,1455365,COGNITION THERAPEUTICS INC,Nasdaq,2836,"Biological Products, (No Diagnostic Substances)",operating,Health Care,True,
AEYE,1362190,AUDIOEYE INC,Nasdaq,7372,Services-Prepackaged Software,operating,Information Technology,True,
MGF,811922,ABERDEEN GOVERNMENT MARKETS INCOME FUND,NYSE,,,other,Unclassified,False,not an operating company
ECOR,1560258,"electroCore, Inc.",Nasdaq,3845,Electromedical & Electrotherapeutic Apparatus,operating,Health Care,True,
UPXI,1775194,"UPEXI, INC.",Nasdaq,6199,Finance Services,operating,Financials,True,
LGL,61004,LGL GROUP INC,NYSE,3679,"Electronic Components, NEC",operating,Information Technology,True,
LUD,1984124,Luda Technology Group Ltd,NYSE,3317,Steel Pipe & Tubes,other,Materials,False,not an operating company
MDIA,1784254,Mediaco Holding Inc.,Nasdaq,4832,Radio Broadcasting Stations,operating,Communication Services,True,
USGO,1947244,U.S. GoldMining Inc.,Nasdaq,1040,Gold and Silver Ores,operating,Materials,True,
NMRA,1885522,"Neumora Therapeutics, Inc.",Nasdaq,2836,"Biological Products, (No Diagnostic Substances)",operating,Health Care,True,
BCIC,1372807,BCP Investment Corp,Nasdaq,,,operating,Unclassified,True,
ISPR,1948455,Ispire Technology Inc.,Nasdaq,2111,Cigarettes,operating,Consumer Staples,True,
UBCP,731653,UNITED BANCORP INC /OH/,Nasdaq,6022,State Commercial Banks,operating,Financials,True,
NRXS,1933567,"Neuraxis, INC",NYSE,3845,Electromedical & Electrotherapeutic Apparatus,operating,Health Care,True,
ZVIA,1854139,Zevia PBC,NYSE,2086,Bottled & Canned Soft Drinks & Carbonated Waters,operating,Consumer Staples,True,
AMPG,1518461,"AmpliTech Group, Inc.",Nasdaq,3669,"Communications Equipment, NEC",operating,Information Technology,True,
SDHC,1982518,Smith Douglas Homes Corp.,NYSE,1531,Operative Builders,operating,Industrials,True,
PECE,2088626,Peace Acquisition Corp.,Nasdaq,6770,Blank Checks,operating,Financials,False,blank check (SPAC)
NIPG,1966233,NIP Group Inc.,Nasdaq,7990,Services-Miscellaneous Amusement & Recreation,other,Consumer Discretionary,False,not an operating company
AIRT,353184,AIR T INC,Nasdaq,4513,Air Courier Services,operating,Industrials,True,
RPT,1614806,Rithm Property Trust Inc.,NYSE,6798,Real Estate Investment Trusts,operating,Real Estate,True,
MWC,2083526,"Micware Co., Ltd.",Nasdaq,7371,Services-Computer Programming Services,other,Information Technology,False,not an operating company
PXS,1640043,Pyxis Tankers Inc.,Nasdaq,4412,Deep Sea Foreign Transportation of  Freight,other,Industrials,False,not an operating company
UYSC,2036973,UY Scuti Acquisition Corp.,Nasdaq,6770,Blank Checks,operating,Financials,False,blank check (SPAC)
CRDF,1213037,"Cardiff Oncology, Inc.",Nasdaq,2836,"Biological Products, (No Diagnostic Substances)",operating,Health Care,True,
PMN,1374339,ProMIS Neurosciences Inc.,Nasdaq,2834,Pharmaceutical Preparations,operating,Health Care,True,
FTLF,1374328,"FITLIFE BRANDS, INC.",Nasdaq,2833,Medicinal Chemicals & Botanical Products,operating,Health Care,True,
APAC,2043630,StoneBridge Acquisition II Corp,Nasdaq,6770,Blank Checks,operating,Financials,False,blank check (SPAC)
MAYS,54187,MAYS J W INC,Nasdaq,6512,Opeators of  Nonresidential Buildings,operating,Real Estate,True,
HUHU,1945415,HUHUTECH International Group Inc.,Nasdaq,3360,Nonferrous Foundries (Castings),other,Materials,False,not an operating company
JATT,2112446,JATT II Acquisition Corp.,Nasdaq,6770,Blank Checks,operating,Financials,False,blank check (SPAC)
AISP,1842566,"Airship AI Holdings, Inc.",Nasdaq,7372,Services-Prepackaged Software,operating,Information Technology,True,
CCLD,1582982,"CareCloud, Inc.",Nasdaq,7372,Services-Prepackaged Software,operating,Information Technology,True,
CPHC,1672909,Canterbury Park Holding Corp,Nasdaq,7948,"Services-Racing, Including Track Operation",operating,Consumer Discretionary,True,
TELO,1971532,"Telomir Pharmaceuticals, Inc.",Nasdaq,2834,Pharmaceutical Preparations,operating,Health Care,True,
SUNS,2012706,"Sunrise Realty Trust, Inc.",Nasdaq,6798,Real Estate Investment Trusts,operating,Real Estate,True,
GCV,845611,GABELLI CONVERTIBLE & INCOME SECURITIES FUND INC,NYSE,,,operating,Unclassified,True,
MHH,1437226,"Mastech Digital, Inc.",NYSE,8742,Services-Management Consulting Services,operating,Industrials,True,
CHGG,1364954,"CHEGG, INC",NYSE,8200,Services-Educational Services,operating,Industrials,True,
TSQ,1499832,"Townsquare Media, Inc.",NYSE,4832,Radio Broadcasting Stations,operating,Communication Services,True,
USIO,1088034,"Usio, Inc.",Nasdaq,6099,"Functions Related To Depository Banking, NEC",operating,Financials,True,
PTHS,1919246,Pelthos Therapeutics Inc.,NYSE,2836,"Biological Products, (No Diagnostic Substances)",operating,Health Care,True,
WSTN,2076192,Westin Acquisition Corp,Nasdaq,8011,Services-Offices & Clinics of  Doctors of  Medicine,operating,Health Care,True,
DWSN,799165,DAWSON GEOPHYSICAL CO,Nasdaq,1382,Oil & Gas Field Exploration Services,operating,Energy,True,
ATGL,1967621,Alpha Technology Group Ltd,Nasdaq,7371,Services-Computer Programming Services,other,Information Technology,False,not an operating company
NDLS,1275158,NOODLES & Co,Nasdaq,5812,Retail-Eating  Places,operating,Consumer Discretionary,True,
TRBG,2088375,Turbogen Ltd.,Nasdaq,4931,Electric & Other Services Combined,other,Utilities,False,not an operating company
LINK,828146,INTERLINK ELECTRONICS INC,Nasdaq,3577,"Computer Peripheral Equipment, NEC",operating,Information Technology,True,
HNNA,1145255,HENNESSY ADVISORS INC,Nasdaq,6282,Investment Advice,operating,Financials,True,
LSE,1985139,"Leishen Energy Holding Co., Ltd.",Nasdaq,3533,Oil & Gas Field Machinery & Equipment,other,Industrials,False,not an operating company
SERA,1534969,"SERA PROGNOSTICS, INC.",Nasdaq,8071,Services-Medical Laboratories,operating,Health Care,True,
SSEA,2059165,STARRY SEA ACQUISITION CORP,Nasdaq,6770,Blank Checks,operating,Financials,False,blank check (SPAC)
ACRV,1781174,"Acrivon Therapeutics, Inc.",Nasdaq,2834,Pharmaceutical Preparations,operating,Health Care,True,
SAMG,1549966,Silvercrest Asset Management Group Inc.,Nasdaq,6282,Investment Advice,operating,Financials,True,
LNSR,1320350,"LENSAR, Inc.",Nasdaq,3841,Surgical & Medical Instruments & Apparatus,operating,Health Care,True,
FSI,1069394,FLEXIBLE SOLUTIONS INTERNATIONAL INC,NYSE,2890,Miscellaneous Chemical Products,operating,Materials,True,
ALIS,2026767,Calisa Acquisition Corp,Nasdaq,7374,Services-Computer Processing & Data Preparation,operating,Information Technology,True,
DTF,879535,DTF TAX-FREE INCOME 2028 TERM FUND INC,NYSE,,,other,Unclassified,False,not an operating company
LNZA,1843724,"LanzaTech Global, Inc.",Nasdaq,2860,Industrial Organic Chemicals,operating,Materials,True,
CCAQ,2041047,COLLECTIVE ACQUISITION CORP.,Nasdaq,6770,Blank Checks,operating,Financials,False,blank check (SPAC)
HDRN,2023730,"Hadron Energy, Inc.",Nasdaq,4911,Electric Services,operating,Utilities,True,
RFM,1790177,"RiverNorth Flexible Municipal Income Fund, Inc.",NYSE,,,other,Unclassified,False,not an operating company
WTG,2053927,Wintergreen Acquisition Corp.,Nasdaq,7370,"Services-Computer Programming, Data Processing, Etc.",operating,Information Technology,True,
GRML,1907223,Greenland Mines Ltd,Nasdaq,2836,"Biological Products, (No Diagnostic Substances)",operating,Health Care,True,
CPBI,1979332,"Central Plains Bancshares, Inc.",Nasdaq,6035,"Savings Institution, Federally Chartered",operating,Financials,True,
LUNG,1127537,Pulmonx Corp,Nasdaq,3841,Surgical & Medical Instruments & Apparatus,operating,Health Care,True,
OSTX,1795091,OS Therapies Inc,NYSE,2834,Pharmaceutical Preparations,operating,Health Care,True,
FMN,1199004,Federated Hermes Premier Municipal Income Fund,NYSE,,,investment,Unclassified,False,not an operating company
VENU,1770501,Venu Holding Corp,NYSE,7900,Services-Amusement & Recreation Services,operating,Consumer Discretionary,True,
NRT,72633,NORTH EUROPEAN OIL ROYALTY TRUST,NYSE,6792,Oil Royalty Traders,operating,Financials,True,
RFL,1713863,"Rafael Holdings, Inc.",NYSE,2834,Pharmaceutical Preparations,operating,Health Care,True,
SRL,16859,Scully Royalty Ltd.,NYSE,6795,Mineral Royalty Traders,other,Financials,False,not an operating company
BSIN,101594,BIG SKY INDUSTRIAL INC.,Nasdaq,1311,Crude Petroleum & Natural Gas,operating,Energy,True,
OM,1484612,"Outset Medical, Inc.",Nasdaq,3845,Electromedical & Electrotherapeutic Apparatus,operating,Health Care,True,
JRSH,1696558,"Jerash Holdings (US), Inc.",Nasdaq,2300,Apparel & Other Finishd Prods of  Fabrics & Similar Matl,operating,Consumer Discretionary,True,
NBRG,1918414,Newbridge Acquisition Ltd,Nasdaq,7372,Services-Prepackaged Software,operating,Information Technology,True,
YDDL,2034723,One & one Green Technologies. INC,Nasdaq,5090,Wholesale-Misc Durable Goods,other,Industrials,False,not an operating company
NTRB,1676047,NutriBand Inc.,Nasdaq,3842,"Orthopedic, Prosthetic & Surgical Appliances & Supplies",operating,Health Care,True,
GLBS,1499780,GLOBUS MARITIME LTD,Nasdaq,4412,Deep Sea Foreign Transportation of  Freight,other,Industrials,False,not an operating company
MNOV,1226616,MEDICINOVA INC,Nasdaq,2834,Pharmaceutical Preparations,operating,Health Care,True,
CSPI,356037,CSP INC /MA/,Nasdaq,7373,Services-Computer Integrated Systems Design,operating,Information Technology,True,
SCAT,2133239,Southern Cross Acquisition II Corp.,Nasdaq,6770,Blank Checks,other,Financials,False,blank check (SPAC)
BPAC,2064177,Blueport Acquisition Ltd,Nasdaq,6770,Blank Checks,operating,Financials,False,blank check (SPAC)
LFVN,849146,Lifevantage Corp,Nasdaq,2834,Pharmaceutical Preparations,operating,Health Care,True,
INSG,1022652,INSEEGO CORP.,Nasdaq,3669,"Communications Equipment, NEC",operating,Information Technology,True,
INCR,1857030,Intercure Ltd.,Nasdaq,2834,Pharmaceutical Preparations,other,Health Care,False,not an operating company
VGI,1528811,Virtus Global Multi-Sector Income Fund,NYSE,,,other,Unclassified,False,not an operating company
PDSB,1472091,PDS Biotechnology Corp,Nasdaq,2834,Pharmaceutical Preparations,operating,Health Care,True,
OPNW,1104038,"OpenWorld, Inc.",Nasdaq,6199,Finance Services,operating,Financials,True,
ASRV,707605,AMERISERV FINANCIAL INC /PA/,Nasdaq,6021,National Commercial Banks,operating,Financials,True,
SWZ,813623,Total Return Securities Fund,NYSE,,,other,Unclassified,False,not an operating company
AZI,1959726,Autozi Internet Technology (Global) Ltd.,Nasdaq,7500,"Services-Automotive Repair, Services & Parking",other,Industrials,False,not an operating company
CMCM,1597835,Cheetah Mobile Inc.,NYSE,7372,Services-Prepackaged Software,other,Information Technology,False,not an operating company
SKIN,1818093,SkinHealth Systems Inc.,Nasdaq,3841,Surgical & Medical Instruments & Apparatus,operating,Health Care,True,
SVRN,1869467,OceanPal Inc.,Nasdaq,4412,Deep Sea Foreign Transportation of  Freight,other,Industrials,False,not an operating company
NAAS,1712178,NaaS Technology Inc.,Nasdaq,5990,"Retail-Retail Stores, NEC",other,Consumer Discretionary,False,not an operating company
TGEN,1537435,TECOGEN INC.,NYSE,3585,Air-Cond & Warm Air Heatg Equip & Comm & Indl Refrig Equip,operating,Industrials,True,
NTHI,1979414,"NEONC TECHNOLOGIES HOLDINGS, INC.",Nasdaq,2834,Pharmaceutical Preparations,operating,Health Care,True,
SKYA,1737995,"SkyAI, Inc.",Nasdaq,6199,Finance Services,operating,Financials,True,
RGS,716643,REGIS CORP,Nasdaq,7200,Services-Personal Services,operating,Consumer Discretionary,True,
PSIG,1997201,PS International Group Ltd.,Nasdaq,4731,Arrangement of  Transportation of  Freight & Cargo,other,Industrials,False,not an operating company
BARK,1819574,"Bark, Inc.",NYSE,5990,"Retail-Retail Stores, NEC",operating,Consumer Discretionary,True,
MNTS,1781162,Momentus Inc.,Nasdaq,3760,Guided Missiles & Space Vehicles & Parts,operating,Industrials,True,
HFBL,1500375,"Home Federal Bancorp, Inc. of Louisiana",Nasdaq,6035,"Savings Institution, Federally Chartered",operating,Financials,True,
RANG,2035644,Range Capital Acquisition Corp.,Nasdaq,6770,Blank Checks,operating,Financials,False,blank check (SPAC)
NTIC,875582,NORTHERN TECHNOLOGIES INTERNATIONAL CORP,Nasdaq,3470,"Coating, Engraving & Allied Services",operating,Industrials,True,
VRCA,1660334,Verrica Pharmaceuticals Inc.,Nasdaq,2834,Pharmaceutical Preparations,operating,Health Care,True,
NTWK,1039280,NETSOL TECHNOLOGIES INC,Nasdaq,7372,Services-Prepackaged Software,operating,Information Technology,True,
FATN,1993400,Fatpipe Inc/UT,Nasdaq,7372,Services-Prepackaged Software,operating,Information Technology,True,
DTI,1884516,Drilling Tools International Corp,Nasdaq,3533,Oil & Gas Field Machinery & Equipment,operating,Industrials,True,
ARBE,1861841,Arbe Robotics Ltd.,Nasdaq,7373,Services-Computer Integrated Systems Design,other,Information Technology,False,not an operating company
MBOT,883975,Microbot Medical Inc.,Nasdaq,3841,Surgical & Medical Instruments & Apparatus,operating,Health Care,True,
MMLP,1176334,MARTIN MIDSTREAM PARTNERS L.P.,Nasdaq,5171,Wholesale-Petroleum Bulk Stations & Terminals,operating,Industrials,True,
OKYO,1849296,OKYO Pharma Ltd,Nasdaq,2836,"Biological Products, (No Diagnostic Substances)",other,Health Care,False,not an operating company
ONCY,1129928,ONCOLYTICS BIOTECH INC,Nasdaq,2834,Pharmaceutical Preparations,operating,Health Care,True,
CEV,1074692,Eaton Vance California Municipal Income Trust,NYSE,,,other,Unclassified,False,not an operating company
NFE,1749723,New Fortress Energy Inc.,Nasdaq,4924,Natural Gas Distribution,operating,Utilities,True,
TTEC,1013880,"TTEC Holdings, Inc.",Nasdaq,7363,Services-Help Supply Services,operating,Industrials,True,
DTCX,1853825,"Datacentrex, Inc.",Nasdaq,7374,Services-Computer Processing & Data Preparation,operating,Information Technology,True,
CING,1862150,Cingulate Inc.,Nasdaq,2834,Pharmaceutical Preparations,operating,Health Care,True,
KBSX,2014254,FST Corp.,Nasdaq,3949,"Sporting & Athletic Goods, NEC",other,Consumer Discretionary,False,not an operating company
GLV,1288795,Clough Global Dividend & Income Fund,NYSE,,,other,Unclassified,False,not an operating company
GANX,1819411,"Gain Therapeutics, Inc.",Nasdaq,2834,Pharmaceutical Preparations,operating,Health Care,True,
AFCG,1822523,Advanced Flower Capital Inc.,Nasdaq,0000,,operating,Unclassified,True,
MAIA,1878313,"MAIA Biotechnology, Inc.",NYSE,2834,Pharmaceutical Preparations,operating,Health Care,True,
TENX,34956,"TENAX THERAPEUTICS, INC.",Nasdaq,2834,Pharmaceutical Preparations,operating,Health Care,True,
IOR,949961,INCOME OPPORTUNITY REALTY INVESTORS INC /TX/,NYSE,6798,Real Estate Investment Trusts,operating,Real Estate,True,
ROC,2077709,Rank One Computing Corp,Nasdaq,7372,Services-Prepackaged Software,operating,Information Technology,True,
GDHG,1928340,GOLDEN HEAVEN GROUP HOLDINGS LTD.,Nasdaq,7990,Services-Miscellaneous Amusement & Recreation,other,Consumer Discretionary,False,not an operating company
CRT,881787,CROSS TIMBERS ROYALTY TRUST,NYSE,6792,Oil Royalty Traders,operating,Financials,True,
OPXS,1397016,Optex Systems Holdings Inc,Nasdaq,3827,Optical Instruments & Lenses,operating,Information Technology,True,
ATLX,1540684,Atlas Lithium Corp,Nasdaq,1400,Mining & Quarrying of  Nonmetallic Minerals (No Fuels),operating,Materials,True,
HRTX,818033,"HERON THERAPEUTICS, INC. /DE/",Nasdaq,2834,Pharmaceutical Preparations,operating,Health Care,True,
PRTS,1378950,"CarParts.com, Inc.",Nasdaq,5531,Retail-Auto & Home Supply Stores,operating,Consumer Discretionary,True,
EEA,791718,"EUROPEAN EQUITY FUND, INC / MD",NYSE,,,other,Unclassified,False,not an operating company
WFCF,1360565,"Where Food Comes From, Inc.",Nasdaq,7372,Services-Prepackaged Software,operating,Information Technology,True,
UEIC,101984,UNIVERSAL ELECTRONICS INC,Nasdaq,3651,Household Audio & Video Equipment,operating,Industrials,True,
FBIO,1429260,"Fortress Biotech, Inc.",Nasdaq,2834,Pharmaceutical Preparations,operating,Health Care,True,
GECC,1675033,Great Elm Capital Corp.,Nasdaq,,,operating,Unclassified,True,
INTG,69422,INTERGROUP CORP,Nasdaq,6513,Operators of  Apartment Buildings,operating,Real Estate,True,
TYGO,1855447,"TIGO ENERGY, INC.",Nasdaq,3674,Semiconductors & Related Devices,operating,Information Technology,True,
WYY,1034760,WIDEPOINT CORP,NYSE,7373,Services-Computer Integrated Systems Design,operating,Information Technology,True,
BLNK,1429764,Blink Charging Co.,Nasdaq,3690,"Miscellaneous Electrical Machinery, Equipment & Supplies",operating,Information Technology,True,
GOAI,1983736,Eva Live Inc,Nasdaq,7370,"Services-Computer Programming, Data Processing, Etc.",operating,Information Technology,True,
CLST,1849867,"Catalyst Bancorp, Inc.",Nasdaq,6035,"Savings Institution, Federally Chartered",operating,Financials,True,
JFIN,1743102,Jiayin Group Inc.,Nasdaq,6199,Finance Services,other,Financials,False,not an operating company
NMAD,1335105,"NOMAD POWER SOLUTIONS, INC.",Nasdaq,2834,Pharmaceutical Preparations,operating,Health Care,True,
CSBR,771856,"CHAMPIONS ONCOLOGY, INC.",Nasdaq,2836,"Biological Products, (No Diagnostic Substances)",operating,Health Care,True,
RSSS,1386301,"Research Solutions, Inc.",Nasdaq,7389,"Services-Business Services, NEC",operating,Industrials,True,
CENN,1707919,Cenntro Inc.,Nasdaq,3711,Motor Vehicles & Passenger Car Bodies,operating,Consumer Discretionary,True,
CPSH,814676,CPS TECHNOLOGIES CORP/DE/,Nasdaq,3260,Pottery & Related Products,operating,Materials,True,
CITR,894556,CitroTech Inc.,NYSE,2800,Chemicals & Allied Products,operating,Materials,True,
HYFT,1715925,MindWalk Holdings Corp.,Nasdaq,2834,Pharmaceutical Preparations,other,Health Care,False,not an operating company
NWGL,1948294,CL Workshop Group Ltd,Nasdaq,2400,Lumber & Wood Products (No Furniture),other,Materials,False,not an operating company
CVU,889348,CPI AEROSTRUCTURES INC,NYSE,3728,"Aircraft Parts & Auxiliary Equipment, NEC",operating,Industrials,True,
DMA,1523289,Destra Multi-Alternative Fund,NYSE,,,other,Unclassified,False,not an operating company
XBIT,1626878,XBiotech Inc.,Nasdaq,2834,Pharmaceutical Preparations,operating,Health Care,True,
SLQT,1794783,"SelectQuote, Inc.",NYSE,6411,"Insurance Agents, Brokers & Service",operating,Financials,True,
WBX,1866501,Wallbox N.V.,NYSE,3690,"Miscellaneous Electrical Machinery, Equipment & Supplies",other,Information Technology,False,not an operating company
AMCI,1937891,AMC Robotics Corp,Nasdaq,5700,"Retail-Home Furniture, Furnishings & Equipment Stores",operating,Consumer Discretionary,True,
SPRO,1701108,"Spero Therapeutics, Inc.",Nasdaq,2834,Pharmaceutical Preparations,operating,Health Care,True,
AIFU,1413855,AIFU Inc.,Nasdaq,6411,"Insurance Agents, Brokers & Service",other,Financials,False,not an operating company
RNTX,1420565,"Rein Therapeutics, Inc.",Nasdaq,2834,Pharmaceutical Preparations,operating,Health Care,True,
ETS,2053641,Elite Express Holding Inc.,Nasdaq,4210,Trucking & Courier Services (No Air),operating,Industrials,True,
ASPS,1462418,ALTISOURCE PORTFOLIO SOLUTIONS S.A.,Nasdaq,7380,Services-Miscellaneous Business Services,operating,Industrials,True,
COE,1659494,51Talk Online Education Group,NYSE,8200,Services-Educational Services,other,Industrials,False,not an operating company
ZONE,1956741,Zone Frontier Inc.,NYSE,2842,"Specialty Cleaning, Polishing and Sanitation Preparations",operating,Consumer Staples,True,
AEC,1519469,ANFIELD ENERGY INC.,Nasdaq,1000,Metal Mining,other,Materials,False,not an operating company
MB,2027265,MASTERBEEF GROUP,Nasdaq,5812,Retail-Eating  Places,other,Consumer Discretionary,False,not an operating company
BTCS,1436229,BTCS Inc.,Nasdaq,6199,Finance Services,operating,Financials,True,
SWVL,1875609,Swvl Holdings Corp,Nasdaq,7389,"Services-Business Services, NEC",other,Industrials,False,not an operating company
YIBO,1868395,Planet Image International Ltd,Nasdaq,3577,"Computer Peripheral Equipment, NEC",other,Information Technology,False,not an operating company
SEV,1786471,Aptera Motors Corp,Nasdaq,3711,Motor Vehicles & Passenger Car Bodies,operating,Consumer Discretionary,True,
FVN,2010653,Future Vision II Acquisition Corp.,Nasdaq,7373,Services-Computer Integrated Systems Design,operating,Information Technology,True,
XLAB,2109869,Exascale Labs Holdings Inc.,Nasdaq,7372,Services-Prepackaged Software,operating,Information Technology,True,
PODC,1940177,"PodcastOne, Inc.",Nasdaq,7370,"Services-Computer Programming, Data Processing, Etc.",operating,Information Technology,True,
GNSS,924383,Genasys Inc.,Nasdaq,3651,Household Audio & Video Equipment,operating,Industrials,True,
GEG,1831096,"Great Elm Group, Inc.",Nasdaq,7372,Services-Prepackaged Software,operating,Information Technology,True,
THRY,1556739,"Thryv Holdings, Inc.",Nasdaq,7310,Services-Advertising,operating,Industrials,True,
HOUR,1874875,"Hour Loop, Inc",Nasdaq,5961,Retail-Catalog & Mail-Order Houses,operating,Consumer Discretionary,True,
APLM,1944885,Apollomics Inc.,Nasdaq,2834,Pharmaceutical Preparations,other,Health Care,False,not an operating company
PCLA,2018462,PicoCELA Inc.,Nasdaq,3640,Electric Lighting & Wiring Equipment,other,Industrials,False,not an operating company
KXIN,1713539,Kaixin Holdings,Nasdaq,5500,Retail-Auto Dealers & Gasoline Stations,operating,Consumer Discretionary,True,
NMS,1607997,Nuveen Minnesota Quality Municipal Income Fund,NYSE,,,other,Unclassified,False,not an operating company
PCM,908187,"PCM FUND, INC.",NYSE,,,other,Unclassified,False,not an operating company
ELOX,1035354,"Eloxx Pharmaceuticals, Inc.",Nasdaq,2836,"Biological Products, (No Diagnostic Substances)",operating,Health Care,True,
SCOR,1158172,"COMSCORE, INC.",Nasdaq,7389,"Services-Business Services, NEC",operating,Industrials,True,
STKE,1846839,SOL Strategies Inc.,Nasdaq,6199,Finance Services,other,Financials,False,not an operating company
PLRX,1746473,"PLIANT THERAPEUTICS, INC.",Nasdaq,2834,Pharmaceutical Preparations,operating,Health Care,True,
KNDI,1720250,"Kandi Technologies Group, Inc.",Nasdaq,3714,Motor Vehicle Parts & Accessories,other,Consumer Discretionary,False,not an operating company
WATT,1575793,Energous Corp,Nasdaq,3663,Radio & Tv Broadcasting & Communications Equipment,operating,Information Technology,True,
ICG,1895597,Intchains Group Ltd,Nasdaq,3674,Semiconductors & Related Devices,other,Information Technology,False,not an operating company
MCHX,1224133,MARCHEX INC,Nasdaq,7372,Services-Prepackaged Software,operating,Information Technology,True,
DGNX,2010499,Diginex Ltd,Nasdaq,7374,Services-Computer Processing & Data Preparation,other,Information Technology,False,not an operating company
ESYN,1897245,HWH International Inc.,Nasdaq,5122,"Wholesale-Drugs, Proprietaries & Druggists' Sundries",operating,Health Care,True,
VERI,1615165,"Veritone, Inc.",Nasdaq,7374,Services-Computer Processing & Data Preparation,operating,Information Technology,True,
NAMM,2026514,Namib Minerals,Nasdaq,1040,Gold and Silver Ores,other,Materials,False,not an operating company
NEXM,795800,NexMetals Mining Corp.,Nasdaq,1000,Metal Mining,operating,Materials,True,
DLHC,785557,DLH Holdings Corp.,Nasdaq,7363,Services-Help Supply Services,operating,Industrials,True,
COPR,1263364,Idaho Copper Corp,NYSE,1000,Metal Mining,operating,Materials,True,
DXR,27367,DAXOR CORP,Nasdaq,,,operating,Unclassified,True,
IBIO,1420720,"iBio, Inc.",Nasdaq,2834,Pharmaceutical Preparations,operating,Health Care,True,
MREO,1719714,Mereo BioPharma Group plc,Nasdaq,2834,Pharmaceutical Preparations,operating,Health Care,True,
RNXT,1574094,"RenovoRx, Inc.",Nasdaq,3841,Surgical & Medical Instruments & Apparatus,operating,Health Care,True,
NVX,1859795,NOVONIX Ltd,Nasdaq,3690,"Miscellaneous Electrical Machinery, Equipment & Supplies",other,Information Technology,False,not an operating company
OCCI,1716951,"OFS Credit Company, Inc.",Nasdaq,,,other,Unclassified,False,not an operating company
SGLD,1467093,Scorpio Gold Corp,Nasdaq,1040,Gold and Silver Ores,other,Materials,False,not an operating company
IPWR,1507957,Ideal Power Inc.,Nasdaq,3674,Semiconductors & Related Devices,operating,Information Technology,True,
AIFC,862861,AI Financial Corp,Nasdaq,6221,Commodity Contracts Brokers & Dealers,operating,Financials,True,
GOSS,1728117,"Gossamer Bio, Inc.",Nasdaq,2834,Pharmaceutical Preparations,operating,Health Care,True,
XLO,1840233,"Xilio Therapeutics, Inc.",Nasdaq,2834,Pharmaceutical Preparations,operating,Health Care,True,
CAST,1633369,"FreeCast, Inc.",Nasdaq,7374,Services-Computer Processing & Data Preparation,operating,Information Technology,True,
PVL,1520048,Permianville Royalty Trust,NYSE,1311,Crude Petroleum & Natural Gas,operating,Energy,True,
LITB,1523836,"LightInTheBox Holding Co., Ltd.",NYSE,5961,Retail-Catalog & Mail-Order Houses,other,Consumer Discretionary,False,not an operating company
GEOS,1001115,GEOSPACE TECHNOLOGIES CORP,Nasdaq,3829,"Measuring & Controlling Devices, NEC",operating,Information Technology,True,
BATL,1282648,BATTALION OIL CORP,NYSE,1311,Crude Petroleum & Natural Gas,operating,Energy,True,
CAPN,2024203,Cayson Acquisition Corp,Nasdaq,6770,Blank Checks,operating,Financials,False,blank check (SPAC)
APT,884269,ALPHA PRO TECH LTD,NYSE,3842,"Orthopedic, Prosthetic & Surgical Appliances & Supplies",operating,Health Care,True,
RENT,1468327,"Rent the Runway, Inc.",Nasdaq,5990,"Retail-Retail Stores, NEC",operating,Consumer Discretionary,True,
JZXN,1816172,"Jiuzi Holdings, Inc.",Nasdaq,5500,Retail-Auto Dealers & Gasoline Stations,other,Consumer Discretionary,False,not an operating company
ALPS,2025774,Alps Group Inc,Nasdaq,8000,Services-Health Services,other,Health Care,False,not an operating company
KLRS,1754068,"Kalaris Therapeutics, Inc.",Nasdaq,2836,"Biological Products, (No Diagnostic Substances)",operating,Health Care,True,
IH,1814423,iHuman Inc.,NYSE,8200,Services-Educational Services,other,Industrials,False,not an operating company
PGZ,1557523,Principal Real Estate Income Fund,NYSE,,,other,Unclassified,False,not an operating company
TRT,732026,TRIO-TECH INTERNATIONAL,Nasdaq,3559,"Special Industry Machinery, NEC",operating,Industrials,True,
LFS,2030277,"LEIFRAS Co., Ltd.",Nasdaq,8200,Services-Educational Services,other,Industrials,False,not an operating company
SLSN,883107,"SOLESENCE, INC.",Nasdaq,2844,"Perfumes, Cosmetics & Other Toilet Preparations",operating,Consumer Staples,True,
TPCS,1328792,TECHPRECISION CORP,Nasdaq,3440,Fabricated Structural Metal Products,operating,Industrials,True,
WSHP,2048271,WeShop Holdings Ltd,Nasdaq,5900,Retail-Miscellaneous Retail,other,Consumer Discretionary,False,not an operating company
CTM,1877939,"Castellum, Inc.",NYSE,8742,Services-Management Consulting Services,operating,Industrials,True,
FRMM,1690080,FORUM MARKETS Inc,Nasdaq,6199,Finance Services,operating,Financials,True,
WWR,839470,"WESTWATER RESOURCES, INC.",NYSE,1000,Metal Mining,operating,Materials,True,
BOLD,1782303,"Boundless Bio, Inc.",Nasdaq,2834,Pharmaceutical Preparations,operating,Health Care,True,
WNW,1787803,Meiwu Technology Co Ltd,Nasdaq,2840,"Soap, Detergents, Cleang Preparations, Perfumes, Cosmetics",other,Consumer Staples,False,not an operating company
INVE,1036044,"INVE Technologies, Inc.",Nasdaq,3577,"Computer Peripheral Equipment, NEC",operating,Information Technology,True,
ALDX,1341235,"Aldeyra Therapeutics, Inc.",Nasdaq,2834,Pharmaceutical Preparations,operating,Health Care,True,
BOF,1962481,BranchOut Food Inc.,Nasdaq,2000,Food and Kindred Products,operating,Consumer Staples,True,
YTRA,1516899,"Yatra Online, Inc.",Nasdaq,4700,Transportation Services,other,Industrials,False,not an operating company
OFS,1487918,OFS Capital Corp,Nasdaq,,,operating,Unclassified,True,
GGR,1886190,Gogoro Inc.,Nasdaq,3711,Motor Vehicles & Passenger Car Bodies,other,Consumer Discretionary,False,not an operating company
STFS,2003061,Star Fashion Culture Holdings Ltd,Nasdaq,7310,Services-Advertising,other,Industrials,False,not an operating company
PEW,2051380,GrabAGun Digital Holdings Inc.,NYSE,5940,Retail-Miscellaneous Shopping Goods Stores,operating,Consumer Discretionary,True,
CNTB,1835268,Connect Biopharma Holdings Ltd,Nasdaq,2834,Pharmaceutical Preparations,operating,Health Care,True,
GUTS,1572616,"FRACTYL HEALTH, INC.",Nasdaq,3841,Surgical & Medical Instruments & Apparatus,operating,Health Care,True,
TLPH,1427925,"TALPHERA, INC.",Nasdaq,2834,Pharmaceutical Preparations,operating,Health Care,True,
SKIL,1774675,Skillsoft Corp.,NYSE,7372,Services-Prepackaged Software,operating,Information Technology,True,
INKT,1840229,"MiNK Therapeutics, Inc.",Nasdaq,2836,"Biological Products, (No Diagnostic Substances)",operating,Health Care,True,
ATHE,1131343,ALTERITY THERAPEUTICS LTD,Nasdaq,2834,Pharmaceutical Preparations,other,Health Care,False,not an operating company
ZEPP,1720446,Zepp Health Corp,NYSE,3571,Electronic Computers,other,Information Technology,False,not an operating company
SELF,1031235,"Global Self Storage, Inc.",Nasdaq,6798,Real Estate Investment Trusts,investment,Real Estate,False,not an operating company
SPCB,1291855,SuperCom Ltd,Nasdaq,3674,Semiconductors & Related Devices,other,Information Technology,False,not an operating company
ANTA,2044255,Antalpha Platform Holding Co,Nasdaq,6221,Commodity Contracts Brokers & Dealers,other,Financials,False,not an operating company
PDCC,1998043,Pearl Diver Credit Co Inc.,NYSE,,,other,Unclassified,False,not an operating company
PGAC,2030829,PANTAGES CAPITAL ACQUISITION Corp,Nasdaq,6770,Blank Checks,operating,Financials,False,blank check (SPAC)
SORA,2033515,AsiaStrategy,Nasdaq,5094,"Wholesale-Jewelry, Watches, Precious Stones & Metals",other,Industrials,False,not an operating company
MKTW,1805651,"MARKETWISE, INC.",Nasdaq,7372,Services-Prepackaged Software,operating,Information Technology,True,
MYO,1369290,"MYOMO, INC.",NYSE,3842,"Orthopedic, Prosthetic & Surgical Appliances & Supplies",operating,Health Care,True,
MXE,863900,MEXICO EQUITY & INCOME FUND INC,NYSE,,,other,Unclassified,False,not an operating company
MDXH,1872529,MDxHealth SA,Nasdaq,8071,Services-Medical Laboratories,other,Health Care,False,not an operating company
WATR,2092314,Air Water Ventures Ltd,Nasdaq,2080,Beverages,other,Consumer Staples,False,not an operating company
WQEY,2107968,WISeQey Corp.,Nasdaq,7374,Services-Computer Processing & Data Preparation,other,Information Technology,False,not an operating company
CLNN,1822791,Clene Inc.,Nasdaq,2834,Pharmaceutical Preparations,operating,Health Care,True,
ZYBT,1975641,Zhengye Biotechnology Holding Ltd,Nasdaq,2834,Pharmaceutical Preparations,other,Health Care,False,not an operating company
IBAC,1998781,IB Acquisition Corp.,Nasdaq,8731,Services-Commercial Physical & Biological Research,operating,Industrials,True,
LONA,1620463,"LeonaBio, Inc.",Nasdaq,2836,"Biological Products, (No Diagnostic Substances)",operating,Health Care,True,
TOUR,1597095,Tuniu Corp,Nasdaq,4700,Transportation Services,other,Industrials,False,not an operating company
DRIO,1533998,DarioHealth Corp.,Nasdaq,3841,Surgical & Medical Instruments & Apparatus,operating,Health Care,True,
APWC,1026980,ASIA PACIFIC WIRE & CABLE CORP LTD,Nasdaq,3357,Drawing & Insulating of  Nonferrous Wire,other,Materials,False,not an operating company
NCEW,1968043,New Century Logistics (BVI) Ltd,Nasdaq,4731,Arrangement of  Transportation of  Freight & Cargo,other,Industrials,False,not an operating company
ACET,1720580,"Adicet Bio, Inc.",Nasdaq,2834,Pharmaceutical Preparations,operating,Health Care,True,
ELTK,1024672,ELTEK LTD,Nasdaq,3672,Printed Circuit Boards,other,Information Technology,False,not an operating company
XPL,917225,SOLITARIO RESOURCES CORP.,NYSE,1040,Gold and Silver Ores,operating,Materials,True,
EUDA,1847846,EUDA Health Holdings Ltd,Nasdaq,8000,Services-Health Services,operating,Health Care,True,
ELBM,1907184,Electra Battery Materials Corp,Nasdaq,1400,Mining & Quarrying of  Nonmetallic Minerals (No Fuels),other,Materials,False,not an operating company
TEAD,1454938,Teads Holding Co.,Nasdaq,7370,"Services-Computer Programming, Data Processing, Etc.",operating,Information Technology,True,
TZOO,1133311,TRAVELZOO,Nasdaq,7310,Services-Advertising,operating,Industrials,True,
PAAI,894871,"Paradium.AI, Inc.",NYSE,4841,Cable & Other Pay Television Services,operating,Communication Services,True,
NPT,2014337,Texxon Holding Ltd,Nasdaq,5160,Wholesale-Chemicals & Allied Products,other,Industrials,False,not an operating company
MDAI,1833498,"Spectral AI, Inc.",Nasdaq,3841,Surgical & Medical Instruments & Apparatus,operating,Health Care,True,
JMM,838131,Nuveen Multi-Market Income Fund,NYSE,,,other,Unclassified,False,not an operating company
ODYS,1577445,Odysight.ai Inc.,Nasdaq,7373,Services-Computer Integrated Systems Design,operating,Information Technology,True,
ZOOZ,1992818,ZOOZ Strategy Ltd.,Nasdaq,3590,Misc Industrial & Commercial Machinery & Equipment,other,Industrials,False,not an operating company
MYPS,1823878,"PLAYSTUDIOS, Inc.",Nasdaq,7372,Services-Prepackaged Software,operating,Information Technology,True,
AACG,1420529,ATA Creativity Global,Nasdaq,8200,Services-Educational Services,other,Industrials,False,not an operating company
CIRC,1605888,CIRCLE8 GROUP INC,Nasdaq,7363,Services-Help Supply Services,operating,Industrials,True,
SGA,886136,SAGA COMMUNICATIONS INC,Nasdaq,4832,Radio Broadcasting Stations,operating,Communication Services,True,
LGO,1400438,Largo Inc.,Nasdaq,1400,Mining & Quarrying of  Nonmetallic Minerals (No Fuels),other,Materials,False,not an operating company
DOMH,12239,Dominari Holdings Inc.,Nasdaq,6211,"Security Brokers, Dealers & Flotation Companies",operating,Financials,True,
GRSD,1839799,GRANDSTAND Ltd,Nasdaq,7990,Services-Miscellaneous Amusement & Recreation,other,Consumer Discretionary,False,not an operating company
UAVS,8504,AgEagle Aerial Systems Inc.,NYSE,3721,Aircraft,operating,Industrials,True,
TGE,2053456,Generation Essentials Group,NYSE,2721,Periodicals: Publishing or  Publishing & Printing,other,Communication Services,False,not an operating company
EXOZ,2010788,EXOZYMES INC.,Nasdaq,2836,"Biological Products, (No Diagnostic Substances)",operating,Health Care,True,
GENK,1891856,"GEN Restaurant Group, Inc.",Nasdaq,5812,Retail-Eating  Places,operating,Consumer Discretionary,True,
NCTY,1296774,The9 LTD,Nasdaq,6199,Finance Services,other,Financials,False,not an operating company
VHC,1082324,VirnetX Holding Corp,Nasdaq,6794,Patent Owners & Lessors,operating,Financials,True,
BKHA,2000775,Black Hawk Acquisition Corp,Nasdaq,2836,"Biological Products, (No Diagnostic Substances)",operating,Health Care,True,
MOB,1898643,Mobilicom Ltd,Nasdaq,3721,Aircraft,other,Industrials,False,not an operating company
AVX,1826397,AVAX ONE TECHNOLOGY LTD.,Nasdaq,6199,Finance Services,operating,Financials,True,
FTEK,846913,"FUEL TECH, INC.",Nasdaq,3564,Industrial & Commercial Fans & Blowers & Air Purifing Equip,operating,Industrials,True,
INMB,1711754,"Inmune Bio, Inc.",Nasdaq,2836,"Biological Products, (No Diagnostic Substances)",operating,Health Care,True,
EDSA,1540159,"Edesa Biotech, Inc.",Nasdaq,2834,Pharmaceutical Preparations,operating,Health Care,True,
AIRG,1272842,AIRGAIN INC,Nasdaq,3663,Radio & Tv Broadcasting & Communications Equipment,operating,Information Technology,True,
NXB,2067767,NextBoat Inc.,NYSE,3730,Ship & Boat Building & Repairing,operating,Industrials,True,
SER,1708599,"Serina Therapeutics, Inc.",NYSE,2834,Pharmaceutical Preparations,operating,Health Care,True,
HAIN,910406,HAIN CELESTIAL GROUP INC,Nasdaq,2000,Food and Kindred Products,operating,Consumer Staples,True,
PFAI,2032755,Pinnacle Food Group Ltd,Nasdaq,0700,Agricultural Services,other,Consumer Staples,False,not an operating company
HYPD,1682639,"HYPERION DEFI, INC.",Nasdaq,6199,Finance Services,operating,Financials,True,
AVD,5981,AMERICAN VANGUARD CORP,NYSE,2870,Agricultural Chemicals,operating,Materials,True,
POCI,867840,"PRECISION OPTICS CORPORATION, INC.",Nasdaq,3845,Electromedical & Electrotherapeutic Apparatus,operating,Health Care,True,
COCH,1840877,"Envoy Medical, Inc.",Nasdaq,3842,"Orthopedic, Prosthetic & Surgical Appliances & Supplies",operating,Health Care,True,
BGSF,1474903,"BGSF, INC.",NYSE,7363,Services-Help Supply Services,operating,Industrials,True,
DWTX,1818844,"Dogwood Therapeutics, Inc.",Nasdaq,2834,Pharmaceutical Preparations,operating,Health Care,True,
BRID,14177,BRIDGFORD FOODS CORP,Nasdaq,2013,Sausages & Other Prepared Meat Products,operating,Consumer Staples,True,
ROLR,1947210,"High Roller Technologies, Inc.",NYSE,7900,Services-Amusement & Recreation Services,operating,Consumer Discretionary,True,
HIT,2019505,"Health In Tech, Inc.",Nasdaq,6411,"Insurance Agents, Brokers & Service",operating,Financials,True,
NA,1872302,Nano Labs Ltd,Nasdaq,3674,Semiconductors & Related Devices,other,Information Technology,False,not an operating company
CRBU,1619856,"Caribou Biosciences, Inc.",Nasdaq,2836,"Biological Products, (No Diagnostic Substances)",operating,Health Care,True,
CRVO,1053691,CervoMed Inc.,Nasdaq,2834,Pharmaceutical Preparations,operating,Health Care,True,
BYAH,1986247,"Park Ha Biological Technology Co., Ltd.",Nasdaq,2840,"Soap, Detergents, Cleang Preparations, Perfumes, Cosmetics",other,Consumer Staples,False,not an operating company
VIP,1844971,Vulcan Infrastructure & Power Inc.,Nasdaq,6199,Finance Services,operating,Financials,True,
RSF,1644771,"RiverNorth Capital & Income Fund, Inc.",NYSE,,,other,Unclassified,False,not an operating company
ANVS,1477845,"Annovis Bio, Inc.",NYSE,2834,Pharmaceutical Preparations,operating,Health Care,True,
VGAS,1841425,"Verde Clean Fuels, Inc.",Nasdaq,2860,Industrial Organic Chemicals,operating,Materials,True,
FBDT,1892704,"First Breach, Inc.",Nasdaq,3480,"Ordnance & Accessories, (No Vehicles/Guided Missiles)",operating,Industrials,True,
DSWL,946936,DESWELL INDUSTRIES INC,Nasdaq,3089,"Plastics Products, NEC",other,Materials,False,not an operating company
TCBS,1849466,"Texas Community Bancshares, Inc.",Nasdaq,6036,"Savings Institutions, Not Federally Chartered",operating,Financials,True,
SRTS,1494891,"Sensus Healthcare, Inc.",Nasdaq,3841,Surgical & Medical Instruments & Apparatus,operating,Health Care,True,
ACFN,880984,"ACORN ENERGY, INC.",Nasdaq,8711,Services-Engineering Services,operating,Industrials,True,
MATH,1682241,Metalpha Technology Holding Ltd,Nasdaq,6199,Finance Services,other,Financials,False,not an operating company
KFFB,1297341,Kentucky First Federal Bancorp,Nasdaq,6035,"Savings Institution, Federally Chartered",operating,Financials,True,
SNWV,1417663,"SANUWAVE Health, Inc.",Nasdaq,3841,Surgical & Medical Instruments & Apparatus,operating,Health Care,True,
STI,1881551,Solidion Technology Inc.,Nasdaq,3690,"Miscellaneous Electrical Machinery, Equipment & Supplies",operating,Information Technology,True,
LIDR,1818644,"AEye, Inc.",Nasdaq,3714,Motor Vehicle Parts & Accessories,operating,Consumer Discretionary,True,
CCIF,1517767,Carlyle Credit Income Fund,NYSE,,,other,Unclassified,False,not an operating company
AVAT,2092446,Avalanche Treasury Corp,Nasdaq,6199,Finance Services,operating,Financials,True,
ELTX,1601485,"Elicio Therapeutics, Inc.",Nasdaq,2834,Pharmaceutical Preparations,operating,Health Care,True,
CELU,1752828,Celularity Inc,Nasdaq,2834,Pharmaceutical Preparations,operating,Health Care,True,
STKS,1399520,"ONE Group Hospitality, Inc.",Nasdaq,5812,Retail-Eating  Places,operating,Consumer Discretionary,True,
AMTD,1769731,AMTD IDEA GROUP,NYSE,6199,Finance Services,other,Financials,False,not an operating company
YHNA,2020987,YHN Acquisition I Ltd,Nasdaq,6770,Blank Checks,operating,Financials,False,blank check (SPAC)
SAIH,1847075,SAIHEAT Ltd,Nasdaq,6199,Finance Services,operating,Financials,True,
TELA,1561921,"TELA Bio, Inc.",Nasdaq,3841,Surgical & Medical Instruments & Apparatus,operating,Health Care,True,
IMA,1835579,"ImageneBio, Inc.",Nasdaq,2836,"Biological Products, (No Diagnostic Substances)",operating,Health Care,True,
XOS,1819493,"Xos, Inc.",Nasdaq,3714,Motor Vehicle Parts & Accessories,operating,Consumer Discretionary,True,
BSEM,1658678,"BioStem Technologies, Inc.",Nasdaq,2836,"Biological Products, (No Diagnostic Substances)",operating,Health Care,True,
FMY,1319183,FIRST TRUST MORTGAGE INCOME FUND,NYSE,,,other,Unclassified,False,not an operating company
CATO,18255,CATO CORP,NYSE,5621,Retail-Women's Clothing Stores,operating,Consumer Discretionary,True,
VRM,1580864,"Vroom, Inc.",Nasdaq,5500,Retail-Auto Dealers & Gasoline Stations,operating,Consumer Discretionary,True,
TACT,1017303,TRANSACT TECHNOLOGIES INC,Nasdaq,3577,"Computer Peripheral Equipment, NEC",operating,Information Technology,True,
SNSC,2101240,SunScout Holding Ltd,NYSE,3674,Semiconductors & Related Devices,other,Information Technology,False,not an operating company
SFWL,1863218,SHENGFENG DEVELOPMENT Ltd,Nasdaq,4210,Trucking & Courier Services (No Air),other,Industrials,False,not an operating company
ZDGE,1667313,"Zedge, Inc.",NYSE,7372,Services-Prepackaged Software,operating,Information Technology,True,
IDN,1040896,"Intellicheck, Inc.",Nasdaq,7372,Services-Prepackaged Software,operating,Information Technology,True,
CULP,723603,CULP INC,Nasdaq,2211,"Broadwoven Fabric Mills, Cotton",operating,Consumer Discretionary,True,
SOGP,1783407,Sound Group Inc.,Nasdaq,7370,"Services-Computer Programming, Data Processing, Etc.",other,Information Technology,False,not an operating company
MBAI,1610590,MBody AI Ltd.,Nasdaq,7373,Services-Computer Integrated Systems Design,other,Information Technology,False,not an operating company
MEGL,1881472,Magic Empire Global Ltd,Nasdaq,6199,Finance Services,other,Financials,False,not an operating company
REKR,1697851,"Rekor Systems, Inc.",Nasdaq,3669,"Communications Equipment, NEC",operating,Information Technology,True,
MBBC,1835385,"Marathon Bancorp, Inc. /MD/",Nasdaq,6036,"Savings Institutions, Not Federally Chartered",operating,Financials,True,
CNVS,1173204,Cineverse Corp.,Nasdaq,7841,Services-Video Tape Rental,operating,Communication Services,True,
GROV,1841761,"Grove Collaborative Holdings, Inc.",NYSE,5961,Retail-Catalog & Mail-Order Houses,operating,Consumer Discretionary,True,
XTNT,1453593,"Xtant Medical Holdings, Inc.",NYSE,3841,Surgical & Medical Instruments & Apparatus,operating,Health Care,True,
LASE,1807887,Laser Photonics Corp,Nasdaq,3690,"Miscellaneous Electrical Machinery, Equipment & Supplies",operating,Information Technology,True,
XBP,1839530,"XBP Global Holdings, Inc.",Nasdaq,7389,"Services-Business Services, NEC",operating,Industrials,True,
PROP,1162896,Prairie Operating Co.,Nasdaq,1311,Crude Petroleum & Natural Gas,operating,Energy,True,
PTLE,2016337,PTL Ltd,Nasdaq,5172,Wholesale-Petroleum & Petroleum Products (No Bulk Stations),other,Industrials,False,not an operating company
SCWO,933972,374Water Inc.,Nasdaq,3621,Motors & Generators,operating,Industrials,True,
HOWL,1785530,"Werewolf Therapeutics, Inc.",Nasdaq,2834,Pharmaceutical Preparations,operating,Health Care,True,
TIL,1789769,"Instil Bio, Inc.",Nasdaq,2836,"Biological Products, (No Diagnostic Substances)",operating,Health Care,True,
HGBL,849145,Heritage Global Inc.,Nasdaq,7389,"Services-Business Services, NEC",operating,Industrials,True,
RDI,716634,READING INTERNATIONAL INC,Nasdaq,7830,Services-Motion Picture Theaters,operating,Communication Services,True,
CVRX,1235912,"CVRx, Inc.",Nasdaq,3841,Surgical & Medical Instruments & Apparatus,operating,Health Care,True,
SOWG,1490161,Sow Good Inc.,Nasdaq,2000,Food and Kindred Products,operating,Consumer Staples,True,
FLL,891482,FULL HOUSE RESORTS INC,Nasdaq,7011,Hotels & Motels,operating,Consumer Discretionary,True,
SPWH,1132105,"SPORTSMAN'S WAREHOUSE HOLDINGS, INC.",Nasdaq,5940,Retail-Miscellaneous Shopping Goods Stores,operating,Consumer Discretionary,True,
NNOX,1795251,Nano-X Imaging Ltd.,Nasdaq,3844,X-Ray Apparatus & Tubes & Related Irradiation Apparatus,other,Health Care,False,not an operating company
QETA,1978528,Quetta Acquisition Corp,Nasdaq,6770,Blank Checks,operating,Financials,False,blank check (SPAC)
SYPR,864240,SYPRIS SOLUTIONS INC,Nasdaq,3823,"Industrial Instruments For Measurement, Display, and Control",operating,Information Technology,True,
CRGO,1927719,Freightos Ltd,Nasdaq,4731,Arrangement of  Transportation of  Freight & Cargo,other,Industrials,False,not an operating company
NSRX,2029039,Nasus Pharma Ltd,NYSE,2834,Pharmaceutical Preparations,other,Health Care,False,not an operating company
RPID,1380106,"RAPID MICRO BIOSYSTEMS, INC.",Nasdaq,3826,Laboratory Analytical Instruments,operating,Information Technology,True,
INDO,1757840,Indonesia Energy Corp Ltd,NYSE,1311,Crude Petroleum & Natural Gas,other,Energy,False,not an operating company
GRCE,1444192,"Grace Therapeutics, Inc.",Nasdaq,2834,Pharmaceutical Preparations,operating,Health Care,True,
SDA,1936804,SunCar Technology Group Inc.,Nasdaq,7500,"Services-Automotive Repair, Services & Parking",other,Industrials,False,not an operating company
AGIG,1156041,"ABUNDIA GLOBAL IMPACT GROUP, INC.",NYSE,1311,Crude Petroleum & Natural Gas,operating,Energy,True,
PLCE,1041859,"Childrens Place, Inc.",Nasdaq,5651,Retail-Family Clothing Stores,operating,Consumer Discretionary,True,
SACH,1682220,Sachem Capital Corp.,NYSE,6798,Real Estate Investment Trusts,operating,Real Estate,True,
DTSQ,2017950,DT Cloud Star Acquisition Corp,Nasdaq,6770,Blank Checks,operating,Financials,False,blank check (SPAC)
SQNS,1383395,SEQUANS COMMUNICATIONS,NYSE,3674,Semiconductors & Related Devices,other,Information Technology,False,not an operating company
SCYX,1178253,SCYNEXIS INC,Nasdaq,2834,Pharmaceutical Preparations,operating,Health Care,True,
PHUN,1665300,"Phunware, Inc.",Nasdaq,7374,Services-Computer Processing & Data Preparation,operating,Information Technology,True,
PRPO,1043961,"Precipio, Inc.",Nasdaq,3826,Laboratory Analytical Instruments,operating,Information Technology,True,
CPHI,1106644,"CHINA PHARMA HOLDINGS, INC.",NYSE,2834,Pharmaceutical Preparations,operating,Health Care,True,
RYM,1800637,"RYTHM, Inc.",Nasdaq,0700,Agricultural Services,operating,Consumer Staples,True,
YSXT,1993463,"YSX Tech Co., Ltd",Nasdaq,7500,"Services-Automotive Repair, Services & Parking",other,Industrials,False,not an operating company
MIND,926423,"MIND TECHNOLOGY, INC",Nasdaq,3812,"Search, Detection, Navigation, Guidance, Aeronautical Sys",operating,Information Technology,True,
GAME,1714562,"GameSquare Holdings, Inc.",Nasdaq,7900,Services-Amusement & Recreation Services,operating,Consumer Discretionary,True,
SLND,1883814,"Southland Holdings, Inc.",NYSE,1600,Heavy Construction Other Than Bldg Const - Contractors,operating,Industrials,True,
IZEA,1495231,"IZEA Worldwide, Inc.",Nasdaq,7310,Services-Advertising,operating,Industrials,True,
VERU,863894,VERU INC.,Nasdaq,2834,Pharmaceutical Preparations,operating,Health Care,True,
AIFA,1708341,"All In FutureTech Alliance, Inc.",Nasdaq,7900,Services-Amusement & Recreation Services,operating,Consumer Discretionary,True,
RPGL,1912884,Republic Power Group Ltd,Nasdaq,7372,Services-Prepackaged Software,other,Information Technology,False,not an operating company
TC,1743340,Token Cat Ltd,Nasdaq,7389,"Services-Business Services, NEC",other,Industrials,False,not an operating company
VHUB,1972234,"VenHub Global, Inc.",Nasdaq,3590,Misc Industrial & Commercial Machinery & Equipment,operating,Industrials,True,
STEM,1758766,"STEM, INC.",NYSE,7373,Services-Computer Integrated Systems Design,operating,Information Technology,True,
LOAN,1080340,"MANHATTAN BRIDGE CAPITAL, INC",Nasdaq,6798,Real Estate Investment Trusts,operating,Real Estate,True,
MVIS,65770,"MICROVISION, INC.",Nasdaq,3679,"Electronic Components, NEC",operating,Information Technology,True,
LCCC,2049248,Lakeshore Acquisition III Corp.,Nasdaq,6770,Blank Checks,operating,Financials,False,blank check (SPAC)
BZAI,1871638,"Blaize Holdings, Inc.",Nasdaq,3674,Semiconductors & Related Devices,operating,Information Technology,True,
IXHL,1873875,Incannex Healthcare Inc.,Nasdaq,2834,Pharmaceutical Preparations,operating,Health Care,True,
AXIL,1718500,"Axil Brands, Inc.",NYSE,2844,"Perfumes, Cosmetics & Other Toilet Preparations",operating,Consumer Staples,True,
KAZR,2031009,Skyline Builders Group Holding Ltd,Nasdaq,1700,Construction - Special Trade Contractors,other,Industrials,False,not an operating company
AURE,1765850,Aurelion Inc.,Nasdaq,6199,Finance Services,other,Financials,False,not an operating company
FSHP,1850059,Flag Ship Acquisition Corp,Nasdaq,6770,Blank Checks,operating,Financials,False,blank check (SPAC)
ELWT,2063863,"Elauwit Connection, Inc.",Nasdaq,4899,"Communications Services, NEC",operating,Communication Services,True,
KG,2055116,Kestrel Group Ltd,Nasdaq,6331,"Fire, Marine & Casualty Insurance",operating,Financials,True,
NOEM,1956648,CO2 Energy Transition Corp.,Nasdaq,6770,Blank Checks,operating,Financials,False,blank check (SPAC)
BNAI,1838163,Brand Engagement Network Inc.,Nasdaq,7373,Services-Computer Integrated Systems Design,operating,Information Technology,True,
MAMO,1952853,Massimo Group,Nasdaq,3790,Miscellaneous Transportation Equipment,operating,Industrials,True,
TVGN,1860871,Tevogen Inc.,Nasdaq,2836,"Biological Products, (No Diagnostic Substances)",operating,Health Care,True,
FNUC,1769697,Frontier Nuclear & Minerals Inc.,Nasdaq,1090,Miscellaneous Metal Ores,other,Materials,False,not an operating company
AHMA,2010959,AMBITIONS ENTERPRISE MANAGEMENT CO. L.L.C,Nasdaq,7900,Services-Amusement & Recreation Services,other,Consumer Discretionary,False,not an operating company
GRF,850027,"EAGLE CAPITAL GROWTH FUND, INC.",NYSE,,,other,Unclassified,False,not an operating company
FLNA,1069530,"FILANA THERAPEUTICS, INC.",Nasdaq,2834,Pharmaceutical Preparations,operating,Health Care,True,
OMEX,798528,ODYSSEY MARINE EXPLORATION INC,Nasdaq,4400,Water Transportation,operating,Industrials,True,
AFJK,1979005,"Aimei Health Technology Co., Ltd.",Nasdaq,6770,Blank Checks,operating,Financials,False,blank check (SPAC)
RMCO,1843656,Royalty Management Holding Corp,Nasdaq,6794,Patent Owners & Lessors,operating,Financials,True,
BTMD,1819253,biote Corp.,Nasdaq,2833,Medicinal Chemicals & Botanical Products,operating,Health Care,True,
STRR,1210708,"Star Equity Holdings, Inc.",Nasdaq,7363,Services-Help Supply Services,operating,Industrials,True,
JG,1737339,Aurora Mobile Ltd,Nasdaq,7370,"Services-Computer Programming, Data Processing, Etc.",other,Information Technology,False,not an operating company
AERT,1853044,"Aeries Technology, Inc.",Nasdaq,8742,Services-Management Consulting Services,operating,Industrials,True,
BCHT,728385,Birchtech Corp.,NYSE,3829,"Measuring & Controlling Devices, NEC",operating,Information Technology,True,
QTI,1844505,"QT IMAGING HOLDINGS, INC.",Nasdaq,3845,Electromedical & Electrotherapeutic Apparatus,operating,Health Care,True,
LVO,1491419,"LiveOne, Inc.",Nasdaq,5812,Retail-Eating  Places,operating,Consumer Discretionary,True,
MGX,1785279,"Metagenomi Therapeutics, Inc.",Nasdaq,2836,"Biological Products, (No Diagnostic Substances)",operating,Health Care,True,
VAI,1711012,Valor Energy Inc,Nasdaq,7510,Services-Auto Rental & Leasing (No Drivers),operating,Industrials,True,
SEAT,1856031,Vivid Seats Inc.,Nasdaq,7990,Services-Miscellaneous Amusement & Recreation,operating,Consumer Discretionary,True,
HBIO,1123494,HARVARD BIOSCIENCE INC,Nasdaq,3826,Laboratory Analytical Instruments,operating,Information Technology,True,
WAVE,1846715,Eco Wave Power Global AB (publ),Nasdaq,4911,Electric Services,other,Utilities,False,not an operating company
THCH,1877333,TH International Ltd,Nasdaq,5812,Retail-Eating  Places,other,Consumer Discretionary,False,not an operating company
VTIX,1606242,Virtuix Holdings Inc.,Nasdaq,3577,"Computer Peripheral Equipment, NEC",operating,Information Technology,True,
IBO,1834105,IMPACT BIOMEDICAL INC.,NYSE,2834,Pharmaceutical Preparations,operating,Health Care,True,
EHLD,2032779,Euroholdings Ltd.,Nasdaq,4412,Deep Sea Foreign Transportation of  Freight,other,Industrials,False,not an operating company
ELUT,1708527,ELUTIA INC.,Nasdaq,2836,"Biological Products, (No Diagnostic Substances)",operating,Health Care,True,
FFR,1460702,FF EAI Robotics Ecosystem Inc.,Nasdaq,6199,Finance Services,operating,Financials,True,
PXLW,1040161,"PIXELWORKS, INC",Nasdaq,7372,Services-Prepackaged Software,operating,Information Technology,True,
MKDW,1991332,MKDWELL Tech Inc.,Nasdaq,3600,Electronic & Other Electrical Equipment (No Computer Equip),other,Industrials,False,not an operating company
NTIP,1065078,"NETWORK-1 TECHNOLOGIES, INC.",NYSE,6794,Patent Owners & Lessors,operating,Financials,True,
LITS,1262104,"Lite Strategy, Inc.",Nasdaq,2834,Pharmaceutical Preparations,operating,Health Care,True,
SNT,1993727,Senstar Technologies Corp,Nasdaq,3669,"Communications Equipment, NEC",other,Information Technology,False,not an operating company
SMJF,2070954,SMJ International Holdings Inc.,NYSE,5030,Wholesale-Lumber & Other Construction Materials,other,Industrials,False,not an operating company
BAER,1941536,"Bridger Aerospace Group Holdings, Inc.",Nasdaq,7389,"Services-Business Services, NEC",operating,Industrials,True,
ATHR,2026353,"Aether Holdings, Inc.",Nasdaq,7372,Services-Prepackaged Software,operating,Information Technology,True,
AIOS,1603993,AIOS Tech Inc.,Nasdaq,3490,Miscellaneous Fabricated Metal Products,other,Industrials,False,not an operating company
RIBB,2035016,Ribbon Acquisition Corp.,Nasdaq,6770,Blank Checks,operating,Financials,False,blank check (SPAC)
GAIA,1089872,"GAIA, INC",Nasdaq,7812,Services-Motion Picture & Video Tape Production,operating,Communication Services,True,
TREO,2041208,Tactical Resources Corp.,Nasdaq,1000,Metal Mining,other,Materials,False,not an operating company
LVLU,1780201,"Lulu's Fashion Lounge Holdings, Inc.",Nasdaq,5961,Retail-Catalog & Mail-Order Houses,operating,Consumer Discretionary,True,
CVM,725363,CEL SCI CORP,NYSE,2836,"Biological Products, (No Diagnostic Substances)",operating,Health Care,True,
GROW,754811,U S GLOBAL INVESTORS INC,Nasdaq,6282,Investment Advice,operating,Financials,True,
SLMT,1939965,Brera Holdings PLC,Nasdaq,6199,Finance Services,other,Financials,False,not an operating company
GNTA,1838716,Genenta Science S.p.A.,Nasdaq,2836,"Biological Products, (No Diagnostic Substances)",other,Health Care,False,not an operating company
PN,2001288,PN Smart Energy Ltd,Nasdaq,5045,Wholesale-Computers & Peripheral Equipment & Software,other,Industrials,False,not an operating company
RYET,1873454,Ruanyun Edai Technology Inc.,Nasdaq,7372,Services-Prepackaged Software,other,Information Technology,False,not an operating company
ACCL,2038378,Acco Group Holdings Ltd,Nasdaq,8742,Services-Management Consulting Services,other,Industrials,False,not an operating company
WPRT,1370416,WESTPORT FUEL SYSTEMS INC.,Nasdaq,3510,Engines & Turbines,other,Industrials,False,not an operating company
KOSS,56701,KOSS CORP,Nasdaq,3651,Household Audio & Video Equipment,operating,Industrials,True,
COHN,1270436,Cohen & Co Inc.,NYSE,6211,"Security Brokers, Dealers & Flotation Companies",operating,Financials,True,
GPMT,1703644,Granite Point Mortgage Trust Inc.,NYSE,6798,Real Estate Investment Trusts,operating,Real Estate,True,
NEPH,1196298,NEPHROS INC,Nasdaq,3841,Surgical & Medical Instruments & Apparatus,operating,Health Care,True,
BRAG,1867834,Bragg Gaming Group Inc.,Nasdaq,7377,Services-Computer Rental & Leasing,other,Information Technology,False,not an operating company
TOON,1355848,"Kartoon Studios, Inc.",NYSE,7812,Services-Motion Picture & Video Tape Production,operating,Communication Services,True,
FGC,1591890,FG Nexus Inc.,Nasdaq,6199,Finance Services,operating,Financials,True,
CMTL,23197,COMTECH TELECOMMUNICATIONS CORP /DE/,Nasdaq,3663,Radio & Tv Broadcasting & Communications Equipment,operating,Information Technology,True,
LSF,1650696,"Laird Superfood, Inc.",NYSE,2000,Food and Kindred Products,operating,Consumer Staples,True,
BRIA,2000230,BrilliA Inc,NYSE,2300,Apparel & Other Finishd Prods of  Fabrics & Similar Matl,other,Consumer Discretionary,False,not an operating company
STG,1723935,Sunlands Technology Group,NYSE,8200,Services-Educational Services,other,Industrials,False,not an operating company
MLCI,2051820,Mount Logan Capital Inc.,Nasdaq,6282,Investment Advice,operating,Financials,True,
BODI,1826889,"Beachbody Company, Inc.",Nasdaq,5960,Retail-Nonstore Retailers,operating,Consumer Discretionary,True,
BCTX,1610820,BriaCell Therapeutics Corp.,Nasdaq,2834,Pharmaceutical Preparations,operating,Health Care,True,
BIRD,1653909,"Smartbird, Inc.",Nasdaq,7374,Services-Computer Processing & Data Preparation,operating,Information Technology,True,
BHST,1723464,BIOHARVEST SCIENCES INC.,Nasdaq,2834,Pharmaceutical Preparations,other,Health Care,False,not an operating company
ATNM,1388320,"Actinium Pharmaceuticals, Inc.",NYSE,2834,Pharmaceutical Preparations,operating,Health Care,True,
ACH,75252,ACCENDRA HEALTH INC/VA/,NYSE,5047,"Wholesale-Medical, Dental & Hospital Equipment & Supplies",operating,Industrials,True,
GMHS,2000530,Gamehaus Holdings Inc.,Nasdaq,7374,Services-Computer Processing & Data Preparation,other,Information Technology,False,not an operating company
FSP,1031316,FRANKLIN STREET PROPERTIES CORP /MA/,NYSE,6798,Real Estate Investment Trusts,operating,Real Estate,True,
PLUT,1933021,Plutus Financial Group Ltd,Nasdaq,6200,"Security & Commodity Brokers, Dealers, Exchanges & Services",other,Financials,False,not an operating company
PPSI,1449792,"PIONEER POWER SOLUTIONS, INC.",Nasdaq,3690,"Miscellaneous Electrical Machinery, Equipment & Supplies",operating,Information Technology,True,
NNVC,1379006,"NANOVIRICIDES, INC.",NYSE,2834,Pharmaceutical Preparations,operating,Health Care,True,
HOLO,1841209,MicroCloud Hologram Inc.,Nasdaq,7370,"Services-Computer Programming, Data Processing, Etc.",operating,Information Technology,True,
ALGS,1799448,"Aligos Therapeutics, Inc.",Nasdaq,2836,"Biological Products, (No Diagnostic Substances)",operating,Health Care,True,
DCGO,1822359,DocGo Inc.,Nasdaq,8000,Services-Health Services,operating,Health Care,True,
HHS,45919,HARTE HANKS INC,Nasdaq,7331,Services-Direct Mail Advertising Services,operating,Industrials,True,
MLGO,1800392,MicroAlgo Inc.,Nasdaq,7371,Services-Computer Programming Services,operating,Information Technology,True,
RMTI,1041024,"ROCKWELL MEDICAL, INC.",Nasdaq,2834,Pharmaceutical Preparations,operating,Health Care,True,
UG,101295,UNITED GUARDIAN INC,Nasdaq,2844,"Perfumes, Cosmetics & Other Toilet Preparations",operating,Consumer Staples,True,
YQ,1821468,17 Education & Technology Group Inc.,Nasdaq,8200,Services-Educational Services,other,Industrials,False,not an operating company
MLSS,855683,MILESTONE SCIENTIFIC INC.,NYSE,3842,"Orthopedic, Prosthetic & Surgical Appliances & Supplies",operating,Health Care,True,
CREX,1356093,"CREATIVE REALITIES, INC.",Nasdaq,7373,Services-Computer Integrated Systems Design,operating,Information Technology,True,
ANGH,1871983,Anghami Inc,Nasdaq,4899,"Communications Services, NEC",other,Communication Services,False,not an operating company
GRDX,1604191,GridAI Technologies Corp.,Nasdaq,4931,Electric & Other Services Combined,operating,Utilities,True,
JFU,1619544,9F Inc.,Nasdaq,6199,Finance Services,other,Financials,False,not an operating company
BOSC,1005516,BOS BETTER ONLINE SOLUTIONS LTD,Nasdaq,3576,Computer Communications Equipment,other,Information Technology,False,not an operating company
RAVE,718332,"RAVE RESTAURANT GROUP, INC.",Nasdaq,5140,Wholesale-Groceries & Related Products,operating,Industrials,True,
WKHS,1425287,Workhorse Group Inc.,Nasdaq,3711,Motor Vehicles & Passenger Car Bodies,operating,Consumer Discretionary,True,
CNF,1733868,CNFinance Holdings Ltd.,NYSE,6199,Finance Services,other,Financials,False,not an operating company
NSYS,722313,NORTECH SYSTEMS INC,Nasdaq,3679,"Electronic Components, NEC",operating,Information Technology,True,
CCEL,862692,CRYO CELL INTERNATIONAL INC,NYSE,8090,"Services-Misc Health & Allied Services, NEC",operating,Health Care,True,
COSM,1474167,Cosmos Health Inc.,Nasdaq,5122,"Wholesale-Drugs, Proprietaries & Druggists' Sundries",operating,Health Care,True,
XTIA,1529113,"XTI Aerospace, Inc.",Nasdaq,7371,Services-Computer Programming Services,operating,Information Technology,True,
YOUL,2028177,Youlife Group Inc.,Nasdaq,8200,Services-Educational Services,other,Industrials,False,not an operating company
RYOJ,2012600,"rYojbaba Co., Ltd.",Nasdaq,8742,Services-Management Consulting Services,other,Industrials,False,not an operating company
FTCI,1828161,"FTC Solar, Inc.",Nasdaq,3674,Semiconductors & Related Devices,operating,Information Technology,True,
FIEE,1467761,"FiEE, Inc.",Nasdaq,3661,Telephone & Telegraph Apparatus,operating,Information Technology,True,
JDZG,1976908,JIADE Ltd,Nasdaq,8200,Services-Educational Services,other,Industrials,False,not an operating company
ARBK,1841675,Argo Blockchain Plc,Nasdaq,6199,Finance Services,other,Financials,False,not an operating company
EDHL,2024876,Everbright Digital Holding Ltd.,Nasdaq,7310,Services-Advertising,other,Industrials,False,not an operating company
BGDE,1218683,"Big Digital Energy, Inc.",Nasdaq,6199,Finance Services,operating,Financials,True,
HERZ,880406,"Herzfeld Credit Income Fund, Inc",Nasdaq,,,other,Unclassified,False,not an operating company
DAIO,351998,DATA I/O CORP,Nasdaq,3825,Instruments For Meas & Testing of  Electricity & Elec Signals,operating,Information Technology,True,
NXTC,1661059,"NextCure, Inc.",Nasdaq,2834,Pharmaceutical Preparations,operating,Health Care,True,
CLPS,1724542,CLPS Inc,Nasdaq,7372,Services-Prepackaged Software,other,Information Technology,False,not an operating company
SJ,1753673,Scienjoy Holding Corp,Nasdaq,7374,Services-Computer Processing & Data Preparation,operating,Information Technology,True,
PRHI,1502292,"Presurance Holdings, Inc.",Nasdaq,6331,"Fire, Marine & Casualty Insurance",operating,Financials,True,
VTSI,1085243,"VirTra, Inc",Nasdaq,3990,Miscellaneous Manufacturing Industries,operating,Consumer Discretionary,True,
DRK,1591956,DarkHorse Technologies Inc.,Nasdaq,6199,Finance Services,operating,Financials,True,
ITOC,1970544,iTonic Holdings Ltd,Nasdaq,3845,Electromedical & Electrotherapeutic Apparatus,other,Health Care,False,not an operating company
RAND,81955,RAND CAPITAL CORP,Nasdaq,,,operating,Unclassified,True,
SPRU,1772720,SPRUCE POWER HOLDING CORP,NYSE,4911,Electric Services,operating,Utilities,True,
NOMA,1994214,Nomadar Corp.,Nasdaq,7900,Services-Amusement & Recreation Services,operating,Consumer Discretionary,True,
QNCX,1662774,"Quince Therapeutics, Inc.",Nasdaq,2836,"Biological Products, (No Diagnostic Substances)",operating,Health Care,True,
QRHC,1442236,Quest Resource Holding Corp,Nasdaq,4953,Refuse Systems,operating,Utilities,True,
FLD,1889123,"Fold Holdings, Inc.",Nasdaq,6199,Finance Services,operating,Financials,True,
IGC,1326205,"IGC Pharma, Inc.",NYSE,2834,Pharmaceutical Preparations,operating,Health Care,True,
QNME,1996192,"Quanome Technologies, Inc.",Nasdaq,4731,Arrangement of  Transportation of  Freight & Cargo,operating,Industrials,True,
RNAZ,1829635,"Transcode Therapeutics, Inc.",Nasdaq,2834,Pharmaceutical Preparations,operating,Health Care,True,
NTRP,788611,"NextTrip, Inc.",Nasdaq,4700,Transportation Services,operating,Industrials,True,
MNY,1974044,MoneyHero Ltd,Nasdaq,7389,"Services-Business Services, NEC",other,Industrials,False,not an operating company
MIRA,1904286,"MIRA PHARMACEUTICALS, INC.",Nasdaq,2834,Pharmaceutical Preparations,operating,Health Care,True,
CVV,766792,CVD EQUIPMENT CORP,Nasdaq,3559,"Special Industry Machinery, NEC",operating,Industrials,True,
SRXH,1471727,SRX Global Inc.,NYSE,2080,Beverages,operating,Consumer Staples,True,
FTFT,1066923,Future FinTech Group Inc.,Nasdaq,7389,"Services-Business Services, NEC",operating,Industrials,True,
ANPA,2031688,Rich Sparkle Holdings Ltd,Nasdaq,7380,Services-Miscellaneous Business Services,other,Industrials,False,not an operating company
TAOX,1571934,TAO Synergies Inc.,Nasdaq,6199,Finance Services,operating,Financials,True,
IMMP,1506184,IMMUTEP Ltd,Nasdaq,2834,Pharmaceutical Preparations,other,Health Care,False,not an operating company
ARAY,1138723,ACCURAY INC,Nasdaq,3841,Surgical & Medical Instruments & Apparatus,operating,Health Care,True,
CNTX,1842952,Context Therapeutics Inc.,Nasdaq,2834,Pharmaceutical Preparations,operating,Health Care,True,
MWYN,2030522,"Marwynn Holdings, Inc.",Nasdaq,5141,"Wholesale-Groceries, General Line",operating,Industrials,True,
GNS,1847806,Genius Group Ltd,NYSE,7372,Services-Prepackaged Software,other,Information Technology,False,not an operating company
YMT,1991605,Yimutian Inc.,Nasdaq,7374,Services-Computer Processing & Data Preparation,other,Information Technology,False,not an operating company
ONMD,1849380,OneMedNet Corp,Nasdaq,8731,Services-Commercial Physical & Biological Research,operating,Industrials,True,
PETS,1040130,PETMED EXPRESS INC,Nasdaq,5912,Retail-Drug Stores and Proprietary Stores,operating,Consumer Staples,True,
EVAX,1828253,Evaxion A/S,Nasdaq,2836,"Biological Products, (No Diagnostic Substances)",other,Health Care,False,not an operating company
YI,1738906,"111, Inc.",Nasdaq,5912,Retail-Drug Stores and Proprietary Stores,other,Consumer Staples,False,not an operating company
ATCH,1963088,"AtlasClear Holdings, Inc.",NYSE,6199,Finance Services,operating,Financials,True,
EONR,1842556,EON Resources Inc.,NYSE,1311,Crude Petroleum & Natural Gas,operating,Energy,True,
MCRB,1609809,"Seres Therapeutics, Inc.",Nasdaq,2834,Pharmaceutical Preparations,operating,Health Care,True,
ZBAO,1966750,Zhibao Technology Inc.,Nasdaq,6411,"Insurance Agents, Brokers & Service",other,Financials,False,not an operating company
GPUS,896493,"Hyperscale Data, Inc.",NYSE,3533,Oil & Gas Field Machinery & Equipment,operating,Industrials,True,
PDC,1944399,Perpetuals.com Ltd,Nasdaq,7371,Services-Computer Programming Services,other,Information Technology,False,not an operating company
DUO,1750593,Fangdd Network Group Ltd.,Nasdaq,6500,Real Estate,other,Real Estate,False,not an operating company
ABVC,1173313,"ABVC BIOPHARMA, INC.",Nasdaq,2834,Pharmaceutical Preparations,operating,Health Care,True,
AEI,1750106,Alset Inc.,Nasdaq,6500,Real Estate,operating,Real Estate,True,
CRWS,25895,CROWN CRAFTS INC,Nasdaq,2211,"Broadwoven Fabric Mills, Cotton",operating,Consumer Discretionary,True,
JVA,1007019,COFFEE HOLDING CO INC,Nasdaq,2090,Miscellaneous Food Preparations & Kindred Products,operating,Consumer Staples,True,
FKWL,722572,FRANKLIN WIRELESS CORP,Nasdaq,3661,Telephone & Telegraph Apparatus,operating,Information Technology,True,
INV,2001557,"Innventure, Inc.",Nasdaq,6770,Blank Checks,operating,Financials,False,blank check (SPAC)
GRAN,2027722,Grande Group Ltd/HK,Nasdaq,6199,Finance Services,other,Financials,False,not an operating company
BYSI,1677940,BeyondSpring Inc.,Nasdaq,2834,Pharmaceutical Preparations,operating,Health Care,True,
ZEO,1865506,Zeo Energy Corp.,Nasdaq,1700,Construction - Special Trade Contractors,operating,Industrials,True,
USEA,1912847,United Maritime Corp,Nasdaq,4400,Water Transportation,other,Industrials,False,not an operating company
SHPH,1757499,"Shuttle Pharmaceuticals Holdings, Inc.",Nasdaq,2834,Pharmaceutical Preparations,operating,Health Care,True,
ASPC,1890361,ASPAC III Acquisition Corp.,Nasdaq,6770,Blank Checks,operating,Financials,False,blank check (SPAC)
NXPL,1058307,NextPlat Corp,Nasdaq,4813,Telephone Communications (No Radiotelephone),operating,Communication Services,True,
MODD,1074871,"Modular Medical, Inc.",Nasdaq,3841,Surgical & Medical Instruments & Apparatus,operating,Health Care,True,
BLIV,1982448,BeLive Holdings,Nasdaq,7373,Services-Computer Integrated Systems Design,other,Information Technology,False,not an operating company
ATYR,1339970,aTYR PHARMA INC,Nasdaq,2836,"Biological Products, (No Diagnostic Substances)",operating,Health Care,True,
EURK,2000410,Eureka Acquisition Corp,Nasdaq,4400,Water Transportation,operating,Industrials,True,
KYNB,921299,"KYNTRA BIO, INC.",Nasdaq,2834,Pharmaceutical Preparations,operating,Health Care,True,
LOCL,1840780,Local Bounti Corporation/DE,NYSE,0100,Agricultural Production-Crops,operating,Consumer Staples,True,
BDMD,1982444,Baird Medical Investment Holdings Ltd,Nasdaq,3841,Surgical & Medical Instruments & Apparatus,other,Health Care,False,not an operating company
AAME,8177,ATLANTIC AMERICAN CORP,Nasdaq,6311,Life Insurance,operating,Financials,True,
BEEM,1398805,Beam Global,Nasdaq,3690,"Miscellaneous Electrical Machinery, Equipment & Supplies",operating,Information Technology,True,
LFT,1547546,"Lument Finance Trust, Inc.",NYSE,6798,Real Estate Investment Trusts,operating,Real Estate,True,
ATOS,1488039,"ATOSSA THERAPEUTICS, INC.",Nasdaq,2834,Pharmaceutical Preparations,operating,Health Care,True,
CNTY,911147,CENTURY CASINOS INC /CO/,Nasdaq,7011,Hotels & Motels,operating,Consumer Discretionary,True,
ORIO,1602842,Orion Digital Corp.,Nasdaq,6199,Finance Services,other,Financials,False,not an operating company
KTCC,719733,KEY TRONIC CORP,Nasdaq,3672,Printed Circuit Boards,operating,Information Technology,True,
JOB,40570,GEE Group Inc.,NYSE,7361,Services-Employment Agencies,operating,Industrials,True,
KMRK,2049187,K-TECH SOLUTIONS CO LTD,Nasdaq,3944,"Games, Toys & Children's Vehicles (No Dolls & Bicycles)",other,Consumer Discretionary,False,not an operating company
BMR,1899005,Beamr Imaging Ltd.,Nasdaq,7372,Services-Prepackaged Software,other,Information Technology,False,not an operating company
FEDU,1709819,Four Seasons Education (Cayman) Inc.,NYSE,8200,Services-Educational Services,other,Industrials,False,not an operating company
BLNE,1534708,"Beeline Holdings, Inc.",Nasdaq,6162,Mortgage Bankers & Loan Correspondents,operating,Financials,True,
MDRR,1654595,"Medalist Diversified, Inc.",Nasdaq,6798,Real Estate Investment Trusts,operating,Real Estate,True,
MSGM,1821175,Motorsport Games Inc.,Nasdaq,7372,Services-Prepackaged Software,operating,Information Technology,True,
TXMD,25743,"TherapeuticsMD, Inc.",Nasdaq,2834,Pharmaceutical Preparations,operating,Health Care,True,
CLIR,1434524,ClearSign Technologies Corp,Nasdaq,3823,"Industrial Instruments For Measurement, Display, and Control",operating,Information Technology,True,
OPTH,2027329,Optimi Health Corp.,Nasdaq,2834,Pharmaceutical Preparations,other,Health Care,False,not an operating company
BSAA,2051587,BEST SPAC I Acquisition Corp.,Nasdaq,8200,Services-Educational Services,operating,Industrials,True,
IPM,1355839,INTELLIGENT PROTECTION MANAGEMENT CORP.,Nasdaq,7370,"Services-Computer Programming, Data Processing, Etc.",operating,Information Technology,True,
LIVE,1045742,LIVE VENTURES Inc,Nasdaq,5900,Retail-Miscellaneous Retail,operating,Consumer Discretionary,True,
HKIT,1742341,"Biddance AI Systems, Inc.",Nasdaq,7372,Services-Prepackaged Software,other,Information Technology,False,not an operating company
AYTU,1385818,"AYTU BIOPHARMA, INC",Nasdaq,2834,Pharmaceutical Preparations,operating,Health Care,True,
AWRE,1015739,AWARE INC /MA/,Nasdaq,7372,Services-Prepackaged Software,operating,Information Technology,True,
RCON,1442620,"Recon Technology, Ltd",Nasdaq,1389,"Oil & Gas Field Services, NEC",operating,Energy,True,
SKYQ,1812447,Sky Quarry Inc.,Nasdaq,4955,Hazardous Waste Management,operating,Utilities,True,
JAGU,2039273,Jaguar Uranium Corp.,NYSE,1000,Metal Mining,operating,Materials,True,
NSPR,1433607,"InspireMD, Inc.",Nasdaq,3841,Surgical & Medical Instruments & Apparatus,operating,Health Care,True,
PMEC,1891944,Primech Holdings Ltd,Nasdaq,7340,Services-To Dwellings & Other Buildings,other,Industrials,False,not an operating company
QNRX,1671502,Quoin Pharmaceuticals Ltd.,Nasdaq,2834,Pharmaceutical Preparations,operating,Health Care,True,
BBGI,1099160,BEASLEY BROADCAST GROUP INC,Nasdaq,4832,Radio Broadcasting Stations,operating,Communication Services,True,
PAVM,1624326,PAVmed Inc.,Nasdaq,3841,Surgical & Medical Instruments & Apparatus,operating,Health Care,True,
COOT,1959994,Australian Oilseeds Holdings Ltd,Nasdaq,2070,Fats & Oils,operating,Consumer Staples,True,
SMXT,1519472,"SolarMax Technology, Inc.",Nasdaq,1700,Construction - Special Trade Contractors,operating,Industrials,True,
BRLS,1852973,Borealis Foods Inc.,Nasdaq,2000,Food and Kindred Products,operating,Consumer Staples,True,
EHTH,1333493,"eHealth, Inc.",Nasdaq,6411,"Insurance Agents, Brokers & Service",operating,Financials,True,
PLRZ,1893645,Polyrizon Ltd.,Nasdaq,3841,Surgical & Medical Instruments & Apparatus,other,Health Care,False,not an operating company
PRT,1724009,PermRock Royalty Trust,NYSE,1311,Crude Petroleum & Natural Gas,operating,Energy,True,
UTSI,1030471,UTSTARCOM HOLDINGS CORP.,Nasdaq,3669,"Communications Equipment, NEC",operating,Information Technology,True,
PMI,2030617,"Picard Medical, Inc.",NYSE,3841,Surgical & Medical Instruments & Apparatus,operating,Health Care,True,
MDBH,1934642,"MDB Capital Holdings, LLC",Nasdaq,6199,Finance Services,operating,Financials,True,
CKX,352955,"CKX LANDS, INC.",NYSE,1311,Crude Petroleum & Natural Gas,operating,Energy,True,
SCLX,1820190,Scilex Holding Co,Nasdaq,2836,"Biological Products, (No Diagnostic Substances)",operating,Health Care,True,
MRNO,1988776,Murano Global Investments Plc,Nasdaq,7011,Hotels & Motels,other,Consumer Discretionary,False,not an operating company
PAPL,1938109,Pineapple Financial Inc.,NYSE,6199,Finance Services,operating,Financials,True,
REFR,793524,RESEARCH FRONTIERS INC,Nasdaq,6794,Patent Owners & Lessors,operating,Financials,True,
STAK,2002453,STAK Inc.,Nasdaq,3533,Oil & Gas Field Machinery & Equipment,other,Industrials,False,not an operating company
UPC,1809616,Universe Pharmaceuticals INC,Nasdaq,2834,Pharmaceutical Preparations,other,Health Care,False,not an operating company
SNAL,1886894,"Snail, Inc.",Nasdaq,7372,Services-Prepackaged Software,operating,Information Technology,True,
PSHG,1481241,Performance Shipping Inc.,Nasdaq,4412,Deep Sea Foreign Transportation of  Freight,other,Industrials,False,not an operating company
BIOX,1769484,Bioceres Crop Solutions Corp.,Nasdaq,2870,Agricultural Chemicals,other,Materials,False,not an operating company
INLX,1081745,"INTELLINETICS, INC.",NYSE,7372,Services-Prepackaged Software,operating,Information Technology,True,
GIFT,1760233,"GIFTIFY, INC.",Nasdaq,5961,Retail-Catalog & Mail-Order Houses,operating,Consumer Discretionary,True,
GTEC,1735041,Greenland Technologies Holding Corp.,Nasdaq,3560,General Industrial Machinery & Equipment,operating,Industrials,True,
TLF,909724,TANDY LEATHER FACTORY INC,Nasdaq,3100,Leather & Leather Products,operating,Consumer Discretionary,True,
COCP,1412486,"Cocrystal Pharma, Inc.",Nasdaq,2834,Pharmaceutical Preparations,operating,Health Care,True,
SST,1805833,"System1, Inc.",NYSE,7370,"Services-Computer Programming, Data Processing, Etc.",operating,Information Technology,True,
QNTM,1771885,Quantum Biopharma Ltd.,Nasdaq,2834,Pharmaceutical Preparations,other,Health Care,False,not an operating company
CHOW,2041829,ChowChow Cloud International Holdings Ltd,NYSE,7372,Services-Prepackaged Software,other,Information Technology,False,not an operating company
RVP,946563,RETRACTABLE TECHNOLOGIES INC,NYSE,3841,Surgical & Medical Instruments & Apparatus,operating,Health Care,True,
DXLG,813298,"DESTINATION XL GROUP, INC.",Nasdaq,5651,Retail-Family Clothing Stores,operating,Consumer Discretionary,True,
UONE,1041657,"URBAN ONE, INC.",Nasdaq,4832,Radio Broadcasting Stations,operating,Communication Services,True,
LOOP,1504678,"Loop Industries, Inc.",Nasdaq,2800,Chemicals & Allied Products,operating,Materials,True,
SKK,1991261,SKK Holdings Ltd,Nasdaq,1623,"Water, Sewer, Pipeline, Comm & Power Line Construction",other,Industrials,False,not an operating company
MF,1888525,MindForge Inc.,Nasdaq,7370,"Services-Computer Programming, Data Processing, Etc.",other,Information Technology,False,not an operating company
EXYN,1960355,"Exyn Technologies, Inc.",Nasdaq,7372,Services-Prepackaged Software,operating,Information Technology,True,
VNTG,2027160,Vantage Corp (Singapore),NYSE,4731,Arrangement of  Transportation of  Freight & Cargo,other,Industrials,False,not an operating company
MOBX,1855467,"MOBIX LABS, INC",Nasdaq,3674,Semiconductors & Related Devices,operating,Information Technology,True,
DFNS,1787518,T3 Defense Inc.,Nasdaq,8742,Services-Management Consulting Services,operating,Industrials,True,
VIDA,1973062,VIDA Global Inc.,NYSE,7372,Services-Prepackaged Software,operating,Information Technology,True,
TGHL,2024114,GrowHub Ltd,Nasdaq,7374,Services-Computer Processing & Data Preparation,other,Information Technology,False,not an operating company
RECT,1995116,Rectitude Holdings Ltd.,Nasdaq,3420,"Cutlery, Handtools & General Hardware",other,Industrials,False,not an operating company
EFOI,924168,"ENERGY FOCUS, INC/DE",Nasdaq,3640,Electric Lighting & Wiring Equipment,operating,Industrials,True,
LEDS,1333822,SemiLEDs Corp,Nasdaq,3674,Semiconductors & Related Devices,operating,Information Technology,True,
PRZO,1916241,ParaZero Technologies Ltd.,Nasdaq,3728,"Aircraft Parts & Auxiliary Equipment, NEC",other,Industrials,False,not an operating company
MCRP,1993431,Micropolis AI Robotics,NYSE,3714,Motor Vehicle Parts & Accessories,other,Consumer Discretionary,False,not an operating company
MNDO,1119083,MIND CTI LTD,Nasdaq,7371,Services-Computer Programming Services,other,Information Technology,False,not an operating company
AKTX,1541157,Akari Therapeutics Plc,Nasdaq,2834,Pharmaceutical Preparations,operating,Health Care,True,
TRSG,1943444,Tungray Technologies Inc,Nasdaq,3530,"Construction, Mining & Materials Handling Machinery & Equip",other,Industrials,False,not an operating company
RDAC,2018145,Rising Dragon Acquisition Corp.,Nasdaq,6770,Blank Checks,operating,Financials,False,blank check (SPAC)
AIFF,803578,"FIREFLY NEUROSCIENCE, INC.",Nasdaq,7372,Services-Prepackaged Software,operating,Information Technology,True,
IDAI,1718939,T Stamp Inc,Nasdaq,7372,Services-Prepackaged Software,operating,Information Technology,True,
ICU,1831868,SeaStar Medical Holding Corp,Nasdaq,3841,Surgical & Medical Instruments & Apparatus,operating,Health Care,True,
JSPR,1788028,"Jasper Therapeutics, Inc.",Nasdaq,2836,"Biological Products, (No Diagnostic Substances)",operating,Health Care,True,
CTRM,1720161,Castor Maritime Inc.,Nasdaq,4412,Deep Sea Foreign Transportation of  Freight,other,Industrials,False,not an operating company
SPPL,1948697,SIMPPLE LTD.,Nasdaq,8744,Services-Facilities Support Management Services,other,Industrials,False,not an operating company
AZIO,1563568,"AZIO AI HOLDINGS, INC.",Nasdaq,3714,Motor Vehicle Parts & Accessories,operating,Consumer Discretionary,True,
ARTW,7623,ARTS WAY MANUFACTURING CO INC,Nasdaq,3523,Farm Machinery & Equipment,operating,Industrials,True,
NEUP,1191070,Neuphoria Therapeutics Inc.,Nasdaq,2834,Pharmaceutical Preparations,operating,Health Care,True,
AXG,1959224,"Solowin Holdings, Ltd.",Nasdaq,6211,"Security Brokers, Dealers & Flotation Companies",other,Financials,False,not an operating company
LFWD,1607962,Lifeward Ltd.,Nasdaq,3842,"Orthopedic, Prosthetic & Surgical Appliances & Supplies",operating,Health Care,True,
NYC,1595527,American Strategic Investment Co.,NYSE,6798,Real Estate Investment Trusts,operating,Real Estate,True,
DYAI,1213809,DYADIC INTERNATIONAL INC,Nasdaq,2836,"Biological Products, (No Diagnostic Substances)",operating,Health Care,True,
CCHH,2074123,CCH Holdings Ltd,Nasdaq,5812,Retail-Eating  Places,other,Consumer Discretionary,False,not an operating company
CFND,2044327,C1 Fund Inc.,NYSE,,,other,Unclassified,False,not an operating company
FOXX,2013807,Foxx Development Holdings Inc.,Nasdaq,3576,Computer Communications Equipment,operating,Information Technology,True,
NCEL,1783036,NewcelX Ltd.,Nasdaq,2834,Pharmaceutical Preparations,other,Health Care,False,not an operating company
LHAI,2017758,Linkhome Holdings Inc.,Nasdaq,6531,Real Estate Agents & Managers (For Others),operating,Real Estate,True,
ACCS,843006,ACCESS Newswire Inc.,NYSE,8742,Services-Management Consulting Services,operating,Industrials,True,
JF,1716338,J & Friends Holdings Ltd,Nasdaq,7370,"Services-Computer Programming, Data Processing, Etc.",other,Information Technology,False,not an operating company
ESLA,1844417,"Estrella Immunopharma, Inc.",Nasdaq,2836,"Biological Products, (No Diagnostic Substances)",operating,Health Care,True,
FEMY,1339005,FEMASYS INC,Nasdaq,3841,Surgical & Medical Instruments & Apparatus,operating,Health Care,True,
BNGO,1411690,"Bionano Genomics, Inc.",Nasdaq,3826,Laboratory Analytical Instruments,operating,Information Technology,True,
SDOT,1701756,Sadot Group Inc.,Nasdaq,5810,Retail-Eating & Drinking Places,operating,Consumer Discretionary,True,
GMM,1913749,Global Mofy AI Ltd,Nasdaq,7370,"Services-Computer Programming, Data Processing, Etc.",other,Information Technology,False,not an operating company
ZTG,2011458,Zenta Group Co Ltd,Nasdaq,8742,Services-Management Consulting Services,other,Industrials,False,not an operating company
YAAS,1964946,Youxin Technology Ltd,Nasdaq,7372,Services-Prepackaged Software,other,Information Technology,False,not an operating company
TLIH,1982012,Ten-League International Holdings Ltd,Nasdaq,5080,"Wholesale-Machinery, Equipment & Supplies",other,Industrials,False,not an operating company
JL,1948436,J-Long Group Ltd,Nasdaq,5600,Retail-Apparel & Accessory Stores,other,Consumer Discretionary,False,not an operating company
BCG,1953984,"Binah Capital Group, Inc.",Nasdaq,6199,Finance Services,operating,Financials,True,
INTZ,736012,INTRUSION INC,Nasdaq,3576,Computer Communications Equipment,operating,Information Technology,True,
FENG,1509646,Phoenix New Media Ltd,NYSE,4833,Television Broadcasting Stations,other,Communication Services,False,not an operating company
DUKR,1638911,DUKE Robotics Corp.,Nasdaq,3721,Aircraft,operating,Industrials,True,
REBN,1707910,"Reborn Coffee, Inc.",Nasdaq,5812,Retail-Eating  Places,operating,Consumer Discretionary,True,
LGPS,2040290,LOGPROSTYLE INC.,NYSE,1531,Operative Builders,other,Industrials,False,not an operating company
LICN,1876766,Lichen International Ltd,Nasdaq,8742,Services-Management Consulting Services,other,Industrials,False,not an operating company
DSY,1999297,Big Tree Cloud Holdings Ltd,Nasdaq,2670,Converted Paper & Paperboard Prods (No Contaners/Boxes),other,Materials,False,not an operating company
PTN,911216,PALATIN TECHNOLOGIES INC,Nasdaq,2834,Pharmaceutical Preparations,operating,Health Care,True,
MGIH,1903995,Millennium Group International Holdings Ltd,Nasdaq,2750,Commercial Printing,other,Communication Services,False,not an operating company
RADX,1949257,Radiopharm Theranostics Ltd,Nasdaq,2834,Pharmaceutical Preparations,other,Health Care,False,not an operating company
MRKR,1094038,"Marker Therapeutics, Inc.",Nasdaq,2834,Pharmaceutical Preparations,operating,Health Care,True,
SOAR,1853070,"Volato Group, Inc.",NYSE,4522,"Air Transportation, Nonscheduled",operating,Industrials,True,
GRNQ,1597846,Greenpro Capital Corp.,Nasdaq,8742,Services-Management Consulting Services,operating,Industrials,True,
RKTO,1711786,Rocket One Inc.,Nasdaq,2834,Pharmaceutical Preparations,operating,Health Care,True,
TCRX,1783328,"TScan Therapeutics, Inc.",Nasdaq,2836,"Biological Products, (No Diagnostic Substances)",operating,Health Care,True,
EPSM,1883437,Epsium Enterprise Ltd,Nasdaq,5180,"Wholesale-Beer, Wine & Distilled Alcoholic Beverages",other,Industrials,False,not an operating company
BENF,1775734,Beneficient,Nasdaq,6199,Finance Services,operating,Financials,True,
ACTU,1652935,"ACTUATE THERAPEUTICS, INC.",Nasdaq,2834,Pharmaceutical Preparations,operating,Health Care,True,
BCDA,925741,"BioCardia, Inc.",Nasdaq,2836,"Biological Products, (No Diagnostic Substances)",operating,Health Care,True,
FOFO,2060083,"Hang Feng Technology Innovation Co., Ltd.",Nasdaq,8742,Services-Management Consulting Services,other,Industrials,False,not an operating company
ARKR,779544,ARK RESTAURANTS CORP,Nasdaq,5812,Retail-Eating  Places,operating,Consumer Discretionary,True,
LPCN,1535955,Lipocine Inc.,Nasdaq,2834,Pharmaceutical Preparations,operating,Health Care,True,
MERC,1333274,MERCER INTERNATIONAL INC.,Nasdaq,2611,Pulp Mills,operating,Materials,True,
AEON,1837607,"AEON Biopharma, Inc.",NYSE,2834,Pharmaceutical Preparations,operating,Health Care,True,
BESS,1066764,Bimergen Energy Corp,NYSE,4911,Electric Services,operating,Utilities,True,
GSIW,1954269,Garden Stage Ltd,Nasdaq,6200,"Security & Commodity Brokers, Dealers, Exchanges & Services",other,Financials,False,not an operating company
KSCP,1600983,"Knightscope, Inc.",Nasdaq,3669,"Communications Equipment, NEC",operating,Information Technology,True,
GTIM,825324,Good Times Restaurants Inc.,Nasdaq,5812,Retail-Eating  Places,operating,Consumer Discretionary,True,
LIQT,1307579,LIQTECH INTERNATIONAL INC,Nasdaq,3590,Misc Industrial & Commercial Machinery & Equipment,operating,Industrials,True,
IRIX,1006045,IRIDEX CORP,Nasdaq,3845,Electromedical & Electrotherapeutic Apparatus,operating,Health Care,True,
FABC,1086745,"Fabric.AI, Inc.",Nasdaq,4899,"Communications Services, NEC",operating,Communication Services,True,
ONEG,2030834,OneConstruction Group Ltd,Nasdaq,1520,General Bldg Contractors - Residential Bldgs,other,Industrials,False,not an operating company
FGI,1864943,FGI Industries Ltd.,Nasdaq,3430,"Heating Equip, Except Elec & Warm Air; & Plumbing Fixtures",operating,Industrials,True,
ALLR,1860657,"Allarity Therapeutics, Inc.",Nasdaq,2834,Pharmaceutical Preparations,operating,Health Care,True,
MOGU,1743971,MOGU Inc.,NYSE,7389,"Services-Business Services, NEC",other,Industrials,False,not an operating company
TMDE,2009714,TMD Energy Ltd,NYSE,5172,Wholesale-Petroleum & Petroleum Products (No Bulk Stations),other,Industrials,False,not an operating company
MTEX,1056358,MANNATECH INC,Nasdaq,2833,Medicinal Chemicals & Botanical Products,operating,Health Care,True,
FNGR,1602409,"FingerMotion, Inc.",Nasdaq,7372,Services-Prepackaged Software,operating,Information Technology,True,
KTTA,1841330,Pasithea Therapeutics Corp.,Nasdaq,2834,Pharmaceutical Preparations,operating,Health Care,True,
GIGM,1105101,GIGAMEDIA Ltd,Nasdaq,7370,"Services-Computer Programming, Data Processing, Etc.",other,Information Technology,False,not an operating company
TOMZ,314227,"TOMI Environmental Solutions, Inc.",Nasdaq,2860,Industrial Organic Chemicals,operating,Materials,True,
HSCS,1468492,HeartSciences Inc.,Nasdaq,6199,Finance Services,operating,Financials,True,
SUNE,22701,"SUNation Energy, Inc.",Nasdaq,1700,Construction - Special Trade Contractors,operating,Industrials,True,
CJMB,2032545,CALLAN JMB INC.,Nasdaq,7389,"Services-Business Services, NEC",operating,Industrials,True,
DARE,1401914,"Dare Bioscience, Inc.",Nasdaq,2834,Pharmaceutical Preparations,operating,Health Care,True,
NEON,87050,Neonode Inc.,Nasdaq,3679,"Electronic Components, NEC",operating,Information Technology,True,
ATTT,1948443,Raytech Holding Ltd,Nasdaq,3630,Household Appliances,other,Consumer Discretionary,False,not an operating company
EDTK,1782309,Skillful Craftsman Education Technology Ltd,Nasdaq,8200,Services-Educational Services,other,Industrials,False,not an operating company
AHT,1232582,ASHFORD HOSPITALITY TRUST INC,NYSE,6798,Real Estate Investment Trusts,operating,Real Estate,True,
PASW,1897532,"Ping An Biomedical Co., Ltd.",Nasdaq,2300,Apparel & Other Finishd Prods of  Fabrics & Similar Matl,other,Consumer Discretionary,False,not an operating company
BTLN,1854445,"Brightline Interactive, Inc./NV",Nasdaq,7371,Services-Computer Programming Services,operating,Information Technology,True,
ASTC,1001907,ASTROTECH Corp,Nasdaq,3826,Laboratory Analytical Instruments,operating,Information Technology,True,
SLE,1621672,"Super League Enterprise, Inc.",Nasdaq,7373,Services-Computer Integrated Systems Design,operating,Information Technology,True,
TVRD,1346830,"Tvardi Therapeutics, Inc.",Nasdaq,2834,Pharmaceutical Preparations,operating,Health Care,True,
SMSI,948708,"SMITH MICRO SOFTWARE, INC.",Nasdaq,7372,Services-Prepackaged Software,operating,Information Technology,True,
LRE,1888980,"LEAD REAL ESTATE CO., LTD",Nasdaq,1531,Operative Builders,other,Industrials,False,not an operating company
HTOO,1819794,Fusion Fuel Green PLC,Nasdaq,3590,Misc Industrial & Commercial Machinery & Equipment,other,Industrials,False,not an operating company
CCM,1472072,Concord Medical Services Holdings Ltd,NYSE,8011,Services-Offices & Clinics of  Doctors of  Medicine,other,Health Care,False,not an operating company
DOGZ,1707303,Dogness (International) Corp,Nasdaq,3990,Miscellaneous Manufacturing Industries,other,Consumer Discretionary,False,not an operating company
PBK,2011053,POWERBANK Corp,Nasdaq,1700,Construction - Special Trade Contractors,other,Industrials,False,not an operating company
SINT,1269026,"Sintx Technologies, Inc.",Nasdaq,3841,Surgical & Medical Instruments & Apparatus,operating,Health Care,True,
HIND,1427570,"Vyome Holdings, Inc",Nasdaq,2834,Pharmaceutical Preparations,operating,Health Care,True,
FUSE,2033383,Fusemachines Inc.,Nasdaq,7373,Services-Computer Integrated Systems Design,operating,Information Technology,True,
MYND,1708441,"Mynd.ai, Inc.",NYSE,3577,"Computer Peripheral Equipment, NEC",other,Information Technology,False,not an operating company
KPTI,1503802,Karyopharm Therapeutics Inc.,Nasdaq,2834,Pharmaceutical Preparations,operating,Health Care,True,
YXT,1872090,YXT.COM GROUP HOLDING Ltd,Nasdaq,7372,Services-Prepackaged Software,other,Information Technology,False,not an operating company
BFRI,1858685,Biofrontera Inc.,Nasdaq,2834,Pharmaceutical Preparations,operating,Health Care,True,
INAB,1740279,"IN8BIO, INC.",Nasdaq,2836,"Biological Products, (No Diagnostic Substances)",operating,Health Care,True,
PSQH,1847064,"PSQ Holdings, Inc.",NYSE,7310,Services-Advertising,operating,Industrials,True,
ATCX,1684688,ATLAS CRITICAL MINERALS Corp,Nasdaq,1040,Gold and Silver Ores,other,Materials,False,not an operating company
CUPR,1995704,Cuprina Holdings (Cayman) LTD,Nasdaq,3842,"Orthopedic, Prosthetic & Surgical Appliances & Supplies",other,Health Care,False,not an operating company
DLPN,1282224,"Dolphin Entertainment, Inc.",Nasdaq,7200,Services-Personal Services,operating,Consumer Discretionary,True,
PETZ,1684425,"TDH Holdings, Inc.",Nasdaq,6531,Real Estate Agents & Managers (For Others),other,Real Estate,False,not an operating company
BRN,10048,BARNWELL INDUSTRIES INC,NYSE,1311,Crude Petroleum & Natural Gas,operating,Energy,True,
AUST,1817740,Austin Gold Corp.,NYSE,1040,Gold and Silver Ores,other,Materials,False,not an operating company
CTXR,1506251,"Citius Pharmaceuticals, Inc.",Nasdaq,2834,Pharmaceutical Preparations,operating,Health Care,True,
OPAD,1825024,Offerpad Solutions Inc.,Nasdaq,6531,Real Estate Agents & Managers (For Others),operating,Real Estate,True,
CNSY,1095981,"CERENOME, INC.",Nasdaq,3841,Surgical & Medical Instruments & Apparatus,operating,Health Care,True,
CCG,1965473,Cheche Group Inc.,Nasdaq,6411,"Insurance Agents, Brokers & Service",other,Financials,False,not an operating company
TULP,875355,"BLOOMIA HOLDINGS, INC.",Nasdaq,0100,Agricultural Production-Crops,operating,Consumer Staples,True,
CLRB,1279704,"Cellectar Biosciences, Inc.",Nasdaq,2834,Pharmaceutical Preparations,operating,Health Care,True,
HUIZ,1778982,Huize Holding Ltd,Nasdaq,6411,"Insurance Agents, Brokers & Service",other,Financials,False,not an operating company
BRFH,1487197,BARFRESH FOOD GROUP INC.,Nasdaq,2030,"Canned, Frozen & Preservd Fruit, Veg & Food Specialties",operating,Consumer Staples,True,
IHT,82473,INNSUITES HOSPITALITY TRUST,NYSE,6798,Real Estate Investment Trusts,operating,Real Estate,True,
TPST,1544227,"Tempest Therapeutics, Inc.",Nasdaq,2834,Pharmaceutical Preparations,operating,Health Care,True,
HTCO,1928948,High-Trend International Group,Nasdaq,4412,Deep Sea Foreign Transportation of  Freight,other,Industrials,False,not an operating company
AIRI,1009891,AIR INDUSTRIES GROUP,NYSE,3728,"Aircraft Parts & Auxiliary Equipment, NEC",operating,Industrials,True,
NIKI,1734005,"Niki BioSolutions, Inc.",Nasdaq,3829,"Measuring & Controlling Devices, NEC",other,Information Technology,False,not an operating company
WCT,1990251,Wellchange Holdings Co Ltd,Nasdaq,7372,Services-Prepackaged Software,other,Information Technology,False,not an operating company
LSTA,320017,"LISATA THERAPEUTICS, INC.",Nasdaq,2834,Pharmaceutical Preparations,operating,Health Care,True,
WETH,1826660,Wetouch Technology Inc.,Nasdaq,3577,"Computer Peripheral Equipment, NEC",operating,Information Technology,True,
MIMI,1998560,Mint Inc Ltd,Nasdaq,7389,"Services-Business Services, NEC",other,Industrials,False,not an operating company
EBON,1799290,Ebang International Holdings Inc.,Nasdaq,6200,"Security & Commodity Brokers, Dealers, Exchanges & Services",other,Financials,False,not an operating company
LTRN,1763950,Lantern Pharma Inc.,Nasdaq,2834,Pharmaceutical Preparations,operating,Health Care,True,
OLB,1314196,"OLB GROUP, INC.",Nasdaq,7389,"Services-Business Services, NEC",operating,Industrials,True,
BFRG,1829247,"BullFrog AI Holdings, Inc.",Nasdaq,2834,Pharmaceutical Preparations,operating,Health Care,True,
PLUR,1158780,Pluri Inc.,Nasdaq,2836,"Biological Products, (No Diagnostic Substances)",operating,Health Care,True,
SLGB,1987189,Smart Logistics Global Ltd,Nasdaq,4731,Arrangement of  Transportation of  Freight & Cargo,other,Industrials,False,not an operating company
SCAG,2000366,Scage Future,Nasdaq,3713,Truck & Bus Bodies,other,Consumer Discretionary,False,not an operating company
CABR,2020737,"Caring Brands, Inc.",Nasdaq,2844,"Perfumes, Cosmetics & Other Toilet Preparations",operating,Consumer Staples,True,
ASBP,1847345,"Aspire-Lakewood Holdings, Inc.",Nasdaq,2834,Pharmaceutical Preparations,operating,Health Care,True,
INTS,1567264,"INTENSITY THERAPEUTICS, INC.",Nasdaq,2836,"Biological Products, (No Diagnostic Substances)",operating,Health Care,True,
CDLX,1666071,"Cardlytics, Inc.",Nasdaq,7370,"Services-Computer Programming, Data Processing, Etc.",operating,Information Technology,True,
PLSM,2064764,Pulsenmore Ltd.,Nasdaq,3841,Surgical & Medical Instruments & Apparatus,other,Health Care,False,not an operating company
UFG,2021688,Uni-Fuels Holdings Ltd,Nasdaq,5172,Wholesale-Petroleum & Petroleum Products (No Bulk Stations),other,Industrials,False,not an operating company
PASG,1787297,"Passage BIO, Inc.",Nasdaq,2836,"Biological Products, (No Diagnostic Substances)",operating,Health Care,True,
CMCT,908311,Creative Media & Community Trust Corp,Nasdaq,6798,Real Estate Investment Trusts,operating,Real Estate,True,
SAGT,2029138,SAGTEC GLOBAL Ltd,Nasdaq,7372,Services-Prepackaged Software,other,Information Technology,False,not an operating company
BTCT,1796514,BTC Digital Ltd.,Nasdaq,6199,Finance Services,operating,Financials,True,
BIYA,1944712,Baiya International Group Inc.,Nasdaq,7361,Services-Employment Agencies,other,Industrials,False,not an operating company
TURB,1963439,"Turbo Energy, S.A.",Nasdaq,3690,"Miscellaneous Electrical Machinery, Equipment & Supplies",other,Information Technology,False,not an operating company
VEEA,1840317,VEEA INC.,Nasdaq,7373,Services-Computer Integrated Systems Design,operating,Information Technology,True,
HPAI,2001699,Helport AI Ltd,Nasdaq,7372,Services-Prepackaged Software,other,Information Technology,False,not an operating company
WIMI,1770088,WiMi Hologram Cloud Inc.,Nasdaq,7372,Services-Prepackaged Software,other,Information Technology,False,not an operating company
RGNT,1912966,REGENTIS BIOMATERIALS LTD.,NYSE,3842,"Orthopedic, Prosthetic & Surgical Appliances & Supplies",other,Health Care,False,not an operating company
CTSO,1175151,Cytosorbents Corp,Nasdaq,3841,Surgical & Medical Instruments & Apparatus,operating,Health Care,True,
CETY,1329606,"Clean Energy Technologies, Inc.",Nasdaq,4924,Natural Gas Distribution,operating,Utilities,True,
FRTT,2092967,Fort Technology Inc,Nasdaq,2870,Agricultural Chemicals,other,Materials,False,not an operating company
BIVI,1580149,BIOVIE INC.,Nasdaq,2834,Pharmaceutical Preparations,operating,Health Care,True,
VWAV,2038439,"VisionWave Holdings, Inc.",Nasdaq,7372,Services-Prepackaged Software,operating,Information Technology,True,
ZDAI,1966678,"DirectBooking Technology Co., Ltd.",Nasdaq,1540,General Bldg Contractors - Nonresidential Bldgs,other,Industrials,False,not an operating company
XCH,1979887,XCHG Ltd,Nasdaq,3690,"Miscellaneous Electrical Machinery, Equipment & Supplies",other,Information Technology,False,not an operating company
PHIO,1533040,Phio Pharmaceuticals Corp.,Nasdaq,2834,Pharmaceutical Preparations,operating,Health Care,True,
BNKK,1760903,"BONK, INC.",Nasdaq,2844,"Perfumes, Cosmetics & Other Toilet Preparations",operating,Consumer Staples,True,
IQST,1527702,iQSTEL Inc,Nasdaq,4813,Telephone Communications (No Radiotelephone),operating,Communication Services,True,
ALAR,1725332,Alarum Technologies Ltd.,Nasdaq,7372,Services-Prepackaged Software,other,Information Technology,False,not an operating company
EQS,878932,"EQUUS TOTAL RETURN, INC.",NYSE,,,operating,Unclassified,True,
KPRX,1372514,KIORA PHARMACEUTICALS INC,Nasdaq,2834,Pharmaceutical Preparations,operating,Health Care,True,
EDUC,31667,EDUCATIONAL DEVELOPMENT CORP,Nasdaq,5190,Wholesale-Miscellaneous Nondurable Goods,operating,Industrials,True,
GDTC,1873093,CytoMed Therapeutics Ltd,Nasdaq,2834,Pharmaceutical Preparations,other,Health Care,False,not an operating company
BLRX,1498403,BioLineRx Ltd.,Nasdaq,2834,Pharmaceutical Preparations,other,Health Care,False,not an operating company
BIOT,2072188,INSTINCT BIO TECHNICAL CO HOLDINGS INC.,Nasdaq,2844,"Perfumes, Cosmetics & Other Toilet Preparations",other,Consumer Staples,False,not an operating company
FMST,1935418,Foremost Clean Energy Ltd.,Nasdaq,1090,Miscellaneous Metal Ores,other,Materials,False,not an operating company
VTGN,1411685,"Vistagen Therapeutics, Inc.",Nasdaq,2834,Pharmaceutical Preparations,operating,Health Care,True,
GTBP,109657,"GT Biopharma, Inc.",Nasdaq,2834,Pharmaceutical Preparations,operating,Health Care,True,
WXM,1979610,WF International Ltd.,Nasdaq,1700,Construction - Special Trade Contractors,other,Industrials,False,not an operating company
ADIL,1513525,"ADIAL PHARMACEUTICALS, INC.",Nasdaq,2834,Pharmaceutical Preparations,operating,Health Care,True,
UCL,1775898,uCloudlink Group Inc.,Nasdaq,4899,"Communications Services, NEC",other,Communication Services,False,not an operating company
DDC,1808110,DDC Enterprise Ltd,NYSE,2000,Food and Kindred Products,other,Consumer Staples,False,not an operating company
UPLD,1505155,"Upland Software, Inc.",Nasdaq,7372,Services-Prepackaged Software,operating,Information Technology,True,
GYRO,1589061,"Gyrodyne, LLC",Nasdaq,6512,Opeators of  Nonresidential Buildings,operating,Real Estate,True,
JCTC,885307,JEWETT CAMERON TRADING CO LTD,Nasdaq,5211,Retail-Lumber & Other Building Materials Dealers,operating,Consumer Discretionary,True,
CVR,19871,CHICAGO RIVET & MACHINE CO,NYSE,3540,Metalworkg Machinery & Equipment,operating,Industrials,True,
TOVX,894158,"Theriva Biologics, Inc.",NYSE,2834,Pharmaceutical Preparations,operating,Health Care,True,
CLRO,840715,CLEARONE INC,Nasdaq,3661,Telephone & Telegraph Apparatus,operating,Information Technology,True,
TANH,1588084,TANTECH HOLDINGS LTD,Nasdaq,2860,Industrial Organic Chemicals,other,Materials,False,not an operating company
BANL,1914805,CBL International Ltd,Nasdaq,5172,Wholesale-Petroleum & Petroleum Products (No Bulk Stations),other,Industrials,False,not an operating company
ADVB,1941029,Advanced Biomed Inc.,Nasdaq,8071,Services-Medical Laboratories,operating,Health Care,True,
CLWT,1026662,EURO TECH HOLDINGS CO LTD,Nasdaq,5040,Wholesale-Professional & Commercial Equipment & Supplies,other,Industrials,False,not an operating company
DETX,1919776,"LIBERTY DEFENSE HOLDINGS, LTD.",Nasdaq,3812,"Search, Detection, Navigation, Guidance, Aeronautical Sys",other,Information Technology,False,not an operating company
HODO,1903595,House of Doge Inc.,Nasdaq,6199,Finance Services,operating,Financials,True,
SNTI,1854270,"Senti Biosciences Holdings, Inc.",Nasdaq,2836,"Biological Products, (No Diagnostic Substances)",operating,Health Care,True,
NXXT,1817004,"NEXTNRG, INC.",Nasdaq,5500,Retail-Auto Dealers & Gasoline Stations,operating,Consumer Discretionary,True,
FLUX,1083743,"Flux Power Holdings, Inc.",Nasdaq,3690,"Miscellaneous Electrical Machinery, Equipment & Supplies",operating,Information Technology,True,
NCPL,1414767,Netcapital Inc.,Nasdaq,6199,Finance Services,operating,Financials,True,
OST,1803407,"Ostin Technology Group Co., Ltd.",Nasdaq,3679,"Electronic Components, NEC",other,Information Technology,False,not an operating company
PLAG,1117057,Planet Green Holdings Corp.,NYSE,2030,"Canned, Frozen & Preservd Fruit, Veg & Food Specialties",operating,Consumer Staples,True,
CMMB,1534248,Chemomab Therapeutics Ltd.,Nasdaq,2834,Pharmaceutical Preparations,operating,Health Care,True,
AWX,1061069,AVALON HOLDINGS CORP,NYSE,4953,Refuse Systems,operating,Utilities,True,
CRMT,799850,AMERICAS CARMART INC,Nasdaq,5500,Retail-Auto Dealers & Gasoline Stations,operating,Consumer Discretionary,True,
RCT,2027360,RedCloud Holdings plc,Nasdaq,5990,"Retail-Retail Stores, NEC",other,Consumer Discretionary,False,not an operating company
BTBD,1718224,"BT Brands, Inc.",Nasdaq,5812,Retail-Eating  Places,operating,Consumer Discretionary,True,
CYCU,1868419,"Cycurion, Inc.",Nasdaq,7371,Services-Computer Programming Services,operating,Information Technology,True,
NMTC,1500198,NEUROONE MEDICAL TECHNOLOGIES Corp,Nasdaq,3841,Surgical & Medical Instruments & Apparatus,operating,Health Care,True,
BTOC,1972529,Armlogi Holding Corp.,Nasdaq,4220,Public Warehousing & Storage,operating,Industrials,True,
NUR,1680637,Nuran Wireless Inc.,Nasdaq,3576,Computer Communications Equipment,other,Information Technology,False,not an operating company
MSAI,1863990,"MultiSensor AI Holdings, Inc.",Nasdaq,3827,Optical Instruments & Lenses,operating,Information Technology,True,
BLIN,1378590,"Bridgeline Digital, Inc.",Nasdaq,7372,Services-Prepackaged Software,operating,Information Technology,True,
HUDI,1791725,"Huadi International Group Co., Ltd.",Nasdaq,3317,Steel Pipe & Tubes,other,Materials,False,not an operating company
AEMD,882291,AETHLON MEDICAL INC,Nasdaq,3841,Surgical & Medical Instruments & Apparatus,operating,Health Care,True,
QH,1781193,QUHUO Ltd,Nasdaq,7389,"Services-Business Services, NEC",other,Industrials,False,not an operating company
ICMB,1578348,"Investcorp Credit Management BDC, Inc.",Nasdaq,,,operating,Unclassified,True,
MEDS,2030763,"DataMeds AI, Inc.",Nasdaq,5122,"Wholesale-Drugs, Proprietaries & Druggists' Sundries",operating,Health Care,True,
RMCF,1616262,"Rocky Mountain Chocolate Factory, Inc.",Nasdaq,2060,Sugar & Confectionery Products,operating,Consumer Staples,True,
MGRX,1938046,"MANGOCEUTICALS, INC.",Nasdaq,8090,"Services-Misc Health & Allied Services, NEC",operating,Health Care,True,
BON,1816815,Bon Natural Life Ltd,Nasdaq,2833,Medicinal Chemicals & Botanical Products,other,Health Care,False,not an operating company
LZMH,1967397,LZ Technology Holdings Ltd,Nasdaq,7371,Services-Computer Programming Services,other,Information Technology,False,not an operating company
IOTR,1997637,iOThree Ltd,Nasdaq,4899,"Communications Services, NEC",other,Communication Services,False,not an operating company
CLIK,2020027,Click Holdings Ltd.,Nasdaq,7361,Services-Employment Agencies,other,Industrials,False,not an operating company
TNON,1560293,"Tenon Medical, Inc.",Nasdaq,3841,Surgical & Medical Instruments & Apparatus,operating,Health Care,True,
CALC,1534133,"CalciMedica, Inc.",Nasdaq,2834,Pharmaceutical Preparations,operating,Health Care,True,
CISO,1777319,"CISO Global, Inc.",Nasdaq,8742,Services-Management Consulting Services,operating,Industrials,True,
MMA,1981519,MIXED MARTIAL ARTS GROUP LTD,NYSE,7380,Services-Miscellaneous Business Services,other,Industrials,False,not an operating company
MSGY,2020228,Masonglory Ltd,Nasdaq,1700,Construction - Special Trade Contractors,other,Industrials,False,not an operating company
IMRN,1660046,Immuron Ltd,Nasdaq,2834,Pharmaceutical Preparations,other,Health Care,False,not an operating company
GIXI,1782265,Gix Internet Ltd.,Nasdaq,7372,Services-Prepackaged Software,other,Information Technology,False,not an operating company
JBDI,1964314,JBDI Holdings Ltd,Nasdaq,3412,"Metal Shipping Barrels, Drums, Kegs & Pails",other,Industrials,False,not an operating company
ELOG,2013320,Eastern International Ltd.,Nasdaq,4731,Arrangement of  Transportation of  Freight & Cargo,other,Industrials,False,not an operating company
AIMD,1014763,"Ainos, Inc.",Nasdaq,3577,"Computer Peripheral Equipment, NEC",operating,Information Technology,True,
INEO,1933951,INNEOVA Holdings Ltd,Nasdaq,5010,Wholesale-Motor Vehicles & Motor Vehicle Parts & Supplies,other,Industrials,False,not an operating company
INHD,1961847,INNO HOLDINGS INC.,Nasdaq,5990,"Retail-Retail Stores, NEC",operating,Consumer Discretionary,True,
BURU,1814215,"Nuburu, Inc.",NYSE,3690,"Miscellaneous Electrical Machinery, Equipment & Supplies",operating,Information Technology,True,
MYSE,1648960,"Myseum.AI, Inc.",Nasdaq,4822,Telegraph & Other Message Communications,operating,Communication Services,True,
NDRA,1681682,ENDRA Life Sciences Inc.,Nasdaq,3845,Electromedical & Electrotherapeutic Apparatus,operating,Health Care,True,
TKLF,1836242,"Tokyo Lifestyle Co., Ltd.",Nasdaq,5990,"Retail-Retail Stores, NEC",other,Consumer Discretionary,False,not an operating company
SEED,1321851,Origin Agritech LTD,Nasdaq,0100,Agricultural Production-Crops,other,Consumer Staples,False,not an operating company
WVVI,838875,WILLAMETTE VALLEY VINEYARDS INC,Nasdaq,2080,Beverages,operating,Consumer Staples,True,
ARAI,1818274,Arrive AI Inc.,Nasdaq,7340,Services-To Dwellings & Other Buildings,operating,Industrials,True,
MTVA,1638287,MetaVia Inc.,Nasdaq,2834,Pharmaceutical Preparations,operating,Health Care,True,
JAGX,1585608,"Jaguar Health, Inc.",Nasdaq,2834,Pharmaceutical Preparations,operating,Health Care,True,
AMS,744825,AMERICAN SHARED HOSPITAL SERVICES,NYSE,8071,Services-Medical Laboratories,operating,Health Care,True,
GLE,1908705,Global Engine Group Holding Ltd,Nasdaq,7374,Services-Computer Processing & Data Preparation,other,Information Technology,False,not an operating company
TPET,1898766,Trio Petroleum Corp,NYSE,1311,Crude Petroleum & Natural Gas,operating,Energy,True,
NIXX,1462223,"Nixxy, Inc.",Nasdaq,7371,Services-Computer Programming Services,operating,Information Technology,True,
SFHG,1926792,SAMFINE CREATION HOLDINGS GROUP Ltd,Nasdaq,2750,Commercial Printing,other,Communication Services,False,not an operating company
BMRA,73290,BIOMERICA INC,Nasdaq,2835,In Vitro & In Vivo Diagnostic Substances,operating,Health Care,True,
MBRX,1659617,"Moleculin Biotech, Inc.",Nasdaq,2834,Pharmaceutical Preparations,operating,Health Care,True,
CYN,1874097,Cyngn Inc.,Nasdaq,7371,Services-Computer Programming Services,operating,Information Technology,True,
MPU,1953021,Mega Matrix Inc,NYSE,7812,Services-Motion Picture & Video Tape Production,other,Communication Services,False,not an operating company
RAIN,2028293,"Rain Enhancement Technologies Holdco, Inc.",Nasdaq,3590,Misc Industrial & Commercial Machinery & Equipment,operating,Industrials,True,
MARPS,62362,MARINE PETROLEUM TRUST,Nasdaq,6792,Oil Royalty Traders,operating,Financials,True,
FEBO,1957001,Fenbo Holdings Ltd,Nasdaq,3634,Electric Housewares & Fans,other,Consumer Discretionary,False,not an operating company
OXBR,1584831,OXBRIDGE RE HOLDINGS Ltd,Nasdaq,6331,"Fire, Marine & Casualty Insurance",operating,Financials,True,
EPOW,1780731,E-Power Inc.,Nasdaq,3690,"Miscellaneous Electrical Machinery, Equipment & Supplies",other,Information Technology,False,not an operating company
INUV,829323,"Inuvo, Inc.",NYSE,7310,Services-Advertising,operating,Industrials,True,
ENSC,1716947,"Ensysce Biosciences, Inc.",Nasdaq,2834,Pharmaceutical Preparations,operating,Health Care,True,
MSN,32621,EMERSON RADIO CORP,NYSE,3651,Household Audio & Video Equipment,operating,Industrials,True,
PRPL,1643953,"Purple Innovation, Inc.",Nasdaq,2510,Household Furniture,operating,Consumer Discretionary,True,
NHTC,912061,NATURAL HEALTH TRENDS CORP,Nasdaq,5190,Wholesale-Miscellaneous Nondurable Goods,operating,Industrials,True,
YFOR,1985337,YYForce Inc.,Nasdaq,7363,Services-Help Supply Services,other,Industrials,False,not an operating company
EEIQ,1781397,EpicQuest Education Group International Ltd,Nasdaq,8200,Services-Educational Services,other,Industrials,False,not an operating company
GFAI,1804469,"Guardforce AI Co., Ltd.",Nasdaq,7381,"Services-Detective, Guard & Armored Car Services",other,Industrials,False,not an operating company
BAOS,1811216,Baosheng Media Group Holdings Ltd,Nasdaq,7389,"Services-Business Services, NEC",other,Industrials,False,not an operating company
RVSN,1743905,Rail Vision Ltd.,Nasdaq,3743,Railroad Equipment,other,Industrials,False,not an operating company
YJ,1759614,Yunji Inc.,Nasdaq,5990,"Retail-Retail Stores, NEC",other,Consumer Discretionary,False,not an operating company
OPTT,1378140,"Ocean Power Technologies, Inc.",NYSE,4911,Electric Services,operating,Utilities,True,
APUS,1894525,"Apimeds Pharmaceuticals US, Inc.",NYSE,2834,Pharmaceutical Preparations,operating,Health Care,True,
NAMI,1967631,Jinxin Technology Holding Co,Nasdaq,8200,Services-Educational Services,other,Industrials,False,not an operating company
WKSP,1096275,Worksport Ltd,Nasdaq,3714,Motor Vehicle Parts & Accessories,operating,Consumer Discretionary,True,
BGL,2019435,Blue Gold Ltd,Nasdaq,1000,Metal Mining,other,Materials,False,not an operating company
XWEL,1410428,"XWELL, Inc.",Nasdaq,7200,Services-Personal Services,operating,Consumer Discretionary,True,
AZTR,1701478,"Azitra, Inc.",NYSE,2834,Pharmaceutical Preparations,operating,Health Care,True,
FBLG,1958777,"FibroBiologics, Inc.",Nasdaq,2834,Pharmaceutical Preparations,operating,Health Care,True,
LUCY,1808377,Innovative Eyewear Inc,Nasdaq,3851,Ophthalmic Goods,operating,Health Care,True,
CNSP,1729427,"CNS Pharmaceuticals, Inc.",Nasdaq,2834,Pharmaceutical Preparations,operating,Health Care,True,
MTEN,1948099,Mingteng International Corp Inc.,Nasdaq,3442,"Metal Doors, Sash, Frames, Moldings & Trim",other,Industrials,False,not an operating company
HCTI,1839285,"Healthcare Triangle, Inc.",Nasdaq,7373,Services-Computer Integrated Systems Design,operating,Information Technology,True,
DFLI,1847986,Dragonfly Energy Holdings Corp.,Nasdaq,3690,"Miscellaneous Electrical Machinery, Equipment & Supplies",operating,Information Technology,True,
NXTT,1784970,Next Technology Holding Inc.,Nasdaq,7374,Services-Computer Processing & Data Preparation,operating,Information Technology,True,
SURG,1392694,"SurgePays, Inc.",Nasdaq,4813,Telephone Communications (No Radiotelephone),operating,Communication Services,True,
DTST,1419951,Data Storage Corp,Nasdaq,7374,Services-Computer Processing & Data Preparation,operating,Information Technology,True,
SNGX,812796,"SOLIGENIX, INC.",Nasdaq,2834,Pharmaceutical Preparations,operating,Health Care,True,
ARBB,1930179,ARB IOT Group Ltd,Nasdaq,7373,Services-Computer Integrated Systems Design,other,Information Technology,False,not an operating company
LGVN,1721484,Longeveron Inc.,Nasdaq,2834,Pharmaceutical Preparations,operating,Health Care,True,
CODX,1692415,"Co-Diagnostics, Inc.",Nasdaq,3841,Surgical & Medical Instruments & Apparatus,operating,Health Care,True,
NAII,787253,NATURAL ALTERNATIVES INTERNATIONAL INC,Nasdaq,2833,Medicinal Chemicals & Botanical Products,operating,Health Care,True,
DLXY,2025218,Delixy Holdings Ltd,Nasdaq,5172,Wholesale-Petroleum & Petroleum Products (No Bulk Stations),other,Industrials,False,not an operating company
REED,1140215,"REED'S, INC.",NYSE,2086,Bottled & Canned Soft Drinks & Carbonated Waters,operating,Consumer Staples,True,
JYD,1938186,Jayud Global Logistics Ltd,Nasdaq,4731,Arrangement of  Transportation of  Freight & Cargo,other,Industrials,False,not an operating company
INM,1728328,InMed Pharmaceuticals Inc.,Nasdaq,2834,Pharmaceutical Preparations,operating,Health Care,True,
CURX,2025942,Curanex Pharmaceuticals Inc,Nasdaq,2834,Pharmaceutical Preparations,operating,Health Care,True,
SKYE,1516551,"Skye Bioscience, Inc.",Nasdaq,2834,Pharmaceutical Preparations,operating,Health Care,True,
POM,1877971,POMDOCTOR Ltd,Nasdaq,5900,Retail-Miscellaneous Retail,other,Consumer Discretionary,False,not an operating company
JCSE,1905511,JE Cleantech Holdings Ltd,Nasdaq,3990,Miscellaneous Manufacturing Industries,other,Consumer Discretionary,False,not an operating company
FTHM,1753162,Fathom Holdings Inc.,Nasdaq,6531,Real Estate Agents & Managers (For Others),operating,Real Estate,True,
AQMS,1621832,"Aqua Metals, Inc.",Nasdaq,3341,Secondary Smelting & Refining of  Nonferrous Metals,operating,Materials,True,
LOBO,1932072,LOBO TECHNOLOGIES LTD.,Nasdaq,3751,"Motorcycles, Bicycles & Parts",other,Industrials,False,not an operating company
GITS,1911545,"Global Interactive Technologies, Inc.",Nasdaq,7370,"Services-Computer Programming, Data Processing, Etc.",operating,Information Technology,True,
AIM,946644,AIM ImmunoTech Inc.,NYSE,2836,"Biological Products, (No Diagnostic Substances)",operating,Health Care,True,
MDCX,1997296,Medicus Pharma Ltd.,Nasdaq,2834,Pharmaceutical Preparations,operating,Health Care,True,
TRAW,1130598,"Traws Pharma, Inc.",Nasdaq,2834,Pharmaceutical Preparations,operating,Health Care,True,
ACXP,1736243,"Acurx Pharmaceuticals, Inc.",Nasdaq,2834,Pharmaceutical Preparations,operating,Health Care,True,
CLGN,1631487,CollPlant Biotechnologies Ltd,Nasdaq,3842,"Orthopedic, Prosthetic & Surgical Appliances & Supplies",other,Health Care,False,not an operating company
GWAV,1589149,"Greenwave Technology Solutions, Inc.",Nasdaq,5051,Wholesale-Metals Service Centers & of fices,operating,Industrials,True,
THH,2044241,TryHard Holdings Ltd,Nasdaq,7990,Services-Miscellaneous Amusement & Recreation,other,Consumer Discretionary,False,not an operating company
GYGY,2111846,Game Your Game Inc.,Nasdaq,7372,Services-Prepackaged Software,operating,Information Technology,True,
APRE,1781983,"Aprea Therapeutics, Inc.",Nasdaq,2834,Pharmaceutical Preparations,operating,Health Care,True,
UCAR,1939780,U Power Ltd,Nasdaq,3690,"Miscellaneous Electrical Machinery, Equipment & Supplies",other,Information Technology,False,not an operating company
LEXX,1348362,Lexaria Bioscience Corp.,Nasdaq,2834,Pharmaceutical Preparations,operating,Health Care,True,
YHGJ,1042187,YUNHONG GREEN CTI LTD.,Nasdaq,3060,"Fabricated Rubber Products, NEC",operating,Materials,True,
WOK,1929783,WORK Medical Technology Group LTD,Nasdaq,3841,Surgical & Medical Instruments & Apparatus,other,Health Care,False,not an operating company
ZCMD,1785566,Zhongchao Inc.,Nasdaq,8200,Services-Educational Services,other,Industrials,False,not an operating company
BIAF,1712762,"bioAffinity Technologies, Inc.",Nasdaq,8731,Services-Commercial Physical & Biological Research,operating,Industrials,True,
NVNI,1965143,Nvni Group Ltd,Nasdaq,7372,Services-Prepackaged Software,other,Information Technology,False,not an operating company
BTTC,2034400,Black Titan Corp,Nasdaq,7371,Services-Computer Programming Services,other,Information Technology,False,not an operating company
ACON,1635077,"Aclarion, Inc.",Nasdaq,8071,Services-Medical Laboratories,operating,Health Care,True,
BOLT,1641281,"Bolt Biotherapeutics, Inc.",Nasdaq,2834,Pharmaceutical Preparations,operating,Health Care,True,
NRSN,1875091,NeuroSense Therapeutics Ltd.,Nasdaq,2834,Pharmaceutical Preparations,other,Health Care,False,not an operating company
ENVB,890821,"Enveric Biosciences, Inc.",Nasdaq,2834,Pharmaceutical Preparations,operating,Health Care,True,
VNRX,93314,VOLITIONRX LTD,NYSE,2835,In Vitro & In Vivo Diagnostic Substances,operating,Health Care,True,
VS,1701963,Versus Systems Inc.,Nasdaq,7374,Services-Computer Processing & Data Preparation,operating,Information Technology,True,
NWTG,1934245,"Newton Golf Company, Inc.",Nasdaq,3949,"Sporting & Athletic Goods, NEC",operating,Consumer Discretionary,True,
IFBD,1815566,"Infobird Co., Ltd",Nasdaq,7372,Services-Prepackaged Software,other,Information Technology,False,not an operating company
PRSO,890394,Peraso Inc.,Nasdaq,3674,Semiconductors & Related Devices,operating,Information Technology,True,
CELZ,1187953,"CREATIVE MEDICAL TECHNOLOGY HOLDINGS, INC.",Nasdaq,2836,"Biological Products, (No Diagnostic Substances)",operating,Health Care,True,
XCUR,1698530,"EXICURE, INC.",Nasdaq,2834,Pharmaceutical Preparations,operating,Health Care,True,
DTSS,2110423,Datasea Intelligent Technology Ltd.,Nasdaq,7372,Services-Prepackaged Software,other,Information Technology,False,not an operating company
SCNX,1382574,"Scienture Holdings, Inc.",Nasdaq,2834,Pharmaceutical Preparations,operating,Health Care,True,
DCX,1957413,Digital Currency X Technology Inc.,Nasdaq,3711,Motor Vehicles & Passenger Car Bodies,other,Consumer Discretionary,False,not an operating company
TDIC,2041338,Dreamland Ltd,Nasdaq,8741,Services-Management Services,other,Industrials,False,not an operating company
FFAI,1805521,FARADAY FUTURE INTELLIGENT ELECTRIC INC.,Nasdaq,3711,Motor Vehicles & Passenger Car Bodies,operating,Consumer Discretionary,True,
AIRE,1859199,reAlpha Tech Corp.,Nasdaq,6500,Real Estate,operating,Real Estate,True,
XHLD,2030954,"TEN Holdings, Inc.",Nasdaq,7389,"Services-Business Services, NEC",operating,Industrials,True,
ALZN,1677077,"Alzamend Neuro, Inc.",Nasdaq,2834,Pharmaceutical Preparations,operating,Health Care,True,
CCTG,1931717,CCSC Technology International Holdings Ltd,Nasdaq,3640,Electric Lighting & Wiring Equipment,other,Industrials,False,not an operating company
WAFU,1716770,Wah Fu Education & Technology Group Ltd.,Nasdaq,8200,Services-Educational Services,other,Industrials,False,not an operating company
EVGN,1574565,Evogene Ltd.,Nasdaq,2870,Agricultural Chemicals,other,Materials,False,not an operating company
TWG,1978057,Top Wealth Group Holding Ltd,Nasdaq,2090,Miscellaneous Food Preparations & Kindred Products,other,Consumer Staples,False,not an operating company
CHAI,1649009,"Core AI Holdings, Inc.",Nasdaq,4812,Radiotelephone Communications,other,Communication Services,False,not an operating company
LHSW,2004024,Lianhe Sowell International Group Ltd,Nasdaq,7372,Services-Prepackaged Software,other,Information Technology,False,not an operating company
MTEK,1872964,Maris Tech Ltd.,Nasdaq,3669,"Communications Equipment, NEC",other,Information Technology,False,not an operating company
SEGG,1673481,Sports Entertainment Gaming Global Corp,Nasdaq,7372,Services-Prepackaged Software,operating,Information Technology,True,
AMIX,1617867,"Autonomix Medical, Inc.",Nasdaq,3841,Surgical & Medical Instruments & Apparatus,operating,Health Care,True,
JWEL,1805594,Jowell Global Ltd.,Nasdaq,5960,Retail-Nonstore Retailers,other,Consumer Discretionary,False,not an operating company
CANF,1536196,Can-Fite BioPharma Ltd.,NYSE,2834,Pharmaceutical Preparations,other,Health Care,False,not an operating company
KNRX,1982960,KNOREX LTD.,NYSE,7370,"Services-Computer Programming, Data Processing, Etc.",other,Information Technology,False,not an operating company
KRKR,1779476,36Kr Holdings Inc.,Nasdaq,7389,"Services-Business Services, NEC",other,Industrials,False,not an operating company
AUID,1534154,authID Inc.,Nasdaq,7372,Services-Prepackaged Software,operating,Information Technology,True,
VSA,1592560,VisionSys AI Inc,Nasdaq,8200,Services-Educational Services,other,Industrials,False,not an operating company
IMNN,749647,"Imunon, Inc.",Nasdaq,2834,Pharmaceutical Preparations,operating,Health Care,True,
GLXG,1905920,Galaxy Payroll Group Ltd,Nasdaq,8700,"Services-Engineering, Accounting, Research, Management",other,Industrials,False,not an operating company
AMST,1807166,Amesite Inc.,Nasdaq,7372,Services-Prepackaged Software,operating,Information Technology,True,
NVNO,1661053,enVVeno Medical Corp,Nasdaq,3841,Surgical & Medical Instruments & Apparatus,operating,Health Care,True,
CGTL,1967822,Creative Global Technology Holdings Ltd,Nasdaq,5045,Wholesale-Computers & Peripheral Equipment & Software,other,Industrials,False,not an operating company
GELS,1920092,Gelteq Ltd,Nasdaq,2834,Pharmaceutical Preparations,other,Health Care,False,not an operating company
SYNX,1976443,Silynxcom Ltd.,NYSE,3651,Household Audio & Video Equipment,other,Industrials,False,not an operating company
VEEE,1855509,"Twin Vee PowerCats, Co.",Nasdaq,3730,Ship & Boat Building & Repairing,operating,Industrials,True,
ALP,1095435,Alpha Compute Corp,Nasdaq,6199,Finance Services,other,Financials,False,not an operating company
SOS,1346610,SOS Ltd,NYSE,6200,"Security & Commodity Brokers, Dealers, Exchanges & Services",other,Financials,False,not an operating company
GAUZ,1781446,Gauzy Ltd.,Nasdaq,3690,"Miscellaneous Electrical Machinery, Equipment & Supplies",other,Information Technology,False,not an operating company
ORKT,1979407,ORANGEKLOUD TECHNOLOGY INC.,Nasdaq,7372,Services-Prepackaged Software,other,Information Technology,False,not an operating company
ILAG,1814963,Intelligent Living Application Group Inc.,Nasdaq,2540,"Partitions, Shelvg, Lockers, & of fice & Store Fixtures",other,Consumer Discretionary,False,not an operating company
DAIC,2033770,"CID Holdco, Inc.",Nasdaq,7373,Services-Computer Integrated Systems Design,operating,Information Technology,True,
GDC,1641398,GD Culture Group Ltd,Nasdaq,5050,Wholesale-Metals & Minerals (No Petroleum),operating,Industrials,True,
KALA,1479419,"KALA BIO, Inc.",Nasdaq,2834,Pharmaceutical Preparations,operating,Health Care,True,
AUUD,1554818,AUDDIA INC.,Nasdaq,7374,Services-Computer Processing & Data Preparation,operating,Information Technology,True,
OBAI,1756064,"Our Bond, Inc.",Nasdaq,4899,"Communications Services, NEC",operating,Communication Services,True,
MITQ,1770236,MOVING iMAGE TECHNOLOGIES INC.,NYSE,3861,Photographic Equipment & Supplies,operating,Information Technology,True,
TWAV,746210,"TaoWeave, Inc.",Nasdaq,7370,"Services-Computer Programming, Data Processing, Etc.",operating,Information Technology,True,
SNOA,1367083,"Sonoma Pharmaceuticals, Inc.",Nasdaq,3841,Surgical & Medical Instruments & Apparatus,operating,Health Care,True,
PULM,1574235,"Pulmatrix, Inc.",Nasdaq,2834,Pharmaceutical Preparations,operating,Health Care,True,
ADXN,1574232,Addex Therapeutics Ltd.,Nasdaq,2834,Pharmaceutical Preparations,other,Health Care,False,not an operating company
BGMS,1130166,"Bio Green Med Solution, Inc.",Nasdaq,5099,"Wholesale-Durable Goods, NEC",operating,Industrials,True,
CRE,2003977,Cre8 Enterprise Ltd,Nasdaq,2750,Commercial Printing,other,Communication Services,False,not an operating company
ATXG,1650101,ADDENTAX GROUP CORP.,Nasdaq,7330,"Services-Mailing, Reproduction, Commercial Art & Photography",operating,Industrials,True,
CDIO,1870144,"Cardio Diagnostics Holdings, Inc.",Nasdaq,2835,In Vitro & In Vivo Diagnostic Substances,operating,Health Care,True,
SONM,1178697,"DNA X, Inc.",Nasdaq,3661,Telephone & Telegraph Apparatus,operating,Information Technology,True,
BQ,1815021,Boqii Holding Ltd,NYSE,5990,"Retail-Retail Stores, NEC",other,Consumer Discretionary,False,not an operating company
GURE,885462,"GULF RESOURCES, INC.",Nasdaq,2800,Chemicals & Allied Products,operating,Materials,True,
HCAI,1958399,"Huachen AI Parking Management Technology Holding Co., Ltd",Nasdaq,3990,Miscellaneous Manufacturing Industries,other,Consumer Discretionary,False,not an operating company
DRMA,1853816,"Dermata Therapeutics, Inc.",Nasdaq,2834,Pharmaceutical Preparations,operating,Health Care,True,
AMBO,1494558,Ambow Education Holding Ltd.,NYSE,8200,Services-Educational Services,operating,Industrials,True,
ENLV,1596812,Enlivex Ltd.,Nasdaq,2834,Pharmaceutical Preparations,other,Health Care,False,not an operating company
ICCM,1584371,IceCure Medical Ltd.,Nasdaq,3841,Surgical & Medical Instruments & Apparatus,other,Health Care,False,not an operating company
INBS,1725430,INTELLIGENT BIO SOLUTIONS INC.,Nasdaq,3841,Surgical & Medical Instruments & Apparatus,operating,Health Care,True,
CNET,1376321,ZW Data Action Technologies Inc.,Nasdaq,7370,"Services-Computer Programming, Data Processing, Etc.",operating,Information Technology,True,
QCLS,1321834,"Q/C TECHNOLOGIES, INC.",Nasdaq,2835,In Vitro & In Vivo Diagnostic Substances,operating,Health Care,True,
DFSC,1889823,DEFSEC Technologies Inc.,Nasdaq,7372,Services-Prepackaged Software,other,Information Technology,False,not an operating company
JTAI,1861622,Jet.AI Inc.,Nasdaq,4522,"Air Transportation, Nonscheduled",operating,Industrials,True,
YMAT,1875016,"J-Star Holding Co., Ltd.",Nasdaq,3949,"Sporting & Athletic Goods, NEC",other,Consumer Discretionary,False,not an operating company
LNAI,1527728,Lunai Bioworks Inc.,Nasdaq,2834,Pharmaceutical Preparations,operating,Health Care,True,
SPHL,2002236,SPRINGVIEW HOLDINGS LTD,Nasdaq,1520,General Bldg Contractors - Residential Bldgs,other,Industrials,False,not an operating company
SCKT,944075,"SOCKET MOBILE, INC.",Nasdaq,3571,Electronic Computers,operating,Information Technology,True,
GBR,105744,"New Concept Energy, Inc.",NYSE,1311,Crude Petroleum & Natural Gas,operating,Energy,True,
BMGL,2004489,Basel Medical Group Ltd,Nasdaq,8011,Services-Offices & Clinics of  Doctors of  Medicine,other,Health Care,False,not an operating company
XBIO,1534525,"Xenetic Biosciences, Inc.",Nasdaq,2834,Pharmaceutical Preparations,operating,Health Care,True,
CWD,1627282,CaliberCos Inc.,Nasdaq,6500,Real Estate,operating,Real Estate,True,
EZGO,1806904,EZGO Technologies Ltd.,Nasdaq,3751,"Motorcycles, Bicycles & Parts",other,Industrials,False,not an operating company
CHNR,793628,CHINA NATURAL RESOURCES INC,Nasdaq,1040,Gold and Silver Ores,operating,Materials,True,
TRIB,888721,TRINITY BIOTECH PLC,Nasdaq,2835,In Vitro & In Vivo Diagnostic Substances,other,Health Care,False,not an operating company
RMSG,1983324,Real Messenger Corp,Nasdaq,7370,"Services-Computer Programming, Data Processing, Etc.",other,Information Technology,False,not an operating company
CPOP,1807389,"Pop Culture Group Co., Ltd",Nasdaq,7900,Services-Amusement & Recreation Services,other,Consumer Discretionary,False,not an operating company
VVOS,1716166,"Vivos Therapeutics, Inc.",Nasdaq,3841,Surgical & Medical Instruments & Apparatus,operating,Health Care,True,
XTLB,1023549,XTL BIOPHARMACEUTICALS LTD,Nasdaq,2834,Pharmaceutical Preparations,other,Health Care,False,not an operating company
AQB,1603978,AQUABOUNTY TECHNOLOGIES INC,Nasdaq,0900,"Fishing, Hunting and Trapping",operating,Consumer Staples,True,
POLA,1622345,"Polar Power, Inc.",Nasdaq,3690,"Miscellaneous Electrical Machinery, Equipment & Supplies",operating,Information Technology,True,
FBGL,1938534,FBS Global Ltd,Nasdaq,1520,General Bldg Contractors - Residential Bldgs,other,Industrials,False,not an operating company
RDHL,1553846,RedHill Biopharma Ltd.,Nasdaq,2834,Pharmaceutical Preparations,other,Health Care,False,not an operating company
HKPD,2007702,"Cellyan Biotechnology Co., Ltd",Nasdaq,5122,"Wholesale-Drugs, Proprietaries & Druggists' Sundries",other,Health Care,False,not an operating company
YDKG,1413745,Yueda Digital Holding,Nasdaq,6199,Finance Services,other,Financials,False,not an operating company
CYAB,2032341,"CYABRA, INC.",Nasdaq,7372,Services-Prepackaged Software,operating,Information Technology,True,
LIMN,1971387,"Liminatus Pharma, Inc.",Nasdaq,2836,"Biological Products, (No Diagnostic Substances)",operating,Health Care,True,
SNTG,1810467,Sentage Holdings Inc.,Nasdaq,6199,Finance Services,other,Financials,False,not an operating company
FAMI,1701261,"Farmmi, Inc.",Nasdaq,2033,"Canned, Fruits, Veg, Preserves, Jams & Jellies",other,Consumer Staples,False,not an operating company
HYFM,1695295,"HYDROFARM HOLDINGS GROUP, INC.",Nasdaq,5190,Wholesale-Miscellaneous Nondurable Goods,operating,Industrials,True,
AIDX,1139685,"20/20 Biolabs, Inc.",Nasdaq,8734,Services-Testing Laboratories,operating,Industrials,True,
PPCB,1517681,"Propanc Biopharma, Inc.",Nasdaq,2834,Pharmaceutical Preparations,operating,Health Care,True,
NCNA,1709626,NuCana plc,Nasdaq,2834,Pharmaceutical Preparations,other,Health Care,False,not an operating company
RENX,1959023,RenX Enterprises Corp.,Nasdaq,4953,Refuse Systems,operating,Utilities,True,
GXAI,1895618,GAXOS.AI INC.,Nasdaq,7372,Services-Prepackaged Software,operating,Information Technology,True,
AKAN,1888014,AKANDA CORP.,Nasdaq,2833,Medicinal Chemicals & Botanical Products,other,Health Care,False,not an operating company
OMH,1944902,Ohmyhome Ltd,Nasdaq,6531,Real Estate Agents & Managers (For Others),other,Real Estate,False,not an operating company
GVH,1978527,Globavend Holdings Ltd,Nasdaq,4731,Arrangement of  Transportation of  Freight & Cargo,other,Industrials,False,not an operating company
CXAI,1820875,CXApp Inc.,Nasdaq,7372,Services-Prepackaged Software,operating,Information Technology,True,
DXST,1958133,Decent Holding Inc.,Nasdaq,4950,Sanitary Services,other,Utilities,False,not an operating company
HXHX,1936817,Haoxin Holdings Ltd,Nasdaq,4210,Trucking & Courier Services (No Air),other,Industrials,False,not an operating company
INTJ,1916416,Intelligent Group Ltd,Nasdaq,8742,Services-Management Consulting Services,other,Industrials,False,not an operating company
POAS,2024258,PHAOS TECHNOLOGY HOLDINGS (CAYMAN) Ltd,NYSE,3823,"Industrial Instruments For Measurement, Display, and Control",other,Information Technology,False,not an operating company
TOPP,1960847,Toppoint Holdings Inc.,NYSE,4210,Trucking & Courier Services (No Air),operating,Industrials,True,
FCUV,1590418,FOCUS UNIVERSAL INC.,Nasdaq,3823,"Industrial Instruments For Measurement, Display, and Control",operating,Information Technology,True,
YCBD,1644903,"cbdMD, Inc.",NYSE,2844,"Perfumes, Cosmetics & Other Toilet Preparations",operating,Consumer Staples,True,
MRM,1819704,Medirom Healthcare Technologies Inc.,Nasdaq,7200,Services-Personal Services,other,Consumer Discretionary,False,not an operating company
MGN,1995075,Megan Holdings Ltd.,Nasdaq,0200,Agricultural Prod-Livestock & Animal Specialties,other,Consumer Staples,False,not an operating company
PMCB,1157075,"PharmaCyte Biotech, Inc.",Nasdaq,2836,"Biological Products, (No Diagnostic Substances)",operating,Health Care,True,
EJH,1769768,E-Home Household Service Holdings Ltd,Nasdaq,7600,Services-Miscellaneous Repair Services,other,Industrials,False,not an operating company
SMX,1940674,SMX (Security Matters) Public Ltd Co,Nasdaq,3590,Misc Industrial & Commercial Machinery & Equipment,other,Industrials,False,not an operating company
AMSS,1851491,AMASS BRANDS,Nasdaq,2080,Beverages,operating,Consumer Staples,True,
XELB,1083220,"XCel Brands, Inc.",Nasdaq,6794,Patent Owners & Lessors,operating,Financials,True,
ZNB,1747661,Zeta Network Group,Nasdaq,8200,Services-Educational Services,other,Industrials,False,not an operating company
ERNA,748592,Ernexa Therapeutics Inc.,Nasdaq,2834,Pharmaceutical Preparations,operating,Health Care,True,
UZX,1969401,Linkage Global Inc,Nasdaq,5961,Retail-Catalog & Mail-Order Houses,other,Consumer Discretionary,False,not an operating company
HIHO,1026785,HIGHWAY HOLDINGS LTD,Nasdaq,3490,Miscellaneous Fabricated Metal Products,other,Industrials,False,not an operating company
AGRZ,2009233,Agroz Inc.,Nasdaq,0100,Agricultural Production-Crops,other,Consumer Staples,False,not an operating company
VMAR,1813783,Vision Marine Technologies Inc.,Nasdaq,3730,Ship & Boat Building & Repairing,other,Industrials,False,not an operating company
EHGO,1879754,EShallGo Inc.,Nasdaq,7359,"Services-Equipment Rental & Leasing, NEC",other,Industrials,False,not an operating company
MTR,313364,MESA ROYALTY TRUST/TX,NYSE,6792,Oil Royalty Traders,operating,Financials,True,
DBGI,1668010,"Digital Brands Group, Inc.",Nasdaq,5600,Retail-Apparel & Accessory Stores,operating,Consumer Discretionary,True,
XPON,1894954,"Expion Energy, Inc.",Nasdaq,3690,"Miscellaneous Electrical Machinery, Equipment & Supplies",operating,Information Technology,True,
NCRA,1756180,"NOCERA, INC.",Nasdaq,0200,Agricultural Prod-Livestock & Animal Specialties,operating,Consumer Staples,True,
CHR,1738758,"Cheer Holding, Inc.",Nasdaq,7374,Services-Computer Processing & Data Preparation,operating,Information Technology,True,
WBUY,1946703,WEBUY GLOBAL LTD,Nasdaq,5900,Retail-Miscellaneous Retail,other,Consumer Discretionary,False,not an operating company
TAOP,1552670,Taoping Inc.,Nasdaq,7372,Services-Prepackaged Software,other,Information Technology,False,not an operating company
LCFY,1875547,Locafy Ltd,Nasdaq,7370,"Services-Computer Programming, Data Processing, Etc.",other,Information Technology,False,not an operating company
VSME,1951294,VS MEDIA Holdings Ltd,Nasdaq,7311,Services-Advertising Agencies,other,Industrials,False,not an operating company
BGLC,1737523,BioNexus Gene Lab Corp,Nasdaq,8071,Services-Medical Laboratories,operating,Health Care,True,
NTCL,1927578,NetClass Technology Inc,Nasdaq,7372,Services-Prepackaged Software,other,Information Technology,False,not an operating company
SGLY,1422892,Singularity Future Technology Ltd.,Nasdaq,4731,Arrangement of  Transportation of  Freight & Cargo,operating,Industrials,True,
GP,1584547,GREENPOWER MOTOR Co INC.,Nasdaq,3713,Truck & Bus Bodies,other,Consumer Discretionary,False,not an operating company
EZRA,1812727,"Reliance Global Group, Inc.",Nasdaq,6411,"Insurance Agents, Brokers & Service",operating,Financials,True,
CLDI,1855485,"Calidi Biotherapeutics, Inc.",NYSE,2836,"Biological Products, (No Diagnostic Substances)",operating,Health Care,True,
ABTS,1864055,Abits Group Inc,Nasdaq,6199,Finance Services,other,Financials,False,not an operating company
TOPS,1296484,TOP SHIPS INC.,NYSE,4412,Deep Sea Foreign Transportation of  Freight,other,Industrials,False,not an operating company
FRSX,1691221,Foresight Autonomous Holdings Ltd.,Nasdaq,7372,Services-Prepackaged Software,other,Information Technology,False,not an operating company
GRI,1824293,"GRI Bio, Inc.",Nasdaq,2834,Pharmaceutical Preparations,operating,Health Care,True,
EOCN,1595353,Galmed Pharmaceuticals Ltd.,Nasdaq,2834,Pharmaceutical Preparations,other,Health Care,False,not an operating company
MKZR,1550913,"MacKenzie Realty Capital, Inc.",Nasdaq,6798,Real Estate Investment Trusts,operating,Real Estate,True,
PCSA,1533743,"Processa Pharmaceuticals, Inc.",Nasdaq,2834,Pharmaceutical Preparations,operating,Health Care,True,
IBG,1924482,Innovation Beverage Group Ltd,Nasdaq,2080,Beverages,other,Consumer Staples,False,not an operating company
SNES,1680378,"SenesTech, Inc.",Nasdaq,2870,Agricultural Chemicals,operating,Materials,True,
CTNT,1951667,CHEETAH NET SUPPLY CHAIN SERVICE INC.,Nasdaq,5010,Wholesale-Motor Vehicles & Motor Vehicle Parts & Supplies,operating,Industrials,True,
CDTG,1793895,CDT Environmental Technology Investment Holdings Ltd,Nasdaq,4950,Sanitary Services,other,Utilities,False,not an operating company
CAPS,887151,Capstone Holding Corp.,Nasdaq,5030,Wholesale-Lumber & Other Construction Materials,operating,Industrials,True,
ILLR,1769624,Triller Group Inc.,Nasdaq,6282,Investment Advice,operating,Financials,True,
JUNS,1679628,"JUPITER NEUROSCIENCES, INC.",Nasdaq,2834,Pharmaceutical Preparations,operating,Health Care,True,
ADGM,2006986,"Adagio Medical Holdings, Inc.",Nasdaq,3841,Surgical & Medical Instruments & Apparatus,operating,Health Care,True,
FLYE,1975940,"Fly-E Group, Inc.",Nasdaq,3711,Motor Vehicles & Passenger Car Bodies,operating,Consumer Discretionary,True,
BJDX,1704287,"Bluejay Diagnostics, Inc.",Nasdaq,3841,Surgical & Medical Instruments & Apparatus,operating,Health Care,True,
ONCO,1782107,"Onconetix, Inc.",Nasdaq,2834,Pharmaceutical Preparations,operating,Health Care,True,
MLEC,1937737,Moolec Science SA,Nasdaq,2000,Food and Kindred Products,other,Consumer Staples,False,not an operating company
INLF,1991592,INLIF Ltd,Nasdaq,3569,"General Industrial Machinery & Equipment, NEC",other,Industrials,False,not an operating company
IVF,1417926,"INVO Fertility, Inc.",Nasdaq,3841,Surgical & Medical Instruments & Apparatus,operating,Health Care,True,
HCWB,1828673,HCW Biologics Inc.,Nasdaq,2834,Pharmaceutical Preparations,operating,Health Care,True,
NXL,1527352,"Nexalin Technology, Inc.",Nasdaq,3845,Electromedical & Electrotherapeutic Apparatus,operating,Health Care,True,
CETX,1435064,CEMTREX INC,Nasdaq,1700,Construction - Special Trade Contractors,operating,Industrials,True,
SXTP,1946563,"60 DEGREES PHARMACEUTICALS, INC.",Nasdaq,2834,Pharmaceutical Preparations,operating,Health Care,True,
TRNR,1785056,"Interactive Strength, Inc.",Nasdaq,3600,Electronic & Other Electrical Equipment (No Computer Equip),operating,Industrials,True,
IVDA,1397183,"Iveda Solutions, Inc.",Nasdaq,7372,Services-Prepackaged Software,operating,Information Technology,True,
WLDS,1887673,Wearable Devices Ltd.,Nasdaq,3576,Computer Communications Equipment,other,Information Technology,False,not an operating company
RETO,1687277,"ReTo Eco-Solutions, Inc.",Nasdaq,3290,"Abrasive, Asbestos & Misc Nonmetallic Mineral Prods",other,Materials,False,not an operating company
CMND,1892500,Clearmind Medicine Inc.,Nasdaq,2834,Pharmaceutical Preparations,other,Health Care,False,not an operating company
YYAI,1674440,AIRWA INC.,Nasdaq,7370,"Services-Computer Programming, Data Processing, Etc.",operating,Information Technology,True,
SLXN,2022416,Silexion Therapeutics Corp,Nasdaq,2836,"Biological Products, (No Diagnostic Substances)",operating,Health Care,True,
OCG,1776067,Oriental Culture Holding LTD,Nasdaq,7380,Services-Miscellaneous Business Services,other,Industrials,False,not an operating company
RDGT,1856084,Ridgetech Inc.,Nasdaq,5912,Retail-Drug Stores and Proprietary Stores,other,Consumer Staples,False,not an operating company
CVKD,1937993,"Cadrenal Therapeutics, Inc.",Nasdaq,2834,Pharmaceutical Preparations,operating,Health Care,True,
XRTX,1729214,XORTX Therapeutics Inc.,Nasdaq,2834,Pharmaceutical Preparations,other,Health Care,False,not an operating company
LXEH,1814067,Lixiang Education Holding Co. Ltd.,Nasdaq,8200,Services-Educational Services,other,Industrials,False,not an operating company
APVO,1671584,Aptevo Therapeutics Inc.,Nasdaq,2834,Pharmaceutical Preparations,operating,Health Care,True,
MBIO,1680048,"MUSTANG BIO, INC.",Nasdaq,2834,Pharmaceutical Preparations,operating,Health Care,True,
KAPA,1962011,"Kairos Pharma, LTD.",NYSE,2834,Pharmaceutical Preparations,operating,Health Care,True,
TRUG,1857086,"TruGolf Holdings, Inc.",Nasdaq,3949,"Sporting & Athletic Goods, NEC",operating,Consumer Discretionary,True,
ICON,1995574,Icon Energy Corp,Nasdaq,4412,Deep Sea Foreign Transportation of  Freight,other,Industrials,False,not an operating company
LGCL,1954694,Lucas GC Ltd,Nasdaq,7370,"Services-Computer Programming, Data Processing, Etc.",other,Information Technology,False,not an operating company
TNMG,2013186,TNL Mediagene,Nasdaq,7310,Services-Advertising,other,Industrials,False,not an operating company
PARA,1826011,"Banzai International, Inc.",Nasdaq,7372,Services-Prepackaged Software,operating,Information Technology,True,
PAVS,1751876,Paranovus Entertainment Technology Ltd.,Nasdaq,7374,Services-Computer Processing & Data Preparation,other,Information Technology,False,not an operating company
REVB,1810560,"REVELATION BIOSCIENCES, INC.",Nasdaq,2834,Pharmaceutical Preparations,operating,Health Care,True,
PRFX,1801834,PRF Technologies Ltd.,Nasdaq,2834,Pharmaceutical Preparations,other,Health Care,False,not an operating company
MASK,1993097,3 E Network Technology Group Ltd,Nasdaq,7371,Services-Computer Programming Services,other,Information Technology,False,not an operating company
GOVX,832489,"GeoVax Labs, Inc.",Nasdaq,2834,Pharmaceutical Preparations,operating,Health Care,True,
VIVS,1497253,"VivoSim Labs, INC.",Nasdaq,2836,"Biological Products, (No Diagnostic Substances)",operating,Health Care,True,
RIME,923601,"Algorhythm Holdings, Inc.",Nasdaq,7373,Services-Computer Integrated Systems Design,operating,Information Technology,True,
SILO,1514183,"Silo Pharma, Inc.",Nasdaq,2834,Pharmaceutical Preparations,operating,Health Care,True,
RBNE,2039060,Robin Energy Ltd.,Nasdaq,4412,Deep Sea Foreign Transportation of  Freight,other,Industrials,False,not an operating company
BRNX,1901215,BRENX LTD.,Nasdaq,3433,"Heating Equipment, Except Electric & Warm Air Furnaces",other,Industrials,False,not an operating company
IMCC,1792030,IM Cannabis Corp.,Nasdaq,2833,Medicinal Chemicals & Botanical Products,other,Health Care,False,not an operating company
CISS,1951067,C3is Inc.,Nasdaq,4412,Deep Sea Foreign Transportation of  Freight,other,Industrials,False,not an operating company
PMAX,2012096,Powell Max Ltd,Nasdaq,7380,Services-Miscellaneous Business Services,other,Industrials,False,not an operating company
IPDN,1546296,"Professional Diversity Network, Inc.",Nasdaq,7370,"Services-Computer Programming, Data Processing, Etc.",operating,Information Technology,True,
BOXL,1624512,Boxlight Corp,Nasdaq,8200,Services-Educational Services,operating,Industrials,True,
CNEY,1780785,CN ENERGY GROUP. INC.,Nasdaq,2860,Industrial Organic Chemicals,other,Materials,False,not an operating company
SVRE,1894693,SaverOne 2014 Ltd.,Nasdaq,7371,Services-Computer Programming Services,other,Information Technology,False,not an operating company
ISPC,1558569,iSpecimen Inc.,Nasdaq,8731,Services-Commercial Physical & Biological Research,operating,Industrials,True,
MTNB,1582554,"Matinas BioPharma Holdings, Inc.",NYSE,2834,Pharmaceutical Preparations,operating,Health Care,True,
HTCR,1892322,"HeartCore Enterprises, Inc.",Nasdaq,7374,Services-Computer Processing & Data Preparation,operating,Information Technology,True,
KUST,1342958,"KUSTOM ENTERTAINMENT, INC.",Nasdaq,3663,Radio & Tv Broadcasting & Communications Equipment,operating,Information Technology,True,
VRAX,1885827,Virax Biolabs Group Ltd,Nasdaq,2835,In Vitro & In Vivo Diagnostic Substances,other,Health Care,False,not an operating company
OFAL,2036307,OFA Group,Nasdaq,8711,Services-Engineering Services,operating,Industrials,True,
BRTX,1505497,"BioRestorative Therapies, Inc.",Nasdaq,8090,"Services-Misc Health & Allied Services, NEC",operating,Health Care,True,
PW,1532619,Power REIT,NYSE,6798,Real Estate Investment Trusts,operating,Real Estate,True,
CIIT,1557798,"Tianci International, Inc.",Nasdaq,3576,Computer Communications Equipment,operating,Information Technology,True,
FMFC,2024656,Kandal M Venture Ltd,Nasdaq,3100,Leather & Leather Products,other,Consumer Discretionary,False,not an operating company
SPRC,1611746,SciSparc Ltd.,Nasdaq,2834,Pharmaceutical Preparations,other,Health Care,False,not an operating company
ELAB,1840563,PMGC Holdings Inc.,Nasdaq,2834,Pharmaceutical Preparations,operating,Health Care,True,
HLSQ,1739174,Tessera Defense & Homeland Security Inc.,NYSE,7372,Services-Prepackaged Software,operating,Information Technology,True,
NCI,1916331,Neo-Concept International Group Holdings Ltd,Nasdaq,2300,Apparel & Other Finishd Prods of  Fabrics & Similar Matl,other,Consumer Discretionary,False,not an operating company
VIVK,1450704,"Vivakor, Inc.",Nasdaq,4953,Refuse Systems,operating,Utilities,True,
CHSN,1825349,Chanson International Holding,Nasdaq,2000,Food and Kindred Products,other,Consumer Staples,False,not an operating company
SDST,1831979,Stardust Power Inc.,Nasdaq,3330,Primary Smelting & Refining of  Nonferrous Metals,operating,Materials,True,
NUWE,1506492,"Nuwellis, Inc.",Nasdaq,3845,Electromedical & Electrotherapeutic Apparatus,operating,Health Care,True,
ITP,1358190,"IT TECH PACKAGING, INC.",NYSE,2670,Converted Paper & Paperboard Prods (No Contaners/Boxes),operating,Materials,True,
TGL,1905956,TREASURE GLOBAL INC,Nasdaq,7389,"Services-Business Services, NEC",operating,Industrials,True,
ELPW,2015691,Elong Power Holding Ltd.,Nasdaq,3690,"Miscellaneous Electrical Machinery, Equipment & Supplies",other,Information Technology,False,not an operating company
BKYI,1019034,BIO KEY INTERNATIONAL INC,Nasdaq,7372,Services-Prepackaged Software,operating,Information Technology,True,
TCRT,1107421,"Alaunos Therapeutics, Inc.",Nasdaq,2834,Pharmaceutical Preparations,operating,Health Care,True,
XAIR,1641631,"Beyond Air, Inc.",Nasdaq,3841,Surgical & Medical Instruments & Apparatus,operating,Health Care,True,
JEM,2018222,707 Cayman Holdings Ltd.,Nasdaq,5600,Retail-Apparel & Accessory Stores,other,Consumer Discretionary,False,not an operating company
AGMH,1705402,"AGM GROUP HOLDINGS, INC.",Nasdaq,7371,Services-Computer Programming Services,other,Information Technology,False,not an operating company
PPBT,1614744,PURPLE BIOTECH LTD.,Nasdaq,2834,Pharmaceutical Preparations,other,Health Care,False,not an operating company
CSAI,1709628,"CLOUDASTRUCTURE, INC.",Nasdaq,7370,"Services-Computer Programming, Data Processing, Etc.",operating,Information Technology,True,
CHGA,1630212,Change Agents Corporation.,Nasdaq,7371,Services-Computer Programming Services,operating,Information Technology,True,
GNPX,1595248,"Genprex, Inc.",Nasdaq,2834,Pharmaceutical Preparations,operating,Health Care,True,
PWCM,1640384,"POWERCOMPUTE, INC.",Nasdaq,6199,Finance Services,operating,Financials,True,
IPST,1788230,"IP STRATEGY HOLDINGS, INC.",Nasdaq,2080,Beverages,operating,Consumer Staples,True,
NIVF,1981662,NewGenIvf Group Ltd,Nasdaq,8090,"Services-Misc Health & Allied Services, NEC",other,Health Care,False,not an operating company
WORX,1674227,SCWorx Corp.,Nasdaq,7374,Services-Computer Processing & Data Preparation,operating,Information Technology,True,
EDBL,1809750,Edible Garden AG Inc,Nasdaq,0100,Agricultural Production-Crops,operating,Consumer Staples,True,
IZM,1854572,ICZOOM Group Inc.,Nasdaq,5731,"Retail-Radio, Tv & Consumer Electronics Stores",other,Consumer Discretionary,False,not an operating company
GSUN,1826376,Golden Sun Technology Group Ltd.,Nasdaq,8200,Services-Educational Services,other,Industrials,False,not an operating company
VJET,1716621,"Flyte Aviation, Inc.",NYSE,3841,Surgical & Medical Instruments & Apparatus,operating,Health Care,True,
ATPC,1713210,Agape ATP Corp,Nasdaq,8000,Services-Health Services,operating,Health Care,True,
JZ,1852440,Jianzhi Education Technology Group Co Ltd,Nasdaq,8200,Services-Educational Services,other,Industrials,False,not an operating company
OGEN,1174940,ORAGENICS INC,NYSE,2834,Pharmaceutical Preparations,operating,Health Care,True,
NXAT,2000756,Nexus Advanced Technologies Inc.,Nasdaq,7819,Services-Allied To Motion Picture Production,other,Communication Services,False,not an operating company
VBIO,1787740,"Valion Bio, Inc.",Nasdaq,2834,Pharmaceutical Preparations,operating,Health Care,True,
RAYA,1825875,Erayak Power Solution Group Inc.,Nasdaq,3621,Motors & Generators,other,Industrials,False,not an operating company
GNLN,1743745,"Greenlane Holdings, Inc.",Nasdaq,5099,"Wholesale-Durable Goods, NEC",operating,Industrials,True,
SSM,1840416,Sono Group N.V.,Nasdaq,6199,Finance Services,operating,Financials,True,
LABT,2079272,Lakewood-Amedex Biotherapeutics Inc.,Nasdaq,2834,Pharmaceutical Preparations,operating,Health Care,True,
KITT,1849820,"Nauticus Robotics, Inc.",Nasdaq,3569,"General Industrial Machinery & Equipment, NEC",operating,Industrials,True,
ARTL,1621221,"ARTELO BIOSCIENCES, INC.",Nasdaq,2834,Pharmaceutical Preparations,operating,Health Care,True,
ONFO,1825452,"Onfolio Holdings, Inc",Nasdaq,7374,Services-Computer Processing & Data Preparation,operating,Information Technology,True,
SBFM,1402328,Sunshine Biopharma Inc.,Nasdaq,2834,Pharmaceutical Preparations,operating,Health Care,True,
CRIS,1108205,CURIS INC,Nasdaq,2836,"Biological Products, (No Diagnostic Substances)",operating,Health Care,True,
KIDZ,2022308,KIDZ AI Inc.,Nasdaq,8200,Services-Educational Services,operating,Industrials,True,
HUBC,1905660,Hub Cyber Security Ltd.,Nasdaq,3576,Computer Communications Equipment,other,Information Technology,False,not an operating company
EDVA,1553788,"Endovia Health Sciences, Inc.",NYSE,2080,Beverages,operating,Consumer Staples,True,
SCNI,1611747,Scinai Immunotherapeutics Ltd.,Nasdaq,2836,"Biological Products, (No Diagnostic Substances)",operating,Health Care,True,
NEXR,1885408,Nexera Technologies Ltd,Nasdaq,5900,Retail-Miscellaneous Retail,other,Consumer Discretionary,False,not an operating company
IMTE,1668438,Integrated Media Technology Ltd,Nasdaq,3651,Household Audio & Video Equipment,other,Industrials,False,not an operating company
YHC,1843165,LQR House Inc.,Nasdaq,2080,Beverages,operating,Consumer Staples,True,
NCT,2018529,Intercont (Cayman) Ltd,Nasdaq,4412,Deep Sea Foreign Transportation of  Freight,other,Industrials,False,not an operating company
DXF,1499494,Eason Technology Ltd,NYSE,6199,Finance Services,other,Financials,False,not an operating company
RUBI,1943421,Rubico Inc.,Nasdaq,4400,Water Transportation,other,Industrials,False,not an operating company
OLOX,1023994,OLENOX INDUSTRIES INC.,Nasdaq,5030,Wholesale-Lumber & Other Construction Materials,operating,Industrials,True,
NXGL,1468929,"NEXGEL, INC.",Nasdaq,3841,Surgical & Medical Instruments & Apparatus,operating,Health Care,True,
IPW,1830072,iPower Inc.,Nasdaq,5200,"Retail-Building Materials, Hardware, Garden Supply",operating,Consumer Discretionary,True,
LBGJ,1896425,Li Bang International Corp Inc.,Nasdaq,3580,Refrigeration & Service Industry Machinery,other,Industrials,False,not an operating company
DKI,2058584,DarkIris Inc.,Nasdaq,7372,Services-Prepackaged Software,other,Information Technology,False,not an operating company
MSS,1892292,Maison Solutions Inc.,Nasdaq,5411,Retail-Grocery Stores,operating,Consumer Staples,True,
SGRX,1735556,SANGRIX INC.,Nasdaq,6199,Finance Services,other,Financials,False,not an operating company
GIPR,1651721,"GENERATION INCOME PROPERTIES, INC.",Nasdaq,6798,Real Estate Investment Trusts,operating,Real Estate,True,
GMEX,1928581,GMEX Robotics Corp,Nasdaq,3949,"Sporting & Athletic Goods, NEC",other,Consumer Discretionary,False,not an operating company
UK,1821424,Ucommune International Ltd,Nasdaq,7389,"Services-Business Services, NEC",other,Industrials,False,not an operating company
LNKS,1972074,Linkers Industries Ltd,Nasdaq,3670,Electronic Components & Accessories,other,Information Technology,False,not an operating company
NXTS,1789192,Nexentis Technologies Inc.,Nasdaq,2834,Pharmaceutical Preparations,operating,Health Care,True,
BBLG,1419554,Bone Biologics Corp,Nasdaq,3842,"Orthopedic, Prosthetic & Surgical Appliances & Supplies",operating,Health Care,True,
GCDT,1926293,Green Circle Decarbonize Technology Ltd,NYSE,3585,Air-Cond & Warm Air Heatg Equip & Comm & Indl Refrig Equip,other,Industrials,False,not an operating company
SQFT,1080657,"Presidio Property Trust, Inc.",Nasdaq,6798,Real Estate Investment Trusts,operating,Real Estate,True,
SMTK,1817760,"SmartKem, Inc.",Nasdaq,3674,Semiconductors & Related Devices,operating,Information Technology,True,
FCHL,2023796,Fitness Champs Holdings Ltd,Nasdaq,7990,Services-Miscellaneous Amusement & Recreation,other,Consumer Discretionary,False,not an operating company
VCIG,1930510,VCI Global Ltd,Nasdaq,8744,Services-Facilities Support Management Services,other,Industrials,False,not an operating company
WETO,1941158,Wetour Robotics Ltd,Nasdaq,4100,Local & Suburban Transit & Interurban Hwy Passenger Trans,other,Industrials,False,not an operating company
BDRX,1643918,Biodexa Pharmaceuticals Plc,Nasdaq,2834,Pharmaceutical Preparations,other,Health Care,False,not an operating company
GCTK,1506983,"Glucotrack, Inc.",Nasdaq,3841,Surgical & Medical Instruments & Apparatus,operating,Health Care,True,
AIXI,1935172,Xiao-I Corp,Nasdaq,7372,Services-Prepackaged Software,other,Information Technology,False,not an operating company
MNDR,1976695,Mobile-health Network Solutions,Nasdaq,7372,Services-Prepackaged Software,other,Information Technology,False,not an operating company
WHLR,1527541,"Wheeler Real Estate Investment Trust, Inc.",Nasdaq,6798,Real Estate Investment Trusts,operating,Real Estate,True,
DCOY,1615219,Decoy Therapeutics Inc.,Nasdaq,2834,Pharmaceutical Preparations,operating,Health Care,True,
MYSZ,1211805,"My Size, Inc.",Nasdaq,7372,Services-Prepackaged Software,operating,Information Technology,True,
HAO,1954594,Haoxi Health Technology Ltd,Nasdaq,7311,Services-Advertising Agencies,other,Industrials,False,not an operating company
PFSA,1859807,"Profusa, Inc.",Nasdaq,3841,Surgical & Medical Instruments & Apparatus,operating,Health Care,True,
MI,1958713,NFT Ltd,NYSE,6199,Finance Services,other,Financials,False,not an operating company
DRCT,1880613,"Direct Digital Holdings, Inc.",Nasdaq,7310,Services-Advertising,operating,Industrials,True,
LRHC,1879403,La Rosa Holdings Corp.,Nasdaq,6531,Real Estate Agents & Managers (For Others),operating,Real Estate,True,
RKDA,1469443,"Arcadia Biosciences, Inc.",Nasdaq,1311,Crude Petroleum & Natural Gas,operating,Energy,True,
STKH,1828098,Steakholder Foods Ltd.,Nasdaq,2000,Food and Kindred Products,other,Consumer Staples,False,not an operating company
SUGP,1969863,SU Group Holdings Ltd,Nasdaq,7381,"Services-Detective, Guard & Armored Car Services",other,Industrials,False,not an operating company
XXII,1347858,"22nd Century Group, Inc.",Nasdaq,2111,Cigarettes,operating,Consumer Staples,True,
SHFS,1854963,"SHF Holdings, Inc.",Nasdaq,6199,Finance Services,operating,Financials,True,
SXTC,1723980,"China SXT Pharmaceuticals, Inc.",Nasdaq,2834,Pharmaceutical Preparations,other,Health Care,False,not an operating company
FGL,1989930,Founder Group Ltd,Nasdaq,1700,Construction - Special Trade Contractors,other,Industrials,False,not an operating company
LGHL,1806524,Lion Group Holding Ltd,Nasdaq,6211,"Security Brokers, Dealers & Flotation Companies",other,Financials,False,not an operating company
FRGT,1687542,"Freight Technologies, Inc.",Nasdaq,4731,Arrangement of  Transportation of  Freight & Cargo,operating,Industrials,True,
CDT,1896212,CDT Equity Inc.,Nasdaq,2834,Pharmaceutical Preparations,operating,Health Care,True,
EAI,7323,"ENTERGY ARKANSAS, LLC",NYSE,4911,Electric Services,operating,Utilities,True,
BDL,12040,FLANIGANS ENTERPRISES INC,NYSE,5812,Retail-Eating  Places,operating,Consumer Discretionary,True,
CET,18748,CENTRAL SECURITIES CORP,NYSE,0000,,other,Unclassified,False,not an operating company
CMC,22444,COMMERCIAL METALS Co,NYSE,3312,"Steel Works, Blast Furnaces & Rolling Mills (Coke Ovens)",operating,Materials,True,
GPJA,41091,GEORGIA POWER CO,NYSE,4911,Electric Services,operating,Utilities,True,
IMO,49938,IMPERIAL OIL LTD,NYSE,2911,Petroleum Refining,operating,Energy,True,
MCY,64996,MERCURY GENERAL CORP,NYSE,6331,"Fire, Marine & Casualty Insurance",operating,Financials,True,
MSB,65172,MESABI TRUST,NYSE,6795,Mineral Royalty Traders,operating,Financials,True,
MXC,66418,MEXCO ENERGY CORP,NYSE,1311,Crude Petroleum & Natural Gas,operating,Energy,True,
EMP,66901,"ENTERGY MISSISSIPPI, LLC",NYSE,4911,Electric Services,operating,Utilities,True,
NRUC,70502,NATIONAL RURAL UTILITIES COOPERATIVE FINANCE CORP /DC/,NYSE,6159,Miscellaneous Business Credit Institution,operating,Financials,True,
ENJ,71508,"ENTERGY NEW ORLEANS, LLC",NYSE,4931,Electric & Other Services Combined,operating,Utilities,True,
NL,72162,"NLI HOLDINGS, INC.",NYSE,2810,Industrial Inorganic Chemicals,operating,Materials,True,
ODC,74046,Oil-Dri Corp of America,NYSE,3990,Miscellaneous Manufacturing Industries,operating,Consumer Discretionary,True,
PHI,78150,PLDT Inc.,NYSE,4813,Telephone Communications (No Radiotelephone),other,Communication Services,False,not an operating company
SIF,90168,SIFCO INDUSTRIES INC,NYSE,3724,Aircraft Engines & Engine Parts,operating,Industrials,True,
SOR,91847,SOURCE CAPITAL /DE/,NYSE,,,other,Unclassified,False,not an operating company
UUU,102109,"UNIVERSAL SAFETY PRODUCTS, INC.",NYSE,5065,"Wholesale-Electronic Parts & Equipment, NEC",operating,Industrials,True,
WMK,105418,WEIS MARKETS INC,NYSE,5411,Retail-Grocery Stores,operating,Consumer Staples,True,
CMS-PB,201533,CONSUMERS ENERGY CO,NYSE,4931,Electric & Other Services Combined,operating,Utilities,True,
ITT,216228,ITT INC.,NYSE,3561,Pumps & Pumping Equipment,operating,Industrials,True,
SJT,319655,SAN JUAN BASIN ROYALTY TRUST,NYSE,6792,Oil Royalty Traders,operating,Financials,True,
JHI,759828,JOHN HANCOCK INVESTORS TRUST,NYSE,0000,,other,Unclassified,False,not an operating company
DSS,771999,"DSS, INC.",NYSE,2650,Paperboard Containers & Boxes,operating,Materials,True,
VGZ,783324,VISTA GOLD CORP,NYSE,1040,Gold and Silver Ores,operating,Materials,True,
USA,799195,LIBERTY ALL STAR EQUITY FUND,NYSE,,,other,Unclassified,False,not an operating company
HQH,805267,abrdn Healthcare Investors,NYSE,0000,,other,Unclassified,False,not an operating company
CIK,810766,"UBS ASSET MANAGEMENT INCOME FUND, INC.",NYSE,,,other,Unclassified,False,not an operating company
NNY,818850,NUVEEN NEW YORK MUNICIPAL VALUE FUND,NYSE,,,other,Unclassified,False,not an operating company
NCA,818851,NUVEEN CALIFORNIA MUNICIPAL VALUE FUND,NYSE,,,other,Unclassified,False,not an operating company
CHSCP,823277,CHS INC,Nasdaq,5150,Wholesale-Farm Product Raw Materials,operating,Industrials,True,
PPT,827773,FRANKLIN PREMIER INCOME TRUST,NYSE,,,other,Unclassified,False,not an operating company
NMI,830271,NUVEEN MUNICIPAL INCOME FUND INC,NYSE,,,other,Unclassified,False,not an operating company
FT,833040,FRANKLIN UNIVERSAL TRUST,NYSE,,,other,Unclassified,False,not an operating company
WDS,844551,WOODSIDE ENERGY GROUP LTD,NYSE,1311,Crude Petroleum & Natural Gas,other,Energy,False,not an operating company
VLT,846671,Invesco High Income Trust II,NYSE,,,other,Unclassified,False,not an operating company
PDT,855886,JOHN HANCOCK PREMIUM DIVIDEND FUND,NYSE,0000,,other,Unclassified,False,not an operating company
JOF,859796,JAPAN SMALLER CAPITALIZATION FUND INC,NYSE,,,other,Unclassified,False,not an operating company
CEE,860489,"CENTRAL & EASTERN EUROPE FUND, INC.",NYSE,,,other,Unclassified,False,not an operating company
VKQ,877463,Invesco Municipal Trust,NYSE,0000,,other,Unclassified,False,not an operating company
PFO,882071,Flaherty & Crumrine PREFERRED & INCOME OPPORTUNITY FUND INC,NYSE,,,other,Unclassified,False,not an operating company
NXP,883618,NUVEEN SELECT TAX FREE INCOME PORTFOLIO,NYSE,,,other,Unclassified,False,not an operating company
HQL,884121,abrdn Life Sciences Investors,NYSE,,,other,Unclassified,False,not an operating company
VMO,884152,Invesco Municipal Opportunity Trust,NYSE,,,other,Unclassified,False,not an operating company
SPY,884394,SPDR S&P 500 ETF TRUST,NYSE,,,other,Unclassified,False,fund / ETF / commodity trust (not an operating company)
IQI,885125,Invesco Quality Municipal Income Trust,NYSE,0000,,other,Unclassified,False,not an operating company
FC,886206,FRANKLIN COVEY CO,NYSE,8741,Services-Management Services,operating,Industrials,True,
CCU,888746,UNITED BREWERIES CO INC,NYSE,2082,Malt Beverages,other,Consumer Staples,False,not an operating company
BLX,890541,"BLADEX, INC.",NYSE,6029,"Commercial Banks, NEC",other,Financials,False,not an operating company
NAZ,892992,NUVEEN ARIZONA QUALITY MUNICIPAL INCOME FUND,NYSE,,,other,Unclassified,False,not an operating company
VPV,895528,Invesco Pennsylvania Value Municipal Income Trust,NYSE,,,other,Unclassified,False,not an operating company
NMT,897419,NUVEEN MASSACHUSETTS QUALITY MUNICIPAL INCOME FUND,NYSE,,,other,Unclassified,False,not an operating company
PMO,900422,FRANKLIN MUNICIPAL OPPORTUNITIES TRUST,NYSE,,,other,Unclassified,False,not an operating company
HIO,910068,WESTERN ASSET HIGH INCOME OPPORTUNITY FUND INC.,NYSE,,,other,Unclassified,False,not an operating company
KOF,910631,COCA COLA FEMSA SAB DE CV,NYSE,2086,Bottled & Canned Soft Drinks & Carbonated Waters,other,Consumer Staples,False,not an operating company
RCG,919567,"RENN Fund, Inc.",NYSE,,,operating,Unclassified,True,
DIT,928465,AMCON DISTRIBUTING CO,NYSE,5141,"Wholesale-Groceries, General Line",operating,Industrials,True,
TEO,932470,TELECOM ARGENTINA SA,NYSE,4813,Telephone Communications (No Radiotelephone),other,Communication Services,False,not an operating company
CYD,932695,CHINA YUCHAI INTERNATIONAL LTD,NYSE,3510,Engines & Turbines,other,Industrials,False,not an operating company
MDY,936958,SPDR S&P MIDCAP 400 ETF TRUST,NYSE,,,other,Unclassified,False,fund / ETF / commodity trust (not an operating company)
ICL,941221,ICL Group Ltd.,NYSE,2870,Agricultural Chemicals,other,Materials,False,not an operating company
MSM,1003078,MSC INDUSTRIAL DIRECT CO INC,NYSE,5084,Wholesale-Industrial Machinery & Equipment,operating,Industrials,True,
DIA,1041130,SPDR DOW JONES INDUSTRIAL AVERAGE ETF TRUST,NYSE,,,other,Unclassified,False,fund / ETF / commodity trust (not an operating company)
TSM,1046179,TAIWAN SEMICONDUCTOR MANUFACTURING CO LTD,NYSE,3674,Semiconductors & Related Devices,other,Information Technology,False,not an operating company
LTM,1047716,LATAM AIRLINES GROUP S.A.,NYSE,4512,"Air Transportation, Scheduled",other,Industrials,False,not an operating company
MUJ,1053988,"BLACKROCK MUNIHOLDINGS NEW JERSEY QUALITY FUND, INC.",NYSE,,,other,Unclassified,False,not an operating company
NAC,1074952,Nuveen California Quality Municipal Income Fund,NYSE,,,other,Unclassified,False,not an operating company
SVA,1084201,SINOVAC BIOTECH LTD,Nasdaq,2834,Pharmaceutical Preparations,other,Health Care,False,not an operating company
ARL,1102238,AMERICAN REALTY INVESTORS INC,NYSE,6510,Real Estate Operators (No Developers) & Lessors,operating,Real Estate,True,
ASR,1123452,SOUTHEAST AIRPORT GROUP,NYSE,4581,"Airports, Flying Fields & Airport Terminal Services",other,Industrials,False,not an operating company
THM,1134115,INTERNATIONAL TOWER HILL MINES LTD,NYSE,1000,Metal Mining,operating,Materials,True,
PCQ,1140411,PIMCO CALIFORNIA MUNICIPAL INCOME FUND,NYSE,,,other,Unclassified,False,not an operating company
JRS,1158289,NUVEEN REAL ESTATE INCOME FUND,NYSE,,,other,Unclassified,False,not an operating company
BHK,1160864,BLACKROCK CORE BOND TRUST,NYSE,,,other,Unclassified,False,not an operating company
AFB,1162027,ALLIANCEBERNSTEIN NATIONAL MUNICIPAL INCOME FUND,NYSE,,,other,Unclassified,False,not an operating company
WEA,1163792,WESTERN ASSET PREMIER BOND FUND,NYSE,,,other,Unclassified,False,not an operating company
BHV,1169034,BLACKROCK VIRGINIA MUNICIPAL BOND TRUST,NYSE,,,other,Unclassified,False,not an operating company
NRP,1171486,NATURAL RESOURCE PARTNERS LP,NYSE,1221,Bituminous Coal & Lignite Surface Mining,operating,Energy,True,
NBH,1178839,NEUBERGER MUNICIPAL FUND INC.,NYSE,,,other,Unclassified,False,not an operating company
SPCX,1181412,SPACE EXPLORATION TECHNOLOGIES CORP,Nasdaq,7370,"Services-Computer Programming, Data Processing, Etc.",operating,Information Technology,True,
NCV,1214935,Virtus Convertible & Income Fund,NYSE,,,other,Unclassified,False,not an operating company
AVK,1219120,ADVENT CONVERTIBLE & INCOME FUND,NYSE,,,other,Unclassified,False,not an operating company
GLD,1222333,SPDR GOLD TRUST,NYSE,6221,Commodity Contracts Brokers & Dealers,operating,Financials,False,fund / ETF / commodity trust (not an operating company)
EVV,1222922,Eaton Vance Ltd Duration Income Fund,NYSE,,,other,Unclassified,False,not an operating company
JQC,1227476,Nuveen Credit Strategies Income Fund,NYSE,,,other,Unclassified,False,not an operating company
EMD,1227862,WESTERN ASSET EMERGING MARKETS DEBT FUND INC.,NYSE,,,other,Unclassified,False,not an operating company
FTF,1233087,FRANKLIN LTD DURATION INCOME TRUST,NYSE,,,other,Unclassified,False,not an operating company
FRA,1259708,"BLACKROCK FLOATING RATE INCOME STRATEGIES FUND, INC.",NYSE,,,other,Unclassified,False,not an operating company
IPB,1267332,MERRILL LYNCH DEPOSITOR INC INDEXPLUS TRUST SERIES 2003-1,NYSE,6189,Asset-Backed Securities,operating,Financials,False,fund / ETF / commodity trust (not an operating company)
WIW,1267902,WESTERN ASSET INFLATION-LINKED OPPORTUNITIES & INCOME FUND,NYSE,,,other,Unclassified,False,not an operating company
UTF,1275617,COHEN & STEERS INFRASTRUCTURE FUND INC,NYSE,,,other,Unclassified,False,not an operating company
JFR,1276533,NUVEEN FLOATING RATE INCOME FUND,NYSE,,,other,Unclassified,False,not an operating company
IAU,1278680,ISHARES GOLD TRUST,NYSE,6221,Commodity Contracts Brokers & Dealers,operating,Financials,False,fund / ETF / commodity trust (not an operating company)
ERH,1279014,ALLSPRING UTILITIES & HIGH INCOME FUND,NYSE,,,investment,Unclassified,False,not an operating company
KTN,1283337,STRUCTURED PRODUCTS CORP CRED ENHANCE CORTS TR FOR AON CAP A,NYSE,6189,Asset-Backed Securities,operating,Financials,False,fund / ETF / commodity trust (not an operating company)
KTH,1283464,STRUCTURED PRODUCTS CORP CORTS TR FOR PECO ENERGY CAP TR III,NYSE,6189,Asset-Backed Securities,operating,Financials,False,fund / ETF / commodity trust (not an operating company)
JBK,1284143,LEHMAN ABS CORP GOLDMAN SACHS CAP 1 SEC BACKED SER 2004-6,NYSE,6189,Asset-Backed Securities,operating,Financials,False,fund / ETF / commodity trust (not an operating company)
GJH,1286405,STRATS SM TRUST FOR U S CELL CORP SEC SERIES 2004 6,NYSE,6189,Asset-Backed Securities,operating,Financials,False,fund / ETF / commodity trust (not an operating company)
EVG,1287498,Eaton Vance Short Duration Diversified Income Fund,NYSE,,,other,Unclassified,False,not an operating company
EFT,1288992,Eaton Vance Floating-Rate Income Trust,NYSE,,,other,Unclassified,False,not an operating company
PYT,1294808,PPLUS Trust Series GSC-2,NYSE,6189,Asset-Backed Securities,operating,Financials,False,fund / ETF / commodity trust (not an operating company)
GGN,1313510,"GAMCO Global Gold, Natural Resources & Income Trust",NYSE,,,other,Unclassified,False,not an operating company
BME,1314966,BlackRock Health Sciences Trust,NYSE,,,other,Unclassified,False,not an operating company
GLQ,1316463,Clough Global Equity Fund,NYSE,,,other,Unclassified,False,not an operating company
BOE,1320375,BlackRock Enhanced Global Dividend Trust,NYSE,,,other,Unclassified,False,not an operating company
GAIN,1321741,GLADSTONE INVESTMENT CORPORATIONDE,Nasdaq,,,operating,Unclassified,True,
USO,1327068,"United States Oil Fund, LP",NYSE,6221,Commodity Contracts Brokers & Dealers,operating,Financials,False,fund / ETF / commodity trust (not an operating company)
DBC,1328237,Invesco DB Commodity Index Tracking Fund,NYSE,6221,Commodity Contracts Brokers & Dealers,operating,Financials,False,fund / ETF / commodity trust (not an operating company)
FXE,1328598,Invesco CurrencyShares Euro Trust,NYSE,6221,Commodity Contracts Brokers & Dealers,operating,Financials,False,fund / ETF / commodity trust (not an operating company)
SLV,1330568,iShares Silver Trust,NYSE,6221,Commodity Contracts Brokers & Dealers,operating,Financials,False,fund / ETF / commodity trust (not an operating company)
GSG,1332174,iShares S&P GSCI Commodity-Indexed Trust,NYSE,6221,Commodity Contracts Brokers & Dealers,operating,Financials,False,fund / ETF / commodity trust (not an operating company)
IGA,1332943,Voya Global Advantage & Premium Opportunity Fund,NYSE,,,other,Unclassified,False,not an operating company
ETY,1340736,Eaton Vance Tax-Managed Diversified Equity Income Fund,NYSE,,,other,Unclassified,False,not an operating company
GJO,1340909,"STRATS SM TRUST FOR WAL-MART STORES, INC. SECURITIES, SERIES 2005-4",NYSE,6189,Asset-Backed Securities,operating,Financials,False,fund / ETF / commodity trust (not an operating company)
TX,1342874,Ternium S.A.,NYSE,3312,"Steel Works, Blast Furnaces & Rolling Mills (Coke Ovens)",other,Materials,False,not an operating company
GJP,1343491,"STRATS(SM) TRUST FOR DOMINION RESOURCES, INC. SECURITIES, SERIES 2005-6",NYSE,6189,Asset-Backed Securities,operating,Financials,False,fund / ETF / commodity trust (not an operating company)
ELC,1348952,"ENTERGY LOUISIANA, LLC",NYSE,4911,Electric Services,operating,Utilities,True,
ASTI,1350102,"Ascent Solar Technologies, Inc.",Nasdaq,3674,Semiconductors & Related Devices,operating,Information Technology,True,
GLO,1350869,Clough Global Opportunities Fund,NYSE,,,other,Unclassified,False,not an operating company
GJR,1353226,"STRATS(SM) Trust for Procter & Gamble Securities, Series 2006-1",NYSE,6189,Asset-Backed Securities,operating,Financials,False,fund / ETF / commodity trust (not an operating company)
FXB,1353611,Invesco CurrencyShares British Pound Sterling Trust,NYSE,6221,Commodity Contracts Brokers & Dealers,operating,Financials,False,fund / ETF / commodity trust (not an operating company)
FXC,1353612,Invesco CurrencyShares Canadian Dollar Trust,NYSE,6221,Commodity Contracts Brokers & Dealers,operating,Financials,False,fund / ETF / commodity trust (not an operating company)
FXY,1353613,Invesco CurrencyShares Japanese Yen Trust,NYSE,6221,Commodity Contracts Brokers & Dealers,operating,Financials,False,fund / ETF / commodity trust (not an operating company)
FXA,1353614,Invesco CurrencyShares Australian Dollar Trust,NYSE,6221,Commodity Contracts Brokers & Dealers,operating,Financials,False,fund / ETF / commodity trust (not an operating company)
FXF,1353615,Invesco CurrencyShares Swiss Franc Trust,NYSE,6221,Commodity Contracts Brokers & Dealers,operating,Financials,False,fund / ETF / commodity trust (not an operating company)
GJS,1356284,"STRATS(SM) Trust for Goldman Sachs Group Securities, Series 2006-2",NYSE,6189,Asset-Backed Securities,operating,Financials,False,fund / ETF / commodity trust (not an operating company)
GJT,1357660,"STRATS(SM) Trust for Allstate Corp Securities, Series 2006-3",NYSE,6189,Asset-Backed Securities,operating,Financials,False,fund / ETF / commodity trust (not an operating company)
AGD,1362481,abrdn Global Dynamic Dividend Fund,NYSE,,,other,Unclassified,False,not an operating company
DAC,1369241,Danaos Corp,NYSE,4412,Deep Sea Foreign Transportation of  Freight,other,Industrials,False,not an operating company
UNG,1376227,"United States Natural Gas Fund, LP",NYSE,6221,Commodity Contracts Brokers & Dealers,operating,Financials,False,fund / ETF / commodity trust (not an operating company)
BTZ,1379384,BLACKROCK CREDIT ALLOCATION INCOME TRUST,NYSE,,,other,Unclassified,False,not an operating company
EXG,1379438,Eaton Vance Tax-Managed Global Diversified Equity Income Fund,NYSE,,,other,Unclassified,False,not an operating company
DBP,1383057,Invesco DB Precious Metals Fund,NYSE,6221,Commodity Contracts Brokers & Dealers,operating,Financials,False,fund / ETF / commodity trust (not an operating company)
DBO,1383058,Invesco DB Oil Fund,NYSE,6221,Commodity Contracts Brokers & Dealers,operating,Financials,False,fund / ETF / commodity trust (not an operating company)
DBE,1383062,Invesco DB Energy Fund,NYSE,6221,Commodity Contracts Brokers & Dealers,operating,Financials,False,fund / ETF / commodity trust (not an operating company)
DBA,1383082,INVESCO DB AGRICULTURE FUND,NYSE,6221,Commodity Contracts Brokers & Dealers,operating,Financials,False,fund / ETF / commodity trust (not an operating company)
DBB,1383084,INVESCO DB BASE METALS FUND,NYSE,6221,Commodity Contracts Brokers & Dealers,operating,Financials,False,fund / ETF / commodity trust (not an operating company)
UDN,1383149,INVESCO DB US DOLLAR INDEX BEARISH FUND,NYSE,6221,Commodity Contracts Brokers & Dealers,operating,Financials,False,fund / ETF / commodity trust (not an operating company)
UUP,1383151,Invesco DB US Dollar Index Bullish Fund,NYSE,6221,Commodity Contracts Brokers & Dealers,operating,Financials,False,fund / ETF / commodity trust (not an operating company)
JCE,1385763,Nuveen Core Equity Alpha Fund,NYSE,,,other,Unclassified,False,not an operating company
EDD,1388141,"Morgan Stanley Emerging Markets Domestic Debt Fund, Inc.",NYSE,,,other,Unclassified,False,not an operating company
EDN,1395213,EDENOR,NYSE,4911,Electric Services,other,Utilities,False,not an operating company
CHW,1396277,Calamos Global Dynamic Income Fund,Nasdaq,,,other,Unclassified,False,not an operating company
UGA,1396878,"United States Gasoline Fund, LP",NYSE,6221,Commodity Contracts Brokers & Dealers,operating,Financials,False,fund / ETF / commodity trust (not an operating company)
OAK-PA,1403528,"Brookfield Oaktree Holdings, LLC",NYSE,6282,Investment Advice,operating,Financials,True,
UNL,1405513,"United States 12 Month Natural Gas Fund, LP",NYSE,6221,Commodity Contracts Brokers & Dealers,operating,Financials,False,fund / ETF / commodity trust (not an operating company)
USL,1405528,"United States 12 Month Oil Fund, LP",NYSE,6221,Commodity Contracts Brokers & Dealers,operating,Financials,False,fund / ETF / commodity trust (not an operating company)
BIPH,1406234,Brookfield Infrastructure Partners L.P.,NYSE,4400,Water Transportation,other,Industrials,False,not an operating company
UAN,1425292,"CVR PARTNERS, LP",NYSE,2870,Agricultural Chemicals,operating,Materials,True,
ETI-P,1427437,"ENTERGY TEXAS, INC.",NYSE,4911,Electric Services,operating,Utilities,True,
GSL,1430725,"Global Ship Lease, Inc.",NYSE,4412,Deep Sea Foreign Transportation of  Freight,other,Industrials,False,not an operating company
SIVR,1450922,abrdn Silver ETF Trust,NYSE,6221,Commodity Contracts Brokers & Dealers,operating,Financials,False,fund / ETF / commodity trust (not an operating company)
SGOL,1450923,abrdn Gold ETF Trust,NYSE,6221,Commodity Contracts Brokers & Dealers,operating,Financials,False,fund / ETF / commodity trust (not an operating company)
EOT,1454741,Eaton Vance National Municipal Opportunities Trust,NYSE,,,other,Unclassified,False,not an operating company
PALL,1459862,abrdn Palladium ETF Trust,NYSE,6221,Commodity Contracts Brokers & Dealers,operating,Financials,False,fund / ETF / commodity trust (not an operating company)
PPLT,1460235,abrdn Platinum ETF Trust,NYSE,6221,Commodity Contracts Brokers & Dealers,operating,Financials,False,fund / ETF / commodity trust (not an operating company)
PMT,1464423,PennyMac Mortgage Investment Trust,NYSE,6798,Real Estate Investment Trusts,operating,Real Estate,True,
GDO,1472341,WESTERN ASSET GLOBAL CORPORATE OPPORTUNITY FUND INC.,NYSE,,,other,Unclassified,False,not an operating company
BNO,1472494,"United States Brent Oil Fund, LP",NYSE,6221,Commodity Contracts Brokers & Dealers,operating,Financials,False,fund / ETF / commodity trust (not an operating company)
NBB,1478888,Nuveen Taxable Municipal Income Fund,NYSE,,,other,Unclassified,False,not an operating company
USCI,1479247,United States Commodity Index Funds Trust,NYSE,6221,Commodity Contracts Brokers & Dealers,operating,Financials,False,fund / ETF / commodity trust (not an operating company)
GLTR,1483386,abrdn Precious Metals Basket ETF Trust,NYSE,6221,Commodity Contracts Brokers & Dealers,operating,Financials,False,fund / ETF / commodity trust (not an operating company)
BSL,1486298,Blackstone Senior Floating Rate 2027 Term Fund,NYSE,,,other,Unclassified,False,not an operating company
NHS,1487610,Neuberger High Yield Strategies Fund Inc.,NYSE,,,other,Unclassified,False,not an operating company
IHD,1496292,Voya Emerging Markets High Dividend Equity Fund,NYSE,,,other,Unclassified,False,not an operating company
LND,1499849,BrasilAgro - Brazilian Agricultural Real Estate Co,NYSE,0100,Agricultural Production-Crops,other,Consumer Staples,False,not an operating company
NGL,1504461,NGL Energy Partners LP,NYSE,4922,Natural Gas Transmission,operating,Utilities,True,
BWG,1504545,BrandywineGLOBAL-Global Income Opportunities Fund Inc,NYSE,,,other,Unclassified,False,not an operating company
VOC,1505413,VOC Energy Trust,NYSE,1311,Crude Petroleum & Natural Gas,operating,Energy,True,
EMO,1517518,ClearBridge Energy Midstream Opportunity Fund Inc.,NYSE,,,other,Unclassified,False,not an operating company
MMD,1518557,NYLI MacKay DefinedTerm Muni Opportunities Fund,NYSE,,,other,Unclassified,False,not an operating company
BGH,1521404,BARINGS GLOBAL SHORT DURATION HIGH YIELD FUND,NYSE,,,other,Unclassified,False,not an operating company
DBL,1525201,DoubleLine Opportunistic Credit Fund,NYSE,,,other,Unclassified,False,not an operating company
BPYPP,1545772,Brookfield Property Partners L.P.,Nasdaq,6500,Real Estate,other,Real Estate,False,not an operating company
BGB,1546429,Blackstone Strategic Credit 2027 Term Fund,NYSE,,,other,Unclassified,False,not an operating company
OUNZ,1546652,VanEck Merk Gold ETF,NYSE,6221,Commodity Contracts Brokers & Dealers,operating,Financials,False,fund / ETF / commodity trust (not an operating company)
LDP,1548717,"Cohen & Steers Ltd Duration Preferred & Income Fund, Inc.",NYSE,,,other,Unclassified,False,not an operating company
BPRE,1551047,Bluerock Private Real Estate Fund,NYSE,,,other,Unclassified,False,not an operating company
GBTC,1588489,Grayscale Bitcoin Trust ETF,NYSE,6221,Commodity Contracts Brokers & Dealers,operating,Financials,False,fund / ETF / commodity trust (not an operating company)
BDRY,1610940,Amplify Commodity Trust,NYSE,6221,Commodity Contracts Brokers & Dealers,operating,Financials,False,fund / ETF / commodity trust (not an operating company)
KEN,1611005,Kenon Holdings Ltd.,NYSE,4911,Electric Services,other,Utilities,False,not an operating company
BST,1616678,BlackRock Science & Technology Trust,NYSE,,,other,Unclassified,False,not an operating company
GLDM,1618181,World Gold Trust,NYSE,6221,Commodity Contracts Brokers & Dealers,operating,Financials,False,fund / ETF / commodity trust (not an operating company)
YRD,1631761,Yiren Digital Ltd.,NYSE,6199,Finance Services,other,Financials,False,not an operating company
GSM,1639877,Ferroglobe PLC,Nasdaq,1000,Metal Mining,other,Materials,False,not an operating company
ICR-PA,1690012,"InPoint Commercial Real Estate Income, Inc.",NYSE,6798,Real Estate Investment Trusts,operating,Real Estate,True,
BAR,1690437,GraniteShares Gold Trust,NYSE,6221,Commodity Contracts Brokers & Dealers,operating,Financials,False,fund / ETF / commodity trust (not an operating company)
PLTM,1690842,GraniteShares Platinum Trust,NYSE,6221,Commodity Contracts Brokers & Dealers,operating,Financials,False,fund / ETF / commodity trust (not an operating company)
AAAU,1708646,Goldman Sachs Physical Gold ETF,CBOE,6221,Commodity Contracts Brokers & Dealers,operating,Financials,False,fund / ETF / commodity trust (not an operating company)
BITW,1723788,Bitwise 10 Crypto Index ETF,NYSE,6221,Commodity Contracts Brokers & Dealers,operating,Financials,False,fund / ETF / commodity trust (not an operating company)
ETHE,1725210,Grayscale Ethereum Staking ETF,NYSE,6221,Commodity Contracts Brokers & Dealers,operating,Financials,False,fund / ETF / commodity trust (not an operating company)
GDLC,1729997,Grayscale CoinDesk Crypto 5 ETF,NYSE,6221,Commodity Contracts Brokers & Dealers,operating,Financials,False,fund / ETF / commodity trust (not an operating company)
IAUM,1759124,iShares Gold Trust Micro,NYSE,6221,Commodity Contracts Brokers & Dealers,operating,Financials,False,fund / ETF / commodity trust (not an operating company)
BITB,1763415,Bitwise Bitcoin ETF,NYSE,6221,Commodity Contracts Brokers & Dealers,operating,Financials,False,fund / ETF / commodity trust (not an operating company)
OBTC,1767057,Osprey Bitcoin Trust,Nasdaq,6221,Commodity Contracts Brokers & Dealers,operating,Financials,False,fund / ETF / commodity trust (not an operating company)
BEATW,1779372,"HeartBeam, Inc.",Nasdaq,3841,Surgical & Medical Instruments & Apparatus,operating,Health Care,True,
UVIX,1793497,VS Trust,CBOE,6221,Commodity Contracts Brokers & Dealers,operating,Financials,False,fund / ETF / commodity trust (not an operating company)
RGC,1829667,Regencell Bioscience Holdings Ltd,Nasdaq,2833,Medicinal Chemicals & Botanical Products,other,Health Care,False,not an operating company
HODL,1838028,VanEck Bitcoin ETF,CBOE,6221,Commodity Contracts Brokers & Dealers,operating,Financials,False,fund / ETF / commodity trust (not an operating company)
BRRR,1841175,CoinShares Bitcoin ETF,Nasdaq,6221,Commodity Contracts Brokers & Dealers,operating,Financials,False,fund / ETF / commodity trust (not an operating company)
BTCW,1850391,WisdomTree Bitcoin Fund,CBOE,6221,Commodity Contracts Brokers & Dealers,operating,Financials,False,fund / ETF / commodity trust (not an operating company)
GLNK,1852025,Grayscale Chainlink Trust ETF,NYSE,6221,Commodity Contracts Brokers & Dealers,operating,Financials,False,fund / ETF / commodity trust (not an operating company)
FBTC,1852317,Fidelity Wise Origin Bitcoin Fund,CBOE,6221,Commodity Contracts Brokers & Dealers,operating,Financials,False,fund / ETF / commodity trust (not an operating company)
BTCO,1855781,Invesco Galaxy Bitcoin ETF,CBOE,6221,Commodity Contracts Brokers & Dealers,operating,Financials,False,fund / ETF / commodity trust (not an operating company)
FGDL,1858258,Franklin Templeton Holdings Trust,NYSE,6221,Commodity Contracts Brokers & Dealers,operating,Financials,False,fund / ETF / commodity trust (not an operating company)
ETHV,1860788,VanEck Ethereum ETF,CBOE,6221,Commodity Contracts Brokers & Dealers,operating,Financials,False,fund / ETF / commodity trust (not an operating company)
ARKB,1869699,Ark 21Shares Bitcoin ETF,CBOE,6221,Commodity Contracts Brokers & Dealers,operating,Financials,False,fund / ETF / commodity trust (not an operating company)
SWAGW,1872525,"Stran & Company, Inc.",Nasdaq,7311,Services-Advertising Agencies,operating,Industrials,True,
EIIA,1896036,Eagle Point Institutional Income Fund,NYSE,,,other,Unclassified,False,not an operating company
GSOL,1896677,Grayscale Solana Staking ETF,NYSE,6221,Commodity Contracts Brokers & Dealers,operating,Financials,False,fund / ETF / commodity trust (not an operating company)
DPU,1938865,Top KingWin Ltd,Nasdaq,7389,"Services-Business Services, NEC",other,Industrials,False,not an operating company
MWG,1941500,Multi Ways Holdings Ltd,NYSE,3990,Miscellaneous Manufacturing Industries,other,Consumer Discretionary,False,not an operating company
CTWO,1958928,COTWO ADVISORS PHYSICAL EUROPEAN CARBON ALLOWANCE TRUST,NYSE,6199,Finance Services,operating,Financials,True,
IBIT,1980994,iShares Bitcoin Trust ETF,Nasdaq,6221,Commodity Contracts Brokers & Dealers,operating,Financials,False,fund / ETF / commodity trust (not an operating company)
PBM,1985062,PSYENCE BIOMEDICAL LTD.,Nasdaq,2834,Pharmaceutical Preparations,other,Health Care,False,not an operating company
BBCI,1986694,Bradbury Capital Inc.,Nasdaq,7389,"Services-Business Services, NEC",other,Industrials,False,not an operating company
TETH,1992508,21Shares Ethereum Staking ETF,CBOE,6221,Commodity Contracts Brokers & Dealers,operating,Financials,False,fund / ETF / commodity trust (not an operating company)
EZBC,1992870,Franklin Templeton Digital Holdings Trust,CBOE,6221,Commodity Contracts Brokers & Dealers,operating,Financials,False,fund / ETF / commodity trust (not an operating company)
QETH,1995569,Invesco Galaxy Ethereum ETF,CBOE,6221,Commodity Contracts Brokers & Dealers,operating,Financials,False,fund / ETF / commodity trust (not an operating company)
MRX,1997464,Marex Group Ltd,Nasdaq,6200,"Security & Commodity Brokers, Dealers, Exchanges & Services",other,Financials,False,not an operating company
FETH,2000046,Fidelity Ethereum Fund,CBOE,6199,Finance Services,operating,Financials,True,
ETHA,2000638,iShares Ethereum Trust ETF,Nasdaq,6221,Commodity Contracts Brokers & Dealers,operating,Financials,False,fund / ETF / commodity trust (not an operating company)
PSUS,2002660,"Pershing Square USA, Ltd.",NYSE,,,other,Unclassified,False,not an operating company
RTSN,2002988,"Retension Pharmaceuticals, Inc.",Nasdaq,2834,Pharmaceutical Preparations,other,Health Care,False,not an operating company
ALFUU,2010930,Centurion Acquisition Corp.,Nasdaq,6770,Blank Checks,operating,Financials,False,blank check (SPAC)
EZET,2011535,Franklin Ethereum Trust,CBOE,6221,Commodity Contracts Brokers & Dealers,operating,Financials,False,fund / ETF / commodity trust (not an operating company)
ETHW,2013744,Bitwise Ethereum ETF,NYSE,6199,Finance Services,operating,Financials,False,fund / ETF / commodity trust (not an operating company)
SIMAU,2014982,SIM Acquisition Corp. I,Nasdaq,6770,Blank Checks,operating,Financials,False,blank check (SPAC)
BTC,2015034,Grayscale Bitcoin Mini Trust ETF,NYSE,6221,Commodity Contracts Brokers & Dealers,operating,Financials,False,fund / ETF / commodity trust (not an operating company)
LPAAU,2015502,Launch One Acquisition Corp.,Nasdaq,6770,Blank Checks,operating,Financials,False,blank check (SPAC)
ETH,2020455,Grayscale Ethereum Staking Mini ETF,NYSE,6221,Commodity Contracts Brokers & Dealers,operating,Financials,False,fund / ETF / commodity trust (not an operating company)
VSOL,2028541,VanEck Solana ETF,Nasdaq,6221,Commodity Contracts Brokers & Dealers,operating,Financials,False,fund / ETF / commodity trust (not an operating company)
TSOL,2028834,21Shares Solana Staking ETF,CBOE,6221,Commodity Contracts Brokers & Dealers,operating,Financials,False,fund / ETF / commodity trust (not an operating company)
TOXR,2028835,21Shares XRP ETF,CBOE,6221,Commodity Contracts Brokers & Dealers,operating,Financials,False,fund / ETF / commodity trust (not an operating company)
NCIQ,2031069,Hashdex Nasdaq CME Crypto Index ETF,Nasdaq,6221,Commodity Contracts Brokers & Dealers,operating,Financials,False,fund / ETF / commodity trust (not an operating company)
EZPZ,2033807,Franklin Crypto Trust,CBOE,6221,Commodity Contracts Brokers & Dealers,operating,Financials,False,fund / ETF / commodity trust (not an operating company)
GSUI,2034012,Grayscale Sui Staking ETF,NYSE,6221,Commodity Contracts Brokers & Dealers,operating,Financials,False,fund / ETF / commodity trust (not an operating company)
GAVA,2035053,Grayscale Avalanche Staking ETF,Nasdaq,6221,Commodity Contracts Brokers & Dealers,operating,Financials,False,fund / ETF / commodity trust (not an operating company)
GXRP,2037427,Grayscale XRP Trust ETF,NYSE,6221,Commodity Contracts Brokers & Dealers,operating,Financials,False,fund / ETF / commodity trust (not an operating company)
XRPC,2039505,Canary XRP ETF,Nasdaq,6221,Commodity Contracts Brokers & Dealers,operating,Financials,False,fund / ETF / commodity trust (not an operating company)
XRP,2039525,Bitwise XRP ETF,NYSE,6221,Commodity Contracts Brokers & Dealers,operating,Financials,False,fund / ETF / commodity trust (not an operating company)
SOLC,2041869,Canary Marinade Solana ETF,Nasdaq,6221,Commodity Contracts Brokers & Dealers,operating,Financials,False,fund / ETF / commodity trust (not an operating company)
BSOL,2045872,Bitwise Solana Staking ETF,NYSE,6221,Commodity Contracts Brokers & Dealers,operating,Financials,False,fund / ETF / commodity trust (not an operating company)
BWOW,2053791,Bitwise Dogecoin ETF,NYSE,6221,Commodity Contracts Brokers & Dealers,operating,Financials,False,fund / ETF / commodity trust (not an operating company)
GDOG,2055510,Grayscale Dogecoin Trust ETF,NYSE,6221,Commodity Contracts Brokers & Dealers,operating,Financials,False,fund / ETF / commodity trust (not an operating company)
SOEZ,2057388,Franklin Solana Trust,NYSE,6221,Commodity Contracts Brokers & Dealers,operating,Financials,False,fund / ETF / commodity trust (not an operating company)
XRPZ,2059438,Franklin XRP Trust,NYSE,6221,Commodity Contracts Brokers & Dealers,operating,Financials,False,fund / ETF / commodity trust (not an operating company)
SUIS,2060703,Canary Staked SUI ETF,Nasdaq,6221,Commodity Contracts Brokers & Dealers,operating,Financials,False,fund / ETF / commodity trust (not an operating company)
VAVX,2060717,VanEck Avalanche ETF,Nasdaq,6221,Commodity Contracts Brokers & Dealers,operating,Financials,False,fund / ETF / commodity trust (not an operating company)
TSUI,2061626,21Shares Sui Staking ETF,Nasdaq,6221,Commodity Contracts Brokers & Dealers,operating,Financials,False,fund / ETF / commodity trust (not an operating company)
FSOL,2063380,Fidelity Solana Fund,NYSE,6221,Commodity Contracts Brokers & Dealers,operating,Financials,False,fund / ETF / commodity trust (not an operating company)
TDOG,2064314,21Shares Dogecoin ETF,Nasdaq,6221,Commodity Contracts Brokers & Dealers,operating,Financials,False,fund / ETF / commodity trust (not an operating company)
TRXS,2064768,Canary Staked TRX ETF,CBOE,6221,Commodity Contracts Brokers & Dealers,other,Financials,False,fund / ETF / commodity trust (not an operating company)
VBNB,2066824,VanEck BNB ETF,Nasdaq,6221,Commodity Contracts Brokers & Dealers,operating,Financials,False,fund / ETF / commodity trust (not an operating company)
NRR,2067111,Bitwise NEAR ETF,NYSE,6221,Commodity Contracts Brokers & Dealers,other,Financials,False,fund / ETF / commodity trust (not an operating company)
AIB,2070542,AIB Data Centers Inc.,NYSE,6221,Commodity Contracts Brokers & Dealers,operating,Financials,True,
QSOL,2074409,Invesco Galaxy Solana ETF,CBOE,6221,Commodity Contracts Brokers & Dealers,operating,Financials,False,fund / ETF / commodity trust (not an operating company)
CLNK,2082889,Bitwise Chainlink ETF,NYSE,6221,Commodity Contracts Brokers & Dealers,operating,Financials,False,fund / ETF / commodity trust (not an operating company)
ADBT,2084227,"Advasa Holdings, Inc.",Nasdaq,7372,Services-Prepackaged Software,operating,Information Technology,True,
BAVA,2086017,Bitwise Avalanche ETF,NYSE,6221,Commodity Contracts Brokers & Dealers,operating,Financials,False,fund / ETF / commodity trust (not an operating company)
ARTC,2086545,Art Technology Acquisition Corp.,Nasdaq,6770,Blank Checks,operating,Financials,False,blank check (SPAC)
BHYP,2088139,Bitwise Hyperliquid ETF,NYSE,6221,Commodity Contracts Brokers & Dealers,operating,Financials,False,fund / ETF / commodity trust (not an operating company)
TKNZ,2089855,T. Rowe Price Active Crypto ETF,NYSE,6221,Commodity Contracts Brokers & Dealers,operating,Financials,False,fund / ETF / commodity trust (not an operating company)
BITA,2089969,iShares Bitcoin Premium Income ETF,Nasdaq,6221,Commodity Contracts Brokers & Dealers,operating,Financials,False,fund / ETF / commodity trust (not an operating company)
THYP,2090011,21Shares Hyperliquid Staking ETF,Nasdaq,6221,Commodity Contracts Brokers & Dealers,operating,Financials,False,fund / ETF / commodity trust (not an operating company)
OTAI,2094076,Starlink AI Acquisition Corp,NYSE,6770,Blank Checks,operating,Financials,False,blank check (SPAC)
BREZ,2095443,Breeze Acquisition Corp. II,Nasdaq,6770,Blank Checks,operating,Financials,False,blank check (SPAC)
AIOK,2095591,AI OKTO Corp.,Nasdaq,4412,Deep Sea Foreign Transportation of  Freight,other,Industrials,False,not an operating company
ETHB,2099103,iShares Staked Ethereum Trust ETF,Nasdaq,6221,Commodity Contracts Brokers & Dealers,operating,Financials,False,fund / ETF / commodity trust (not an operating company)
KCAC-UN,2102713,Kensington Capital Acquisition Corp. VI,NYSE,2810,Industrial Inorganic Chemicals,operating,Materials,True,
MSOL,2103547,Morgan Stanley Solana Trust,NYSE,6221,Commodity Contracts Brokers & Dealers,other,Financials,False,fund / ETF / commodity trust (not an operating company)
MSBT,2103612,Morgan Stanley Bitcoin Trust,NYSE,6221,Commodity Contracts Brokers & Dealers,operating,Financials,False,fund / ETF / commodity trust (not an operating company)
MSSE,2103976,Morgan Stanley Ethereum Trust,NYSE,6221,Commodity Contracts Brokers & Dealers,other,Financials,False,fund / ETF / commodity trust (not an operating company)
HYPG,2107730,Grayscale Hyperliquid Staking ETF,Nasdaq,6221,Commodity Contracts Brokers & Dealers,operating,Financials,False,fund / ETF / commodity trust (not an operating company)
SCOP,2108383,Sprott Physical Copper Trust,NYSE,6221,Commodity Contracts Brokers & Dealers,other,Financials,False,fund / ETF / commodity trust (not an operating company)
SKHY,2120882,SK hynix Inc.,Nasdaq,3674,Semiconductors & Related Devices,other,Information Technology,False,not an operating company
FTRA,2131853,FutureCorp Space Acquisition 1,NYSE,6770,Blank Checks,operating,Financials,False,blank check (SPAC)
TRXB,2139097,"TRex Bio, Inc.",Nasdaq,2836,"Biological Products, (No Diagnostic Substances)",other,Health Care,False,not an operating company
VII,2139246,Viking Acquisition Corp. II,NYSE,6770,Blank Checks,operating,Financials,False,blank check (SPAC)
WBD,1437107,"Warner Bros. Discovery, Inc.",Nasdaq,4841,Cable & Other Pay Television Services,operating,Communication Services,True,
CTA-PB,30554,"EIDP, Inc.",NYSE,2820,"Plastic Material, Synth Resin/Rubber, Cellulos (No Glass)",operating,Materials,True,
TRP,1232384,TC ENERGY CORP,NYSE,4922,Natural Gas Transmission,other,Utilities,False,not an operating company
QRVO,1604778,"Qorvo, Inc.",Nasdaq,3674,Semiconductors & Related Devices,operating,Information Technology,True,
DBRG,1679688,"DigitalBridge Group, Inc.",NYSE,6282,Investment Advice,operating,Financials,True,
TRTN-PA,1660734,Triton International Ltd,NYSE,7359,"Services-Equipment Rental & Leasing, NEC",operating,Industrials,True,
BLFS,834365,BIOLIFE SOLUTIONS INC,Nasdaq,3845,Electromedical & Electrotherapeutic Apparatus,operating,Health Care,True,
MHLA,1412100,"Maiden Holdings, Ltd.",NYSE,6331,"Fire, Marine & Casualty Insurance",operating,Financials,True,
GLOP-PA,1598655,GasLog Partners LP,NYSE,4400,Water Transportation,other,Industrials,False,not an operating company
QVCG,1254699,"QVC Group, Inc.",Nasdaq,5961,Retail-Catalog & Mail-Order Houses,operating,Consumer Discretionary,True,
SLP,1023459,"Simulations Plus, Inc.",Nasdaq,7373,Services-Computer Integrated Systems Design,operating,Information Technology,True,
BTA,1343793,BlackRock Long-Term Municipal Advantage Trust,NYSE,,,other,Unclassified,False,not an operating company
WALD,1840199,Waldencast plc,Nasdaq,2844,"Perfumes, Cosmetics & Other Toilet Preparations",operating,Consumer Staples,True,
SPKL,1884046,Spark I Acquisition Corp,Nasdaq,3690,"Miscellaneous Electrical Machinery, Equipment & Supplies",operating,Information Technology,True,
FSEA,1943802,"First Seacoast Bancorp, Inc.",Nasdaq,6035,"Savings Institution, Federally Chartered",operating,Financials,True,
NSTS,1881592,"NSTS Bancorp, Inc.",Nasdaq,6035,"Savings Institution, Federally Chartered",operating,Financials,True,
WKEY,1738699,WISeQey Corp.,Nasdaq,7374,Services-Computer Processing & Data Preparation,other,Information Technology,False,not an operating company
COLA,2028201,Columbus Acquisition Corp/Cayman Islands,Nasdaq,6770,Blank Checks,operating,Financials,False,blank check (SPAC)
TVE,1376986,Tennessee Valley Authority,NYSE,4911,Electric Services,operating,Utilities,True,
GWH,1819438,"ESS Tech, Inc.",NYSE,3690,"Miscellaneous Electrical Machinery, Equipment & Supplies",operating,Information Technology,True,
LESL,1821806,"Leslie's, Inc.",Nasdaq,5990,"Retail-Retail Stores, NEC",operating,Consumer Discretionary,True,
CTGG,68622,QWEST CORP,Nasdaq,4813,Telephone Communications (No Radiotelephone),operating,Communication Services,True,
SCE-PG,92103,SOUTHERN CALIFORNIA EDISON Co,NYSE,4911,Electric Services,operating,Utilities,True,
TCPA,99070,TRANSCANADA PIPELINES LTD,NYSE,4922,Natural Gas Transmission,other,Utilities,False,not an operating company
ATMP,312070,BARCLAYS BANK PLC,CBOE,6029,"Commercial Banks, NEC",other,Financials,False,not an operating company
CDR-PB,761648,"CEDAR REALTY TRUST, INC.",NYSE,6798,Real Estate Investment Trusts,operating,Real Estate,True,
SNUS-PH,811830,"Santander Holdings USA, Inc.",NYSE,6021,National Commercial Banks,operating,Financials,True,
ANG-PD,1039828,American National Group Inc.,NYSE,6311,Life Insurance,operating,Financials,True,
GLDI,1053092,CREDIT SUISSE AG,Nasdaq,6211,"Security Brokers, Dealers & Flotation Companies",other,Financials,False,not an operating company
TCBIO,1077428,TEXAS CAPITAL BANCSHARES INC/TX,Nasdaq,6022,State Commercial Banks,operating,Financials,True,
SWKHL,1089907,SWK Holdings Corp,Nasdaq,6159,Miscellaneous Business Credit Institution,operating,Financials,True,
AMUB,1114446,UBS AG,NYSE,6021,National Commercial Banks,other,Financials,False,not an operating company
AHL-PD,1267395,ASPEN INSURANCE HOLDINGS LTD,NYSE,6331,"Fire, Marine & Casualty Insurance",operating,Financials,True,
SEAL-PA,1308106,Seapeak LLC,NYSE,4400,Water Transportation,other,Industrials,False,not an operating company
AGQ,1415311,ProShares Trust II,NYSE,6221,Commodity Contracts Brokers & Dealers,operating,Financials,False,fund / ETF / commodity trust (not an operating company)
TWOD,1465740,TWO HARBORS INVESTMENT CORP.,NYSE,6798,Real Estate Investment Trusts,operating,Real Estate,True,
BTCK,1471824,Teucrium Commodity Trust,NYSE,6221,Commodity Contracts Brokers & Dealers,operating,Financials,False,fund / ETF / commodity trust (not an operating company)
ATH-PA,1527469,Athene Holding Ltd.,NYSE,6311,Life Insurance,operating,Financials,True,
PRIF-PD,1554625,"Priority Income Fund, Inc.",NYSE,,,other,Unclassified,False,not an operating company
CFTR-PA,1666244,"Cantor Fitzgerald Income Trust, Inc.",NYSE,6798,Real Estate Investment Trusts,operating,Real Estate,True,
TPTS,1674356,"Terra Property Trust, Inc.",NYSE,6798,Real Estate Investment Trusts,operating,Real Estate,True,
ZCSH,1720265,Zcash ETF,NYSE,6221,Commodity Contracts Brokers & Dealers,operating,Financials,False,fund / ETF / commodity trust (not an operating company)
PHXE-P,1818643,"Phoenix Energy One, LLC",NYSE,1311,Crude Petroleum & Natural Gas,operating,Energy,True,
PAXGU,2076561,Pine Tree Acquisition Corp.,Nasdaq,6770,Blank Checks,other,Financials,False,blank check (SPAC)
YSAG,2087989,Texas Precious Metals Trust,Nasdaq,6221,Commodity Contracts Brokers & Dealers,other,Financials,False,fund / ETF / commodity trust (not an operating company)
BRRKU,2098410,Bluerock Acquisition Corp. II,Nasdaq,6770,Blank Checks,other,Financials,False,blank check (SPAC)
LEDRU,2109823,Leader's Advantage Acquisition Corp.,Nasdaq,6770,Blank Checks,other,Financials,False,blank check (SPAC)
HYAC-UN,2111838,Haymaker Acquisition Corp V,NYSE,6770,Blank Checks,other,Financials,False,blank check (SPAC)
LOVIU,2115191,Live Oak Acquisition Corp. VI,Nasdaq,6770,Blank Checks,other,Financials,False,blank check (SPAC)
PORT-UN,2148436,Southport Acquisition Corp. II,NYSE,6770,Blank Checks,other,Financials,False,blank check (SPAC)
