ticker,technical,quant,economic,risk,fundamental,composite,forward_return_20d,regime,date,composite_ic_weighted
DIS,4.545454545454545,100.0,,21.21212121212121,50.709051482959644,44.116656810133854,-0.0338565999178069,unknown,2023-07-27,44.116656810133854
AMT,7.575757575757576,96.96969696969697,,39.39393939393939,24.458707381255063,42.09952533016225,-0.0832169031030153,unknown,2023-07-27,42.09952533016225
UNP,48.484848484848484,93.93939393939394,,48.484848484848484,48.7947675421211,59.925964612803,-0.0412753191690224,unknown,2023-07-27,59.925964612803
XOM,43.939393939393945,90.9090909090909,,36.36363636363637,,57.07070707070707,0.0088218584834858,unknown,2023-07-27,57.07070707070707
NEE,13.636363636363637,87.87878787878788,,63.63636363636363,56.0434698676945,55.29874625480241,-0.0825712528940834,unknown,2023-07-27,55.29874625480241
META,96.96969696969697,84.84848484848484,,6.0606060606060606,55.656694028236075,60.88387047675599,-0.0800744029364076,unknown,2023-07-27,60.88387047675598
NEM,16.666666666666664,81.81818181818183,,18.181818181818183,40.410985037008714,39.26941292591885,-0.0724293325303536,unknown,2023-07-27,39.26941292591885
GOOGL,68.18181818181819,78.78787878787878,,15.151515151515152,63.28549224288149,56.35167609102341,0.0029366684755525,unknown,2023-07-27,56.35167609102341
SO,46.96969696969697,75.75757575757575,,78.78787878787878,47.69268655790693,62.30195951826461,-0.074526492721499,unknown,2023-07-27,62.30195951826461
MSFT,83.33333333333334,72.72727272727273,,24.242424242424242,61.06271794417049,60.34143706180021,-0.0325048378093892,unknown,2023-07-27,60.3414370618002
CVX,31.81818181818182,69.6969696969697,,45.45454545454545,82.93645633233905,57.476538325509,-0.0107728997948866,unknown,2023-07-27,57.476538325509004
JNJ,37.878787878787875,66.66666666666666,,93.93939393939394,44.964431320139546,60.862319951247,-0.0495135355094303,unknown,2023-07-27,60.862319951247
HON,40.90909090909091,63.63636363636363,,75.75757575757575,49.31536463910902,57.404598735534826,-0.0572781520844263,unknown,2023-07-27,57.40459873553482
LLY,89.39393939393939,60.60606060606061,,66.66666666666666,33.44350007749155,62.52754168603955,0.204422101061418,unknown,2023-07-27,62.52754168603955
UNH,22.727272727272727,57.57575757575758,,72.72727272727273,66.14443928398194,54.79368557857124,-0.0339053589658514,unknown,2023-07-27,54.79368557857125
PLD,34.848484848484844,54.54545454545454,,33.33333333333333,48.16390984040497,42.72279564191942,-0.0256123300392717,unknown,2023-07-27,42.72279564191942
HD,60.606060606060595,51.515151515151516,,51.515151515151516,48.37543030925455,53.002948486404534,-0.0215947205171596,unknown,2023-07-27,53.00294848640455
AMZN,69.69696969696969,48.484848484848484,,9.090909090909092,41.19227799301211,42.11625131643485,0.0279921741745856,unknown,2023-07-27,42.11625131643484
LIN,78.78787878787878,45.45454545454545,,69.6969696969697,54.872695418755754,62.20302233953741,-0.0173933451797254,unknown,2023-07-27,62.20302233953743
COP,56.06060606060606,42.42424242424242,,12.121212121212121,82.33319882664063,48.23481485817531,-0.0084642920873333,unknown,2023-07-27,48.2348148581753
NVDA,100.0,39.39393939393939,,3.0303030303030303,49.016701103537784,47.86023588194505,0.0275162664836055,unknown,2023-07-27,47.86023588194505
DUK,18.18181818181818,36.36363636363637,,81.81818181818183,41.591902238933685,44.48888465064252,-0.0471199117174701,unknown,2023-07-27,44.48888465064252
GS,34.848484848484844,33.33333333333333,,60.60606060606061,40.382832777159805,42.29267789125964,-0.097458512760722,unknown,2023-07-27,42.29267789125964
KO,34.848484848484844,30.303030303030305,,100.0,51.81440743904863,54.24148064764095,-0.0373157922421983,unknown,2023-07-27,54.24148064764095
APD,63.63636363636364,27.27272727272727,,57.57575757575758,51.14432240744974,49.90729272307456,-0.0536828848072059,unknown,2023-07-27,49.907292723074555
JPM,77.27272727272727,24.242424242424242,,54.54545454545454,66.21802002224695,55.569656520713245,-0.0563389841316226,unknown,2023-07-27,55.569656520713245
BLK,57.57575757575758,21.21212121212121,,27.27272727272727,,35.35353535353535,-0.0766867840097887,unknown,2023-07-27,35.35353535353535
O,18.18181818181818,18.181818181818183,,84.84848484848484,54.08166628411345,43.82344687405867,-0.0937449452499841,unknown,2023-07-27,43.82344687405867
CAT,81.81818181818181,15.151515151515152,,30.303030303030305,59.40899637353533,46.67043091156565,0.0425861421596993,unknown,2023-07-27,46.67043091156565
MCD,63.63636363636363,12.121212121212121,,96.96969696969697,42.497225177220564,53.80612447612332,-0.0434973956831051,unknown,2023-07-27,53.80612447612332
WMT,71.2121212121212,9.090909090909092,,87.87878787878788,54.48857550614689,55.667598421991265,-0.0142624043392637,unknown,2023-07-27,55.66759842199127
PG,43.93939393939394,6.0606060606060606,,90.9090909090909,50.390292878719386,47.82484594695257,0.0028268534222331,unknown,2023-07-27,47.824845946952564
AAPL,81.81818181818181,3.0303030303030303,,42.42424242424242,46.0033772002477,43.31902611824374,-0.0871545193639418,unknown,2023-07-27,43.319026118243734
HON,33.333333333333336,100.0,,75.75757575757575,51.30808555655608,65.0997486618663,0.0249514266455852,unknown,2023-08-24,65.09974866186629
MCD,63.63636363636364,96.96969696969697,,96.96969696969697,54.508583441466385,78.021085254306,-0.035877473574761,unknown,2023-08-24,78.02108525430599
KO,33.33333333333333,93.93939393939394,,100.0,52.2699468457173,69.88566852961114,-0.0417568143527554,unknown,2023-08-24,69.88566852961114
APD,56.06060606060606,90.9090909090909,,57.57575757575758,48.49569469870622,63.26028731104019,3.492225326895415e-05,unknown,2023-08-24,63.26028731104019
NEM,19.6969696969697,87.87878787878788,,18.181818181818183,40.12395983868917,41.470383899066235,0.0430107589889783,unknown,2023-08-24,41.47038389906623
AAPL,74.24242424242425,84.84848484848484,,39.39393939393939,48.11415977386336,61.649752064677955,-0.0090146930074987,unknown,2023-08-24,61.649752064677955
NVDA,100.0,81.81818181818183,,3.0303030303030303,46.84442057066869,57.92322635478839,-0.1177405551196396,unknown,2023-08-24,57.9232263547884
NEE,9.090909090909092,78.78787878787878,,66.66666666666666,57.8182939266537,53.09093711802706,0.0071406682359778,unknown,2023-08-24,53.090937118027064
MSFT,81.81818181818183,75.75757575757575,,24.242424242424242,61.450432566820055,60.81715359625047,-0.0092508405281295,unknown,2023-08-24,60.81715359625047
DIS,6.0606060606060606,72.72727272727273,,21.21212121212121,41.842783713804614,35.46069592845116,-0.0147932727372975,unknown,2023-08-24,35.46069592845115
AMT,7.575757575757576,69.6969696969697,,33.33333333333333,24.70452563054637,33.827646559151745,-0.0617555041464458,unknown,2023-08-24,33.827646559151745
META,95.45454545454545,66.66666666666666,,6.0606060606060606,55.49734098760795,55.91978979235653,0.0429990813330971,unknown,2023-08-24,55.919789792356525
O,16.666666666666668,63.63636363636363,,84.84848484848484,55.94982078853047,55.2753339850114,-0.0851667704946571,unknown,2023-08-24,55.2753339850114
PLD,40.90909090909091,60.60606060606061,,36.36363636363637,46.714857730487836,46.14841140231893,-0.0630031074711225,unknown,2023-08-24,46.14841140231893
BLK,48.484848484848484,57.57575757575758,,30.303030303030305,,45.45454545454546,-0.0194010310767388,unknown,2023-08-24,45.454545454545446
DUK,18.18181818181818,54.54545454545454,,81.81818181818183,37.18388767513612,47.93233555514767,0.0371152799930207,unknown,2023-08-24,47.932335555147674
GOOGL,66.66666666666666,51.515151515151516,,12.121212121212121,63.66945569364924,48.49312149916989,0.0036215227702567,unknown,2023-08-24,48.49312149916988
SO,33.33333333333333,48.484848484848484,,78.78787878787878,40.80770839897402,50.353442251258656,0.0287706129708757,unknown,2023-08-24,50.353442251258656
GS,37.878787878787875,45.45454545454545,,60.60606060606061,40.94086021505376,46.220063538611925,0.0247844211937127,unknown,2023-08-24,46.220063538611925
JPM,80.30303030303031,42.42424242424242,,63.63636363636363,75.82885304659499,65.54812235255784,-0.0101881412995207,unknown,2023-08-24,65.54812235255784
LIN,78.78787878787878,39.39393939393939,,72.72727272727273,52.693593121903994,60.90067100774873,-0.0132031280154013,unknown,2023-08-24,60.90067100774872
LLY,95.45454545454545,36.36363636363637,,42.42424242424242,39.352270575968205,53.39867370459811,0.0046349964002623,unknown,2023-08-24,53.39867370459811
JNJ,45.45454545454545,33.33333333333333,,90.9090909090909,46.621954087193245,54.07973094604073,-0.0278029949706719,unknown,2023-08-24,54.07973094604074
XOM,53.03030303030303,30.303030303030305,,45.45454545454545,,42.929292929292934,0.0807710774850214,unknown,2023-08-24,42.92929292929292
WMT,71.2121212121212,27.27272727272727,,87.87878787878788,55.05553628626651,60.354793162475715,0.034801521337006,unknown,2023-08-24,60.35479316247571
AMZN,59.090909090909086,24.242424242424242,,9.090909090909092,48.74617332691663,35.292603937789764,-0.0206310777932068,unknown,2023-08-24,35.292603937789764
CVX,33.33333333333333,21.21212121212121,,54.54545454545454,72.79769712994128,45.47215155521259,0.0528048386030932,unknown,2023-08-24,45.47215155521259
CAT,86.36363636363636,18.181818181818183,,27.27272727272727,68.04336762401279,49.965387360548654,0.0139621609211344,unknown,2023-08-24,49.96538736054865
PG,54.54545454545455,15.151515151515152,,93.93939393939394,52.56110336405435,54.0493667501045,-0.0062933754905665,unknown,2023-08-24,54.049366750104504
UNP,45.45454545454545,12.121212121212121,,48.484848484848484,49.31538646711142,38.84399813192937,-0.0596800221297695,unknown,2023-08-24,38.843998131929375
UNH,31.818181818181817,9.090909090909092,,69.6969696969697,69.03203570840815,44.90952407861719,0.0368776885370139,unknown,2023-08-24,44.909524078617196
HD,59.09090909090909,6.0606060606060606,,51.515151515151516,49.61984759746979,41.57162856603412,-0.0522644395144319,unknown,2023-08-24,41.571628566034114
COP,63.63636363636363,3.0303030303030303,,15.151515151515152,67.65315554908157,37.36783434181585,0.0379790983836982,unknown,2023-08-24,37.36783434181584
AMT,3.0303030303030303,100.0,,30.303030303030305,24.095410283527794,39.357185904215285,-0.036820950176076,unknown,2023-09-22,39.357185904215285
O,13.636363636363637,96.96969696969697,,84.84848484848484,56.34664618535586,62.950297909975326,-0.0428627393387686,unknown,2023-09-22,62.950297909975326
PLD,34.84848484848485,93.93939393939394,,36.36363636363637,46.268865550624696,52.85509517553496,-0.1020426003400488,unknown,2023-09-22,52.85509517553496
NVDA,98.48484848484848,90.9090909090909,,3.0303030303030303,80.65370159816604,68.26948600560212,-0.0053592782860577,unknown,2023-09-22,68.26948600560212
AAPL,66.66666666666667,87.87878787878788,,39.39393939393939,45.87531702268665,59.95367774052015,-0.0109273326659704,unknown,2023-09-22,59.95367774052015
NEE,9.09090909090909,84.84848484848484,,66.66666666666666,56.40988378840486,54.25398609861636,-0.2324962861638388,unknown,2023-09-22,54.25398609861636
JPM,74.24242424242424,81.81818181818183,,63.63636363636363,75.27777777777777,73.74368686868686,-0.0190763662993199,unknown,2023-09-22,73.74368686868686
KO,25.757575757575758,78.78787878787878,,100.0,50.77166913776219,63.82928092080418,-0.052604146867438,unknown,2023-09-22,63.82928092080418
META,95.45454545454545,75.75757575757575,,6.0606060606060606,52.912017708736286,57.54618624536589,0.0319981535170572,unknown,2023-09-22,57.54618624536588
GS,33.33333333333333,72.72727272727273,,60.60606060606061,39.59677419354839,51.565860215053775,-0.0849066016399393,unknown,2023-09-22,51.56586021505377
HON,33.33333333333333,69.6969696969697,,81.81818181818183,49.605983894777,58.61361718581546,-0.04457797446582,unknown,2023-09-22,58.613617185815464
DIS,9.090909090909092,66.66666666666666,,21.21212121212121,40.688266188319346,34.41449078950408,0.0172307880108173,unknown,2023-09-22,34.41449078950407
PG,54.54545454545454,63.63636363636363,,93.93939393939394,50.1271309481085,65.56208576733016,-0.0232880243874866,unknown,2023-09-22,65.56208576733016
JNJ,33.33333333333333,60.60606060606061,,87.87878787878788,45.20394333450508,56.755531288171724,-0.0467289719626168,unknown,2023-09-22,56.755531288171724
AMZN,72.72727272727272,57.57575757575758,,9.090909090909092,47.9133830586425,46.82683061314547,-0.0305916751674071,unknown,2023-09-22,46.826830613145475
UNP,45.45454545454545,54.54545454545454,,48.484848484848484,48.18124842773145,49.16652422814498,0.0100362779086009,unknown,2023-09-22,49.16652422814498
BLK,37.878787878787875,51.515151515151516,,33.33333333333333,,40.90909090909091,-0.0685804577646134,unknown,2023-09-22,40.90909090909091
MSFT,78.78787878787878,48.484848484848484,,24.242424242424242,60.35390275254831,52.967263566924956,0.0304722354642723,unknown,2023-09-22,52.967263566924956
UNH,42.42424242424242,45.45454545454545,,69.6969696969697,67.52426075091782,56.27500458166885,0.041355508676043,unknown,2023-09-22,56.27500458166885
MCD,45.45454545454545,42.42424242424242,,96.96969696969697,53.40582195564038,59.5635767010313,-0.0518331342512223,unknown,2023-09-22,59.56357670103131
APD,53.03030303030303,39.39393939393939,,51.515151515151516,46.81131053448334,47.68767611846931,-0.0281538058603456,unknown,2023-09-22,47.68767611846933
NEM,16.666666666666668,36.36363636363637,,15.151515151515152,39.51912112901175,26.925234827707484,-0.0476191055836809,unknown,2023-09-22,26.925234827707484
LIN,77.27272727272727,33.33333333333333,,72.72727272727273,52.04255606159274,58.843972348731526,-0.01767000037477,unknown,2023-09-22,58.84397234873152
HD,59.09090909090909,30.303030303030305,,54.54545454545454,48.21379397367423,48.03829697826704,-0.0631930351289024,unknown,2023-09-22,48.03829697826704
CAT,87.87878787878788,27.27272727272727,,27.27272727272727,67.41612748064362,52.46009247622152,-0.0873800660063055,unknown,2023-09-22,52.46009247622151
LLY,96.96969696969697,24.242424242424242,,42.42424242424242,38.075388855538094,50.42793812297543,0.0619392559706175,unknown,2023-09-22,50.427938122975426
COP,63.63636363636364,21.21212121212121,,18.181818181818183,65.28308386449376,42.078346723699205,0.0411211291196231,unknown,2023-09-22,42.0783467236992
DUK,27.272727272727273,18.181818181818183,,78.78787878787878,36.01409644486102,40.06413017182132,-0.0675024421746185,unknown,2023-09-22,40.06413017182131
GOOGL,84.84848484848484,15.151515151515152,,12.121212121212121,61.370928951574115,43.37303526819656,0.0410749029060699,unknown,2023-09-22,43.37303526819655
SO,31.81818181818182,12.121212121212121,,75.75757575757575,38.37831655425959,39.51882156280732,-0.0524722393762308,unknown,2023-09-22,39.518821562807325
WMT,72.72727272727272,9.090909090909092,,90.9090909090909,57.21029819102842,57.48439272957528,-0.0221127900321153,unknown,2023-09-22,57.4843927295753
XOM,74.24242424242425,6.0606060606060606,,45.45454545454545,,41.919191919191924,-0.0335827434171084,unknown,2023-09-22,41.91919191919192
CVX,46.96969696969697,3.0303030303030303,,57.57575757575758,71.80451356619321,44.8450677854877,0.003307692180632,unknown,2023-09-22,44.8450677854877
PLD,36.36363636363637,100.0,,39.39393939393939,47.159068405960376,55.72916104088404,0.0745875170056247,unknown,2023-10-20,55.72916104088403
HD,48.484848484848484,96.96969696969697,,57.57575757575758,49.29565743753486,63.08149011695947,0.0728326004149351,unknown,2023-10-20,63.08149011695947
CAT,74.24242424242425,93.93939393939394,,27.27272727272727,67.93968098806809,65.84855661065339,0.0155297368514026,unknown,2023-10-20,65.84855661065338
BLK,42.42424242424242,90.9090909090909,,45.45454545454545,,59.595959595959584,0.165948254681276,unknown,2023-10-20,59.595959595959584
AMT,9.090909090909092,87.87878787878788,,30.303030303030305,24.095410283527794,37.84203438906377,0.2351802736993524,unknown,2023-10-20,37.84203438906376
KO,28.78787878787879,84.84848484848484,,96.96969696969697,51.357106391842706,65.49079174947582,0.0492944592587953,unknown,2023-10-20,65.49079174947582
GS,28.787878787878785,81.81818181818183,,63.63636363636363,40.134408602150536,53.594208211143695,0.1304449799726159,unknown,2023-10-20,53.594208211143695
NVDA,96.96969696969697,78.78787878787878,,3.0303030303030303,80.39228251440349,64.79504032557057,0.1911469567681172,unknown,2023-10-20,64.79504032557057
O,10.606060606060606,75.75757575757575,,84.84848484848484,56.705069124423964,56.97929758413629,0.0721378213447738,unknown,2023-10-20,56.97929758413629
AMZN,66.66666666666666,72.72727272727273,,9.090909090909092,47.89500070570133,49.09496229763746,0.1598625453347686,unknown,2023-10-20,49.09496229763745
SO,46.96969696969697,69.6969696969697,,78.78787878787878,38.9460658313898,58.60015282148381,0.0614634577788539,unknown,2023-10-20,58.60015282148382
XOM,54.54545454545455,66.66666666666666,,48.484848484848484,,56.56565656565656,-0.0550954505374436,unknown,2023-10-20,56.56565656565655
CVX,46.96969696969697,63.63636363636363,,60.60606060606061,70.98462109307494,60.54918557629904,-0.134088562438794,unknown,2023-10-20,60.54918557629904
DIS,9.090909090909092,60.60606060606061,,18.181818181818183,41.4338257757907,32.32815341364465,0.1391409532690593,unknown,2023-10-20,32.32815341364464
NEM,22.727272727272727,57.57575757575758,,12.121212121212121,39.72073403223755,33.036244114119995,-0.063144350801927,unknown,2023-10-20,33.036244114119995
NEE,7.575757575757576,54.54545454545454,,36.36363636363637,57.887227750183115,39.0930190587579,0.1041185516307832,unknown,2023-10-20,39.093019058757896
DUK,37.878787878787875,51.515151515151516,,81.81818181818183,36.15314979347319,51.841317751398606,0.034241105351394,unknown,2023-10-20,51.841317751398606
COP,56.06060606060606,48.484848484848484,,21.21212121212121,64.60208028026437,47.58991400946004,-0.0763340432618534,unknown,2023-10-20,47.58991400946003
MSFT,86.36363636363636,45.45454545454545,,24.242424242424242,59.84454651738562,53.976288144497914,0.1321822968159687,unknown,2023-10-20,53.97628814449793
META,96.96969696969697,42.42424242424242,,6.0606060606060606,52.55417662508875,49.50218051990855,0.0855014261146827,unknown,2023-10-20,49.50218051990854
GOOGL,86.36363636363637,39.39393939393939,,15.151515151515152,60.774992629831345,50.42102088473056,-0.0021387059872289,unknown,2023-10-20,50.42102088473057
UNP,60.60606060606061,36.36363636363637,,51.515151515151516,40.16319144763331,47.162009983120456,0.0372386226570855,unknown,2023-10-20,47.16200998312045
APD,62.12121212121212,33.33333333333333,,54.54545454545454,46.94440482791919,49.23610120697979,-0.030800218488194,unknown,2023-10-20,49.2361012069798
LLY,96.96969696969697,30.303030303030305,,33.33333333333333,37.98964543692482,49.64892651074635,0.0120929241021419,unknown,2023-10-20,49.64892651074636
MCD,36.36363636363636,27.27272727272727,,100.0,53.507183522994595,54.28588678983955,0.0683430151856026,unknown,2023-10-20,54.28588678983955
LIN,69.69696969696969,24.242424242424242,,72.72727272727273,52.53033016683601,54.79924920837567,0.1133312075318677,unknown,2023-10-20,54.79924920837566
HON,34.848484848484844,21.21212121212121,,75.75757575757575,50.20410217434689,45.50557099813218,0.0545444963846379,unknown,2023-10-20,45.50557099813217
PG,60.60606060606061,18.181818181818183,,93.93939393939394,53.32043925984907,56.51192799678045,0.0203985424532895,unknown,2023-10-20,56.51192799678044
AAPL,66.66666666666666,15.151515151515152,,42.42424242424242,46.186738878819135,42.60729078031085,0.0972350594852682,unknown,2023-10-20,42.60729078031084
JNJ,30.303030303030305,12.121212121212121,,87.87878787878788,46.121194765869404,44.10605626722493,-0.0209804360383476,unknown,2023-10-20,44.10605626722493
WMT,74.24242424242425,9.090909090909092,,90.9090909090909,57.38964742338998,57.90801791645356,-0.0214789377091343,unknown,2023-10-20,57.90801791645355
JPM,69.69696969696969,6.0606060606060606,,69.6969696969697,74.73118279569893,55.046432062561095,0.0690451947302257,unknown,2023-10-20,55.04643206256109
UNH,43.939393939393945,3.0303030303030303,,66.66666666666666,66.74728365183446,45.09591182204952,0.0175700590397527,unknown,2023-10-20,45.09591182204952
CVX,18.18181818181818,100.0,69.6969696969697,51.515151515151516,60.861842077766376,60.05115629434115,0.0361344712675621,risk_off,2023-11-17,60.05115629434116
CAT,69.6969696969697,96.96969696969697,30.303030303030305,27.27272727272727,69.29719540685831,58.707923929856506,0.1289761061611813,risk_off,2023-11-17,58.70792392985651
APD,37.878787878787875,93.93939393939394,54.54545454545454,45.45454545454545,49.55589845299373,56.27481605423511,0.0044817290137528,risk_off,2023-11-17,56.27481605423511
XOM,39.39393939393939,90.9090909090909,72.72727272727273,42.42424242424242,,61.363636363636374,-0.0315358001854576,risk_off,2023-11-17,61.36363636363637
NEM,21.212121212121215,87.87878787878788,66.66666666666666,12.121212121212121,42.39909465816673,46.05557650739092,0.1303989512363081,risk_off,2023-11-17,46.05557650739092
COP,54.54545454545455,84.84848484848484,60.60606060606061,18.181818181818183,58.3406459852511,55.30449283341386,0.0027053425071605,risk_off,2023-11-17,55.30449283341386
GOOGL,87.87878787878788,81.81818181818183,12.121212121212121,15.151515151515152,64.54760969605967,52.303461333151326,0.0036213546818806,risk_off,2023-11-17,52.30346133315133
WMT,54.54545454545455,78.78787878787878,93.93939393939394,90.9090909090909,54.88200250999603,74.61276413836283,-0.0024460963749448,risk_off,2023-11-17,74.61276413836285
NEE,3.0303030303030303,75.75757575757575,57.57575757575758,30.303030303030305,56.51379364350373,44.63609206203408,0.0632735076816912,risk_off,2023-11-17,44.63609206203408
NVDA,98.48484848484848,72.72727272727273,3.0303030303030303,3.0303030303030303,77.73209400528562,51.00096425560258,0.0158018443610026,risk_off,2023-11-17,51.00096425560259
DIS,40.90909090909091,69.6969696969697,27.27272727272727,21.21212121212121,38.58797984569888,39.5357777873216,-0.013701549597668,risk_off,2023-11-17,39.5357777873216
LIN,78.78787878787878,66.66666666666666,48.484848484848484,75.75757575757575,50.42940226162753,64.02527439171944,0.0029910787636027,risk_off,2023-11-17,64.02527439171944
LLY,95.45454545454545,63.63636363636363,84.84848484848484,24.242424242424242,35.77477203751768,60.79131804386717,-0.02019572385675,risk_off,2023-11-17,60.79131804386717
BLK,43.939393939393945,60.60606060606061,24.242424242424242,63.63636363636363,,48.10606060606061,0.1110119391736115,risk_off,2023-11-17,48.1060606060606
AMT,34.848484848484844,57.57575757575758,36.36363636363637,33.33333333333333,21.71539585002398,36.76732159424722,0.0654900201703994,risk_off,2023-11-17,36.76732159424722
PLD,30.303030303030305,54.54545454545454,18.181818181818183,39.39393939393939,43.8775517271436,37.2603588302772,0.2054146728776653,risk_off,2023-11-17,37.260358830277205
O,10.606060606060606,51.515151515151516,63.63636363636363,72.72727272727273,54.44815226795205,50.5866001505601,0.0680400393971494,risk_off,2023-11-17,50.58660015056011
HD,42.42424242424242,48.484848484848484,39.39393939393939,60.60606060606061,50.5219868626026,48.28621555433871,0.141699515415365,risk_off,2023-11-17,48.28621555433871
SO,59.090909090909086,45.45454545454545,75.75757575757575,78.78787878787878,31.4024442380995,58.098670665801706,0.0236491558731195,risk_off,2023-11-17,58.09867066580172
UNP,62.12121212121212,42.42424242424242,51.515151515151516,48.484848484848484,39.74174056854835,48.85743902280058,0.0998585772510889,risk_off,2023-11-17,48.85743902280058
MCD,31.818181818181817,39.39393939393939,81.81818181818183,96.96969696969697,57.94556190958625,61.589112381917246,0.0525113725705461,risk_off,2023-11-17,61.589112381917246
HON,25.757575757575758,36.36363636363637,42.42424242424242,81.81818181818183,44.08382353028981,46.08949197878523,0.0726426245252254,risk_off,2023-11-17,46.08949197878524
JPM,72.72727272727273,33.33333333333333,45.45454545454545,69.6969696969697,76.6263440860215,59.56769305962854,0.0877502143738944,risk_off,2023-11-17,59.56769305962855
META,96.96969696969697,30.303030303030305,6.0606060606060606,6.0606060606060606,67.20418485539152,41.31962484986618,0.0285935599568287,risk_off,2023-11-17,41.31962484986619
DUK,34.848484848484844,27.27272727272727,78.78787878787878,84.84848484848484,33.78542969457836,51.90860109043083,0.0795466710674905,risk_off,2023-11-17,51.90860109043082
AAPL,78.78787878787878,24.242424242424242,21.21212121212121,57.57575757575758,44.608151114387795,45.28526658651392,0.032684890444647,risk_off,2023-11-17,45.28526658651393
GS,33.33333333333333,21.21212121212121,33.33333333333333,54.54545454545454,39.85215053763441,36.455278592375365,0.1097025006257548,risk_off,2023-11-17,36.455278592375365
AMZN,89.39393939393939,18.181818181818183,9.090909090909092,9.090909090909092,53.360186396481694,35.82355243081149,0.0612344337851762,risk_off,2023-11-17,35.823552430811496
JNJ,21.21212121212121,15.151515151515152,100.0,87.87878787878788,71.38275918790903,59.12503668606665,0.0377195367415541,risk_off,2023-11-17,59.12503668606665
MSFT,86.36363636363636,12.121212121212121,15.151515151515152,36.36363636363637,61.63818940757298,42.3276378815146,0.0075706036143341,risk_off,2023-11-17,42.3276378815146
KO,22.727272727272727,9.090909090909092,87.87878787878788,100.0,49.42329585201923,53.82405310979779,0.0307370273807465,risk_off,2023-11-17,53.82405310979779
PG,54.54545454545455,6.0606060606060606,90.9090909090909,93.93939393939394,51.40051511006807,59.3710121129227,-0.0324353539267214,risk_off,2023-11-17,59.371012112922706
UNH,68.18181818181819,3.0303030303030303,96.96969696969697,66.66666666666666,62.79615401043533,59.52892777178404,-0.0181617979701989,risk_off,2023-11-17,59.52892777178404
COP,54.54545454545454,100.0,57.57575757575758,18.181818181818183,58.60946318955218,57.7824986985165,-0.0693646746289036,risk_off,2023-12-18,57.78249869851649
PLD,51.515151515151516,96.96969696969697,15.151515151515152,36.36363636363637,41.83361030084105,48.366722060168215,-0.0483870281425079,risk_off,2023-12-18,48.366722060168215
APD,10.606060606060606,93.93939393939394,63.63636363636363,45.45454545454545,49.60184175700155,52.64764107867303,-0.0411873632926215,risk_off,2023-12-18,52.64764107867304
XOM,27.272727272727273,90.9090909090909,72.72727272727273,42.42424242424242,,58.33333333333334,-0.0477127240660821,risk_off,2023-12-18,58.333333333333336
CVX,15.151515151515152,87.87878787878788,69.6969696969697,54.54545454545454,60.66694960464809,57.58793537547507,-0.0525119303592421,risk_off,2023-12-18,57.58793537547507
LLY,92.42424242424242,84.84848484848484,84.84848484848484,21.21212121212121,36.05973372334143,63.878613411334946,0.075186223758231,risk_off,2023-12-18,63.878613411334946
GOOGL,71.21212121212122,81.81818181818183,12.121212121212121,15.151515151515152,64.50204889874571,48.9610158403552,0.0565537003180636,risk_off,2023-12-18,48.96101584035521
META,96.96969696969697,78.78787878787878,6.0606060606060606,6.0606060606060606,66.44660909781575,50.86507939532073,0.0914340729269351,risk_off,2023-12-18,50.86507939532073
NVDA,100.0,75.75757575757575,3.0303030303030303,3.0303030303030303,87.2448880008178,53.81261396379991,0.1403837854987875,risk_off,2023-12-18,53.812613963799926
PG,28.78787878787879,72.72727272727273,90.9090909090909,93.93939393939394,52.653501206043956,67.80342751393607,0.0134774662747561,risk_off,2023-12-18,67.80342751393607
UNH,45.45454545454545,69.6969696969697,100.0,63.63636363636363,62.258413349973765,68.20925842757052,-0.019390297548567,risk_off,2023-12-18,68.20925842757052
CAT,75.75757575757575,66.66666666666666,27.27272727272727,24.242424242424242,66.4821090595139,52.08430059978157,-0.013335191881775,risk_off,2023-12-18,52.084300599781564
LIN,66.66666666666666,63.63636363636363,54.54545454545454,72.72727272727273,49.465366812052594,61.408224877562034,-0.0030554876102438,risk_off,2023-12-18,61.408224877562034
WMT,50.0,60.60606060606061,87.87878787878788,90.9090909090909,63.147826703517666,70.50835321949141,0.0533651959146281,risk_off,2023-12-18,70.50835321949143
AMZN,92.42424242424242,57.57575757575758,9.090909090909092,9.090909090909092,51.86244690479059,44.008853017321755,-0.0036996644195599,risk_off,2023-12-18,44.008853017321755
HD,54.54545454545454,54.54545454545454,39.39393939393939,60.60606060606061,47.6365757767756,51.34549697353693,0.0202103599875498,risk_off,2023-12-18,51.34549697353694
SO,45.45454545454545,51.515151515151516,75.75757575757575,78.78787878787878,30.580053665708924,56.419041036172075,-0.0371044748504512,risk_off,2023-12-18,56.41904103617209
NEM,13.636363636363637,48.484848484848484,66.66666666666666,12.121212121212121,40.93541528220358,36.3689012382589,-0.1574592649471099,risk_off,2023-12-18,36.3689012382589
O,21.21212121212121,45.45454545454545,51.515151515151516,75.75757575757575,53.372883450747736,49.46245547802833,-0.0069014227788399,risk_off,2023-12-18,49.46245547802834
DIS,42.42424242424242,42.42424242424242,30.303030303030305,33.33333333333333,44.13655135610672,38.52427996819104,-0.0069998010080396,risk_off,2023-12-18,38.52427996819104
JPM,80.3030303030303,39.39393939393939,45.45454545454545,69.6969696969697,74.34139784946237,61.837976539589434,0.007158770811477,risk_off,2023-12-18,61.83797653958945
MSFT,78.78787878787878,36.36363636363637,21.21212121212121,39.39393939393939,60.26041182424304,47.203597516363764,0.056943516887854,risk_off,2023-12-18,47.20359751636376
DUK,39.39393939393939,33.33333333333333,81.81818181818183,84.84848484848484,33.19830848245714,54.518449575279305,-0.0134815023492756,risk_off,2023-12-18,54.51844957527931
NEE,3.0303030303030303,30.303030303030305,60.60606060606061,27.27272727272727,55.231178640783064,35.28865997058086,-0.0549180077724769,risk_off,2023-12-18,35.28865997058086
UNP,72.72727272727273,27.27272727272727,48.484848484848484,51.515151515151516,38.55807208649277,47.71161441729855,-0.0128992141502323,risk_off,2023-12-18,47.711614417298556
GS,56.06060606060606,24.242424242424242,33.33333333333333,48.484848484848484,39.85215053763441,40.39467253176931,0.0013549675183184,risk_off,2023-12-18,40.3946725317693
BLK,72.72727272727272,21.21212121212121,18.181818181818183,57.57575757575758,,42.42424242424242,-0.0014815838885089,risk_off,2023-12-18,42.42424242424242
AMT,46.96969696969697,18.181818181818183,36.36363636363637,30.303030303030305,21.1211969817162,30.587875759979607,-0.032179973898773,risk_off,2023-12-18,30.587875759979607
HON,34.848484848484844,15.151515151515152,42.42424242424242,81.81818181818183,43.67387729373067,43.58326030723098,-0.0242321002264935,risk_off,2023-12-18,43.58326030723099
JNJ,13.636363636363637,12.121212121212121,96.96969696969697,87.87878787878788,68.46920924245164,55.81505396970245,0.0371204592243619,risk_off,2023-12-18,55.81505396970245
AAPL,71.21212121212122,9.090909090909092,24.242424242424242,66.66666666666666,44.20328295776648,43.08308083397754,-0.0370615882865716,risk_off,2023-12-18,43.08308083397754
MCD,50.0,6.0606060606060606,78.78787878787878,96.96969696969697,57.38370024511057,57.84037641265847,0.0142300045098675,risk_off,2023-12-18,57.84037641265847
KO,24.242424242424242,3.0303030303030303,93.93939393939394,100.0,47.86267806707006,53.814959855838254,0.0193154757845901,risk_off,2023-12-18,53.814959855838254
NEM,4.545454545454545,100.0,66.66666666666666,9.090909090909092,42.228659788982455,44.50633801840255,-0.0444828754576231,risk_off,2024-01-18,22.791876705957975
COP,25.757575757575758,96.96969696969697,63.63636363636363,21.21212121212121,58.60946318955218,53.237044153061944,0.0380622807744182,risk_off,2024-01-18,41.664646373765734
DIS,28.78787878787879,93.93939393939394,24.242424242424242,30.303030303030305,43.89845611801149,44.23423667814775,0.2194989487553065,risk_off,2024-01-18,36.10450621574038
MSFT,89.39393939393939,90.9090909090909,21.21212121212121,45.45454545454545,60.0991215016624,61.41376369427187,0.0322187589781512,risk_off,2024-01-18,75.20922206633468
XOM,16.666666666666668,87.87878787878788,72.72727272727273,39.39393939393939,,54.16666666666667,0.0715909099865461,risk_off,2024-01-18,16.666666666666668
UNH,51.515151515151516,84.84848484848484,100.0,63.63636363636363,62.98575589989696,72.59715117997939,0.0087926129899174,risk_off,2024-01-18,57.0692833541923
AAPL,63.63636363636364,81.81818181818183,27.27272727272727,66.66666666666666,45.16872074578492,56.91253202794486,-0.0252876220589843,risk_off,2024-01-18,54.69422598344215
NVDA,100.0,78.78787878787878,3.0303030303030303,3.0303030303030303,86.43171595780704,54.256040161258376,0.2723133610865866,risk_off,2024-01-18,93.43015974815478
META,96.96969696969697,75.75757575757575,6.0606060606060606,6.0606060606060606,65.39130955864525,50.04795888142602,0.2868688817583213,risk_off,2024-01-18,81.67926230188331
CVX,10.606060606060606,72.72727272727273,69.6969696969697,51.515151515151516,60.45861627131476,53.00081416335386,0.0891270535669328,risk_off,2024-01-18,34.74495140820258
AMZN,89.39393939393939,69.6969696969697,9.090909090909092,12.121212121212121,52.023737227371235,46.46535350608031,0.1061889449625916,risk_off,2024-01-18,71.29907510232837
SO,34.848484848484844,66.66666666666666,75.75757575757575,78.78787878787878,30.580053665708924,57.328131945262996,-0.0282099012172529,risk_off,2024-01-18,32.781686209126455
LLY,93.93939393939394,63.63636363636363,84.84848484848484,18.181818181818183,35.78195594556366,59.27760331032486,0.215657429976757,risk_off,2024-01-18,65.77923191095331
CAT,68.18181818181819,60.60606060606061,30.303030303030305,24.242424242424242,67.03766461506945,50.07419958968056,0.1460447474959942,risk_off,2024-01-18,67.62781252172564
NEE,4.545454545454545,57.57575757575758,60.60606060606061,27.27272727272727,56.02802963924696,41.20560592784939,-0.0065915187867714,risk_off,2024-01-18,29.473610019503376
O,19.696969696969695,54.54545454545454,51.515151515151516,72.72727272727273,53.372883450747736,50.371546387119245,-0.0730577076292791,risk_off,2024-01-18,36.00303854172839
WMT,56.06060606060606,51.515151515151516,87.87878787878788,90.9090909090909,63.147826703517666,69.90229261343082,0.0370619895543569,risk_off,2024-01-18,59.49227857783202
GOOGL,78.78787878787878,48.484848484848484,12.121212121212121,15.151515151515152,63.506590406793535,43.61040899044962,-0.0049483654601325,risk_off,2024-01-18,71.38859209886853
PLD,54.54545454545455,45.45454545454545,15.151515151515152,36.36363636363637,42.03522320406686,38.71007494384368,0.0541739573226445,risk_off,2024-01-18,48.487929425036995
APD,15.151515151515152,42.42424242424242,57.57575757575758,42.42424242424242,50.1678939843441,41.54873031202034,-0.1272160980900195,risk_off,2024-01-18,32.106644806406926
HD,71.21212121212122,39.39393939393939,36.36363636363637,60.60606060606061,47.47528545419496,51.01020860599051,0.0088851431405752,risk_off,2024-01-18,59.71861042410133
PG,31.818181818181817,36.36363636363637,93.93939393939394,93.93939393939394,52.23341171162066,61.65880355444534,0.0598757604545212,risk_off,2024-01-18,41.70335216746871
AMT,45.45454545454545,33.33333333333333,39.39393939393939,33.33333333333333,21.282487304296843,34.559527763889676,-0.070864580887295,risk_off,2024-01-18,33.750297510471626
LIN,69.69696969696969,30.303030303030305,54.54545454545454,75.75757575757575,49.49912758143748,55.960431576893555,0.051097207370401,risk_off,2024-01-18,59.917059745321055
BLK,63.63636363636364,27.27272727272727,18.181818181818183,57.57575757575758,,41.66666666666667,0.0035082589254877,risk_off,2024-01-18,63.63636363636364
HON,42.42424242424242,24.242424242424242,45.45454545454545,84.84848484848484,43.67387729373067,48.12871485268552,-0.0108928931202016,risk_off,2024-01-18,43.02932273064985
UNP,71.21212121212122,21.21212121212121,48.484848484848484,48.484848484848484,38.71936240907341,45.62266036060256,0.0527753152178254,risk_off,2024-01-18,55.47894271925267
MCD,56.06060606060606,18.181818181818183,78.78787878787878,96.96969696969697,56.77886153543316,61.35577230708664,-0.0084930021891874,risk_off,2024-01-18,56.4083894438956
DUK,42.42424242424242,15.151515151515152,81.81818181818183,81.81818181818183,33.19830848245714,50.882085938915665,-0.036511579154132,risk_off,2024-01-18,37.956992771808885
KO,34.848484848484844,12.121212121212121,90.9090909090909,100.0,47.86267806707006,57.14829318917159,-0.0126329508553996,risk_off,2024-01-18,41.150031174230335
JNJ,25.757575757575758,9.090909090909092,96.96969696969697,87.87878787878788,68.32428170621975,57.60425028063789,-0.020408215420283,risk_off,2024-01-18,46.36861671605069
JPM,77.27272727272727,6.0606060606060606,42.42424242424242,69.6969696969697,74.33243727598565,53.957396546106224,0.0743638578688716,risk_off,2024-01-18,75.8490221444575
GS,65.15151515151514,3.0303030303030303,33.33333333333333,54.54545454545454,39.314516129032256,39.07502443792766,0.0225783600407007,risk_off,2024-01-18,52.6410933740124
NEM,7.575757575757576,100.0,66.66666666666666,9.090909090909092,42.88280089772489,45.24322684621164,0.0241837724540125,risk_off,2024-02-15,25.936591715654025
AMT,28.787878787878785,96.96969696969697,39.39393939393939,36.36363636363637,21.63288975886306,44.62960825480292,0.0415918365078717,risk_off,2024-02-15,27.31118462337923
NEE,6.0606060606060606,93.93939393939394,54.54545454545454,27.27272727272727,54.444750879939285,47.25258653962422,0.0490658521185691,risk_off,2024-02-15,30.22069005864317
META,96.96969696969697,90.9090909090909,6.0606060606060606,6.0606060606060606,72.26632361942428,54.45326472388486,0.0001446342672877,risk_off,2024-02-15,85.63638623237064
O,15.151515151515152,87.87878787878788,51.515151515151516,69.6969696969697,52.127970264170976,55.27407890131904,0.0032679386284,risk_off,2024-02-15,33.75906603180582
NVDA,100.0,84.84848484848484,3.0303030303030303,3.0303030303030303,83.89820436073217,54.96145905396461,0.2089102570093188,risk_off,2024-02-15,92.32366062878512
HON,33.33333333333333,81.81818181818183,48.484848484848484,84.84848484848484,42.96042241722627,58.28905418041495,-0.0013134697835274,risk_off,2024-02-15,38.94094664591609
SO,34.848484848484844,78.78787878787878,84.84848484848484,75.75757575757575,35.37709663575208,61.923904175635265,0.0338170648648068,risk_off,2024-02-15,36.222205692790595
UNH,46.96969696969697,75.75757575757575,100.0,60.60606060606061,59.97237333743173,68.66114133415302,-0.0577100239533222,risk_off,2024-02-15,53.595970867553035
COP,27.272727272727273,72.72727272727273,60.60606060606061,33.33333333333333,58.04189153929606,50.396257095737994,0.0814414496894355,risk_off,2024-02-15,42.3676382605972
DUK,37.878787878787875,69.6969696969697,81.81818181818183,78.78787878787878,31.027058651293913,59.841775366622414,0.0254438984256319,risk_off,2024-02-15,35.60035869157136
DIS,48.484848484848484,66.66666666666666,33.33333333333333,24.242424242424242,42.589288222283216,43.06331218991119,-0.0044464207520622,risk_off,2024-02-15,46.28692606750261
LIN,72.72727272727273,63.63636363636363,63.63636363636363,81.81818181818183,47.3789226167737,65.8394208869911,0.0922345012007277,risk_off,2024-02-15,61.02390283829837
PLD,53.03030303030303,60.60606060606061,21.21212121212121,39.39393939393939,42.23588161261966,43.29566117100878,-0.0306536562280963,risk_off,2024-02-15,48.342076545993535
LLY,93.93939393939394,57.57575757575758,78.78787878787878,18.181818181818183,34.42053241599033,56.581076180167756,-0.0047639766781244,risk_off,2024-02-15,66.07167506583718
JPM,80.30303030303031,54.54545454545454,42.42424242424242,66.66666666666666,73.10931899641577,63.409742587161944,0.0579863691427524,risk_off,2024-02-15,76.38321588603766
MCD,54.54545454545455,51.515151515151516,75.75757575757575,96.96969696969697,54.10807949667678,66.57919165691112,-0.0435824413812775,risk_off,2024-02-15,54.26932293173106
CVX,25.757575757575758,48.484848484848484,69.6969696969697,54.54545454545454,59.24440466871872,51.545850630713446,0.007056819179801,risk_off,2024-02-15,41.495230931863624
GS,53.03030303030303,45.45454545454545,24.242424242424242,45.45454545454545,40.134408602150536,41.663245356793745,0.0046442269860991,risk_off,2024-02-15,47.00005795420122
XOM,15.151515151515152,42.42424242424242,72.72727272727273,42.42424242424242,,43.18181818181819,0.0726886440000178,risk_off,2024-02-15,16.437598898441593
BLK,65.15151515151514,39.39393939393939,18.181818181818183,57.57575757575758,,45.07575757575758,0.0056011926654409,risk_off,2024-02-15,63.93688050164017
GOOGL,72.72727272727272,36.36363636363637,15.151515151515152,30.303030303030305,67.42597247435957,44.394285403962826,-0.0111368743370303,risk_off,2024-02-15,69.38980462514066
HD,69.69696969696969,33.33333333333333,36.36363636363637,63.63636363636363,47.344881892712806,50.07503698460316,0.0336491217068073,risk_off,2024-02-15,58.6450252391407
APD,12.121212121212121,30.303030303030305,45.45454545454545,21.21212121212121,50.88601666326916,31.995385150835652,0.0779026577321451,risk_off,2024-02-15,30.129472396870728
AMZN,87.87878787878788,27.27272727272727,9.090909090909092,12.121212121212121,55.246812569254175,38.32208978657811,0.0272084513201054,risk_off,2024-02-15,71.54983877215491
CAT,78.78787878787878,24.242424242424242,12.121212121212121,15.151515151515152,64.6446389134561,38.98953384329728,0.0739777551448761,risk_off,2024-02-15,70.98048306652221
MSFT,81.81818181818181,21.21212121212121,27.27272727272727,48.484848484848484,58.54392092170178,47.46635994191612,0.0242523020669773,risk_off,2024-02-15,69.72304691898572
PG,51.515151515151516,18.181818181818183,90.9090909090909,93.93939393939394,49.36869161716214,60.78282923252334,0.0278326891845492,risk_off,2024-02-15,49.683307904333674
AAPL,51.51515151515151,15.151515151515152,30.303030303030305,72.72727272727273,47.90545598471071,43.520485136336085,-0.0611335007932727,risk_off,2024-02-15,48.943034842998976
KO,34.848484848484844,12.121212121212121,87.87878787878788,100.0,44.98826892528227,55.96735075475342,0.0080808001667678,risk_off,2024-02-15,38.849300601780804
JNJ,31.818181818181817,9.090909090909092,96.96969696969697,87.87878787878788,69.01829977654968,58.95517510682508,0.0016463684767638,risk_off,2024-02-15,48.06220365671154
UNP,74.24242424242425,6.0606060606060606,57.57575757575758,51.515151515151516,37.23794355440629,45.32637658966913,-0.025623620398117,risk_off,2024-02-15,55.73956121718428
WMT,56.06060606060606,3.0303030303030303,93.93939393939394,90.9090909090909,62.73365420987779,61.33460962985434,0.0753145485914552,risk_off,2024-02-15,57.71047630372864
NVDA,100.0,100.0,3.0303030303030303,3.0303030303030303,87.1759793594727,58.64731708401574,-0.0209023370249087,risk_off,2024-03-15,93.70849314257782
AAPL,30.303030303030305,96.96969696969697,27.27272727272727,69.6969696969697,48.36380595706747,54.521246039898344,0.0004055574452497,risk_off,2024-03-15,42.27268488244487
GOOGL,63.63636363636364,93.93939393939394,12.121212121212121,27.27272727272727,67.05004150568666,52.80394769507673,0.0968976387892748,risk_off,2024-03-15,66.72429727927432
UNH,30.303030303030305,90.9090909090909,100.0,51.515151515151516,59.43693318728445,66.43284118291143,-0.0920704163788402,risk_off,2024-03-15,47.42256325081164
NEM,3.0303030303030303,87.87878787878788,66.66666666666666,9.090909090909092,42.23539143844113,41.78041162102156,0.1345926037436051,risk_off,2024-03-15,26.221330449899
NEE,10.606060606060606,84.84848484848484,57.57575757575758,24.242424242424242,54.41279853195871,46.3371051609372,0.0444407138410773,risk_off,2024-03-15,35.56006226461761
COP,53.03030303030303,81.81818181818183,69.6969696969697,36.36363636363637,57.5722302166036,59.696264225138904,0.0850549733972216,risk_off,2024-03-15,56.60110091179795
MSFT,81.81818181818181,78.78787878787878,21.21212121212121,45.45454545454545,58.464353433738275,57.14741614129311,-0.0066759490169876,risk_off,2024-03-15,70.21939932225705
APD,7.575757575757576,75.75757575757575,45.45454545454545,18.181818181818183,48.6485212466566,39.12364364327071,-0.0550627517141889,risk_off,2024-03-15,30.905828037774967
LIN,75.75757575757575,72.72727272727273,63.63636363636363,84.84848484848484,47.7201559455599,68.93797058305138,-0.0501463179108647,risk_off,2024-03-15,61.86100784708202
XOM,40.90909090909091,69.6969696969697,75.75757575757575,42.42424242424242,,57.1969696969697,0.0755819530496357,risk_off,2024-03-15,43.544587789548494
DIS,72.72727272727272,66.66666666666666,36.36363636363637,21.21212121212121,43.114815875741755,48.01690256908775,0.0089325594217062,risk_off,2024-03-15,57.916669244916385
LLY,93.93939393939394,63.63636363636363,60.60606060606061,15.151515151515152,35.80472767115333,53.82761220089733,-0.0045082189107906,risk_off,2024-03-15,64.00516275788593
CAT,87.87878787878788,60.60606060606061,18.181818181818183,30.303030303030305,63.3817286897793,52.070285131895254,0.0488226716482931,risk_off,2024-03-15,74.58859496688949
AMZN,86.36363636363637,57.57575757575758,9.090909090909092,12.121212121212121,55.83705844706371,44.197714719715776,0.0527462277538322,risk_off,2024-03-15,70.04468306038717
MCD,30.3030303030303,54.54545454545454,78.78787878787878,96.96969696969697,54.01089890178643,62.9233919015694,-0.0462492046450913,risk_off,2024-03-15,43.06472650509757
AMT,28.78787878787879,51.515151515151516,39.39393939393939,33.33333333333333,30.64931306634808,36.73592321933022,-0.0973953662581109,risk_off,2024-03-15,30.760983598292736
META,96.96969696969697,48.484848484848484,6.0606060606060606,6.0606060606060606,72.6895270234214,46.0530569198358,0.0333195717402312,risk_off,2024-03-15,82.79669022788018
WMT,65.15151515151516,45.45454545454545,81.81818181818183,90.9090909090909,53.18344039332272,67.30335474533122,-0.0123599208343448,risk_off,2024-03-15,58.36137636163939
O,12.121212121212121,42.42424242424242,51.515151515151516,63.63636363636363,42.74392672242135,42.48817928387821,-0.0103467544556271,risk_off,2024-03-15,28.557988999880042
KO,28.78787878787879,39.39393939393939,87.87878787878788,100.0,44.398583290114814,60.091837870144175,-0.0290581437446451,risk_off,2024-03-15,36.941152150669964
GS,65.15151515151514,36.36363636363637,33.33333333333333,54.54545454545454,41.747311827956985,46.22825024437927,0.0353038757506345,risk_off,2024-03-15,52.326822334050505
HON,33.333333333333336,33.33333333333333,42.42424242424242,81.81818181818183,47.96824023557431,47.77546622893304,-0.0184632830159566,risk_off,2024-03-15,40.51326696835891
CVX,30.303030303030297,30.303030303030305,72.72727272727273,48.484848484848484,56.26825242555684,47.61728684874773,0.0131147106789448,risk_off,2024-03-15,43.04165398569217
JNJ,27.272727272727273,27.27272727272727,96.96969696969697,87.87878787878788,66.85938019155483,61.25066391709885,-0.0669490253397391,risk_off,2024-03-15,46.694069867428084
DUK,28.78787878787879,24.242424242424242,84.84848484848484,75.75757575757575,39.25786334832936,50.5788453969386,-0.006123976735945,risk_off,2024-03-15,33.71251197212278
JPM,81.81818181818181,21.21212121212121,48.484848484848484,78.78787878787878,71.06630824372759,60.27386770935156,-0.038938536748704,risk_off,2024-03-15,73.71693312755886
SO,25.757575757575758,18.181818181818183,90.9090909090909,72.72727272727273,34.27589687997085,48.37033089114569,-0.0101316686256399,risk_off,2024-03-15,29.58339921561631
BLK,66.66666666666667,15.151515151515152,15.151515151515152,57.57575757575758,,38.63636363636364,-0.049257374688253,risk_off,2024-03-15,61.95051435426888
UNP,68.18181818181819,12.121212121212121,54.54545454545454,60.60606060606061,37.75491341878701,46.6418917746665,-0.0417400656928576,risk_off,2024-03-15,50.63991004598863
PG,50.0,9.090909090909092,93.93939393939394,93.93939393939394,47.82320961221493,58.95858131638238,-0.0367456175185794,risk_off,2024-03-15,47.0242772342398
PLD,53.03030303030303,6.0606060606060606,24.242424242424242,39.39393939393939,40.695670283223706,32.68458860209929,-0.1025422641359926,risk_off,2024-03-15,44.788474870375715
HD,69.69696969696969,3.0303030303030303,30.303030303030305,66.66666666666666,44.76235335729803,42.891864610853546,-0.0945797960278171,risk_off,2024-03-15,54.35498618712393
AMT,19.696969696969695,100.0,45.45454545454545,33.33333333333333,31.587729488635468,46.01451559469679,0.0386256741040558,risk_off,2024-04-15,37.778163717675994
PLD,36.36363636363636,96.96969696969697,21.21212121212121,36.36363636363637,41.50884232623446,46.483586647065074,-0.0700405954419853,risk_off,2024-04-15,48.30147933032414
HD,56.06060606060606,93.93939393939394,30.303030303030305,60.60606060606061,45.79607769747399,57.34103372131299,0.0089663505606734,risk_off,2024-04-15,57.50733959608612
UNH,12.121212121212121,90.9090909090909,100.0,51.515151515151516,59.82549623713783,62.874190156518466,0.1483517371523208,risk_off,2024-04-15,45.940060116590644
AAPL,28.78787878787879,87.87878787878788,33.33333333333333,63.63636363636363,47.975242907214096,52.32232130871554,0.0786959068027213,risk_off,2024-04-15,46.74977310362482
GS,71.21212121212122,84.84848484848484,27.27272727272727,45.45454545454545,41.747311827956985,54.10703812316716,0.1314108761577692,risk_off,2024-04-15,60.23548343551004
O,18.18181818181818,81.81818181818183,51.515151515151516,66.66666666666666,43.10234966148945,52.25683356866152,0.0640851396090529,risk_off,2024-04-15,39.42481386711421
LLY,90.9090909090909,78.78787878787878,63.63636363636363,12.121212121212121,35.80472767115333,56.25185462513976,0.0092305133336412,risk_off,2024-04-15,64.39505334915007
BLK,60.60606060606061,75.75757575757575,12.121212121212121,57.57575757575758,,51.515151515151516,0.0358327464388759,risk_off,2024-04-15,64.95853989463059
APD,6.0606060606060606,72.72727272727273,48.484848484848484,18.181818181818183,49.70240687715514,39.03139046634012,0.0826267111184395,risk_off,2024-04-15,36.13847240684306
NEE,25.757575757575758,69.6969696969697,57.57575757575758,21.21212121212121,53.56052580468598,45.56059000942204,0.1885259255944971,risk_off,2024-04-15,45.152876308212015
CAT,90.9090909090909,66.66666666666666,15.151515151515152,30.303030303030305,62.98778929583991,53.20361846522859,-0.0198675796586268,risk_off,2024-04-15,74.59471303954349
NVDA,100.0,63.63636363636363,3.0303030303030303,3.0303030303030303,87.17060301538669,51.37351454247128,0.0511389710887453,risk_off,2024-04-15,88.49064128980139
META,96.96969696969697,60.60606060606061,6.0606060606060606,6.0606060606060606,71.97838332840675,48.335070605075295,-0.0644103722549019,risk_off,2024-04-15,80.03412730609372
NEM,22.727272727272727,57.57575757575758,60.60606060606061,9.090909090909092,41.422219395430375,38.284443879086076,0.1045785796404916,risk_off,2024-04-15,36.61257338803419
GOOGL,74.24242424242425,54.54545454545454,18.181818181818183,27.27272727272727,65.81836995143446,48.01215883877175,0.0922123125598279,risk_off,2024-04-15,67.35018649160567
MCD,22.727272727272727,51.515151515151516,72.72727272727273,96.96969696969697,54.17585491351663,59.623049770582114,0.0191187925021421,risk_off,2024-04-15,41.33856440898542
DIS,69.69696969696969,48.484848484848484,36.36363636363637,24.242424242424242,42.420778730091705,44.241731503594096,-0.063036700394513,risk_off,2024-04-15,54.15252888860461
JPM,80.30303030303031,45.45454545454545,39.39393939393939,81.81818181818183,71.60394265232975,63.71472792440534,0.0866094176321987,risk_off,2024-04-15,70.87752337547427
AMZN,90.9090909090909,42.42424242424242,9.090909090909092,15.151515151515152,55.01985414598844,42.519122344349206,0.0160658549475971,risk_off,2024-04-15,67.18281154090218
JNJ,18.18181818181818,39.39393939393939,96.96969696969697,87.87878787878788,67.06771352488816,61.898391189826114,0.0245951959677674,risk_off,2024-04-15,43.36773392345822
XOM,51.515151515151516,36.36363636363637,78.78787878787878,48.484848484848484,,53.78787878787878,-0.0147894104157172,risk_off,2024-04-15,47.162672226581535
UNP,62.121212121212125,33.33333333333333,54.54545454545454,69.6969696969697,38.60339826727187,51.66007359284831,0.0501837655461059,risk_off,2024-04-15,47.0483447856353
LIN,71.2121212121212,30.303030303030305,66.66666666666666,84.84848484848484,47.7201559455599,60.15009179517258,-0.0224170909965218,risk_off,2024-04-15,54.22233926315971
COP,62.12121212121212,27.27272727272727,69.6969696969697,39.39393939393939,57.303413012302514,51.1576522994302,-0.0664875521083253,risk_off,2024-04-15,54.427396915719285
KO,25.757575757575758,24.242424242424242,81.81818181818183,100.0,44.797899028140236,55.32321616926441,0.0935672944361059,risk_off,2024-04-15,34.01162909178039
SO,34.848484848484844,21.21212121212121,87.87878787878788,72.72727272727273,34.34187928466293,50.20170919026592,0.1507529997164216,risk_off,2024-04-15,32.45295237670729
PG,43.93939393939394,18.181818181818183,93.93939393939394,93.93939393939394,48.14579025737623,59.629158051475244,0.0670311892795643,risk_off,2024-04-15,41.71818652183246
HON,36.36363636363636,15.151515151515152,42.42424242424242,78.78787878787878,47.6841493264834,44.08228441075123,0.0502989062445928,risk_off,2024-04-15,38.03966035049834
DUK,43.93939393939394,12.121212121212121,84.84848484848484,75.75757575757575,39.49051241968811,51.23143581727095,0.093062810919315,risk_off,2024-04-15,36.89228836026597
WMT,63.63636363636363,9.090909090909092,90.9090909090909,90.9090909090909,52.50162221150453,61.409415351391814,0.0080093365558497,risk_off,2024-04-15,49.990428459328115
MSFT,78.78787878787878,6.0606060606060606,24.242424242424242,42.42424242424242,58.30306311115763,41.96364292526183,0.0001933724239266,risk_off,2024-04-15,58.07760488637857
CVX,33.333333333333336,3.0303030303030303,75.75757575757575,54.54545454545454,56.469865328782646,44.62730639908986,0.0440383438205436,risk_off,2024-04-15,38.834905666998395
KO,36.36363636363636,100.0,78.78787878787878,100.0,40.37525742086365,71.10535451447576,-0.000471887277919,risk_off,2024-05-13,51.17689852789019
PLD,18.18181818181818,96.96969696969697,24.242424242424242,33.33333333333333,46.76013237678977,43.89748102081249,0.0362184390307012,risk_off,2024-05-13,47.64381576054976
DIS,65.15151515151516,93.93939393939394,45.45454545454545,30.303030303030305,38.55717980161806,54.68113293002058,-0.0468676084159076,risk_off,2024-05-13,58.471180195583386
APD,6.0606060606060606,90.9090909090909,42.42424242424242,24.242424242424242,52.0440346844685,43.136079664166424,0.1220730589080363,risk_off,2024-05-13,44.95177614928481
HD,40.90909090909091,87.87878787878788,30.303030303030305,69.6969696969697,44.32072713468709,54.62172118451317,-0.0153683434000947,risk_off,2024-05-13,52.05497237083111
JPM,83.33333333333334,84.84848484848484,39.39393939393939,84.84848484848484,68.77688172043011,72.24022482893452,-0.0219896100796922,risk_off,2024-05-13,76.78450062562412
DUK,51.515151515151516,81.81818181818183,87.87878787878788,75.75757575757575,40.38238193952878,67.47041578184515,-0.005151120443589,risk_off,2024-05-13,52.42539863376379
AMT,18.18181818181818,78.78787878787878,36.36363636363637,36.36363636363637,40.91048448626313,42.12149083664657,0.0447027257970862,risk_off,2024-05-13,41.195975062721644
META,93.93939393939394,75.75757575757575,6.0606060606060606,6.0606060606060606,76.86116702273543,51.73586976818344,0.0843144177083718,risk_off,2024-05-13,82.20254516958018
LIN,51.515151515151516,72.72727272727273,63.63636363636363,78.78787878787878,50.000553297688995,63.33344399287114,0.0016100377409187,risk_off,2024-05-13,55.10961708427347
CAT,89.39393939393939,69.6969696969697,12.121212121212121,27.27272727272727,60.58476048423213,51.81392179381612,-0.0823427041613868,risk_off,2024-05-13,71.82374304527718
NEE,48.484848484848484,66.66666666666666,60.60606060606061,21.21212121212121,41.5106055188786,47.696060497715116,-0.0246715462873452,risk_off,2024-05-13,48.89223988838702
UNH,16.666666666666668,63.63636363636363,100.0,42.42424242424242,46.66722765554802,53.87890007656415,-0.0303278799973474,risk_off,2024-05-13,40.33675420748005
JNJ,18.18181818181818,60.60606060606061,96.96969696969697,87.87878787878788,65.38212251226712,65.80369722972614,-0.0294934974068534,risk_off,2024-05-13,49.03039800593778
BLK,54.54545454545455,57.57575757575758,18.181818181818183,60.60606060606061,,47.727272727272734,-0.0413751363353745,risk_off,2024-05-13,55.708873425153826
MSFT,72.72727272727273,54.54545454545454,21.21212121212121,48.484848484848484,59.28559443687364,51.25105828131412,0.0458280755079174,risk_off,2024-05-13,62.70335085530529
AAPL,33.33333333333333,51.515151515151516,33.33333333333333,57.57575757575758,43.33114224639531,43.81774360079421,0.112035619787147,risk_off,2024-05-13,41.7350861941365
NEM,39.3939393939394,48.484848484848484,51.515151515151516,9.090909090909092,48.43314349687171,39.383598396344034,-0.0426282995200453,risk_off,2024-05-13,45.49792194251726
HON,39.39393939393939,45.45454545454545,48.484848484848484,81.81818181818183,48.76249172249358,52.78280137480175,0.0278704724012237,risk_off,2024-05-13,45.037642547454794
UNP,50.0,42.42424242424242,57.57575757575758,63.63636363636363,39.532098555874974,50.63369243844771,-0.0743649851772113,risk_off,2024-05-13,43.53076310643652
NVDA,100.0,39.39393939393939,3.0303030303030303,3.0303030303030303,87.01321132828363,46.49355135656582,0.3375148053242283,risk_off,2024-05-13,81.57456884439857
LLY,83.33333333333333,36.36363636363637,66.66666666666666,12.121212121212121,41.87875196426364,48.072720089822425,0.1426949892771616,risk_off,2024-05-13,54.268047868854126
GOOGL,77.27272727272727,33.33333333333333,15.151515151515152,18.181818181818183,68.92022180328632,42.571923148536044,0.0442236948949454,risk_off,2024-05-13,64.41495615128761
AMZN,87.87878787878788,30.303030303030305,9.090909090909092,15.151515151515152,58.387680100972645,40.16238450504302,0.0035374839331672,risk_off,2024-05-13,62.29472446861991
SO,51.515151515151516,27.27272727272727,84.84848484848484,72.72727272727273,39.068298557105564,55.08638698414838,-0.0025412573824331,risk_off,2024-05-13,40.72899795404654
GS,84.84848484848484,24.242424242424242,27.27272727272727,45.45454545454545,45.50179211469534,45.46399478657544,-0.0204824248058201,risk_off,2024-05-13,54.006723448726035
XOM,53.03030303030303,21.21212121212121,93.93939393939394,51.515151515151516,,54.92424242424242,-0.0486812425993387,risk_off,2024-05-13,40.8144047934606
CVX,43.93939393939394,18.181818181818183,75.75757575757575,54.54545454545454,55.15281942168298,49.51541236918508,-0.0488664276775312,risk_off,2024-05-13,43.99025714421142
PG,45.45454545454545,15.151515151515152,90.9090909090909,96.96969696969697,47.678511069431536,59.232671910856006,0.0097064005410627,risk_off,2024-05-13,40.34797608087169
COP,53.030303030303024,12.121212121212121,69.6969696969697,39.39393939393939,57.208460115393734,46.290176871563595,-0.0654659044676039,risk_off,2024-05-13,46.69027419961027
WMT,56.06060606060606,9.090909090909092,81.81818181818183,90.9090909090909,53.11063479222545,58.19788453420267,0.1046184990148153,risk_off,2024-05-13,45.13218307509722
MCD,15.151515151515152,6.0606060606060606,72.72727272727273,93.93939393939394,50.608334300863035,47.69742443593019,-0.0628040987945264,risk_off,2024-05-13,30.006536017783752
O,21.21212121212121,3.0303030303030303,54.54545454545454,66.66666666666666,41.871764237355634,37.46526193838021,-0.0494904922000684,risk_off,2024-05-13,27.250976587747758
NVDA,100.0,100.0,3.0303030303030303,3.0303030303030303,87.28202853258472,58.66852691863814,0.0536762688545295,risk_off,2024-06-11,94.19093375003126
COP,39.39393939393939,96.96969696969697,69.6969696969697,42.42424242424242,57.30876875736905,61.1587234484435,0.0031681828659089,risk_off,2024-06-11,60.734315924652094
DIS,42.42424242424242,93.93939393939394,57.57575757575758,27.27272727272727,38.75879270484387,51.994182783393015,-0.0423317552909021,risk_off,2024-06-11,52.52259157677959
CAT,72.72727272727272,90.9090909090909,15.151515151515152,30.303030303030305,61.203338739907146,54.058849566163246,0.0116709155012439,risk_off,2024-06-11,71.61862435600727
XOM,40.90909090909091,87.87878787878788,90.9090909090909,54.54545454545454,,68.56060606060606,0.0096282593267769,risk_off,2024-06-11,60.66800609745173
MCD,9.090909090909092,84.84848484848484,72.72727272727273,93.93939393939394,52.78263103161137,62.67773832753439,0.0020450065870587,risk_off,2024-06-11,46.360179223755196
META,95.45454545454545,81.81818181818183,6.0606060606060606,6.0606060606060606,74.63878188099545,52.80654425498697,0.0103060495669644,risk_off,2024-06-11,82.83045651995538
HD,40.90909090909091,78.78787878787878,33.33333333333333,69.6969696969697,43.92048818606105,53.329552182666745,0.0538246373719613,risk_off,2024-06-11,50.94088804198013
AAPL,45.45454545454546,75.75757575757575,30.303030303030305,45.45454545454545,42.39272582410791,47.87248455876098,0.0985759789012521,risk_off,2024-06-11,50.98107536022144
PLD,4.545454545454545,72.72727272727273,18.181818181818183,33.33333333333333,46.55851947356396,35.06927965228855,0.0791360609979587,risk_off,2024-06-11,39.316718564531556
APD,28.78787878787879,69.6969696969697,45.45454545454545,21.21212121212121,49.49638072552422,42.92957917540787,-0.0812292929628839,risk_off,2024-06-11,47.59551804038109
MSFT,71.2121212121212,66.66666666666666,24.242424242424242,51.515151515151516,59.28559443687364,54.58439161464745,0.0508921602662366,risk_off,2024-06-11,64.72579839006387
UNH,24.242424242424242,63.63636363636363,100.0,39.39393939393939,47.162222093812744,54.886989873308,0.0164039823280701,risk_off,2024-06-11,43.713843591163126
CVX,33.333333333333336,60.60606060606061,75.75757575757575,57.57575757575758,55.15281942168298,56.48510933888205,-0.0078599970806561,risk_off,2024-06-11,49.53215460093187
NEM,43.93939393939394,57.57575757575758,36.36363636363637,9.090909090909092,48.84308973343086,39.16255734062557,0.1603935153339564,risk_off,2024-06-11,49.29547978544037
JNJ,10.606060606060606,54.54545454545454,96.96969696969697,90.9090909090909,66.08296736633778,63.82265407932816,0.0200327238447075,risk_off,2024-06-11,45.98703656038873
JPM,80.3030303030303,51.515151515151516,48.484848484848484,75.75757575757575,68.7679211469534,64.96570544151189,0.0673492297632429,risk_off,2024-06-11,68.45545317404012
SO,57.57575757575758,48.484848484848484,78.78787878787878,72.72727272727273,39.026754080077225,59.32050233116696,0.0173248485395103,risk_off,2024-06-11,47.02579217121664
LLY,95.45454545454545,45.45454545454545,63.63636363636363,12.121212121212121,41.87875196426364,51.70908372618605,0.0789078639281608,risk_off,2024-06-11,59.556913237124476
UNP,45.45454545454546,42.42424242424242,60.60606060606061,63.63636363636363,41.808247138475174,50.78589185193746,0.0057605098170623,risk_off,2024-06-11,43.09655583054581
WMT,72.72727272727273,39.39393939393939,87.87878787878788,81.81818181818183,54.09096192605648,67.18182874884766,0.0460062871329862,risk_off,2024-06-11,56.59739040830238
BLK,43.93939393939394,36.36363636363637,21.21212121212121,66.66666666666666,,42.04545454545455,0.0887504320064189,risk_off,2024-06-11,40.75247213481961
GS,84.84848484848484,33.33333333333333,27.27272727272727,48.484848484848484,45.23297491039427,47.83447376995764,0.0786909375766553,risk_off,2024-06-11,54.98110549669407
AMT,27.27272727272727,30.303030303030305,39.39393939393939,36.36363636363637,40.253104232108676,34.7172875130884,0.0720752955339285,risk_off,2024-06-11,33.894154769687674
O,15.151515151515152,27.27272727272727,42.42424242424242,60.60606060606061,42.58861011549183,37.60863111400746,0.0528330442736351,risk_off,2024-06-11,30.453713929377663
AMZN,83.33333333333333,24.242424242424242,9.090909090909092,24.242424242424242,57.13499192892964,39.60881656760411,0.0417668509462478,risk_off,2024-06-11,57.863123794294985
LIN,56.06060606060606,21.21212121212121,66.66666666666666,84.84848484848484,50.13758024923208,55.78509180742217,-0.0013548184141778,risk_off,2024-06-11,45.391396994600456
NEE,54.54545454545455,18.181818181818183,51.515151515151516,15.151515151515152,41.87717443383461,36.25422276555481,0.0269452727802306,risk_off,2024-06-11,40.449027754410494
PG,57.57575757575758,15.151515151515152,93.93939393939394,96.96969696969697,48.23374078595157,62.374020884463036,-0.0115834875262493,risk_off,2024-06-11,43.61362668709544
KO,43.93939393939394,12.121212121212121,84.84848484848484,100.0,40.87134735243745,56.356087652305675,-0.0070810506426729,risk_off,2024-06-11,35.2667312404933
DUK,57.57575757575758,9.090909090909092,81.81818181818183,78.78787878787878,40.6096546668015,53.57647638790574,0.0205158114654087,risk_off,2024-06-11,38.746236154982164
HON,36.36363636363636,6.0606060606060606,54.54545454545454,87.87878787878788,48.276787910176864,46.62505455173234,0.0256349111896245,risk_off,2024-06-11,34.88004472314228
GOOGL,84.84848484848484,3.0303030303030303,12.121212121212121,18.181818181818183,67.86890215519249,37.21014406740214,0.0506738333963427,risk_off,2024-06-11,58.39525360772602
NEE,53.03030303030303,100.0,54.54545454545454,15.151515151515152,41.87717443383461,52.920889432221465,0.0380187962959748,risk_off,2024-07-11,57.433105460365084
BLK,48.484848484848484,96.96969696969697,24.242424242424242,69.6969696969697,,59.848484848484844,0.0363209016572361,risk_off,2024-07-11,65.6953679478542
AMT,39.39393939393939,93.93939393939394,39.39393939393939,30.303030303030305,39.79855877756322,48.56577236157325,0.0791988605395999,risk_off,2024-07-11,50.39652628853371
NEM,54.54545454545455,90.9090909090909,36.36363636363637,9.090909090909092,47.613251023753435,47.70446838656887,0.011447974061675,risk_off,2024-07-11,58.70478858100341
GS,87.87878787878788,87.87878787878788,30.303030303030305,48.484848484848484,45.23297491039427,59.955685891169765,0.0136468457263005,risk_off,2024-07-11,69.07397370825174
DUK,63.63636363636363,84.84848484848484,87.87878787878788,81.81818181818183,40.22109161694813,71.68058195975325,0.0762971595879309,risk_off,2024-07-11,57.520719863288036
O,21.212121212121215,81.81818181818183,42.42424242424242,60.60606060606061,41.871764237355634,49.58647405959234,0.0949091131036932,risk_off,2024-07-11,42.348914075519815
UNH,25.757575757575758,78.78787878787878,100.0,42.42424242424242,47.096239689120665,58.81318733176353,0.122690155206661,risk_off,2024-07-11,45.690428412644806
HD,43.93939393939394,75.75757575757575,33.33333333333333,66.66666666666666,43.531925136207676,52.645778966635476,-0.0154046526905783,risk_off,2024-07-11,50.07381756720279
AAPL,68.18181818181819,72.72727272727273,27.27272727272727,39.39393939393939,41.77689004698182,49.870529524547884,-0.0626620789500999,risk_off,2024-07-11,57.440490667319246
PLD,18.18181818181818,69.6969696969697,21.21212121212121,36.36363636363637,46.14857323700482,38.32062373831006,0.0131217851806888,risk_off,2024-07-11,40.736678483598276
COP,22.72727272727273,66.66666666666666,69.6969696969697,45.45454545454545,57.30876875736905,52.370844660564714,-0.050179851986129,risk_off,2024-07-11,46.69556848058127
JPM,77.27272727272728,63.63636363636363,48.484848484848484,75.75757575757575,68.49910394265233,66.7301238188335,-0.0163412843553535,risk_off,2024-07-11,70.69792650222077
MCD,3.0303030303030303,60.60606060606061,72.72727272727273,93.93939393939394,53.06672194070229,56.67395044874652,0.0643249575876931,risk_off,2024-07-11,36.51954098546659
CVX,25.757575757575758,57.57575757575758,75.75757575757575,57.57575757575758,55.569486088349635,54.44723055100326,-0.0693674442529861,risk_off,2024-07-11,45.2173359051565
XOM,39.39393939393939,54.54545454545454,93.93939393939394,51.515151515151516,,59.848484848484844,0.0409712970388382,risk_off,2024-07-11,44.77222672612867
META,87.87878787878788,51.515151515151516,6.0606060606060606,6.0606060606060606,75.02734493084883,45.308499289200064,-0.0059879213011976,risk_off,2024-07-11,74.99578862074951
APD,19.696969696969695,48.484848484848484,45.45454545454545,18.181818181818183,50.87101415660926,36.53783919495822,0.0822092692057292,risk_off,2024-07-11,39.15602475315943
AMZN,78.78787878787878,45.45454545454545,9.090909090909092,21.21212121212121,57.457572574090925,42.4006054239091,-0.1499615459746407,risk_off,2024-07-11,62.76743905411111
GOOGL,89.39393939393939,42.42424242424242,12.121212121212121,24.242424242424242,68.0961748824652,47.25559861285668,-0.1268524417515053,risk_off,2024-07-11,70.68180687759059
NVDA,100.0,39.39393939393939,3.0303030303030303,3.0303030303030303,87.44331885516536,46.57957286194217,-0.1760596549178184,risk_off,2024-07-11,82.43623533762987
MSFT,69.69696969696969,36.36363636363637,18.181818181818183,54.54545454545454,59.28559443687364,47.61469464495048,-0.1143831281489917,risk_off,2024-07-11,58.49126916578834
LLY,96.96969696969697,33.33333333333333,63.63636363636363,12.121212121212121,41.87875196426364,49.58787160497394,-0.0950928294440687,risk_off,2024-07-11,60.04896338859231
UNP,34.848484848484844,30.303030303030305,60.60606060606061,63.63636363636363,41.808247138475174,46.24043730648291,0.0516788737423274,risk_off,2024-07-11,37.0154013065316
PG,53.03030303030303,27.27272727272727,90.9090909090909,96.96969696969697,48.68828624049702,63.374020884463036,0.0321976685225657,risk_off,2024-07-11,46.00426321307984
DIS,31.81818181818182,24.242424242424242,57.57575757575758,27.27272727272727,39.45955028060145,36.07372823793848,-0.1101449229577251,risk_off,2024-07-11,33.68431210142322
LIN,50.0,21.21212121212121,66.66666666666666,87.87878787878788,50.46016089439337,55.243547330393824,0.0290878002952321,risk_off,2024-07-11,44.49015382760039
KO,42.42424242424242,18.181818181818183,81.81818181818183,100.0,40.93732975712953,56.67231443627439,0.0892235343733249,risk_off,2024-07-11,36.957841690372994
CAT,63.63636363636363,15.151515151515152,15.151515151515152,33.33333333333333,61.203338739907146,37.69521320252689,0.0151904046903783,risk_off,2024-07-11,52.94202993433799
JNJ,12.121212121212121,12.121212121212121,96.96969696969697,84.84848484848484,66.5686711786545,54.52585544785211,0.070273911068269,risk_off,2024-07-11,36.130001691993876
SO,62.121212121212125,9.090909090909092,78.78787878787878,72.72727272727273,39.026754080077225,52.350805361469995,0.0826446083606164,risk_off,2024-07-11,41.41413616837097
WMT,77.27272727272727,6.0606060606060606,84.84848484848484,78.78787878787878,53.24785342165765,60.04351007827093,-0.030659015703217,risk_off,2024-07-11,52.547325142831774
HON,37.878787878787875,3.0303030303030303,51.515151515151516,90.9090909090909,48.276787910176864,46.322024248702036,-0.0699557898663579,risk_off,2024-07-11,35.54837978158387
MSFT,54.54545454545455,100.0,27.27272727272727,60.60606060606061,62.35801610843323,60.956451706535134,-0.0024584425448184,risk_off,2024-08-08,72.13273755352813
GOOGL,63.63636363636363,96.96969696969697,15.151515151515152,24.242424242424242,70.91225620257879,54.18245124051575,-0.0685675535027598,risk_off,2024-08-08,77.15790654865245
DIS,25.757575757575758,93.93939393939394,45.45454545454545,27.27272727272727,50.45989163578152,48.576826812004796,0.0230340085856428,risk_off,2024-08-08,57.37830857824783
AMZN,48.484848484848484,90.9090909090909,9.090909090909092,21.21212121212121,60.530519052487904,46.045497749891524,0.0337152969541598,risk_off,2024-08-08,66.81822098456504
CVX,18.18181818181818,87.87878787878788,72.72727272727273,51.515151515151516,55.92895959970487,57.24639798054703,-0.0410409558386435,risk_off,2024-08-08,55.548263683713195
META,87.87878787878788,84.84848484848484,6.0606060606060606,6.0606060606060606,76.36199559823031,52.24209608934302,-0.0183662966847741,risk_off,2024-08-08,82.26860734770793
LLY,87.87878787878788,81.81818181818183,36.36363636363637,18.181818181818183,41.78662162347739,53.20580917318033,0.0679041116038423,risk_off,2024-08-08,67.35255442193062
HON,39.39393939393939,78.78787878787878,48.484848484848484,87.87878787878788,46.96984365968422,60.30305964102776,-0.0084576172014115,risk_off,2024-08-08,54.96113648783761
CAT,56.06060606060606,75.75757575757575,12.121212121212121,36.36363636363637,58.59793273234133,47.780192607074326,-0.0202285168862084,risk_off,2024-08-08,63.33948315030129
COP,13.636363636363637,72.72727272727273,69.6969696969697,48.484848484848484,59.38150585698787,52.785392080488485,-0.0207813805279551,risk_off,2024-08-08,50.862594586649664
PG,43.93939393939394,69.6969696969697,93.93939393939394,96.96969696969697,47.55750657697265,70.42059222448545,0.0276233473142315,risk_off,2024-08-08,53.57902636426209
JPM,71.2121212121212,66.66666666666666,42.42424242424242,69.6969696969697,68.24820788530467,63.649641577060926,0.041164408780616,risk_off,2024-08-08,68.57252654322622
HD,27.272727272727273,63.63636363636363,33.33333333333333,54.54545454545454,45.968165419222146,44.95120884142018,0.0336165573238378,risk_off,2024-08-08,46.36520435673218
AAPL,66.66666666666667,60.60606060606061,30.303030303030305,39.39393939393939,43.63766083955183,48.12147156184976,0.035207021947305,risk_off,2024-08-08,55.448153468130876
GS,86.36363636363637,57.57575757575758,24.242424242424242,45.45454545454545,52.89426523297491,53.30612577386771,-0.0126809061931078,risk_off,2024-08-08,63.71448700177219
MCD,10.606060606060606,54.54545454545454,75.75757575757575,81.81818181818183,49.82642728911731,54.51074000327801,0.0675541397518038,risk_off,2024-08-08,40.38761154466171
NEE,68.18181818181819,51.515151515151516,60.60606060606061,12.121212121212121,32.53642147413004,44.9921327796745,0.0314676607247452,risk_off,2024-08-08,48.503632581085256
APD,30.303030303030305,48.484848484848484,63.63636363636363,15.151515151515152,52.88233418725632,42.09161835260277,-0.0376061040841704,risk_off,2024-08-08,45.18920871920026
NVDA,100.0,45.45454545454545,3.0303030303030303,3.0303030303030303,88.32004696576442,47.96703969618319,-0.0203867711228183,risk_off,2024-08-08,77.96506825533328
KO,53.03030303030303,42.42424242424242,90.9090909090909,100.0,39.27287594681922,65.12730246209112,0.0350646866725594,risk_off,2024-08-08,44.11013668087027
XOM,40.90909090909091,39.39393939393939,81.81818181818183,57.57575757575758,,54.92424242424242,-0.0445330395044601,risk_off,2024-08-08,40.10237689177373
NEM,75.75757575757575,36.36363636363637,39.39393939393939,9.090909090909092,51.050675616628524,42.33134724453783,0.0551247352459325,risk_off,2024-08-08,53.276733075109014
SO,77.27272727272727,33.33333333333333,87.87878787878788,72.72727272727273,42.604021570651156,62.76322855655447,0.0225538352797289,risk_off,2024-08-08,49.328113958246874
BLK,59.090909090909086,30.303030303030305,21.21212121212121,66.66666666666666,,44.31818181818181,0.0141431227011321,risk_off,2024-08-08,43.763342761882654
JNJ,19.6969696969697,27.27272727272727,96.96969696969697,93.93939393939394,66.60497572436763,60.896752720631106,0.0259643217476883,risk_off,2024-08-08,41.03360009971814
UNP,25.757575757575758,24.242424242424242,51.515151515151516,75.75757575757575,41.27685991757182,43.70991743805981,0.0377900218275417,risk_off,2024-08-08,31.539630198310984
AMT,60.6060606060606,21.21212121212121,57.57575757575758,33.33333333333333,42.0538815508226,42.95623085561906,0.0561245159764864,risk_off,2024-08-08,40.60911089707113
O,40.909090909090914,18.181818181818183,54.54545454545454,63.63636363636363,39.29775653789991,43.31409676212543,0.0362006021419061,risk_off,2024-08-08,33.0416329288344
DUK,68.18181818181819,15.151515151515152,84.84848484848484,84.84848484848484,46.35421920085435,59.87690444623147,0.0370897283432039,risk_off,2024-08-08,42.532692120082665
PLD,22.727272727272727,12.121212121212121,18.181818181818183,30.303030303030305,32.81775927076261,23.230218520819186,0.0429543863015373,risk_off,2024-08-08,23.431533588306614
UNH,37.87878787878788,9.090909090909092,100.0,42.42424242424242,45.352504332482084,46.9492887452843,0.0541113576873211,risk_off,2024-08-08,31.753254477260327
LIN,46.96969696969697,6.0606060606060606,66.66666666666666,90.9090909090909,42.449776848414224,50.611167490894964,0.0208026039702309,risk_off,2024-08-08,32.15467515486006
WMT,71.2121212121212,3.0303030303030303,78.78787878787878,78.78787878787878,53.91481877410688,57.14660011845774,0.132722365378292,risk_off,2024-08-08,42.57986838858563
GOOGL,31.81818181818182,100.0,15.151515151515152,24.242424242424242,73.93201601266117,49.02882744495648,0.106944073585137,risk_off,2024-09-06,61.60713263964112
CVX,6.0606060606060606,96.96969696969697,72.72727272727273,51.515151515151516,57.15639977203752,56.88582540895296,0.0879042158572476,risk_off,2024-09-06,44.10745645019314
AMZN,37.87878787878788,93.93939393939394,9.090909090909092,21.21212121212121,61.3292203511892,44.69008649448027,0.088219821290814,risk_off,2024-09-06,58.6764400877885
DIS,16.666666666666668,90.9090909090909,45.45454545454545,27.27272727272727,52.015127170855756,46.463631494777204,0.0819877062122738,risk_off,2024-09-06,45.62880349613059
COP,6.0606060606060606,87.87878787878788,66.66666666666666,48.484848484848484,60.16729836993093,53.85164149216801,0.0803622386552691,risk_off,2024-09-06,42.98779009686078
AMT,83.33333333333333,84.84848484848484,69.6969696969697,36.36363636363637,42.847206505437875,63.41792614957243,-0.0529302159813844,risk_off,2024-09-06,70.29921761338156
WMT,86.36363636363636,81.81818181818183,75.75757575757575,72.72727272727273,53.3789477218287,74.00912287769907,0.0561065120824961,risk_off,2024-09-06,74.39971278812104
MSFT,39.39393939393939,78.78787878787878,27.27272727272727,60.60606060606061,65.05353698540573,54.22282860920236,0.0357480331470876,risk_off,2024-09-06,57.044155838334824
PG,45.45454545454545,75.75757575757575,93.93939393939394,96.96969696969697,48.56454120900728,72.13715066604388,-0.0382139734325523,risk_off,2024-09-06,53.53357070392437
NVDA,84.84848484848484,72.72727272727273,3.0303030303030303,3.0303030303030303,69.36787233797801,46.60084719486834,0.2148205382139694,risk_off,2024-09-06,76.90956868667303
GS,80.3030303030303,69.6969696969697,24.242424242424242,39.39393939393939,53.70967741935483,53.46920821114369,0.0324222155198634,risk_off,2024-09-06,69.04224587662463
META,75.75757575757575,66.66666666666666,6.0606060606060606,6.0606060606060606,78.36523272076664,46.582137453244236,0.1912367632053175,risk_off,2024-09-06,74.5045784195246
HD,28.78787878787879,63.63636363636363,30.303030303030305,54.54545454545454,42.64160408042498,43.98286627063045,0.1341758066837439,risk_off,2024-09-06,41.4769020178202
XOM,21.21212121212121,60.60606060606061,81.81818181818183,57.57575757575758,,55.3030303030303,0.1082209029426406,risk_off,2024-09-06,34.90584807231056
PLD,30.303030303030305,57.57575757575758,18.181818181818183,30.303030303030305,33.876467028059075,34.048020678339086,-0.0378055887847004,risk_off,2024-09-06,37.830220138900074
BLK,60.60606060606061,54.54545454545454,21.21212121212121,66.66666666666666,,50.75757575757576,0.0948992077158938,risk_off,2024-09-06,58.49933339680071
CAT,36.36363636363636,51.515151515151516,12.121212121212121,33.33333333333333,59.52331559320806,38.57132978530827,0.2056412861265839,risk_off,2024-09-06,47.54669070461725
DUK,83.33333333333334,48.484848484848484,87.87878787878788,84.84848484848484,46.722882795324395,70.2536674681558,-0.0218696008210432,risk_off,2024-09-06,63.11984753595246
LLY,86.36363636363637,45.45454545454545,33.33333333333333,15.151515151515152,42.28692030925995,44.51799012245805,-0.0172259623241405,risk_off,2024-09-06,62.271303469990784
NEM,86.36363636363637,42.42424242424242,39.39393939393939,9.090909090909092,51.25228851985433,45.70500315851633,0.0595947554808613,risk_off,2024-09-06,64.53061212833948
AAPL,50.0,39.39393939393939,36.36363636363637,45.45454545454545,44.57712460159624,43.15784916274349,0.0270808601086538,risk_off,2024-09-06,45.73918870920652
HON,22.727272727272727,36.36363636363637,48.484848484848484,87.87878787878788,48.17413568386872,48.72573622768283,0.0285166740462581,risk_off,2024-09-06,34.31404388950787
LIN,39.39393939393939,33.33333333333333,57.57575757575758,90.9090909090909,43.92448359328226,53.02732096108069,0.0248002329449426,risk_off,2024-09-06,39.481811790961814
JPM,74.24242424242425,30.303030303030305,42.42424242424242,69.6969696969697,68.9336917562724,57.12007168458781,-0.0058364184033659,risk_off,2024-09-06,62.263571081895485
SO,87.87878787878788,27.27272727272727,84.84848484848484,75.75757575757575,43.164697453907685,63.784454642296694,0.0214907116591227,risk_off,2024-09-06,58.99274584187245
APD,24.242424242424242,24.242424242424242,60.60606060606061,18.181818181818183,55.12034408655655,36.47861427185677,0.062483752293702,risk_off,2024-09-06,34.45214244754664
O,60.6060606060606,21.21212121212121,54.54545454545454,63.63636363636363,39.28580910659763,47.85716182131952,-0.0062500511988602,risk_off,2024-09-06,44.39063967306916
UNH,71.2121212121212,18.181818181818183,100.0,42.42424242424242,44.85012614893037,55.333661593422434,-0.00951613830136,risk_off,2024-09-06,50.15683823495332
MCD,28.78787878787879,15.151515151515152,78.78787878787878,81.81818181818183,50.532596120286144,51.015610133148144,0.0492210960565273,risk_off,2024-09-06,32.804902791809646
JNJ,34.848484848484844,12.121212121212121,96.96969696969697,93.93939393939394,66.88906663345854,60.95357090244928,-0.0248814422386438,risk_off,2024-09-06,40.15460088972613
NEE,77.27272727272728,9.090909090909092,63.63636363636363,12.121212121212121,33.2372663282007,39.07169568988256,0.0483870336928662,risk_off,2024-09-06,46.8483946732064
KO,63.63636363636364,6.0606060606060606,90.9090909090909,100.0,39.6722615074951,60.05566442271114,-0.0136351030225657,risk_off,2024-09-06,42.316332063263445
UNP,37.878787878787875,3.0303030303030303,51.515151515151516,78.78787878787878,41.82200898893057,42.60682604021036,-0.0431438691735669,risk_off,2024-09-06,31.07428694180944
GOOGL,28.78787878787879,100.0,15.151515151515152,18.181818181818183,72.83230926779314,46.99070427780105,0.0253202190192505,risk_off,2024-10-04,71.82401331961978
JPM,62.12121212121212,96.96969696969697,42.42424242424242,60.60606060606061,68.9336917562724,66.2109807754969,0.0554871752342096,risk_off,2024-10-04,76.59310424769009
CVX,7.575757575757576,93.93939393939394,63.63636363636363,51.515151515151516,56.95478686881171,54.72429070709567,0.0154570899969905,risk_off,2024-10-04,57.964439251561004
COP,10.606060606060606,90.9090909090909,69.6969696969697,45.45454545454545,60.16729836993093,55.366793007319515,-0.0584948884589056,risk_off,2024-10-04,59.088845644973254
XOM,34.84848484848485,87.87878787878788,81.81818181818183,57.57575757575758,,65.53030303030303,-0.0791476787462049,risk_off,2024-10-04,66.28989765817266
GS,78.78787878787878,84.84848484848484,18.181818181818183,39.39393939393939,53.700716845878134,54.98256761159987,0.0488528389710876,risk_off,2024-10-04,69.56288746903849
AAPL,57.57575757575758,81.81818181818183,33.33333333333333,42.42424242424242,44.97106399553563,52.024515829410156,-0.0171516725630762,risk_off,2024-10-04,59.89161030973386
LLY,72.72727272727272,78.78787878787878,36.36363636363637,12.121212121212121,42.28692030925995,48.45738406185199,-0.0769083170275473,risk_off,2024-10-04,61.10975481876746
NVDA,100.0,75.75757575757575,3.0303030303030303,3.0303030303030303,69.03991534873069,50.1716194333825,0.0838936589909777,risk_off,2024-10-04,78.21353609334847
NEM,87.87878787878788,72.72727272727273,39.39393939393939,9.090909090909092,51.043955186521,52.02697285548601,-0.1514810987615392,risk_off,2024-10-04,66.4476930958564
AMZN,48.484848484848484,69.6969696969697,9.090909090909092,21.21212121212121,60.76316812384665,41.849603321739025,0.0612299528459143,risk_off,2024-10-04,60.928117351844065
CAT,68.18181818181819,66.66666666666666,12.121212121212121,27.27272727272727,59.25449838890699,46.69938452626625,-0.0439698597700787,risk_off,2024-10-04,63.695056189946314
NEE,89.39393939393939,63.63636363636363,60.60606060606061,24.242424242424242,33.03565342497489,54.182888260752556,-0.0775193812556372,risk_off,2024-10-04,55.75930497093852
UNH,48.484848484848484,60.60606060606061,96.96969696969697,48.484848484848484,44.85012614893037,59.87911613887699,-0.0399864921520993,risk_off,2024-10-04,50.835028792079655
BLK,74.24242424242425,57.57575757575758,27.27272727272727,66.66666666666666,,56.43939393939394,0.0378112017152783,risk_off,2024-10-04,64.36083735937949
MSFT,28.78787878787879,54.54545454545454,24.242424242424242,63.63636363636363,64.81006540322447,47.204437323069136,-0.0136759180762263,risk_off,2024-10-04,53.33360470825393
PLD,27.27272727272727,51.515151515151516,21.21212121212121,33.33333333333333,34.08480036139241,33.48362673894515,-0.0736807447964374,risk_off,2024-10-04,38.266606829922395
O,60.60606060606061,48.484848484848484,66.66666666666666,69.6969696969697,40.37302535510421,57.165514161929934,-0.0504756867947062,risk_off,2024-10-04,47.5885511764749
WMT,84.84848484848484,45.45454545454545,72.72727272727273,72.72727272727273,53.12241930400996,65.77599901231716,0.0154435379576975,risk_off,2024-10-04,57.751347685958244
APD,30.303030303030305,42.42424242424242,54.54545454545454,15.151515151515152,54.717118280104934,39.428272140869474,0.0830472555344241,risk_off,2024-10-04,45.189197286434464
DIS,10.606060606060607,39.39393939393939,45.45454545454545,30.303030303030305,51.201955127845004,35.39190617708415,0.0069363743786734,risk_off,2024-10-04,38.18960126896451
KO,57.57575757575758,36.36363636363637,90.9090909090909,100.0,40.38878154659579,65.04745327901612,-0.0735356443973582,risk_off,2024-10-04,42.938639828244646
AMT,63.63636363636364,33.33333333333333,78.78787878787878,36.36363636363637,44.185008488401145,51.26124412192265,-0.0554413348486149,risk_off,2024-10-04,45.00621839415706
HON,19.696969696969695,30.303030303030305,48.484848484848484,84.84848484848484,48.38246901720205,46.34316047010707,0.0265482267687107,risk_off,2024-10-04,35.99534565439374
LIN,37.878787878787875,27.27272727272727,57.57575757575758,90.9090909090909,44.48515947653879,51.62430462258048,-0.0232175558273269,risk_off,2024-10-04,37.35357372994572
UNP,28.78787878787879,24.242424242424242,51.515151515151516,75.75757575757575,43.564572876655745,44.77352063593721,-0.0258310229974851,risk_off,2024-10-04,33.90159721155405
JNJ,19.696969696969695,21.21212121212121,93.93939393939394,93.93939393939394,66.88906663345854,59.135389084267466,-0.0009981184729025,risk_off,2024-10-04,41.28558845516645
HD,60.6060606060606,18.181818181818183,30.303030303030305,54.54545454545454,41.22699718194713,40.97267216366215,-0.0386178606606014,risk_off,2024-10-04,38.033561192941995
DUK,63.63636363636363,15.151515151515152,87.87878787878788,87.87878787878788,47.0508397845717,60.31925886600525,-0.0120122990786795,risk_off,2024-10-04,40.325062073794356
PG,31.81818181818182,12.121212121212121,100.0,96.96969696969697,50.47377176339913,58.27657253449801,-0.0223827491118315,risk_off,2024-10-04,33.6971835914946
META,92.42424242424242,9.090909090909092,6.0606060606060606,6.0606060606060606,76.1573008676735,37.958732900807426,-0.04829350132391,risk_off,2024-10-04,57.82816777330946
MCD,33.33333333333333,6.0606060606060606,75.75757575757575,81.81818181818183,50.450118114421045,49.4839630168236,-0.0281472808653907,risk_off,2024-10-04,32.040424772467325
SO,78.78787878787878,3.0303030303030303,84.84848484848484,78.78787878787878,43.164697453907685,57.72384858169062,-0.0195991218128205,risk_off,2024-10-04,38.024993788781
PLD,22.727272727272727,100.0,24.242424242424242,30.303030303030305,39.406973401226274,43.33594013479071,0.0215167088111096,risk_off,2024-11-01,54.971305216962065
LLY,53.03030303030303,96.96969696969697,36.36363636363637,15.151515151515152,48.29634951042997,49.9623002051163,-0.0233597560889263,risk_off,2024-11-01,63.57973247429934
AMT,48.484848484848484,93.93939393939394,81.81818181818183,39.39393939393939,41.53111742725202,61.03349621272313,-0.0186026355105962,risk_off,2024-11-01,58.271982709318976
UNP,22.727272727272727,90.9090909090909,51.515151515151516,75.75757575757575,45.06815800892552,57.19544978360328,0.0347672708453719,risk_off,2024-11-01,55.35218058300834
UNH,34.84848484848485,87.87878787878788,84.84848484848484,36.36363636363637,44.807408263470556,57.7493604405729,0.0721686203200528,risk_off,2024-11-01,56.16201812790379
COP,6.0606060606060606,84.84848484848484,75.75757575757575,48.484848484848484,60.44681848144029,55.119666726591085,-0.0157640671918761,risk_off,2024-11-01,59.404204303251475
NEM,59.09090909090909,81.81818181818183,39.39393939393939,6.0606060606060606,53.526027017174584,47.97793267616218,-0.0961113264569324,risk_off,2024-11-01,62.84117117200935
AMZN,63.63636363636364,78.78787878787878,9.090909090909092,18.181818181818183,61.138899322158494,46.167173803825634,0.0645683550295492,risk_off,2024-11-01,66.80042594437064
MCD,40.90909090909091,75.75757575757575,69.6969696969697,78.78787878787878,50.609158596042164,63.15213474951147,-0.0093831140335688,risk_off,2024-11-01,56.64301101874835
DUK,63.63636363636363,72.72727272727273,93.93939393939394,87.87878787878788,47.71541565076048,73.17944676651572,0.0221867234045896,risk_off,2024-11-01,57.63769797231471
MSFT,25.757575757575758,69.6969696969697,15.151515151515152,54.54545454545454,65.25272491141975,46.080848012586976,0.0502230087832205,risk_off,2024-11-01,60.52489549179961
GOOGL,50.0,66.66666666666666,18.181818181818183,21.21212121212121,72.23998820773015,45.66011885366724,0.0011676817961989,risk_off,2024-11-01,67.16234780677802
META,89.3939393939394,63.63636363636363,6.0606060606060606,9.090909090909092,77.1991684416601,49.076197324695656,0.0452606762832519,risk_off,2024-11-01,75.01296832614456
HON,27.272727272727273,60.60606060606061,48.484848484848484,84.84848484848484,49.294087207509534,54.10124168392615,0.0992399393746146,risk_off,2024-11-01,49.30008296483453
NEE,71.2121212121212,57.57575757575758,63.63636363636363,24.242424242424242,35.62355238384159,50.45804381010165,-0.0036198937921189,risk_off,2024-11-01,47.646996654536615
AAPL,60.6060606060606,54.54545454545454,27.27272727272727,42.42424242424242,43.567603574277655,45.683217684552496,0.0748283719965527,risk_off,2024-11-01,49.46393393605365
SO,74.24242424242424,51.515151515151516,96.96969696969697,81.81818181818183,49.28660967426262,70.76641284394343,-0.0086966824542453,risk_off,2024-11-01,53.78038556690551
NVDA,100.0,48.484848484848484,3.0303030303030303,3.0303030303030303,69.24750196760765,44.758591302612444,0.0238553259374407,risk_off,2024-11-01,67.75398597260184
CVX,16.666666666666668,45.45454545454545,57.57575757575758,69.6969696969697,56.58640773699172,49.19606942618623,0.0597112363775416,risk_off,2024-11-01,47.13491132348465
DIS,13.636363636363637,42.42424242424242,45.45454545454545,27.27272727272727,51.15203193276052,35.98798214412786,0.2228369340105531,risk_off,2024-11-01,42.78824492225315
GS,89.39393939393939,39.39393939393939,21.21212121212121,45.45454545454545,53.83512544802867,49.857934180514825,0.1585829407112209,risk_off,2024-11-01,54.969356724545776
O,60.606060606060595,36.36363636363637,66.66666666666666,72.72727272727273,40.499137129961504,55.37255469871957,-0.037194334267636,risk_off,2024-11-01,42.34590284750421
KO,39.39393939393939,33.33333333333333,87.87878787878788,100.0,35.914385191498646,59.304089159511854,-0.0209198671844624,risk_off,2024-11-01,35.67606511266553
BLK,89.39393939393939,30.303030303030305,30.303030303030305,63.63636363636363,,53.40909090909091,0.0355605307731299,risk_off,2024-11-01,50.33258201671476
JPM,80.30303030303031,27.27272727272727,42.42424242424242,57.57575757575758,66.76075268817205,54.86730205278592,0.1045572678896877,risk_off,2024-11-01,57.02741157223483
CAT,83.33333333333334,24.242424242424242,12.121212121212121,33.33333333333333,59.229408783172225,42.45194236269506,0.0602692215802997,risk_off,2024-11-01,52.462001195859514
APD,48.484848484848484,21.21212121212121,60.60606060606061,12.121212121212121,52.45884041698835,38.97661656824615,0.0854112234143191,risk_off,2024-11-01,42.50401686955809
JNJ,27.272727272727273,18.181818181818183,100.0,93.93939393939394,52.03293361872338,58.285374602532556,-0.0332854659871854,risk_off,2024-11-01,38.111377839888036
WMT,86.36363636363636,15.151515151515152,72.72727272727273,66.66666666666666,53.052228145109126,58.79226381084,0.1271443805551904,risk_off,2024-11-01,46.8254453274178
LIN,36.36363636363636,12.121212121212121,54.54545454545454,90.9090909090909,45.387200237450514,47.86531883536889,0.005204357865602,risk_off,2024-11-01,34.054038397021856
HD,65.15151515151516,9.090909090909092,33.33333333333333,51.515151515151516,41.109559362896405,40.040093690761104,0.087546792933578,risk_off,2024-11-01,35.2204268997392
PG,24.242424242424242,6.0606060606060606,90.9090909090909,96.96969696969697,47.516125019462066,53.13958864025606,0.0884311950635092,risk_off,2024-11-01,31.548192806330313
XOM,25.757575757575758,3.0303030303030303,78.78787878787878,60.60606060606061,,42.04545454545455,0.0252283741006507,risk_off,2024-11-01,10.733976766335516
NEM,21.21212121212121,100.0,45.45454545454545,6.0606060606060606,54.454057320204896,45.436266009495526,-0.0901979623679321,risk_off,2024-12-02,57.16083449199378
LLY,45.45454545454546,96.96969696969697,27.27272727272727,12.121212121212121,47.83676821983273,45.930990007602915,-0.0347586749403212,risk_off,2024-12-02,56.998569603977245
NEE,60.6060606060606,93.93939393939394,81.81818181818183,33.33333333333333,35.69355226613291,61.07810439262052,-0.0698066339006262,risk_off,2024-12-02,51.726065910412586
AMT,21.21212121212121,90.9090909090909,100.0,42.42424242424242,40.3021986510585,58.969530639302604,-0.1153716199184564,risk_off,2024-12-02,46.63702699519883
O,39.39393939393939,87.87878787878788,78.78787878787878,75.75757575757575,41.99645696864829,64.76292775736601,-0.0578585087097097,risk_off,2024-12-02,50.48166153311843
APD,74.24242424242424,84.84848484848484,60.60606060606061,15.151515151515152,61.920651640618274,59.353827297820615,-0.1358083166539305,risk_off,2024-12-02,68.7006351575755
AAPL,68.18181818181819,81.81818181818183,24.242424242424242,51.515151515151516,43.702380617981284,53.89199127511141,0.0452022287933144,risk_off,2024-12-02,55.718531681952705
META,84.84848484848484,78.78787878787878,6.0606060606060606,9.090909090909092,76.9147797831057,51.1405317141969,-0.0123475652601939,risk_off,2024-12-02,78.7602126767502
GOOGL,54.54545454545455,75.75757575757575,21.21212121212121,21.21212121212121,70.673733735469,48.68020129254835,0.1038544345915464,risk_off,2024-12-02,68.66058754353759
HD,71.21212121212122,72.72727272727273,39.39393939393939,54.54545454545454,41.5395707164339,55.88367171904436,-0.0889310520437792,risk_off,2024-12-02,53.16945731028773
PG,43.93939393939394,69.6969696969697,87.87878787878788,90.9090909090909,45.70406124382765,67.62566073361401,-0.0670562229070516,risk_off,2024-12-02,50.06588782174799
PLD,9.09090909090909,66.66666666666666,33.33333333333333,36.36363636363637,40.73454977677262,37.23781904626361,-0.0875345278850954,risk_off,2024-12-02,39.90463361893998
AMZN,74.24242424242425,63.63636363636363,9.090909090909092,18.181818181818183,60.52868005495925,45.13603904129488,0.0411940221119551,risk_off,2024-12-02,63.69316325939087
CAT,75.75757575757575,60.60606060606061,12.121212121212121,24.242424242424242,53.85100635573383,45.315655816601314,-0.0987553080310866,risk_off,2024-12-02,59.25612215390945
UNH,43.93939393939394,57.57575757575758,72.72727272727273,39.39393939393939,46.57394466140295,52.04206165955331,-0.168704448308484,risk_off,2024-12-02,48.23369848635984
UNP,13.636363636363637,54.54545454545454,42.42424242424242,63.63636363636363,45.92582033923108,44.03364891633106,-0.0529113944586475,risk_off,2024-12-02,41.590735428980764
HON,43.93939393939394,51.515151515151516,48.484848484848484,78.78787878787878,47.54077103846523,54.05360875314759,-0.0176560413381585,risk_off,2024-12-02,47.64633102991409
MSFT,33.33333333333333,48.484848484848484,18.181818181818183,57.57575757575758,63.27480075130242,44.170111665412,-0.0219964052732571,risk_off,2024-12-02,54.800693598821994
JPM,86.36363636363636,45.45454545454545,36.36363636363637,45.45454545454545,58.21236559139785,54.36974584555229,-0.0265583483700825,risk_off,2024-12-02,60.96683842441765
NVDA,95.45454545454545,42.42424242424242,3.0303030303030303,3.0303030303030303,69.49352822948485,42.686584433775764,-0.0313064375951541,risk_off,2024-12-02,69.0416027407413
DUK,60.60606060606061,39.39393939393939,90.9090909090909,87.87878787878788,45.90985534672965,64.9395468269217,-0.0645945686898207,risk_off,2024-12-02,47.37600984030079
DIS,46.96969696969697,36.36363636363637,51.515151515151516,27.27272727272727,52.8631550287557,42.99687342999356,-0.0495903465891346,risk_off,2024-12-02,48.53851590009627
GS,93.93939393939394,33.33333333333333,15.151515151515152,30.303030303030305,51.424731182795696,44.83040078201368,-0.0483455913865278,risk_off,2024-12-02,55.81446466643947
CVX,39.39393939393939,30.303030303030305,57.57575757575758,66.66666666666666,56.75683029154479,50.139244846187744,-0.1070834699280708,risk_off,2024-12-02,48.347579464628225
COP,4.545454545454545,27.27272727272727,63.63636363636363,48.484848484848484,59.65760996443235,40.71940078076526,-0.0656679975577886,risk_off,2024-12-02,43.050497915147886
XOM,43.93939393939394,24.242424242424242,75.75757575757575,60.60606060606061,,51.13636363636364,-0.0872295198336746,risk_off,2024-12-02,33.857262812650944
MCD,33.33333333333333,21.21212121212121,69.6969696969697,72.72727272727273,45.79409529440814,48.552758452821024,-0.0087196955672289,risk_off,2024-12-02,38.66479696031119
BLK,78.78787878787878,18.181818181818183,30.303030303030305,69.6969696969697,,49.24242424242425,0.0049014322688714,risk_off,2024-12-02,47.76593685943881
WMT,96.96969696969697,15.151515151515152,66.66666666666666,81.81818181818183,52.22732810385758,62.56667774198364,-0.0247193537415245,risk_off,2024-12-02,53.32077653100257
KO,30.303030303030305,12.121212121212121,84.84848484848484,100.0,36.3241362055322,52.7193726956519,-0.0218382273530748,risk_off,2024-12-02,30.469607207733688
LIN,33.33333333333333,9.090909090909092,54.54545454545454,93.93939393939394,45.42976209202572,47.26777060022332,-0.0892340246596954,risk_off,2024-12-02,36.06980957535501
SO,60.606060606060595,6.0606060606060606,93.93939393939394,84.84848484848484,48.95221080983038,58.88135125287516,-0.0620940772096146,risk_off,2024-12-02,42.73932546321845
JNJ,16.666666666666664,3.0303030303030303,96.96969696969697,96.96969696969697,52.6514263962702,53.257558006526764,-0.0657623238622715,risk_off,2024-12-02,36.240728670429824
NEM,12.121212121212121,100.0,60.60606060606061,6.0606060606060606,55.17650355676403,46.79287646892857,0.147770011273957,risk_on,2024-12-31,50.532980184504446
AMT,9.090909090909092,96.96969696969697,15.151515151515152,39.39393939393939,41.14801278316295,40.35081467784471,0.0083964519676358,risk_on,2024-12-31,40.74082520862233
UNH,33.33333333333333,93.93939393939394,24.242424242424242,24.242424242424242,47.378873418222696,44.627289835159694,0.0724113508550303,risk_on,2024-12-31,50.20372598520504
APD,59.090909090909086,90.9090909090909,45.45454545454545,15.151515151515152,62.56581293094085,54.63437470740028,0.1559095293354999,risk_on,2024-12-31,65.55069824867662
LLY,48.48484848484849,87.87878787878788,75.75757575757575,12.121212121212121,47.83676821983273,54.41583849245139,0.0506217837951343,risk_on,2024-12-31,53.439137546924655
NVDA,92.42424242424242,84.84848484848484,100.0,3.0303030303030303,69.5540121004526,69.97140848069657,-0.1058901951168463,risk_on,2024-12-31,77.33390657284409
PLD,7.575757575757576,81.81818181818183,63.63636363636363,42.42424242424242,40.936162679998425,47.27814162690878,0.128193031626981,risk_on,2024-12-31,38.17409203403424
HON,53.03030303030303,78.78787878787878,57.57575757575758,69.6969696969697,47.280354371798566,61.27425269254153,-0.0096064087463265,risk_on,2024-12-31,52.99501529030537
META,84.84848484848484,75.75757575757575,93.93939393939394,9.090909090909092,76.19281357726852,67.96583544272643,0.1770592836690434,risk_on,2024-12-31,78.29160004350237
O,27.272727272727273,72.72727272727273,27.27272727272727,81.81818181818183,41.99645696864829,50.21747321191149,0.0230293867393809,risk_on,2024-12-31,42.5013355265414
GS,93.93939393939394,69.6969696969697,87.87878787878788,33.33333333333333,51.424731182795696,67.2546432062561,0.1183682544704078,risk_on,2024-12-31,64.50674413496706
AMZN,83.33333333333333,66.66666666666666,96.96969696969697,18.181818181818183,59.34722844205603,64.89974871871424,0.083367488659539,risk_on,2024-12-31,66.32169357449149
GOOGL,62.12121212121212,63.63636363636363,81.81818181818183,21.21212121212121,68.05180593208958,59.36793694399366,0.0777601742387634,risk_on,2024-12-31,65.97330533564244
BLK,78.78787878787878,60.60606060606061,72.72727272727273,72.72727272727273,,71.21212121212122,0.0491557153559052,risk_on,2024-12-31,72.37408955137707
CVX,31.818181818181817,57.57575757575758,42.42424242424242,60.60606060606061,56.75683029154479,49.83621454315745,0.0300331829156339,risk_on,2024-12-31,50.65070712762601
JPM,84.84848484848484,54.54545454545454,69.6969696969697,45.45454545454545,58.21236559139785,62.551564027370475,0.115097327213522,risk_on,2024-12-31,64.35470517756409
COP,6.0606060606060606,51.515151515151516,36.36363636363637,48.484848484848484,59.449276631099025,40.37470381106829,-0.0034284193220555,risk_on,2024-12-31,45.06100397474326
WMT,98.48484848484848,48.484848484848484,39.39393939393939,78.78787878787878,52.04031234801535,63.438365499906105,0.086441674818902,risk_on,2024-12-31,63.13618562312253
AAPL,72.72727272727272,45.45454545454545,78.78787878787878,51.515151515151516,42.53398584071554,58.2037668651128,-0.0575832532321036,risk_on,2024-12-31,50.4582417917929
NEE,56.06060606060606,42.42424242424242,21.21212121212121,36.36363636363637,36.19278421697776,38.450678055516775,-0.0018134311394222,risk_on,2024-12-31,41.99269804655605
XOM,34.848484848484844,39.39393939393939,30.303030303030305,63.63636363636363,,42.04545454545454,-0.0068792215847253,risk_on,2024-12-31,36.45193215761028
CAT,69.69696969696969,36.36363636363637,90.9090909090909,27.27272727272727,55.240913491608715,55.89666754680659,0.0239276448398744,risk_on,2024-12-31,56.27992763985092
SO,62.121212121212125,33.33333333333333,6.0606060606060606,84.84848484848484,48.95221080983038,47.06316943469334,0.0198007441625447,risk_on,2024-12-31,50.1130945374701
MSFT,42.42424242424242,30.303030303030305,84.84848484848484,57.57575757575758,62.914341318262345,55.613171293955496,-0.0152787721029804,risk_on,2024-12-31,53.37486822323212
UNP,25.757575757575758,27.27272727272727,54.54545454545454,66.66666666666666,45.64068209038315,43.97662126656148,0.0866076152493948,risk_on,2024-12-31,38.18788441478384
HD,65.15151515151514,24.242424242424242,66.66666666666666,54.54545454545454,42.78477040921423,50.678166203054964,0.0591018312273308,risk_on,2024-12-31,45.841489488418894
JNJ,22.727272727272727,21.21212121212121,3.0303030303030303,90.9090909090909,52.182676396270196,38.012292855011616,0.0520674805250491,risk_on,2024-12-31,40.63102524764134
KO,34.848484848484844,18.181818181818183,18.181818181818183,100.0,36.00155556037091,41.442735354498424,0.0195952658784632,risk_on,2024-12-31,33.292789962568946
MCD,37.87878787878788,15.151515151515152,33.33333333333333,75.75757575757575,45.79409529440814,41.58306148312405,-0.0041050135612619,risk_on,2024-12-31,39.65712001201279
LIN,25.757575757575758,12.121212121212121,51.515151515151516,96.96969696969697,46.037480986034936,46.48022346993426,0.065564718773897,risk_on,2024-12-31,36.3730967546735
DUK,59.09090909090909,9.090909090909092,9.090909090909092,87.87878787878788,46.47297502275255,42.32489803485354,0.039446817192013,risk_on,2024-12-31,44.53935211144918
PG,53.03030303030303,6.0606060606060606,12.121212121212121,93.93939393939394,46.68140379375085,42.3665837890532,-0.009901511862537,risk_on,2024-12-31,42.744792478220575
DIS,71.21212121212122,3.0303030303030303,48.484848484848484,30.303030303030305,52.8252762408769,41.17111585423599,0.0153569744760264,risk_on,2024-12-31,50.64325593604117
AAPL,75.75757575757576,100.0,75.75757575757575,48.484848484848484,43.327815538188176,68.66556310763764,0.0086016897427834,risk_on,2025-01-31,61.807456075826934
AMT,10.606060606060606,96.96969696969697,18.181818181818183,36.36363636363637,41.495058442361,40.72325411271463,0.1333333553339306,risk_on,2025-01-31,45.04284680371434
PG,39.39393939393939,93.93939393939394,12.121212121212121,93.93939393939394,51.51504029382228,58.18179593755233,0.0578347522563453,risk_on,2025-01-31,56.89843549487341
NEE,43.939393939393945,90.9090909090909,21.21212121212121,33.33333333333333,37.07927773417206,45.29464342562229,0.0008385297657276,risk_on,2025-01-31,49.07329861708163
WMT,96.96969696969697,87.87878787878788,39.39393939393939,75.75757575757575,51.64092678733947,70.32818535746789,-0.0058069203642335,risk_on,2025-01-31,69.16682840341888
JNJ,25.757575757575758,84.84848484848484,3.0303030303030303,90.9090909090909,52.80141944410112,51.46937479791113,0.0994413768633224,risk_on,2025-01-31,52.715097941141764
O,25.757575757575758,81.81818181818183,24.242424242424242,84.84848484848484,42.379598731100394,51.80925307955342,0.0532576844787338,risk_on,2025-01-31,46.14110400687551
BLK,80.3030303030303,78.78787878787878,78.78787878787878,69.6969696969697,,76.89393939393939,-0.1013761313778475,risk_on,2025-01-31,79.61480154610595
SO,59.09090909090909,75.75757575757575,9.090909090909092,81.81818181818183,49.08355296703462,54.96822574492207,0.0821918019858056,risk_on,2025-01-31,56.561042464945814
UNH,31.81818181818182,72.72727272727273,33.33333333333333,18.181818181818183,46.328789243138516,40.47787906074891,-0.1390624782013276,risk_on,2025-01-31,48.06080286502499
LLY,40.90909090909091,69.6969696969697,69.6969696969697,9.090909090909092,47.482207596918386,47.375229398171555,0.1462740433908871,risk_on,2025-01-31,50.248630659528104
XOM,24.242424242424242,66.66666666666666,27.27272727272727,66.66666666666666,,46.212121212121204,0.0087054225333302,risk_on,2025-01-31,43.51282943630605
MSFT,27.27272727272727,63.63636363636363,84.84848484848484,54.54545454545454,65.0950140474612,59.0796088700983,-0.0640148592504818,risk_on,2025-01-31,56.03212015354292
NVDA,63.63636363636363,60.60606060606061,100.0,3.0303030303030303,70.08492607894722,59.47153067033489,-0.0500541530066276,risk_on,2025-01-31,66.75622377373581
UNP,37.878787878787875,57.57575757575758,54.54545454545454,60.60606060606061,44.839434070697976,51.089098935351714,-0.0079906202073813,risk_on,2025-01-31,45.68440232099899
GOOGL,78.78787878787878,54.54545454545454,81.81818181818183,21.21212121212121,67.16854940367176,60.706437153461614,-0.1814038280099217,risk_on,2025-01-31,67.42704716118456
AMZN,87.87878787878788,51.515151515151516,96.96969696969697,24.242424242424242,58.65502414098076,63.85221694940826,-0.1374116013537232,risk_on,2025-01-31,64.06017356730776
LIN,34.848484848484844,48.484848484848484,51.515151515151516,96.96969696969697,46.39171055327896,55.64197847429216,0.0361562025001265,risk_on,2025-01-31,44.11621678264579
KO,33.333333333333336,45.45454545454545,15.151515151515152,100.0,35.42445195907376,45.87276917969354,0.1392564621350731,risk_on,2025-01-31,36.877043501435104
CVX,28.787878787878785,42.42424242424242,45.45454545454545,63.63636363636363,57.36166900122221,47.532939860850504,0.0261411209374842,risk_on,2025-01-31,47.84150625155853
META,95.45454545454545,39.39393939393939,93.93939393939394,12.121212121212121,74.79924075224409,63.14166633226699,-0.0495226286971866,risk_on,2025-01-31,72.75346198744228
HD,60.60606060606061,36.36363636363637,66.66666666666666,57.57575757575758,41.503651176204016,52.54315447766504,-0.0541045874812153,risk_on,2025-01-31,44.945392674527945
GS,93.93939393939394,33.33333333333333,90.9090909090909,30.303030303030305,51.02150537634408,59.901270772238504,-0.0548719758101025,risk_on,2025-01-31,57.56775431786254
APD,68.18181818181819,30.303030303030305,42.42424242424242,15.151515151515152,61.56446884491935,43.52501498110509,-0.0734057601631196,risk_on,2025-01-31,57.06025921398097
NEM,28.78787878787879,27.27272727272727,60.60606060606061,6.0606060606060606,53.79041484708661,35.30353751487187,-0.0084269803385936,risk_on,2025-01-31,42.86176437178565
PLD,31.81818181818182,24.242424242424242,63.63636363636363,39.39393939393939,39.463566866468234,39.71089519147546,0.0359748504446737,risk_on,2025-01-31,34.74744418711856
CAT,59.090909090909086,21.21212121212121,87.87878787878788,27.27272727272727,55.56349413677,50.20360791826309,-0.1060736421427835,risk_on,2025-01-31,49.74485057976994
COP,4.545454545454545,18.181818181818183,36.36363636363637,51.515151515151516,59.449276631099025,34.01106744743193,-0.062734032811568,risk_on,2025-01-31,38.728524198903884
DUK,59.09090909090909,15.151515151515152,6.0606060606060606,87.87878787878788,46.97451098730298,43.031265833824236,0.0596481867362983,risk_on,2025-01-31,43.638485176770956
HON,59.090909090909086,12.121212121212121,57.57575757575758,72.72727272727273,47.83696777283401,49.87042385759711,-0.0522975082798701,risk_on,2025-01-31,43.54852532553802
JPM,87.87878787878788,9.090909090909092,72.72727272727273,45.45454545454545,57.6747311827957,54.56524926686217,-0.0249906209533952,risk_on,2025-01-31,55.29940987543558
MCD,37.878787878787875,6.0606060606060606,30.303030303030305,78.78787878787878,45.02811899919797,39.6116844059002,0.0540006777925274,risk_on,2025-01-31,35.83873967173132
DIS,66.66666666666666,3.0303030303030303,48.484848484848484,42.42424242424242,53.24912681558955,42.77103748433003,-0.0023880828665902,risk_on,2025-01-31,46.660623816063925
CAT,30.303030303030305,100.0,15.151515151515152,27.27272727272727,50.11220120386555,44.567894786227654,-0.0067462374843604,risk_off,2025-03-03,61.49195470266421
MSFT,15.151515151515152,96.96969696969697,18.181818181818183,54.54545454545454,64.93107878804899,49.95591272730677,-0.0337202396850284,risk_off,2025-03-03,65.94654451089438
GOOGL,56.06060606060606,93.93939393939394,21.21212121212121,18.181818181818183,74.89133354600571,52.857054587989026,-0.0740673943120283,risk_off,2025-03-03,77.32304856206993
AMZN,60.6060606060606,90.9090909090909,6.0606060606060606,21.21212121212121,60.165038937031966,47.79058354498215,-0.0719930224272638,risk_off,2025-03-03,69.32583716084028
UNH,30.303030303030305,87.87878787878788,66.66666666666666,15.151515151515152,47.711793964972316,49.54235879299446,0.1214003076522183,risk_off,2025-03-03,56.626331765663984
HON,42.42424242424242,84.84848484848484,45.45454545454545,75.75757575757575,46.591092996186816,59.01518829620706,-0.0012734853235021,risk_off,2025-03-03,57.189878234346345
NVDA,46.96969696969697,81.81818181818183,3.0303030303030303,3.0303030303030303,69.67422602557353,40.90454217481168,-0.0497983554861809,risk_off,2025-03-03,69.40773689393026
WMT,100.0,78.78787878787878,63.63636363636363,66.66666666666666,51.195643363208774,72.05731049082358,-0.1004200818742966,risk_off,2025-03-03,67.63751539390982
COP,4.545454545454545,75.75757575757575,69.6969696969697,48.484848484848484,60.380938709579326,51.77315743888556,0.1337579591603761,risk_off,2025-03-03,55.44387325450686
HD,37.878787878787875,72.72727272727273,36.36363636363637,57.57575757575758,41.97001044394132,49.303092997879176,-0.0595345327354648,risk_off,2025-03-03,50.36509570137966
JPM,93.93939393939394,69.6969696969697,30.303030303030305,39.39393939393939,59.353998655913976,58.53746639784946,-0.0587828729662168,risk_off,2025-03-03,68.28361745683745
NEE,50.0,66.66666666666666,81.81818181818183,30.303030303030305,29.4883138787749,51.65523853333074,-0.0101927300885007,risk_off,2025-03-03,43.95885069575503
APD,77.27272727272727,63.63636363636363,60.60606060606061,42.42424242424242,63.971326418763866,61.58214407163156,-0.0506357018438944,risk_off,2025-03-03,66.13103466968457
BLK,59.090909090909086,60.60606060606061,24.242424242424242,60.60606060606061,66.13743279569891,54.1365774682307,-0.0206835088935375,risk_off,2025-03-03,63.30615995723612
DIS,59.09090909090909,57.57575757575758,51.515151515151516,51.515151515151516,50.81741067510279,54.102876074414496,-0.124922456360628,risk_off,2025-03-03,54.219647771758396
XOM,28.787878787878785,54.54545454545454,72.72727272727273,69.6969696969697,,56.43939393939394,0.1036562541528551,risk_off,2025-03-03,45.14620768102379
AAPL,60.60606060606061,51.515151515151516,27.27272727272727,45.45454545454545,41.562965255345375,45.28229002076605,-0.0667982774357234,risk_off,2025-03-03,47.737867394419894
PG,48.484848484848484,48.484848484848484,90.9090909090909,93.93939393939394,47.006493393815354,65.76493504239943,-0.0294435803677368,risk_off,2025-03-03,47.694435786041204
MCD,46.96969696969697,45.45454545454545,75.75757575757575,78.78787878787878,43.810041133683995,58.155947620676194,0.0265535717419811,risk_off,2025-03-03,44.83258669401804
CVX,28.78787878787879,42.42424242424242,57.57575757575758,72.72727272727273,55.561585582717285,51.41534741957376,0.0927558775094674,risk_off,2025-03-03,47.13263225395325
AMT,25.757575757575758,39.39393939393939,93.93939393939394,33.33333333333333,40.459148035785496,46.57667809200558,0.0381184364767825,risk_off,2025-03-03,37.64787962522201
O,50.0,36.36363636363637,78.78787878787878,84.84848484848484,38.475706889685384,57.69514137793708,0.0079930337197369,risk_off,2025-03-03,39.80845025251923
DUK,71.2121212121212,33.33333333333333,96.96969696969697,90.9090909090909,42.95367440738505,67.07558336632549,0.0278082337800305,risk_off,2025-03-03,44.90908385222809
GS,93.93939393939394,30.303030303030305,9.090909090909092,24.242424242424242,53.85584677419355,42.28632086999023,-0.0974292548439078,risk_off,2025-03-03,53.70174944343541
NEM,48.484848484848484,27.27272727272727,33.33333333333333,6.0606060606060606,76.86203648137626,38.40271032657828,0.1397544401238426,risk_off,2025-03-03,57.38800659325904
LIN,33.33333333333333,24.242424242424242,54.54545454545454,96.96969696969697,44.26713463820968,50.67160874582375,0.007333725578015,risk_off,2025-03-03,36.492493719707284
LLY,57.57575757575758,21.21212121212121,39.39393939393939,9.090909090909092,48.93688368469375,35.2419221914842,-0.1116572740500397,risk_off,2025-03-03,42.210238159774725
META,89.3939393939394,18.181818181818183,12.121212121212121,12.121212121212121,74.65940665579909,41.29551769479618,-0.1201282404515921,risk_off,2025-03-03,60.470426536130475
JNJ,46.969696969696976,15.151515151515152,100.0,87.87878787878788,50.5150504135922,60.10301008271845,-0.0086083360348785,risk_off,2025-03-03,39.46189411969848
SO,71.21212121212122,12.121212121212121,87.87878787878788,81.81818181818183,41.89122356886131,58.98430531983287,0.0121078535233485,risk_off,2025-03-03,38.07213694482464
KO,66.66666666666666,9.090909090909092,84.84848484848484,100.0,33.027998037388,58.726811728689725,-0.0096791613826885,risk_off,2025-03-03,31.665935089693292
UNP,33.333333333333336,6.0606060606060606,48.484848484848484,63.63636363636363,46.76062444862583,39.655155192755466,-0.0389324769556962,risk_off,2025-03-03,32.45231207473182
PLD,34.848484848484844,3.0303030303030303,42.42424242424242,36.36363636363637,42.74313860934676,31.881961055202687,-0.0951108945517514,risk_off,2025-03-03,29.666065272307648
DIS,21.212121212121215,100.0,45.45454545454545,51.515151515151516,52.446030149715924,54.125569666306816,-0.0762917833041633,risk_off,2025-03-31,69.07195134871671
GS,77.27272727272728,96.96969696969697,9.090909090909092,21.21212121212121,54.76730510752688,51.86255193059628,0.0048143019066713,risk_off,2025-03-31,70.82224420029087
AMZN,37.87878787878788,93.93939393939394,6.0606060606060606,24.242424242424242,60.94868936966455,44.613980298175335,-0.0150845958165124,risk_off,2025-03-31,72.44669840844779
GOOGL,31.81818181818182,90.9090909090909,15.151515151515152,18.181818181818183,76.15524073382593,46.4431693588864,0.0356958373916707,risk_off,2025-03-31,80.41669323137755
CAT,12.121212121212121,87.87878787878788,18.181818181818183,27.27272727272727,49.828628272589256,39.05663474542694,-0.067919935492981,risk_off,2025-03-31,62.80266336340899
MSFT,9.090909090909092,84.84848484848484,21.21212121212121,57.57575757575758,65.08732878804899,47.562920303064345,0.0496816462045497,risk_off,2025-03-31,70.88277717888717
META,68.18181818181819,81.81818181818183,12.121212121212121,9.090909090909092,76.23880226397223,49.49018469521869,-0.0380317570047575,risk_off,2025-03-31,78.07578067099722
NVDA,46.96969696969697,78.78787878787878,3.0303030303030303,3.0303030303030303,70.46871180407466,40.45737872445129,0.0059051430694536,risk_off,2025-03-31,72.91044675557826
HD,27.27272727272727,75.75757575757575,33.33333333333333,60.60606060606061,45.76967514709969,48.547874423359325,-0.0204370936013424,risk_off,2025-03-31,56.28515558997847
JPM,83.33333333333334,72.72727272727273,24.242424242424242,39.39393939393939,59.62281586021505,55.863957111436946,-0.0027721480885054,risk_off,2025-03-31,65.04096053686331
APD,63.63636363636364,69.6969696969697,57.57575757575758,48.484848484848484,65.05231829619116,60.88925153802611,-0.0813441599745197,risk_off,2025-03-31,66.71850514028247
WMT,84.84848484848484,66.66666666666666,60.60606060606061,54.54545454545454,48.73109974386409,63.079553282106154,0.0939742557690397,risk_off,2025-03-31,56.24159252940762
AAPL,63.63636363636363,63.63636363636363,27.27272727272727,42.42424242424242,41.633164530707695,47.72057230008094,-0.0491603922428502,risk_off,2025-03-31,50.26960402079149
BLK,62.121212121212125,60.60606060606061,30.303030303030305,63.63636363636363,66.39784946236558,56.61290322580645,-0.0274279028328133,risk_off,2025-03-31,64.16374335414127
NEE,36.36363636363636,57.57575757575758,81.81818181818183,30.303030303030305,28.944835617905333,47.00108833570228,-0.0513471494003138,risk_off,2025-03-31,39.63363997146306
UNP,33.33333333333333,54.54545454545454,48.484848484848484,66.66666666666666,46.32315409758219,49.87069142557704,-0.0918557894617859,risk_off,2025-03-31,49.001403990372594
MCD,72.72727272727272,51.515151515151516,75.75757575757575,78.78787878787878,42.48897602285706,64.25537096214717,0.0068188523741321,risk_off,2025-03-31,46.58089705103629
SO,83.33333333333333,48.484848484848484,93.93939393939394,81.81818181818183,41.51758226451348,69.8186679680542,-0.0054377380815079,risk_off,2025-03-31,45.15433888568176
O,56.06060606060606,45.45454545454545,78.78787878787878,84.84848484848484,38.12848466746316,60.65599996379566,-0.0108601494853709,risk_off,2025-03-31,41.27856060307019
PLD,21.21212121212121,42.42424242424242,42.42424242424242,36.36363636363637,43.47307765281127,37.179464015410744,-0.0777350601148374,risk_off,2025-03-31,42.51232933041216
KO,77.27272727272727,39.39393939393939,84.84848484848484,96.96969696969697,32.09313792733607,66.11559728243691,0.0101926235624711,risk_off,2025-03-31,35.939248738269335
PG,53.03030303030303,36.36363636363637,90.9090909090909,87.87878787878788,47.34406023873514,63.10517568411067,-0.0478817260285379,risk_off,2025-03-31,43.46556562781062
DUK,86.36363636363636,33.33333333333333,96.96969696969697,90.9090909090909,43.330579961565576,70.18126750746463,-0.0022136941031292,risk_off,2025-03-31,40.77925646089254
XOM,46.96969696969697,30.303030303030305,72.72727272727273,69.6969696969697,,54.92424242424242,-0.0888758065055198,risk_off,2025-03-31,31.402149590472224
CVX,65.15151515151516,27.27272727272727,63.63636363636363,72.72727272727273,54.76773477626567,56.71112271282889,-0.1673141930641417,risk_off,2025-03-31,44.956199840499444
HON,39.39393939393939,24.242424242424242,51.515151515151516,75.75757575757575,45.455247337637786,47.272867649345734,-0.0012278693910888,risk_off,2025-03-31,37.521231129657785
LLY,48.484848484848484,21.21212121212121,36.36363636363637,12.121212121212121,49.05869148039267,33.44810193244217,0.0717875325282269,risk_off,2025-03-31,38.834629356112515
COP,27.272727272727273,18.181818181818183,66.66666666666666,45.45454545454545,58.52441989237502,43.22003549362652,-0.125119023135257,risk_off,2025-03-31,42.924928107057404
AMT,59.090909090909086,15.151515151515152,87.87878787878788,33.33333333333333,39.821469298282594,47.0552029505656,0.0171415240023691,risk_off,2025-03-31,31.27566904663523
NEM,74.24242424242425,12.121212121212121,39.39393939393939,6.0606060606060606,76.66042357815044,41.695721079266455,0.0969345572391071,risk_off,2025-03-31,52.93623962977738
UNH,21.21212121212121,9.090909090909092,69.6969696969697,15.151515151515152,46.4628649906597,32.322876028434976,-0.2186539169712111,risk_off,2025-03-31,32.10781532527254
LIN,45.45454545454545,6.0606060606060606,54.54545454545454,100.0,43.50397636106484,49.912916484334175,-0.0323426415308021,risk_off,2025-03-31,29.82684531637906
JNJ,63.63636363636363,3.0303030303030303,100.0,93.93939393939394,50.46923637038231,62.215059395288584,-0.0598769470275999,risk_off,2025-03-31,33.417835049682616
NVDA,39.3939393939394,100.0,3.0303030303030303,3.0303030303030303,70.53413429941475,43.197735950792044,0.2365621143794776,risk_off,2025-04-29,76.58929920506682
UNP,18.181818181818183,96.96969696969697,57.57575757575758,75.75757575757575,46.56932705786722,59.01083510854314,0.0356110731273255,risk_off,2025-04-29,60.180129115874806
CVX,28.787878787878785,93.93939393939394,48.484848484848484,57.57575757575758,56.154162295505685,56.988408216676895,-0.0235462936643164,risk_off,2025-04-29,65.56245359525309
JNJ,63.63636363636363,90.9090909090909,100.0,81.81818181818183,51.32138464524565,77.5370042017764,-0.022320639500914,risk_off,2025-04-29,66.5391625676914
HON,57.57575757575758,87.87878787878788,42.42424242424242,66.66666666666666,44.20194741993269,59.74948039307744,0.0620360085468949,risk_off,2025-04-29,60.96372852174869
UNH,19.6969696969697,84.84848484848484,81.81818181818183,6.0606060606060606,47.8833479542703,48.061518075702544,-0.2715344003411275,risk_off,2025-04-29,56.9024953845949
AMT,83.33333333333334,81.81818181818183,93.93939393939394,51.515151515151516,36.03214243353716,69.32764060791956,-0.0400758823648234,risk_off,2025-04-29,57.956283320936684
XOM,36.36363636363636,78.78787878787878,69.6969696969697,69.6969696969697,,63.63636363636364,-0.057678109678812,risk_off,2025-04-29,67.09437211717422
NEE,30.3030303030303,75.75757575757575,72.72727272727273,45.45454545454545,27.14813904829721,50.27811265814429,-0.0005948091528229,risk_off,2025-04-29,44.26881353351321
APD,50.0,72.72727272727273,51.515151515151516,48.484848484848484,63.68406758314048,57.28226806208264,0.0030635851042044,risk_off,2025-04-29,65.00265098407715
LIN,43.93939393939394,69.6969696969697,66.66666666666666,84.84848484848484,44.62266258148888,61.954835546600805,0.0264770374825469,risk_off,2025-04-29,53.151842626582535
HD,42.42424242424242,66.66666666666666,63.63636363636363,72.72727272727273,45.808643501416924,58.25263779119248,0.0252367620016538,risk_off,2025-04-29,52.535318713515075
JPM,84.84848484848484,63.63636363636363,33.33333333333333,42.42424242424242,59.95435707885304,56.83935626425546,0.0771400355402167,risk_off,2025-04-29,64.47585718232875
O,60.60606060606061,60.60606060606061,78.78787878787878,90.9090909090909,38.803224147086155,65.94246301123542,-0.0266643876875828,risk_off,2025-04-29,49.148906944608996
DUK,83.33333333333333,57.57575757575758,96.96969696969697,96.96969696969697,43.11196794141078,75.59209055797912,-0.0595727212966434,risk_off,2025-04-29,53.34404440352324
SO,83.33333333333334,54.54545454545454,90.9090909090909,93.93939393939394,42.1159662264362,72.96864779074178,-0.0353198013704378,risk_off,2025-04-29,51.77908003728156
BLK,72.72727272727272,51.515151515151516,21.21212121212121,54.54545454545454,66.01366487455198,53.2027329749104,0.0551427548435863,risk_off,2025-04-29,61.90831073783149
KO,80.3030303030303,48.484848484848484,87.87878787878788,100.0,32.6109788314546,69.85552909962425,-0.0165859982522517,risk_off,2025-04-29,44.30482443669746
MCD,72.72727272727272,45.45454545454545,75.75757575757575,78.78787878787878,41.360294915944294,62.817513528643396,-0.0052782310400933,risk_off,2025-04-29,46.870080120597414
PLD,28.78787878787879,42.42424242424242,39.39393939393939,39.39393939393939,44.5802620113154,38.91605240226308,0.0467507251809908,risk_off,2025-04-29,41.773697872019525
GOOGL,22.72727272727273,39.39393939393939,27.27272727272727,33.33333333333333,75.21368009976881,39.58819056540831,0.0761738053776559,risk_off,2025-04-29,56.036979091508705
CAT,10.606060606060606,36.36363636363637,18.181818181818183,30.303030303030305,49.35727434309192,28.962363959527476,0.1369225672530893,risk_off,2025-04-29,39.82280081509208
MSFT,28.78787878787879,33.33333333333333,30.303030303030305,63.63636363636363,64.79288439420067,44.170698090961345,0.160694283406559,risk_off,2025-04-29,49.27048245378262
PG,42.42424242424242,30.303030303030305,84.84848484848484,87.87878787878788,48.26390421422893,58.74368993375488,0.0314310752876352,risk_off,2025-04-29,41.32661609616005
WMT,98.48484848484848,27.27272727272727,60.60606060606061,60.60606060606061,47.1365473525901,58.82124886445742,0.0124947619408881,risk_off,2025-04-29,47.02483141719599
NEM,81.81818181818181,24.242424242424242,54.54545454545454,9.090909090909092,80.02420951875786,49.944235843145506,-0.0020770508355959,risk_off,2025-04-29,61.08551941350626
AMZN,37.878787878787875,21.21212121212121,9.090909090909092,21.21212121212121,60.4461556422886,29.9680190072456,0.0924809322135682,risk_off,2025-04-29,44.00902485509832
LLY,65.15151515151514,18.181818181818183,45.45454545454545,15.151515151515152,48.78421169146396,38.54472112617158,-0.1873135961048925,risk_off,2025-04-29,40.406242572425015
DIS,15.151515151515152,15.151515151515152,24.242424242424242,36.36363636363637,52.26835877874818,28.63548993756782,0.2232093767997112,risk_off,2025-04-29,34.656013186230155
GS,81.81818181818181,12.121212121212121,12.121212121212121,18.181818181818183,54.405521953405014,35.729589239165854,0.108431140028276,risk_off,2025-04-29,43.456872308473855
META,72.72727272727272,9.090909090909092,6.0606060606060606,12.121212121212121,87.32494813316914,37.46498962663383,0.1607748615827153,risk_off,2025-04-29,58.52509051496292
COP,7.575757575757576,6.0606060606060606,36.36363636363637,27.27272727272727,58.94366894653672,27.2432792438528,-0.0794514109771777,risk_off,2025-04-29,34.048248721852914
AAPL,54.54545454545455,3.0303030303030303,15.151515151515152,24.242424242424242,42.783387014511874,27.950616796841768,-0.0510866351116565,risk_off,2025-04-29,30.65781897857536
COP,4.545454545454545,100.0,33.33333333333333,27.27272727272727,63.968330371611216,45.82396910462528,0.0746038947977056,risk_off,2025-05-28,69.55290916420658
LLY,31.818181818181817,96.96969696969697,45.45454545454545,9.090909090909092,50.25911275179848,46.71848921702636,0.10526971312739,risk_off,2025-05-28,62.13103324284768
UNH,4.545454545454545,93.93939393939394,81.81818181818183,6.0606060606060606,60.627973696034275,49.39832201193413,0.0151286772910552,risk_off,2025-05-28,65.70035260839724
CVX,21.21212121212121,90.9090909090909,48.484848484848484,60.60606060606061,56.56303856459701,55.555031955343644,0.0619026459672744,risk_off,2025-05-28,63.569643623421875
NEM,98.48484848484848,87.87878787878788,63.63636363636363,15.151515151515152,80.28445360036307,69.08719375037563,0.1199621633989711,risk_off,2025-05-28,83.89051312526713
DUK,69.69696969696969,84.84848484848484,96.96969696969697,96.96969696969697,45.93222030053937,78.88341375707758,0.015727418958096,risk_off,2025-05-28,58.91651969720934
AMT,69.69696969696969,81.81818181818183,100.0,51.515151515151516,36.820488460805436,67.97015829822169,0.0238162355205435,risk_off,2025-05-28,52.26058930469184
AAPL,36.36363636363637,78.78787878787878,15.151515151515152,24.242424242424242,45.3775715508861,39.98460521926813,0.0028939319247263,risk_off,2025-05-28,54.19925934081671
SO,71.2121212121212,75.75757575757575,90.9090909090909,84.84848484848484,45.56669576150952,73.65879369775647,0.0241441535246556,risk_off,2025-05-28,56.209712085169045
XOM,27.27272727272727,72.72727272727273,69.6969696969697,69.6969696969697,,59.848484848484844,0.0771716502430333,risk_off,2025-05-28,62.8666119966699
UNP,27.27272727272727,69.6969696969697,54.54545454545454,72.72727272727273,47.297201055187266,54.307925059522304,0.0324511970093925,risk_off,2025-05-28,52.10635370929927
GOOGL,36.36363636363636,66.66666666666666,27.27272727272727,30.303030303030305,76.39732210318641,47.4006765418494,0.0068460934764604,risk_off,2025-05-28,70.45555143528043
PLD,34.848484848484844,63.63636363636363,39.39393939393939,42.42424242424242,44.77932392123812,45.016470844853686,-0.0327094036248107,risk_off,2025-05-28,49.37545793130913
AMZN,51.515151515151516,60.60606060606061,9.090909090909092,18.181818181818183,60.90672306563018,40.06013249191391,0.0605705051902392,risk_off,2025-05-28,60.07845584391609
APD,33.333333333333336,57.57575757575758,51.515151515151516,48.484848484848484,31.117762072093193,44.40537059623682,0.0413599861291906,risk_off,2025-05-28,38.843236816385684
JNJ,48.484848484848484,54.54545454545454,93.93939393939394,87.87878787878788,51.65048323454945,67.29979361660685,-0.0027553512374605,risk_off,2025-05-28,52.22635646377499
GS,84.84848484848484,51.515151515151516,12.121212121212121,21.21212121212121,53.86004704301075,44.7114033479961,0.1293800052384062,risk_off,2025-05-28,55.640729468971806
PG,40.90909090909091,48.484848484848484,84.84848484848484,81.81818181818183,48.52405466095896,60.91693214431301,-0.0521629761932439,risk_off,2025-05-28,47.9108520725367
KO,74.24242424242425,45.45454545454545,87.87878787878788,100.0,37.30341060136074,68.97583363542367,-0.0236120909226505,risk_off,2025-05-28,42.549778706200854
HD,48.484848484848484,42.42424242424242,66.66666666666666,75.75757575757575,47.50081303749889,56.16682927416643,-0.0123892778048171,risk_off,2025-05-28,46.12990659738481
HON,59.090909090909086,39.39393939393939,42.42424242424242,63.63636363636363,42.805144668507346,49.47011984279237,0.0078803694733309,risk_off,2025-05-28,43.11918861190237
BLK,68.18181818181819,36.36363636363637,24.242424242424242,54.54545454545454,65.13963560334527,49.69459378733572,0.0612696729785593,risk_off,2025-05-28,57.168333027370416
NVDA,54.54545454545455,33.33333333333333,3.0303030303030303,3.0303030303030303,71.06186443250954,33.00025167438069,0.1499147472729767,risk_off,2025-05-28,58.9895387593956
JPM,93.93939393939394,30.303030303030305,36.36363636363637,45.45454545454545,59.11458333333332,53.035037878787875,0.0958670564417121,risk_off,2025-05-28,53.64576619696878
CAT,25.757575757575758,27.27272727272727,18.181818181818183,33.33333333333333,43.913730615054845,29.691837032101876,0.0926779465893032,risk_off,2025-05-28,37.72952037510805
META,74.24242424242425,24.242424242424242,6.0606060606060606,12.121212121212121,74.93678666619927,38.32069066657319,0.1282047415622393,risk_off,2025-05-28,60.41524109216616
NEE,12.121212121212121,21.21212121212121,72.72727272727273,39.39393939393939,28.38766462662806,34.7684420162347,0.0562416133133105,risk_off,2025-05-28,25.05400666969087
DIS,50.0,18.181818181818183,21.21212121212121,36.36363636363637,57.59595866062406,36.670706883639966,0.0891320188362312,risk_off,2025-05-28,45.74783251852079
MSFT,56.06060606060606,15.151515151515152,30.303030303030305,57.57575757575758,64.45917222239243,44.710016262660304,0.0876553002874802,risk_off,2025-05-28,49.72428144667426
MCD,81.81818181818181,12.121212121212121,75.75757575757575,78.78787878787878,39.70789902646332,57.63854950226236,-0.0869773423270638,risk_off,2025-05-28,35.164587755337266
LIN,56.06060606060606,9.090909090909092,60.60606060606061,90.9090909090909,46.06023826249437,52.54538098583221,0.0042160853782198,risk_off,2025-05-28,36.30089645064335
O,56.06060606060606,6.0606060606060606,78.78787878787878,93.93939393939394,43.78775056418425,55.727247082533815,0.0241719306302918,risk_off,2025-05-28,33.9918064735555
WMT,96.96969696969697,3.0303030303030303,57.57575757575758,66.66666666666666,47.653477425652085,54.379180333615274,-0.0125462900812926,risk_off,2025-05-28,38.81814124649112
UNH,3.0303030303030303,100.0,81.81818181818183,6.0606060606060606,61.11288748913772,50.404395679645724,-0.0712444580875919,risk_off,2025-06-26,67.41864276479633
MCD,54.54545454545455,96.96969696969697,75.75757575757575,78.78787878787878,41.79612160551471,69.57134553322415,0.0449532476224219,risk_off,2025-06-26,57.26351183116952
GOOGL,30.303030303030305,93.93939393939394,30.303030303030305,30.303030303030305,76.55357210318641,52.28041139033426,0.1131727564220081,risk_off,2025-06-26,77.98290016925256
COP,7.575757575757576,90.9090909090909,33.33333333333333,24.242424242424242,63.968330371611216,44.00578728644346,0.0446693540087772,risk_off,2025-06-26,67.23001252046151
XOM,31.818181818181817,87.87878787878788,69.6969696969697,66.66666666666666,,64.0151515151515,0.0037276449683834,risk_off,2025-06-26,76.34364447262716
LLY,18.18181818181818,84.84848484848484,45.45454545454545,9.090909090909092,49.72147834319633,41.45944718379077,0.0220973028374531,risk_off,2025-06-26,56.85152117990593
NEE,27.272727272727273,81.81818181818183,72.72727272727273,42.42424242424242,27.21578962662806,50.291642773810466,0.0121143912696253,risk_off,2025-06-26,41.662350111567335
NVDA,68.18181818181819,78.78787878787878,3.0303030303030303,3.0303030303030303,70.36564248300044,44.67918910266069,0.1192103936151292,risk_off,2025-06-26,72.44372738066625
NEM,95.45454545454545,75.75757575757575,66.66666666666666,15.151515151515152,79.88752819713726,66.58356624548806,0.1108295577883469,risk_off,2025-06-26,79.86186341434578
META,86.36363636363637,72.72727272727273,6.0606060606060606,12.121212121212121,73.86208231199808,50.22696191694507,-0.0184688312519086,risk_off,2025-06-26,74.41858935400387
HD,37.87878787878788,69.6969696969697,63.63636363636363,75.75757575757575,48.29214368266017,59.05236813047143,0.0325722045058889,risk_off,2025-06-26,53.24027115297913
APD,33.33333333333333,66.66666666666666,48.484848484848484,48.484848484848484,31.389501202527974,45.671839634444986,0.0573851245030918,risk_off,2025-06-26,40.85372354735666
CVX,22.727272727272727,63.63636363636363,51.515151515151516,60.60606060606061,56.285248058731895,50.95401930871608,0.0720021719793535,risk_off,2025-06-26,55.93009650166364
AAPL,12.121212121212121,60.60606060606061,15.151515151515152,27.27272727272727,46.55288829948475,32.34088069019998,0.0640796262826493,risk_off,2025-06-26,47.91060028464045
AMZN,53.030303030303024,57.57575757575758,9.090909090909092,18.181818181818183,60.74543274304954,39.724844124367486,0.0659543461968563,risk_off,2025-06-26,59.378354256829255
AMT,71.21212121212122,54.54545454545454,100.0,51.515151515151516,36.81060703788053,62.816666862121565,0.0567763451735556,risk_off,2025-06-26,43.858949277683436
CAT,68.18181818181819,51.515151515151516,18.181818181818183,33.33333333333333,44.0750209376355,43.057428429951344,0.1358279942755966,risk_off,2025-06-26,47.69490197464002
BLK,81.81818181818181,48.484848484848484,24.242424242424242,54.54545454545454,63.75074671445639,54.568331161073104,0.0897272836653468,risk_off,2025-06-26,60.950899291108215
PLD,19.696969696969695,45.45454545454545,39.39393939393939,39.39393939393939,45.51519275597398,37.890917339073575,0.0565188385896662,risk_off,2025-06-26,43.729953393581
WMT,84.84848484848484,42.42424242424242,60.60606060606061,69.6969696969697,43.97657035947192,60.310465587045904,0.0151010688224328,risk_off,2025-06-26,46.36672470787482
UNP,34.848484848484844,39.39393939393939,54.54545454545454,72.72727272727273,47.566018259488345,49.816233954927974,-0.0202711273763324,risk_off,2025-06-26,44.53298362151279
GS,95.45454545454545,36.36363636363637,12.121212121212121,21.21212121212121,52.80997983870968,43.59229899804497,0.0608592015813218,risk_off,2025-06-26,51.38204932556694
DUK,65.15151515151516,33.33333333333333,96.96969696969697,93.93939393939394,45.71482899619154,67.02175367802619,0.0316559166036627,risk_off,2025-06-26,43.77175142089769
JPM,92.42424242424242,30.303030303030305,27.27272727272727,45.45454545454545,58.99697580645161,50.890304252199414,0.034181801271645,risk_off,2025-06-26,53.69786455221484
DIS,72.72727272727273,27.27272727272727,21.21212121212121,36.36363636363637,57.211634063849864,42.95747832792149,8.234922036765013e-05,risk_off,2025-06-26,50.355825996050655
LIN,51.515151515151516,24.242424242424242,57.57575757575758,90.9090909090909,46.329055466795445,54.11429594184394,0.0181501600750357,risk_off,2025-06-26,40.84238765112218
JNJ,46.96969696969697,21.21212121212121,93.93939393939394,84.84848484848484,52.53311245009197,59.90056188395779,0.1071640624537311,risk_off,2025-06-26,43.867289297260754
SO,68.18181818181819,18.181818181818183,90.9090909090909,87.87878787878788,45.93062166146277,62.21642736259558,0.0553403440447444,risk_off,2025-06-26,40.115664158725025
PG,27.272727272727273,15.151515151515152,84.84848484848484,81.81818181818183,49.96268491511341,51.810718801204494,-0.0020803241561927,risk_off,2025-06-26,39.20008970789405
MSFT,57.57575757575758,12.121212121212121,36.36363636363637,57.57575757575758,63.697133886721545,45.46669950461704,0.0326867210103873,risk_off,2025-06-26,49.63552629203481
O,57.57575757575757,9.090909090909092,78.78787878787878,96.96969696969697,44.672607195008624,57.419369923850205,0.0122377754126359,risk_off,2025-06-26,36.14522595602932
HON,57.57575757575758,6.0606060606060606,42.42424242424242,63.63636363636363,43.38646187280842,42.61668631395562,-0.009453191085302,risk_off,2025-06-26,34.485873813957866
KO,65.15151515151516,3.0303030303030303,87.87878787878788,100.0,38.055733532637035,58.82326791864862,-0.0043184546780806,risk_off,2025-06-26,30.648040680445643
NEM,90.9090909090909,100.0,66.66666666666666,12.121212121212121,81.14192211819494,70.16777836303292,0.0763497588299073,risk_off,2025-07-25,87.20822310559124
UNH,3.0303030303030303,96.96969696969697,81.81818181818183,6.0606060606060606,61.62775522328141,49.901308620413865,0.0937878605924531,risk_off,2025-07-25,66.16814543732562
UNP,21.21212121212121,93.93939393939394,54.54545454545454,72.72727272727273,49.095955966247914,58.30403967809807,0.0138382154237606,risk_off,2025-07-25,58.983032648682084
LLY,28.787878787878785,90.9090909090909,51.515151515151516,9.090909090909092,49.93936522913351,46.04847910643276,-0.12429094668592,risk_off,2025-07-25,59.35628245995001
BLK,80.30303030303031,87.87878787878788,21.21212121212121,51.515151515151516,61.96333956677575,60.574486095173334,0.0221583345196811,risk_off,2025-07-25,70.73649633800409
COP,10.606060606060606,84.84848484848484,30.303030303030305,24.242424242424242,62.48035174228613,42.49607034845722,0.0192733216416238,risk_off,2025-07-25,64.04093778526925
JNJ,45.45454545454545,81.81818181818183,93.93939393939394,78.78787878787878,49.72039600130162,69.94407920026033,0.0653000002085277,risk_off,2025-07-25,58.190733775218185
NVDA,92.42424242424242,78.78787878787878,3.0303030303030303,3.0303030303030303,69.99994506767067,49.454534468079586,0.025878994196911,risk_off,2025-07-25,74.41386317312221
CVX,33.333333333333336,75.75757575757575,48.484848484848484,57.57575757575758,56.821540576384095,54.394611145579844,0.0215706304371263,risk_off,2025-07-25,59.9564455427669
NEE,28.787878787878785,72.72727272727273,72.72727272727273,42.42424242424242,29.706519178246896,49.274637168982714,0.0622129619433899,risk_off,2025-07-25,41.48545121766213
XOM,22.727272727272727,69.6969696969697,69.6969696969697,66.66666666666666,,57.196969696969695,0.0079709895041231,risk_off,2025-07-25,58.254467437461514
GS,93.93939393939394,66.66666666666666,6.0606060606060606,18.181818181818183,53.031754032258064,47.57604777614858,0.0177097238958277,risk_off,2025-07-25,60.42316391231069
PLD,19.6969696969697,63.63636363636363,39.39393939393939,39.39393939393939,45.029749223819806,41.43019226900638,0.018043320765712,risk_off,2025-07-25,47.910047803335985
HD,30.303030303030305,60.60606060606061,63.63636363636363,75.75757575757575,48.322170770634216,55.72504021473291,0.099776236405453,risk_off,2025-07-25,50.10875072206859
AMZN,69.69696969696969,57.57575757575758,12.121212121212121,21.21212121212121,60.60015954104628,44.24124402942138,-0.0112340393885619,risk_off,2025-07-25,60.574099400930045
O,42.42424242424242,54.54545454545454,78.78787878787878,93.93939393939394,44.57113699721227,62.85362133883639,0.0176165218684927,risk_off,2025-07-25,47.13035020097801
META,89.39393939393939,51.515151515151516,9.090909090909092,15.151515151515152,73.95110222922162,47.82052347614736,0.0590868072407353,risk_off,2025-07-25,69.13691344792848
AMT,60.60606060606061,48.484848484848484,100.0,48.484848484848484,36.473027171899545,58.809756949531426,-0.0782615853156638,risk_off,2025-07-25,41.92747317726925
JPM,87.87878787878788,45.45454545454545,27.27272727272727,45.45454545454545,58.776881720430104,52.96749755620724,-0.0079700117933446,risk_off,2025-07-25,57.68809637031931
WMT,77.27272727272728,42.42424242424242,57.57575757575758,69.6969696969697,44.49693805965667,58.29332700587073,-0.0065661165654371,risk_off,2025-07-25,46.83581496131366
PG,15.151515151515152,39.39393939393939,84.84848484848484,84.84848484848484,49.62552260356263,54.773589369197374,0.0023373032852471,risk_off,2025-07-25,43.74365533108981
MCD,45.45454545454545,36.36363636363637,75.75757575757575,81.81818181818183,40.76382212751343,56.031552304290564,0.0522665796887915,risk_off,2025-07-25,39.96723316399739
APD,46.96969696969697,33.33333333333333,45.45454545454545,54.54545454545454,30.611466600129276,42.182899380631916,0.0002004998013358,risk_off,2025-07-25,32.814382861166756
HON,51.515151515151516,30.303030303030305,42.42424242424242,63.63636363636363,44.911726390992825,46.55810285395614,-0.006287877682261,risk_off,2025-07-25,41.47056402896756
AAPL,9.09090909090909,27.27272727272727,15.151515151515152,27.27272727272727,47.112816110374226,25.1801389796506,0.064896153483952,risk_off,2025-07-25,38.26692192883328
SO,63.63636363636363,24.242424242424242,90.9090909090909,87.87878787878788,44.723294537454365,62.27799224082421,-0.0091242279088616,risk_off,2025-07-25,40.75624376081366
GOOGL,53.03030303030303,21.21212121212121,33.33333333333333,30.303030303030305,75.52624515247386,42.68100660625235,0.0668288857623913,risk_off,2025-07-25,58.554733044255535
DIS,80.3030303030303,18.181818181818183,24.242424242424242,36.36363636363637,56.84632227809847,43.18744627380151,-0.0214867916697338,risk_off,2025-07-25,48.269628075516366
LIN,46.96969696969697,15.151515151515152,60.60606060606061,90.9090909090909,44.80192700593628,51.68765812845997,0.0185666825420796,risk_off,2025-07-25,36.82001442388875
KO,45.45454545454545,12.121212121212121,87.87878787878788,100.0,47.48480381995732,58.58786985490055,0.013878836343582,risk_off,2025-07-25,37.55504896587415
DUK,59.090909090909086,9.090909090909092,96.96969696969697,96.96969696969697,46.3204592008025,61.68833426440292,0.0367714168389319,risk_off,2025-07-25,37.190492199798186
MSFT,81.81818181818181,6.0606060606060606,36.36363636363637,60.60606060606061,62.72240863488453,49.51417869667388,-0.0126141416541666,risk_off,2025-07-25,48.796766759949215
CAT,72.72727272727272,3.0303030303030303,18.181818181818183,33.33333333333333,41.95793064211307,33.84613158296806,0.0044265439256123,risk_off,2025-07-25,33.95801555922544
AMZN,69.6969696969697,100.0,12.121212121212121,18.181818181818183,61.13449151496507,52.226898302993014,-0.0052874998883128,risk_off,2025-08-22,73.85601143439371
CAT,83.33333333333333,96.96969696969697,18.181818181818183,33.33333333333333,39.172144096923404,54.198065183021036,0.0836183155897278,risk_off,2025-08-22,59.418721393732724
PLD,22.727272727272727,93.93939393939394,39.39393939393939,39.39393939393939,48.56331189065263,48.80357146903962,0.014695418095989,risk_off,2025-08-22,61.901526437908885
GS,96.96969696969697,90.9090909090909,6.0606060606060606,21.21212121212121,52.333669354838705,53.49703690127077,0.0858213234482307,risk_off,2025-08-22,66.4874668453563
DIS,81.81818181818181,87.87878787878788,24.242424242424242,36.36363636363637,60.39106631869965,58.13881932434599,-0.0530035589719586,risk_off,2025-08-22,70.03800701915162
HD,51.515151515151516,84.84848484848484,66.66666666666666,75.75757575757575,46.273087083134,65.01219317420255,-0.0019138267122953,risk_off,2025-08-22,58.76202240750017
META,87.87878787878788,81.81818181818183,9.090909090909092,15.151515151515152,74.53087601341264,53.694053990561315,0.0137389146902686,risk_off,2025-08-22,77.41242370871049
AMT,43.93939393939394,78.78787878787878,96.96969696969697,51.515151515151516,36.568025922107765,61.5560294268458,-0.0881159039960914,risk_off,2025-08-22,50.30592561226158
GOOGL,74.24242424242424,75.75757575757575,33.33333333333333,30.303030303030305,75.70664578477079,57.868601884226884,0.2253384602194204,risk_off,2025-08-22,75.66096162623664
UNH,3.0303030303030303,72.72727272727273,78.78787878787878,6.0606060606060606,58.94474301125054,43.910160723462226,0.1102074454667818,risk_off,2025-08-22,60.96470017181987
NVDA,93.93939393939394,69.6969696969697,3.0303030303030303,3.0303030303030303,69.93330536112451,47.926055011618836,0.0315747791659197,risk_off,2025-08-22,70.87268539423184
AAPL,24.242424242424242,66.66666666666666,15.151515151515152,27.27272727272727,47.12243143908465,36.0911529544836,0.1243413801741186,risk_off,2025-08-22,52.370763988678924
NEM,86.36363636363637,63.63636363636363,69.6969696969697,12.121212121212121,80.72219099958255,62.508074563552874,0.1829872148073004,risk_off,2025-08-22,75.52712856556371
LLY,6.0606060606060606,60.60606060606061,54.54545454545454,9.090909090909092,50.94665613114591,36.24993728683524,0.0607998257314541,risk_off,2025-08-22,52.121492680749014
WMT,53.030303030303024,57.57575757575758,60.60606060606061,69.6969696969697,44.55432486396269,57.092683154610725,0.061860970262302,risk_off,2025-08-22,49.0534913685598
APD,37.87878787878788,54.54545454545454,45.45454545454545,54.54545454545454,32.1753400709656,44.919916499041605,-0.0394587305054049,risk_off,2025-08-22,39.53031751270217
COP,12.121212121212121,51.515151515151516,30.303030303030305,24.242424242424242,61.01613102361311,35.839589841086266,-0.0492870087128664,risk_off,2025-08-22,55.92833514609002
NEE,42.42424242424242,48.484848484848484,72.72727272727273,42.42424242424242,29.594775962821245,47.13107640468546,-0.052017835909037,risk_off,2025-08-22,36.14421956934049
UNP,16.666666666666664,45.45454545454545,51.515151515151516,72.72727272727273,48.8659531505145,47.04591790283017,-0.008777704395107,risk_off,2025-08-22,46.42029275944361
BLK,78.78787878787878,42.42424242424242,21.21212121212121,48.484848484848484,63.11060951379149,50.80394008457648,-0.0104166478396489,risk_off,2025-08-22,57.19466686338317
MSFT,74.24242424242425,39.39393939393939,36.36363636363637,60.60606060606061,63.952688254921895,54.9117497721965,0.0142341759444863,risk_off,2025-08-22,56.57759985053947
CVX,48.484848484848484,36.36363636363637,48.484848484848484,63.63636363636363,53.20629243068255,50.035197880075906,-0.0134656070467094,risk_off,2025-08-22,47.650608129676144
JPM,86.36363636363636,33.33333333333333,27.27272727272727,45.45454545454545,52.46219758064516,48.97728800097752,0.0546854332334212,risk_off,2025-08-22,47.81174161482018
XOM,24.242424242424242,30.303030303030305,63.63636363636363,66.66666666666666,,46.21212121212121,0.0066498730399626,risk_off,2025-08-22,29.592092681152877
JNJ,65.15151515151516,27.27272727272727,93.93939393939394,78.78787878787878,49.93026029508729,63.0163550893205,-0.0283339102152698,risk_off,2025-08-22,43.36819346357832
HON,43.93939393939394,24.242424242424242,42.42424242424242,57.57575757575758,44.374976537143255,42.51135894379229,-0.0620652241381795,risk_off,2025-08-22,37.954197028195175
PG,12.121212121212121,21.21212121212121,84.84848484848484,84.84848484848484,51.332072074571165,50.87247502097484,-0.0352933188967704,risk_off,2025-08-22,40.096483058923226
MCD,42.42424242424242,18.181818181818183,75.75757575757575,81.81818181818183,46.363959010363224,52.90915543843628,-0.0352788131036202,risk_off,2025-08-22,37.235232064329324
DUK,60.606060606060595,15.151515151515152,100.0,96.96969696969697,43.12800071513351,63.17105468848124,-0.0221971576976384,risk_off,2025-08-22,34.96982534786107
KO,36.36363636363636,12.121212121212121,87.87878787878788,100.0,47.92122501592425,56.85697227591212,-0.055896168864519,risk_off,2025-08-22,36.04798774125923
O,37.878787878787875,9.090909090909092,81.81818181818183,90.9090909090909,41.39644219281316,52.21868237795657,0.0023761576492968,risk_off,2025-08-22,30.974268617201243
SO,60.60606060606061,6.0606060606060606,90.9090909090909,93.93939393939394,38.079230177846085,57.918876338599524,-0.0227561542071127,risk_off,2025-08-22,28.84898015903656
LIN,40.90909090909091,3.0303030303030303,57.57575757575758,87.87878787878788,45.329027176189065,46.94459331402569,-0.0081175982583686,risk_off,2025-08-22,31.690777988646204
AMT,10.606060606060606,100.0,6.0606060606060606,48.484848484848484,37.36958994947824,40.50422102019868,-0.0006728682692146,risk_on,2025-09-22,56.09599077493685
GOOGL,89.3939393939394,96.96969696969697,69.6969696969697,30.303030303030305,71.54929020352408,71.58258531343208,0.0159188572965749,risk_on,2025-09-22,81.25410041066047
NEM,93.93939393939394,93.93939393939394,33.33333333333333,12.121212121212121,79.75054839487542,62.616776345641746,0.1334209030826325,risk_on,2025-09-22,85.47739449530593
NVDA,96.96969696969697,90.9090909090909,100.0,3.0303030303030303,69.70403530322542,72.12262524246326,-0.0052829432900096,risk_on,2025-09-22,78.70695615671544
AMZN,63.63636363636364,87.87878787878788,90.9090909090909,21.21212121212121,61.457072160126366,65.018687159298,-0.0489830378952618,risk_on,2025-09-22,70.34442282576872
AAPL,57.57575757575758,84.84848484848484,87.87878787878788,27.27272727272727,45.018325867237145,60.51881668859894,0.0240549983798559,risk_on,2025-09-22,59.09542992495284
UNH,3.0303030303030303,81.81818181818183,27.27272727272727,6.0606060606060606,58.44974857298579,35.3263133509608,0.067916859133966,risk_on,2025-09-22,62.10676887113506
LLY,9.09090909090909,78.78787878787878,42.42424242424242,9.090909090909092,51.241644241154184,38.127116727018716,0.0715411734450224,risk_on,2025-09-22,57.25122170387668
COP,15.151515151515152,75.75757575757575,72.72727272727273,18.181818181818183,61.822582636516344,48.72815289093963,-0.0537985486654778,risk_on,2025-09-22,63.00477371921708
CAT,80.30303030303031,72.72727272727273,84.84848484848484,33.33333333333333,36.8016651135412,61.60275726513247,0.1251429481221218,risk_on,2025-09-22,51.857092243982464
PLD,31.81818181818182,69.6969696969697,63.63636363636363,39.39393939393939,47.81719141166924,50.472529191424755,0.1162994818266323,risk_on,2025-09-22,53.87184901016549
XOM,33.33333333333333,66.66666666666666,39.39393939393939,72.72727272727273,,53.03030303030303,0.0060703474875338,risk_on,2025-09-22,60.61336991691315
CVX,59.090909090909086,63.63636363636363,54.54545454545454,60.60606060606061,53.93238085838388,58.362233747434345,-0.0100609246620649,risk_on,2025-09-22,57.51589955945166
NEE,28.78787878787879,60.60606060606061,30.303030303030305,42.42424242424242,30.850274496545588,38.594297323551544,0.1716654931705055,risk_on,2025-09-22,40.52803504359392
GS,93.93939393939394,57.57575757575758,96.96969696969697,24.242424242424242,51.2584005376344,64.79713465298144,-0.0524355608053919,risk_on,2025-09-22,56.47350502866749
UNP,25.757575757575758,54.54545454545454,51.515151515151516,69.6969696969697,48.870562676293375,50.07714283828898,0.0064201767060285,risk_on,2025-09-22,49.05099709236599
JPM,89.39393939393939,51.515151515151516,75.75757575757575,45.45454545454545,51.80275537634409,62.78479349951124,-0.0322622487872182,risk_on,2025-09-22,54.463046398053834
MSFT,71.2121212121212,48.484848484848484,66.66666666666666,63.63636363636363,63.78757950614379,62.75751590122876,0.0045484804447255,risk_on,2025-09-22,59.276974862688654
META,84.84848484848484,45.45454545454545,93.93939393939394,15.151515151515152,74.50155050021615,62.7790979788311,-0.0431151542059865,risk_on,2025-09-22,65.66513989431489
BLK,75.75757575757575,42.42424242424242,81.81818181818183,51.515151515151516,63.119010051425896,62.92683231331548,0.0209380659212585,risk_on,2025-09-22,57.209477092180336
LIN,42.42424242424242,39.39393939393939,45.45454545454545,84.84848484848484,45.90914989844889,51.606072403932195,-0.0548392742621639,risk_on,2025-09-22,43.5016160334041
APD,33.33333333333333,36.36363636363637,57.57575757575758,54.54545454545454,32.1753400709656,42.79870437782948,-0.1157604948032328,risk_on,2025-09-22,33.643693962678945
HON,36.36363636363637,33.33333333333333,60.60606060606061,57.57575757575758,45.755923099541434,46.72694219566587,-0.0142105342071573,risk_on,2025-09-22,40.96407602293361
DUK,51.515151515151516,30.303030303030305,3.0303030303030303,93.93939393939394,43.59183963159339,44.475943683894435,0.0605362765216839,risk_on,2025-09-22,39.783031247946354
MCD,37.878787878787875,27.27272727272727,24.242424242424242,81.81818181818183,47.07494996832999,43.65741423609025,0.0157760947006841,risk_on,2025-09-22,39.85983895075232
KO,24.242424242424242,24.242424242424242,15.151515151515152,100.0,48.43793444896433,42.414859617065595,0.0336807640502831,risk_on,2025-09-22,38.67223766697482
SO,46.96969696969697,21.21212121212121,12.121212121212121,96.96969696969697,39.727432632500154,43.40003198104549,0.0580526427385899,risk_on,2025-09-22,34.14228871338239
WMT,69.69696969696969,18.181818181818183,48.484848484848484,66.66666666666666,46.2667236496721,49.85940533599502,0.0411398888298821,risk_on,2025-09-22,38.707071115896575
O,48.484848484848484,15.151515151515152,21.21212121212121,90.9090909090909,41.46536968109549,43.44458908773425,0.0267524209214113,risk_on,2025-09-22,33.287882939845204
PG,13.636363636363637,12.121212121212121,18.181818181818183,87.87878787878788,51.87810702080772,36.73925776779791,-0.0072515878829251,risk_on,2025-09-22,35.94264018151531
DIS,59.090909090909086,9.090909090909092,78.78787878787878,36.36363636363637,61.05470879181792,48.87760842503025,-0.0053304769645962,risk_on,2025-09-22,43.74609586900921
JNJ,65.15151515151516,6.0606060606060606,9.090909090909092,78.78787878787878,50.415964107404,41.90137463966262,0.111991239050236,risk_on,2025-09-22,36.84456993164346
HD,57.57575757575757,3.0303030303030303,36.36363636363637,75.75757575757575,45.54934845616957,43.65532423668846,-0.0560921974552487,risk_on,2025-09-22,32.38595485937192
APD,9.090909090909092,100.0,42.42424242424242,66.66666666666666,33.58663039354625,50.35368971507289,-0.0044058469233951,risk_off,2025-10-20,55.82231333477452
PLD,51.51515151515151,96.96969696969697,39.39393939393939,36.36363636363637,47.12987469612672,54.27445978771019,-0.0287781384913271,risk_off,2025-10-20,65.21883072549744
NEM,96.96969696969697,93.93939393939394,69.6969696969697,12.121212121212121,78.7424838787464,70.29395132120382,-0.0822004753075034,risk_off,2025-10-20,85.29828866230119
COP,12.121212121212121,90.9090909090909,24.242424242424242,21.21212121212121,61.822582636516344,42.06148622427297,0.019067352500121,risk_off,2025-10-20,69.16071410663602
AMZN,53.03030303030303,87.87878787878788,12.121212121212121,18.181818181818183,62.62276130968648,46.76697650436154,0.0757113807886287,risk_off,2025-10-20,71.06159858334226
META,71.2121212121212,84.84848484848484,9.090909090909092,15.151515151515152,75.37398451781146,51.13540296416836,-0.177772889059429,risk_off,2025-10-20,78.50501868302985
NVDA,87.87878787878788,81.81818181818183,3.0303030303030303,3.0303030303030303,69.93130803049816,49.13777675761478,0.0216820342044505,risk_off,2025-10-20,75.28647097084264
LLY,24.242424242424242,78.78787878787878,54.54545454545454,9.090909090909092,50.972827036853104,43.52789874070395,0.2629796089497804,risk_off,2025-10-20,59.2710985126654
AAPL,69.6969696969697,75.75757575757575,15.151515151515152,27.27272727272727,45.24559859450987,46.624877294659555,0.0199054355365013,risk_off,2025-10-20,57.66021887541952
CAT,84.84848484848484,72.72727272727273,18.181818181818183,33.33333333333333,34.85884986427433,48.789951791036685,0.0392898742515817,risk_off,2025-10-20,51.476395370469305
BLK,69.69696969696969,69.6969696969697,21.21212121212121,45.45454545454545,62.58137564282375,53.72839634068597,-0.117413803626751,risk_off,2025-10-20,65.56359240099707
UNH,6.0606060606060606,66.66666666666666,75.75757575757575,6.0606060606060606,58.44974857298579,42.59904062368806,-0.1206102410217091,risk_off,2025-10-20,58.160990839110454
HON,24.242424242424242,63.63636363636363,45.45454545454545,54.54545454545454,45.98319582681416,46.7723967411204,0.0097600810027158,risk_off,2025-10-20,50.95565754010171
GOOGL,96.96969696969697,60.60606060606061,33.33333333333333,30.303030303030305,71.34767730029827,58.5119597024839,0.1109725300149999,risk_off,2025-10-20,69.08528838369173
WMT,72.72727272727273,57.57575757575758,57.57575757575758,63.63636363636363,45.0350520954199,59.31004072211429,-0.0382999158022752,risk_off,2025-10-20,51.22412501345134
AMT,13.636363636363637,54.54545454545454,96.96969696969697,51.515151515151516,37.36958994947824,50.80725132322898,-0.0653097187215967,risk_off,2025-10-20,42.04869534315172
XOM,42.42424242424242,51.515151515151516,63.63636363636363,72.72727272727273,,57.57575757575758,0.0441881410096283,risk_off,2025-10-20,50.17926704694642
JPM,78.78787878787878,48.484848484848484,30.303030303030305,48.484848484848484,52.60920698924731,51.73396260997068,-0.0065815264280463,risk_off,2025-10-20,52.74692223422794
CVX,54.54545454545455,45.45454545454545,48.484848484848484,60.60606060606061,54.335606664835495,52.68530315114892,0.0022010072895093,risk_off,2025-10-20,51.173347498221744
GS,87.87878787878788,42.42424242424242,6.0606060606060606,24.242424242424242,52.333669354838705,42.58794599217987,0.0160352016414213,risk_off,2025-10-20,50.97994207041298
UNP,22.727272727272727,39.39393939393939,51.515151515151516,69.6969696969697,49.19314332145467,46.505295330957594,-0.0277166870531156,risk_off,2025-10-20,44.05974741013277
DUK,57.57575757575758,36.36363636363637,100.0,96.96969696969697,43.10796866385145,66.80341191458847,-0.0291608660232429,risk_off,2025-10-20,41.5877440772239
NEE,46.96969696969697,33.33333333333333,72.72727272727273,42.42424242424242,28.586711446692213,44.80825138024753,0.0115607336999199,risk_off,2025-10-20,31.415892082063174
HD,45.45454545454545,30.303030303030305,66.66666666666666,75.75757575757575,46.42178247376488,52.9207201311166,-0.0793540968055931,risk_off,2025-10-20,40.59938955537926
KO,31.81818181818182,27.27272727272727,87.87878787878788,100.0,48.04937139911095,59.00381367376158,0.0327293656321427,risk_off,2025-10-20,39.62161296995613
DIS,51.515151515151516,24.242424242424242,27.27272727272727,39.39393939393939,61.25632169504373,40.736112823857226,-0.0560021140973372,risk_off,2025-10-20,47.423074129864716
LIN,33.33333333333333,21.21212121212121,60.60606060606061,81.81818181818183,46.62029359346355,48.71799811263211,-0.0746522978947088,risk_off,2025-10-20,36.71798407393884
PG,18.18181818181818,18.181818181818183,84.84848484848484,87.87878787878788,51.944089425499804,52.20699970328178,-0.0404053640324572,risk_off,2025-10-20,37.793983288088114
MSFT,74.24242424242425,15.151515151515152,36.36363636363637,57.57575757575758,64.46939768796197,49.56054620425907,-0.0179956813955023,risk_off,2025-10-20,47.4390156786359
MCD,39.39393939393939,12.121212121212121,81.81818181818183,84.84848484848484,47.4781757747816,53.13199879131996,-0.0093251298685266,risk_off,2025-10-20,34.33936576535826
O,42.42424242424242,9.090909090909092,78.78787878787878,90.9090909090909,41.46536968109549,52.535498178643344,-0.0600263757632854,risk_off,2025-10-20,29.94981162989352
JNJ,75.75757575757575,6.0606060606060606,90.9090909090909,78.78787878787878,48.92219577895826,60.08746945882196,0.0302498480973851,risk_off,2025-10-20,35.25090709976364
SO,53.03030303030303,3.0303030303030303,93.93939393939394,93.93939393939394,39.458615428199074,56.67960187351859,-0.0727812512300436,risk_off,2025-10-20,27.27049883797685
BLK,45.45454545454545,100.0,21.21212121212121,45.45454545454545,60.97351273959794,54.61894497216201,0.0433092668335088,risk_off,2025-11-17,74.02823217440807
LIN,25.757575757575758,96.96969696969697,60.60606060606061,81.81818181818183,49.304523100409796,62.89120765038499,0.0135455392591454,risk_off,2025-11-17,64.8751657534045
META,50.0,93.93939393939394,6.0606060606060606,15.151515151515152,72.37889468186432,47.50608196667589,0.0915931857510221,risk_off,2025-11-17,78.4674955952278
UNH,3.0303030303030303,90.9090909090909,78.78787878787878,6.0606060606060606,53.93987641662826,46.54555104090141,0.0426807177781847,risk_off,2025-11-17,63.35947284521872
HD,24.242424242424242,87.87878787878788,63.63636363636363,75.75757575757575,45.206306949470985,59.3442916929245,-0.0149428989798521,risk_off,2025-11-17,59.15549410604311
LLY,68.18181818181819,84.84848484848484,57.57575757575758,9.090909090909092,53.33936428951962,54.60726679729786,0.0318978432671928,risk_off,2025-11-17,66.10721310957943
APD,10.606060606060606,81.81818181818183,45.45454545454545,48.484848484848484,32.03025684624529,43.67877864197633,-0.0428305997658579,risk_off,2025-11-17,48.55244621773083
NEM,98.48484848484848,78.78787878787878,69.6969696969697,12.121212121212121,80.29434282261498,67.87705038270482,0.1256172109476427,risk_off,2025-11-17,81.22214724309097
GOOGL,98.48484848484848,75.75757575757575,33.33333333333333,24.242424242424242,70.89171946793792,60.54198025722394,0.0756087963694123,risk_off,2025-11-17,74.92261691793702
CAT,93.93939393939394,72.72727272727273,27.27272727272727,30.303030303030305,32.70237807865342,51.38896046421553,0.06680555329827,risk_off,2025-11-17,52.37038941649685
AMZN,50.0,69.6969696969697,9.090909090909092,18.181818181818183,60.36497389797662,41.466934173534725,-0.0442736195077663,risk_off,2025-11-17,62.94505085908639
NVDA,84.84848484848484,66.66666666666666,3.0303030303030303,3.0303030303030303,67.96994448901079,45.109140412953664,-0.0475884490479938,risk_off,2025-11-17,68.86551448766645
COP,16.666666666666664,63.63636363636363,24.242424242424242,21.21212121212121,64.22128316189698,37.99577178389455,0.0231063502497439,risk_off,2025-11-17,60.13632477201081
HON,21.21212121212121,60.60606060606061,42.42424242424242,54.54545454545454,47.66289646296502,45.290155050168764,0.0111179227271871,risk_off,2025-11-17,50.25862604690052
NEE,69.69696969696969,57.57575757575758,72.72727272727273,42.42424242424242,29.227278195472497,54.33030412394298,-0.0516618111390762,risk_off,2025-11-17,42.92131755651088
GS,77.27272727272727,54.54545454545454,12.121212121212121,33.33333333333333,53.031754032258064,46.06089626099706,0.1335680375232897,risk_off,2025-11-17,55.56001048729464
AMT,19.696969696969695,51.515151515151516,87.87878787878788,51.515151515151516,45.70521870893239,51.2622558629986,-0.007425036453853,risk_off,2025-11-17,45.71997272608114
CVX,40.90909090909091,48.484848484848484,48.484848484848484,57.57575757575758,52.46140843174764,49.58319077725862,-0.052125093285384,risk_off,2025-11-17,50.06229687197461
MCD,40.90909090909091,45.45454545454545,81.81818181818183,87.87878787878788,45.77131060148936,60.36638333241908,0.0314857536755965,risk_off,2025-11-17,45.259372428865035
MSFT,72.72727272727272,42.42424242424242,36.36363636363637,66.66666666666666,65.20041221710365,56.67644607978436,-0.0612819487761218,risk_off,2025-11-17,57.457039457320576
KO,56.06060606060606,39.39393939393939,90.9090909090909,96.96969696969697,51.418923912163876,66.95045144909945,-0.0043859303516591,risk_off,2025-11-17,47.38505510938268
JPM,69.69696969696969,36.36363636363637,30.303030303030305,63.63636363636363,50.496471774193544,50.099294354838705,0.0505376466442957,risk_off,2025-11-17,46.87419927604513
JNJ,86.36363636363636,33.33333333333333,96.96969696969697,78.78787878787878,59.840456236759685,71.05900033826101,0.0487022804465706,risk_off,2025-11-17,52.27436579327276
O,46.96969696969697,30.303030303030305,75.75757575757575,90.9090909090909,41.60373523164742,57.10862583420827,0.0077192741527891,risk_off,2025-11-17,37.89453278560517
DIS,22.727272727272727,27.27272727272727,18.181818181818183,36.36363636363637,61.099763856045946,33.1290436803001,0.0561074857431602,risk_off,2025-11-17,45.566474955480786
WMT,69.69696969696969,24.242424242424242,51.515151515151516,60.60606060606061,44.51154187362778,50.11442958684677,0.1211267760111967,risk_off,2025-11-17,39.12513198732169
DUK,63.63636363636364,21.21212121212121,100.0,100.0,43.70048425790106,65.70979382127719,-0.076609713563714,risk_off,2025-11-17,37.07264321902596
UNP,28.787878787878785,18.181818181818183,54.54545454545454,72.72727272727273,47.91814404076066,44.43211365663698,0.0673303388362556,risk_off,2025-11-17,35.45171052376655
XOM,40.90909090909091,15.151515151515152,66.66666666666666,69.6969696969697,,48.10606060606061,-0.0254928619325305,risk_off,2025-11-17,19.82814951043593
PG,16.666666666666668,12.121212121212121,84.84848484848484,84.84848484848484,53.48238692062584,50.39344708109486,-0.004183243586014,risk_off,2025-11-17,35.31172639389383
SO,54.54545454545454,9.090909090909092,93.93939393939394,93.93939393939394,37.617350257862554,57.82650035460281,-0.0537646571885185,risk_off,2025-11-17,28.529503540760125
PLD,65.15151515151516,6.0606060606060606,39.39393939393939,39.39393939393939,40.999224991888305,38.19984499837766,0.0331120796505846,risk_off,2025-11-17,30.146882544508063
AAPL,66.66666666666667,3.0303030303030303,15.151515151515152,27.27272727272727,45.6680601993843,31.557854464119288,0.0267329474497692,risk_off,2025-11-17,31.734438353349354
HD,16.666666666666664,100.0,54.54545454545454,69.6969696969697,45.13673635202521,57.209165452223225,0.0750822602252665,risk_off,2025-12-16,61.34049379671775
APD,4.545454545454545,96.96969696969697,42.42424242424242,45.45454545454545,30.357580151288047,43.95030390904549,0.097956701697949,risk_off,2025-12-16,50.991439939172864
NEM,100.0,93.93939393939394,69.6969696969697,9.090909090909092,79.04008477232198,70.35347149991892,0.1650515200107587,risk_off,2025-12-16,86.58706774878053
NVDA,83.33333333333334,90.9090909090909,3.0303030303030303,3.0303030303030303,69.38861332570448,49.938328725746956,0.0524983218938206,risk_off,2025-12-16,78.49861801653893
MSFT,50.0,87.87878787878788,36.36363636363637,63.63636363636363,66.04010421826129,60.78377841940984,-0.0414156686321151,risk_off,2025-12-16,71.97387263924928
META,27.27272727272727,84.84848484848484,6.0606060606060606,15.151515151515152,71.77644663902358,41.021955994471384,-0.0553146698176032,risk_off,2025-12-16,71.50060208477011
GOOGL,93.93939393939394,81.81818181818183,33.33333333333333,27.27272727272727,70.13992732525477,61.30071273777823,0.0854943106921717,risk_off,2025-12-16,76.86367464720453
LLY,86.36363636363637,78.78787878787878,60.60606060606061,12.121212121212121,53.04574549791696,58.18490667534097,-0.0202222041084001,risk_off,2025-12-16,65.7674429487594
WMT,62.12121212121212,75.75757575757575,57.57575757575758,51.515151515151516,43.303385289419296,58.05461645182324,0.0327499466233218,risk_off,2025-12-16,56.799282323918845
AMZN,43.93939393939394,72.72727272727273,9.090909090909092,18.181818181818183,60.825453434543114,40.95296947478741,0.0701833001821237,risk_off,2025-12-16,63.16611939643825
GS,86.36363636363636,69.6969696969697,12.121212121212121,33.33333333333333,52.090893817204304,50.72120906647116,0.1100039336311859,risk_off,2025-12-16,62.051323538066654
COP,27.272727272727273,66.66666666666666,27.27272727272727,21.21212121212121,64.32413418880714,41.34967532260991,0.0898975869107592,risk_off,2025-12-16,61.08601456813165
UNH,9.090909090909092,63.63636363636363,78.78787878787878,6.0606060606060606,55.13516587958076,42.54218469106767,0.0142429056678134,risk_off,2025-12-16,53.08026583452112
JPM,74.24242424242425,60.60606060606061,30.303030303030305,54.54545454545454,51.437331989247305,54.22686033724341,-0.0199333806708006,risk_off,2025-12-16,57.168031939947326
CAT,95.45454545454545,57.57575757575758,24.242424242424242,30.303030303030305,33.31789186767117,48.17872988868576,0.0989081906583553,risk_off,2025-12-16,48.67719458639374
DIS,34.848484848484844,54.54545454545454,18.181818181818183,36.36363636363637,60.26048674310123,40.83997613649903,0.0160365603967176,risk_off,2025-12-16,55.46048509421581
BLK,46.96969696969697,51.515151515151516,21.21212121212121,48.484848484848484,60.16706112669472,45.669775861702576,0.0828636775626805,risk_off,2025-12-16,55.67205885017795
PG,9.090909090909092,48.484848484848484,84.84848484848484,84.84848484848484,54.030410399925614,56.26062753453057,-0.0039942276994557,risk_off,2025-12-16,47.14859602625596
LIN,22.727272727272727,45.45454545454545,63.63636363636363,81.81818181818183,49.451291913903724,52.61753111005347,0.0390309518031102,risk_off,2025-12-16,45.1126842107549
XOM,62.121212121212125,42.42424242424242,66.66666666666666,72.72727272727273,,60.984848484848484,0.1260028299545144,risk_off,2025-12-16,47.100548870302475
MCD,50.0,39.39393939393939,81.81818181818183,87.87878787878788,45.89292971581095,60.996767761344,-0.0186963589278617,risk_off,2025-12-16,44.05402260473611
JNJ,86.36363636363636,36.36363636363637,93.93939393939394,78.78787878787878,59.542966666026196,70.99950242411433,0.0490683426790072,risk_off,2025-12-16,54.31921152786917
HON,22.727272727272727,33.33333333333333,45.45454545454545,60.60606060606061,47.64200953990419,41.95264433222326,0.0845354607467305,risk_off,2025-12-16,39.86937024001978
AMT,18.181818181818183,30.303030303030305,87.87878787878788,57.57575757575758,46.487239772773236,48.08532674243344,0.013509730938312,risk_off,2025-12-16,37.682086766713816
NEE,69.69696969696969,27.27272727272727,72.72727272727273,42.42424242424242,30.34601646138818,48.49344571652006,0.0106985089749995,risk_off,2025-12-16,33.57890482361768
SO,37.87878787878788,24.242424242424242,90.9090909090909,93.93939393939394,38.21829306602836,57.037598007145064,0.0358184544115856,risk_off,2025-12-16,33.25796371954783
UNP,43.93939393939394,21.21212121212121,51.515151515151516,75.75757575757575,47.23046213715572,47.93094091227963,-0.0227658566424248,risk_off,2025-12-16,37.704401015967896
KO,57.57575757575758,18.181818181818183,96.96969696969697,96.96969696969697,51.98138889543005,64.33567171847994,0.0015631747343778,risk_off,2025-12-16,40.688768966768556
O,48.484848484848484,15.151515151515152,75.75757575757575,90.9090909090909,42.03858380269671,54.4683228211454,0.057103110592154,risk_off,2025-12-16,33.274365162932675
CVX,42.42424242424242,12.121212121212121,48.484848484848484,66.66666666666666,52.44373696260938,44.42814133191582,0.1322657830467419,risk_off,2025-12-16,37.14104548167322
DUK,50.0,9.090909090909092,100.0,100.0,44.98272790252198,60.814727398686216,0.0286357409192448,risk_off,2025-12-16,32.889810939372936
PLD,71.2121212121212,6.0606060606060606,39.39393939393939,39.39393939393939,41.60625656918198,39.5333725259576,0.0402789700263623,risk_off,2025-12-16,32.3318212799982
AAPL,65.15151515151516,3.0303030303030303,15.151515151515152,24.242424242424242,46.25486874854383,30.766125264860285,-0.0597210399158963,risk_off,2025-12-16,33.101041141490356
NEM,100.0,100.0,33.33333333333333,9.090909090909092,77.97321649275209,64.0794917833989,0.1014797658715755,risk_on,2026-01-15,88.60280074884156
COP,34.84848484848485,96.96969696969697,75.75757575757575,18.181818181818183,63.78649978020499,57.90881510755615,0.1263519656468255,risk_on,2026-01-15,72.3483714006859
BLK,54.54545454545455,93.93939393939394,78.78787878787878,39.39393939393939,59.360609513791495,65.20545523609162,-0.0736091409253787,risk_on,2026-01-15,71.32212440989633
GS,89.39393939393939,90.9090909090909,90.9090909090909,33.33333333333333,50.74680779569893,71.05845246823068,-0.0724693826621526,risk_on,2026-01-15,69.94639387432407
CAT,95.45454545454545,87.87878787878788,81.81818181818183,24.242424242424242,32.511440254767955,64.38107592974147,0.1962669133297565,risk_on,2026-01-15,60.13908356664014
XOM,62.12121212121212,84.84848484848484,36.36363636363637,66.66666666666666,,62.5,0.149616598272128,risk_on,2026-01-15,79.19928043235917
CVX,46.96969696969697,81.81818181818183,54.54545454545454,51.515151515151516,51.78009448949109,57.32571586759519,0.1058016456644046,risk_on,2026-01-15,62.09561402286594
NVDA,77.27272727272728,78.78787878787878,100.0,3.0303030303030303,69.38861332570448,65.69590448332272,-0.0226677648970197,risk_on,2026-01-15,73.74272330530742
AMZN,40.90909090909091,75.75757575757575,93.93939393939394,21.21212121212121,60.664163111962466,58.49646898602886,-0.1653791275544602,risk_on,2026-01-15,63.767750014713
HD,22.72727272727273,72.72727272727273,39.39393939393939,72.72727272727273,44.909463624752476,50.497044240102014,0.031358750965345,risk_on,2026-01-15,52.33608667731242
AMT,18.181818181818183,69.6969696969697,6.0606060606060606,69.6969696969697,46.32594945019258,41.99246261731124,0.0581107291347724,risk_on,2026-01-15,51.42491703356599
HON,31.81818181818182,66.66666666666666,57.57575757575758,60.60606060606061,46.0785931176168,52.549051956856694,0.1225932779353724,risk_on,2026-01-15,51.8337683020836
LLY,84.84848484848484,63.63636363636363,48.484848484848484,12.121212121212121,53.31456270221803,52.48109435862542,0.0068056473046256,risk_on,2026-01-15,60.84003280467526
WMT,78.78787878787878,60.60606060606061,45.45454545454545,54.54545454545454,42.91482223956592,56.46175232670106,0.123238278670299,risk_on,2026-01-15,53.633112733064294
UNH,15.15151515151515,57.57575757575758,27.27272727272727,6.0606060606060606,55.45774652474204,32.30367051706962,-0.1350306530785292,risk_on,2026-01-15,51.39100118652946
UNP,40.90909090909091,54.54545454545454,51.515151515151516,75.75757575757575,48.14993916550372,54.17544237855528,0.1308836878569732,risk_on,2026-01-15,49.600557363532545
GOOGL,95.45454545454545,51.515151515151516,69.6969696969697,27.27272727272727,69.39380684627139,62.66664015713305,-0.0813149758334491,risk_on,2026-01-15,66.0365971633733
DIS,36.36363636363636,48.484848484848484,84.84848484848484,36.36363636363637,61.32231470009047,53.476584152139296,-0.0701878710592674,risk_on,2026-01-15,53.673313246076404
JNJ,89.39393939393939,45.45454545454545,12.121212121212121,78.78787878787878,59.34135376280039,57.01978590407523,0.1087579761691315,risk_on,2026-01-15,57.910511325169885
PG,12.121212121212121,42.42424242424242,21.21212121212121,84.84848484848484,54.83564011644566,43.08834014450125,0.1067551816368714,risk_on,2026-01-15,45.21131511244348
NEE,65.15151515151516,39.39393939393939,30.303030303030305,48.484848484848484,30.63010737047909,42.79268814076249,0.1412580638214289,risk_on,2026-01-15,37.94897341116834
JPM,63.63636363636363,36.36363636363637,72.72727272727273,57.57575757575758,52.51260080645161,56.56312622189638,-0.0216970243832738,risk_on,2026-01-15,47.99090816006827
O,53.03030303030303,33.33333333333333,24.242424242424242,93.93939393939394,41.3217379245605,49.17343849400301,0.0813570873203788,risk_on,2026-01-15,39.829408464908425
META,19.6969696969697,30.303030303030305,96.96969696969697,15.151515151515152,72.87615338389162,46.99947310102075,0.0305573970864954,risk_on,2026-01-15,51.059199370099336
AAPL,65.15151515151514,27.27272727272727,87.87878787878788,30.303030303030305,47.01305545431118,51.523823212074355,-0.009410916526071,risk_on,2026-01-15,42.03047030241693
APD,13.636363636363637,24.242424242424242,60.60606060606061,45.45454545454545,30.196289828707403,34.827136753620266,0.0517331328659662,risk_on,2026-01-15,26.05088930369262
DUK,39.39393939393939,21.21212121212121,3.0303030303030303,100.0,44.9167454978299,41.710621826838704,0.0782169495627729,risk_on,2026-01-15,35.65841027244773
PLD,77.27272727272728,18.181818181818183,63.63636363636363,42.42424242424242,41.60625656918198,48.624281616866696,0.0468549997793079,risk_on,2026-01-15,37.390233098270166
MCD,45.45454545454545,15.151515151515152,18.181818181818183,87.87878787878788,46.09454261903676,42.552241857140686,0.0614347474403877,risk_on,2026-01-15,34.797087783600276
KO,49.99999999999999,12.121212121212121,15.151515151515152,90.9090909090909,52.35101255134403,44.10656614663244,0.116345013587964,risk_on,2026-01-15,37.48071176647585
SO,30.303030303030305,9.090909090909092,9.090909090909092,96.96969696969697,38.21829306602836,36.73456770411476,0.0694976149333326,risk_on,2026-01-15,26.706556274927856
MSFT,31.81818181818182,6.0606060606060606,66.66666666666666,63.63636363636363,67.00784615374516,47.037932867112666,-0.1211842418738244,risk_on,2026-01-15,40.68586243523577
LIN,18.18181818181818,3.0303030303030303,42.42424242424242,81.81818181818183,49.24295858057039,38.93950080702317,0.0930824258242342,risk_on,2026-01-15,28.75931180390766
MSFT,36.36363636363637,100.0,36.36363636363637,51.515151515151516,73.3756611682224,59.52361708212933,-0.0034137224463884,risk_off,2026-02-13,78.63198865853013
AMZN,22.727272727272727,96.96969696969697,12.121212121212121,18.181818181818183,61.966710252558734,42.39334205051175,0.0651441855445478,risk_off,2026-02-13,70.1659877992061
UNH,6.0606060606060606,93.93939393939394,75.75757575757575,3.0303030303030303,55.54763953845041,46.867103665265844,-0.0262628743917353,risk_off,2026-02-13,63.65846913996549
CAT,98.48484848484848,90.9090909090909,21.21212121212121,24.242424242424242,35.174475886096886,54.004592146916345,-0.0961250087015697,risk_off,2026-02-13,65.43956479854226
DIS,24.242424242424242,87.87878787878788,18.181818181818183,33.33333333333333,55.6608252298168,43.85943777323608,-0.0643906446907298,risk_off,2026-02-13,63.85059060204688
AMT,19.696969696969695,84.84848484848484,96.96969696969697,66.66666666666666,46.36495231835003,62.90935410003364,-0.0384695427113429,risk_off,2026-02-13,57.63325181774861
NVDA,62.12121212121212,81.81818181818183,3.0303030303030303,9.090909090909092,69.70513359231802,45.153147930584815,0.0022427857753126,risk_off,2026-02-13,73.362762040154
LLY,78.78787878787878,78.78787878787878,51.515151515151516,12.121212121212121,55.22745118522834,55.287914479469904,-0.0489230816180888,risk_off,2026-02-13,67.58313563999388
APD,18.18181818181818,75.75757575757575,45.45454545454545,39.39393939393939,28.243862882528006,41.40634833408135,0.0336741751504388,risk_off,2026-02-13,45.28426384724847
JPM,45.45454545454545,72.72727272727273,30.303030303030305,54.54545454545454,50.01344086021505,50.60874877810362,-0.0541728137238426,risk_off,2026-02-13,58.19394213801384
AAPL,46.96969696969697,69.6969696969697,15.151515151515152,27.27272727272727,53.96858389641585,42.61189859746499,-0.0115724117179005,risk_off,2026-02-13,59.10760830819443
META,12.121212121212121,66.66666666666666,6.0606060606060606,15.151515151515152,71.90958469629678,34.381916939259355,-0.0192569313161086,risk_off,2026-02-13,61.69765190577158
NEM,98.48484848484848,63.63636363636363,57.57575757575758,6.0606060606060606,79.07869676872714,60.96725450526058,-0.1240858523980253,risk_off,2026-02-13,75.74799981467301
DUK,48.484848484848484,60.60606060606061,100.0,100.0,44.19918233087756,70.65801828435733,0.041029718337268,risk_off,2026-02-13,51.14505029099482
XOM,83.33333333333333,57.57575757575758,60.60606060606061,69.6969696969697,,67.8030303030303,0.059144486088188,risk_off,2026-02-13,64.29533734063841
WMT,80.30303030303031,54.54545454545454,66.66666666666666,57.57575757575758,41.685832488393466,60.15534831586051,-0.059003671386152,risk_off,2026-02-13,51.953661394897296
COP,51.515151515151516,51.515151515151516,27.27272727272727,21.21212121212121,62.328280964004676,42.76868649583124,0.0887552666477831,risk_off,2026-02-13,56.65760224408481
UNP,37.87878787878788,48.484848484848484,54.54545454545454,75.75757575757575,46.593853556734935,52.65210404468032,-0.070853101430327,risk_off,2026-02-13,46.13451422581602
HON,59.090909090909086,45.45454545454545,39.39393939393939,63.63636363636363,46.159359412395695,50.747023397630656,-0.0284613400166601,risk_off,2026-02-13,47.65534061152387
PLD,63.63636363636364,42.42424242424242,42.42424242424242,45.45454545454545,34.9213950427754,45.77215779643386,-0.0352593642760534,risk_off,2026-02-13,41.758127926033694
GS,78.78787878787878,39.39393939393939,9.090909090909092,30.303030303030305,52.65793010752688,42.04673753665689,-0.1219369305643347,risk_off,2026-02-13,51.0914788678693
BLK,40.90909090909091,36.36363636363637,24.242424242424242,42.42424242424242,61.9662858422939,41.18113595633757,-0.1196909024004848,risk_off,2026-02-13,49.161476380184546
SO,34.848484848484844,33.33333333333333,93.93939393939394,96.96969696969697,37.600769027928436,59.33833562376751,0.0438125728890441,risk_off,2026-02-13,35.57010703295944
LIN,33.33333333333333,30.303030303030305,63.63636363636363,78.78787878787878,47.61217585915033,50.73455638395127,0.0341164317299571,risk_off,2026-02-13,38.94940045438363
CVX,65.15151515151516,27.27272727272727,48.484848484848484,60.60606060606061,50.19898182362565,50.34282666775543,0.0712963451240016,risk_off,2026-02-13,43.35810563957421
HD,24.242424242424242,24.242424242424242,69.6969696969697,72.72727272727273,45.4940682406455,47.28063182994729,-0.1239483511922887,risk_off,2026-02-13,34.34916833409648
NEE,80.30303030303031,21.21212121212121,72.72727272727273,48.484848484848484,35.65908365061901,51.677271275578356,-0.0104477966423182,risk_off,2026-02-13,36.16701267662761
KO,48.484848484848484,18.181818181818183,87.87878787878788,93.93939393939394,50.66372715572878,59.82971512811546,-0.0109303585029979,risk_off,2026-02-13,37.77517760215864
O,60.60606060606061,15.151515151515152,78.78787878787878,90.9090909090909,41.439375082968276,57.378784107502746,-0.0112702627458289,risk_off,2026-02-13,33.872034343402895
GOOGL,89.39393939393939,12.121212121212121,33.33333333333333,36.36363636363637,67.32856152851107,47.70813654812646,-0.0005233666801992,risk_off,2026-02-13,48.9481834456714
JNJ,90.9090909090909,9.090909090909092,90.9090909090909,81.81818181818183,58.60611759145922,66.2666780637464,-0.0010679585545084,risk_off,2026-02-13,43.832710070256994
MCD,37.878787878787875,6.0606060606060606,81.81818181818183,87.87878787878788,45.76625221561288,51.88052317039531,-0.0028389789178285,risk_off,2026-02-13,29.296681355417924
PG,21.212121212121215,3.0303030303030303,84.84848484848484,84.84848484848484,49.89765633291679,48.76741005446215,-0.0496658452131425,risk_off,2026-02-13,27.806701535790708
HD,30.303030303030305,100.0,66.66666666666666,72.72727272727273,48.689145250723335,63.677222989538606,0.0003794876756031,risk_off,2026-03-16,65.828737676138
GS,62.12121212121212,96.96969696969697,9.090909090909092,27.27272727272727,52.60836693548387,49.61258247800587,0.144519776198033,risk_off,2026-03-16,70.77793749107938
BLK,28.78787878787879,93.93939393939394,24.242424242424242,39.39393939393939,58.04771505376344,48.88227028347997,0.1179950890272345,risk_off,2026-03-16,67.87380016922792
DIS,19.6969696969697,90.9090909090909,21.21212121212121,33.33333333333333,57.226270731201865,44.475557176543404,0.0398336968366703,risk_off,2026-03-16,65.11940007614153
NEM,93.93939393939394,87.87878787878788,57.57575757575758,6.0606060606060606,80.01434094114191,65.09377727913747,0.0826753825983062,risk_off,2026-03-16,84.8497158983499
JPM,50.0,84.84848484848484,30.303030303030305,57.57575757575758,51.033266129032256,54.752107771261,0.0872238996912728,risk_off,2026-03-16,63.790625862240105
MSFT,10.606060606060607,81.81818181818183,36.36363636363637,48.484848484848484,73.74694485194678,50.203934424934815,-0.017102204392303,risk_off,2026-03-16,68.49633962975861
AMZN,18.18181818181818,78.78787878787878,12.121212121212121,18.181818181818183,63.29265711486295,38.11307687751805,0.1760649750266509,risk_off,2026-03-16,63.25091938368716
GOOGL,87.87878787878788,75.75757575757575,33.33333333333333,36.36363636363637,69.04178131268466,60.475022929203604,0.0895078096676285,risk_off,2026-03-16,74.08705432622656
META,16.666666666666664,72.72727272727273,6.0606060606060606,15.151515151515152,72.85427617092631,36.692067355397384,0.0558450511525085,risk_off,2026-03-16,65.39482728329322
UNH,9.090909090909092,69.6969696969697,75.75757575757575,3.0303030303030303,50.15361763562663,41.54587504227685,0.1005289613953532,risk_off,2026-03-16,52.18935988206841
NVDA,60.60606060606061,66.66666666666666,3.0303030303030303,12.121212121212121,71.15391454618313,42.71563139408511,0.0725357122453238,risk_off,2026-03-16,68.05170101181957
COP,69.69696969696969,63.63636363636363,27.27272727272727,21.21212121212121,60.44230470596861,48.45209730483008,-0.0208539299840173,risk_off,2026-03-16,62.88086023247186
LLY,66.66666666666667,60.60606060606061,54.54545454545454,9.090909090909092,55.8860912692282,49.359036435663825,-0.0673527938430711,risk_off,2026-03-16,59.107736274803756
AAPL,45.45454545454545,57.57575757575758,15.151515151515152,30.303030303030305,56.580545292829775,41.01307875553566,0.0237717707220046,risk_off,2026-03-16,55.49252181119777
WMT,81.81818181818181,54.54545454545454,69.6969696969697,69.6969696969697,43.09518511833433,63.77055217518201,-0.0074608685447246,risk_off,2026-03-16,52.56861839318804
XOM,87.87878787878788,51.515151515151516,63.63636363636363,66.66666666666666,,67.42424242424241,-0.0508172133275428,risk_off,2026-03-16,60.86108203703085
AMT,16.666666666666664,48.484848484848484,96.96969696969697,63.63636363636363,44.1873141430277,53.988977980120694,-0.04493531887861,risk_off,2026-03-16,42.196038351869845
NEE,75.75757575757575,45.45454545454545,72.72727272727273,51.515151515151516,37.9590273687561,56.68271456466031,-0.0162680687480617,risk_off,2026-03-16,45.8025926632012
CVX,71.21212121212122,42.42424242424242,48.484848484848484,60.60606060606061,48.761421413962324,54.29773882824702,-0.0498881947171596,risk_off,2026-03-16,49.30627157565765
APD,28.78787878787879,39.39393939393939,45.45454545454545,42.42424242424242,27.550859706795347,36.72229315348028,0.0258334525041437,risk_off,2026-03-16,32.22975191375727
PLD,68.18181818181819,36.36363636363637,42.42424242424242,45.45454545454545,35.402885124977836,45.565425509844054,0.0319981580649757,risk_off,2026-03-16,40.092686398798065
HON,68.18181818181819,33.33333333333333,39.39393939393939,54.54545454545454,40.962197112849104,47.28334851347891,-0.0054155663938575,risk_off,2026-03-16,41.64354188169297
SO,39.39393939393939,30.303030303030305,93.93939393939394,96.96969696969697,38.69114967685768,59.85944205658366,-0.0317828827210188,risk_off,2026-03-16,35.58548040237191
LIN,39.39393939393939,27.27272727272727,60.60606060606061,78.78787878787878,46.2081546292426,50.45375213796973,0.0045033075689739,risk_off,2026-03-16,38.089350752497026
PG,19.6969696969697,24.242424242424242,81.81818181818183,84.84848484848484,50.87525978274304,52.296264077760725,-0.050880820949359,risk_off,2026-03-16,36.60788818568195
CAT,98.48484848484848,21.21212121212121,18.181818181818183,24.242424242424242,36.25640924577394,39.675524273397215,0.1349995237761307,risk_off,2026-03-16,38.7278607251206
UNP,40.90909090909091,18.181818181818183,51.515151515151516,75.75757575757575,48.38516472650451,46.949760218028175,0.0405845600915992,risk_off,2026-03-16,35.882638092866735
JNJ,87.87878787878788,15.151515151515152,90.9090909090909,81.81818181818183,58.552047464304415,66.86192464437605,-0.0127060993744392,risk_off,2026-03-16,45.871682725322614
O,63.63636363636363,12.121212121212121,78.78787878787878,90.9090909090909,43.79720302099335,57.85034969510775,-0.017097917852149,risk_off,2026-03-16,34.33598104394589
KO,53.03030303030303,9.090909090909092,87.87878787878788,93.93939393939394,50.09756560851679,58.807391909582144,-0.0246722973075649,risk_off,2026-03-16,34.848667514247204
DUK,46.96969696969697,6.0606060606060606,100.0,100.0,42.49416013999208,59.10489263405903,-0.0275738629510194,risk_off,2026-03-16,29.192464671930235
MCD,42.42424242424242,3.0303030303030303,84.84848484848484,87.87878787878788,47.90089113429397,53.216541863222425,-0.0717281283134088,risk_off,2026-03-16,30.069507436999796
AMZN,51.515151515151516,100.0,93.93939393939394,21.21212121212121,61.65893516535383,65.6651203664041,0.0674644717834651,risk_on,2026-04-14,76.30651133588813
META,31.81818181818182,96.96969696969697,96.96969696969697,12.121212121212121,72.20611990631667,62.016981557020905,-0.0897975684331905,risk_on,2026-04-14,77.85492950507319
HD,9.09090909090909,93.93939393939394,66.66666666666666,57.57575757575758,42.99138581151053,54.052822616847564,-0.0941028881681358,risk_on,2026-04-14,60.1547479099036
NVDA,69.69696969696969,90.9090909090909,100.0,15.151515151515152,70.87538193748748,69.32659153901264,0.1235051903256587,risk_on,2026-04-14,78.99326463364375
GOOGL,93.93939393939394,87.87878787878788,81.81818181818183,24.242424242424242,68.94667261703249,71.36509209916407,0.1635276856884742,risk_on,2026-04-14,79.55909398885358
CAT,100.0,84.84848484848484,90.9090909090909,18.181818181818183,35.395901999397125,65.8670591877582,0.1484293542945389,risk_on,2026-04-14,63.040075547968456
NEM,96.96969696969697,81.81818181818183,57.57575757575758,6.0606060606060606,79.81902844114191,64.44865417307686,0.0032690643727748,risk_on,2026-04-14,82.57440252482402
MSFT,9.090909090909092,78.78787878787878,72.72727272727273,42.42424242424242,74.12562647887526,55.43118590183566,0.0372923716221524,risk_on,2026-04-14,68.7194612675639
BLK,21.21212121212121,75.75757575757575,84.84848484848484,36.36363636363637,57.006048387096776,55.03757331378299,0.0359770324099346,risk_on,2026-04-14,60.69639250422941
UNH,15.15151515151515,72.72727272727273,54.54545454545454,3.0303030303030303,49.958547759850234,39.08261864287914,0.2616251681094177,risk_on,2026-04-14,55.41449958718707
LLY,46.96969696969697,69.6969696969697,60.60606060606061,9.090909090909092,56.14650793589487,48.502028859906254,0.0730298050050812,risk_on,2026-04-14,60.6933150783062
HON,63.63636363636363,66.66666666666666,63.63636363636363,60.60606060606061,41.453268541420535,59.19974461737502,-0.0630252108703223,risk_on,2026-04-14,54.336049240718225
JPM,45.45454545454545,63.63636363636363,75.75757575757575,72.72727272727273,51.02486559139785,61.72012463343108,-0.0200565387384524,risk_on,2026-04-14,55.59124870650102
GS,77.27272727272728,60.60606060606061,87.87878787878788,30.303030303030305,51.029065860215056,61.417934384164234,0.039873376358031,risk_on,2026-04-14,57.929618039942966
WMT,71.2121212121212,57.57575757575758,36.36363636363637,63.63636363636363,44.13760661591887,54.58509708075953,0.042383070151259,risk_on,2026-04-14,52.72192452452984
AMT,9.09090909090909,54.54545454545454,15.151515151515152,45.45454545454545,44.760230809694356,33.80053101042372,0.0136613775414087,risk_on,2026-04-14,44.77195187051869
DIS,28.78787878787879,51.515151515151516,78.78787878787878,33.33333333333333,57.86032870221635,50.056914225291756,0.0347987859601881,risk_on,2026-04-14,51.97209303496584
PG,12.121212121212121,48.484848484848484,30.303030303030305,78.78787878787878,52.34844624058938,44.40908318751182,-0.0032553068625021,risk_on,2026-04-14,46.225615364414814
PLD,74.24242424242425,45.45454545454545,51.515151515151516,66.66666666666666,36.01052401386672,54.777862378530926,0.0390285767032612,risk_on,2026-04-14,44.20680534439225
NEE,72.72727272727273,42.42424242424242,42.42424242424242,48.484848484848484,39.376761582006615,49.08747352852254,0.0359215733982698,risk_on,2026-04-14,44.388812063888565
AAPL,45.45454545454545,39.39393939393939,69.6969696969697,51.515151515151516,56.368194311062595,52.485760074333726,0.1389715376377391,risk_on,2026-04-14,48.14812123860759
LIN,46.96969696969697,36.36363636363637,39.39393939393939,81.81818181818183,46.36944495182324,50.18297989945555,0.008445914684785,risk_on,2026-04-14,42.316297055002565
MCD,21.21212121212121,33.33333333333333,33.33333333333333,87.87878787878788,49.75777519226499,45.10307018996814,-0.0935954250001988,risk_on,2026-04-14,39.777864723889365
APD,42.42424242424242,30.303030303030305,45.45454545454545,39.39393939393939,27.746172206795347,37.06438595651058,0.0234972899098886,risk_on,2026-04-14,30.45268820880012
KO,36.36363636363636,27.27272727272727,18.181818181818183,93.93939393939394,50.25381560851679,45.20227827321851,0.0544136649590158,risk_on,2026-04-14,39.224592820022394
UNP,42.42424242424242,24.242424242424242,48.484848484848484,75.75757575757575,48.202495644378914,47.82231731069396,0.0538010362585137,risk_on,2026-04-14,37.68391118920067
O,53.03030303030303,21.21212121212121,27.27272727272727,96.96969696969697,43.79720302099335,48.45641030116837,-0.0200595920145194,risk_on,2026-04-14,35.53594161841368
XOM,84.84848484848484,18.181818181818183,6.0606060606060606,54.54545454545454,,40.90909090909091,0.0093138524422804,risk_on,2026-04-14,32.500703204608136
CVX,80.30303030303031,15.151515151515152,9.090909090909092,69.6969696969697,49.54897181718813,44.75827921192248,-0.0057213522605844,risk_on,2026-04-14,38.847298807756786
JNJ,86.36363636363636,12.121212121212121,24.242424242424242,84.84848484848484,59.528609964304415,53.42087350801239,-0.0659725580758648,risk_on,2026-04-14,43.02747068388725
COP,83.33333333333333,9.090909090909092,21.21212121212121,27.27272727272727,60.971538576936354,40.376125897205455,-0.0077447441859986,risk_on,2026-04-14,42.124238722675194
SO,34.848484848484844,6.0606060606060606,12.121212121212121,90.9090909090909,39.26406634352435,36.64069205658366,-0.0259482897824707,risk_on,2026-04-14,25.09221470430587
DUK,42.42424242424242,3.0303030303030303,3.0303030303030303,100.0,43.228367129239395,38.34264312281758,-0.0362921800645295,risk_on,2026-04-14,26.582711226654016
MCD,18.18181818181818,100.0,30.303030303030305,87.87878787878788,53.30615181948592,57.93395763662445,0.0279435045048517,risk_on,2026-05-12,68.50578703368183
HD,9.090909090909092,96.96969696969697,66.66666666666666,51.515151515151516,40.75433853818324,52.999352556121494,0.0272499587885879,risk_on,2026-05-12,60.37653745279768
UNH,48.484848484848484,93.93939393939394,63.63636363636363,6.0606060606060606,44.30118036182355,51.28447849660713,0.0279269820064935,risk_on,2026-05-12,65.63103341181403
NVDA,86.36363636363636,90.9090909090909,100.0,15.151515151515152,70.20271071261604,72.52539062737169,-0.0922185013267641,risk_on,2026-05-12,80.89588905329667
GOOGL,95.45454545454545,87.87878787878788,81.81818181818183,27.27272727272727,65.93862700748433,71.67257388634535,-0.0799535322904492,risk_on,2026-05-12,78.81241613881494
COP,77.27272727272728,84.84848484848484,9.090909090909092,24.242424242424242,54.894709813152176,50.06985105353952,0.0173920028386758,risk_on,2026-05-12,70.23883069842938
CVX,68.18181818181819,81.81818181818183,3.0303030303030303,69.6969696969697,44.923066097386325,53.530067764931815,0.0207045236176435,risk_on,2026-05-12,63.286754526481076
HON,42.42424242424242,78.78787878787878,54.54545454545454,63.63636363636363,38.402026305395694,55.55919313986701,-0.0579299233724127,risk_on,2026-05-12,55.8331007046828
CAT,98.48484848484848,75.75757575757575,96.96969696969697,18.181818181818183,35.79952899094488,65.03869367697686,-0.0613722022988788,risk_on,2026-05-12,60.357906657932666
NEM,95.45454545454545,72.72727272727273,78.78787878787878,3.0303030303030303,84.20155288405891,66.84031057681177,-0.2249144059589974,risk_on,2026-05-12,80.79302559936151
LLY,53.03030303030303,69.6969696969697,57.57575757575758,9.090909090909092,57.435390424374134,49.365865963662706,0.1479992329524608,risk_on,2026-05-12,62.026884790020894
PG,16.666666666666668,66.66666666666666,39.39393939393939,78.78787878787878,52.26528797728405,50.75608789848711,0.0357167622739889,risk_on,2026-05-12,53.86856835622133
XOM,83.33333333333334,63.63636363636363,6.0606060606060606,48.484848484848484,,50.378787878787875,-6.645266746685419e-05,risk_on,2026-05-12,68.1481034253952
SO,34.848484848484844,60.60606060606061,15.151515151515152,90.9090909090909,34.15409347817451,47.1338489986652,0.0058841918816778,risk_on,2026-05-12,45.32947396121803
AMT,15.151515151515152,57.57575757575758,21.21212121212121,54.54545454545454,45.72895163135637,38.84276002324097,0.0765014658062173,risk_on,2026-05-12,46.88673485143718
DIS,15.151515151515152,54.54545454545454,75.75757575757575,42.42424242424242,52.66536957168798,48.10883149009517,-0.0711190918548598,risk_on,2026-05-12,48.78106859055184
UNP,46.96969696969697,51.515151515151516,48.484848484848484,75.75757575757575,46.9269151113786,53.93083756773027,0.0053840084447285,risk_on,2026-05-12,48.85567188273581
NEE,71.2121212121212,48.484848484848484,42.42424242424242,39.39393939393939,39.43414476477518,48.18985925598533,-0.1001162274864697,risk_on,2026-05-12,47.18630779987838
AAPL,65.15151515151516,45.45454545454545,72.72727272727273,57.57575757575758,56.32337972878639,59.44649412757546,-0.01092266402319,risk_on,2026-05-12,52.86663826147033
O,46.96969696969697,42.42424242424242,27.27272727272727,96.96969696969697,42.44671658986176,51.216616045245075,-0.0067167467958494,risk_on,2026-05-12,43.00064427368321
JNJ,68.18181818181819,39.39393939393939,24.242424242424242,84.84848484848484,47.56527812749198,52.846388958831724,0.0634531852978099,risk_on,2026-05-12,46.707626659604344
BLK,30.303030303030297,36.36363636363637,84.84848484848484,33.33333333333333,62.84722222222222,49.53914141414141,-0.0748924552166762,risk_on,2026-05-12,47.69161085441134
LIN,42.42424242424242,33.33333333333333,36.36363636363637,81.81818181818183,47.990593411207,48.38599747012019,0.0104987568146255,risk_on,2026-05-12,41.152840283417994
JPM,40.90909090909091,30.303030303030305,69.6969696969697,72.72727272727273,50.12180779569892,52.75163428641251,0.0139727423819164,risk_on,2026-05-12,40.66613773757414
KO,50.0,27.27272727272727,18.181818181818183,93.93939393939394,54.81191306247422,48.841170491282725,0.044483288927835,risk_on,2026-05-12,42.667913055265274
GS,75.75757575757575,24.242424242424242,90.9090909090909,30.303030303030305,49.30695564516128,54.10381537145649,0.0585579365510562,risk_on,2026-05-12,42.09418240150064
APD,40.90909090909091,21.21212121212121,45.45454545454545,36.36363636363637,54.5850332187083,39.70488543162045,-0.0892292351557265,risk_on,2026-05-12,38.891446937759866
WMT,72.72727272727272,18.181818181818183,33.33333333333333,60.60606060606061,41.214657057803585,45.21262838125769,-0.0748754070473477,risk_on,2026-05-12,35.48407160147644
AMZN,59.090909090909086,15.151515151515152,93.93939393939394,21.21212121212121,60.831950787373245,50.04517803626253,-0.1046573115555101,risk_on,2026-05-12,41.46546782054941
PLD,69.69696969696969,12.121212121212121,51.515151515151516,66.66666666666666,37.52233649435617,47.50446729887123,0.0139817045244072,risk_on,2026-05-12,30.881401397152626
MSFT,6.0606060606060606,9.090909090909092,60.60606060606061,45.45454545454545,72.7986802414431,38.802160290712855,-0.0255291069538723,risk_on,2026-05-12,37.77943255727951
META,15.151515151515152,6.0606060606060606,87.87878787878788,12.121212121212121,75.20408375213239,39.28324099285072,-0.0531011932524875,risk_on,2026-05-12,38.7388383382794
DUK,40.90909090909091,3.0303030303030303,12.121212121212121,100.0,41.645798684439136,39.54128094900904,-0.0002398559156477,risk_on,2026-05-12,25.36609176583752
NEM,53.03030303030303,100.0,90.9090909090909,3.0303030303030303,84.99540369051053,66.39302013204149,0.0271640009016782,risk_on,2026-06-10,88.56641508921832
META,4.545454545454545,96.96969696969697,84.84848484848484,12.121212121212121,76.79879798775653,55.056729294521006,0.1720376280500475,risk_on,2026-06-10,78.64163568421478
HON,24.242424242424242,93.93939393939394,63.63636363636363,60.60606060606061,39.22053086360046,56.32895465756858,0.0486277143110742,risk_on,2026-06-10,62.50493334450415
NEE,46.96969696969696,90.9090909090909,39.39393939393939,51.515151515151516,40.1389681343404,53.78536938444383,0.0333646175546518,risk_on,2026-06-10,63.83675342749738
NVDA,71.2121212121212,87.87878787878788,100.0,15.151515151515152,73.93612878180724,69.6357106048463,0.052589605035507,risk_on,2026-06-10,79.97946939426237
COP,72.72727272727272,84.84848484848484,9.090909090909092,27.27272727272727,54.894709813152176,49.766820750509225,-0.0907271299161466,risk_on,2026-06-10,70.27028379758526
WMT,60.60606060606061,81.81818181818183,30.303030303030305,54.54545454545454,41.78389073013793,53.81132360057304,-0.0554771955815182,risk_on,2026-06-10,61.82767614133046
AMT,30.303030303030305,78.78787878787878,21.21212121212121,45.45454545454545,44.285447073151595,44.00860456614547,-0.1242078112317369,risk_on,2026-06-10,58.50880911279117
APD,34.848484848484844,75.75757575757575,45.45454545454545,39.39393939393939,55.51913647957786,50.19473638682466,0.0832519192819964,risk_on,2026-06-10,62.602828627974304
LLY,72.72727272727272,72.72727272727273,54.54545454545454,9.090909090909092,56.183710316847254,53.05492388155127,0.04594450853317,risk_on,2026-06-10,65.3518914096048
UNH,80.3030303030303,69.6969696969697,57.57575757575758,6.0606060606060606,43.253692081194274,51.378011143511586,0.0421145732635721,risk_on,2026-06-10,58.97943235860882
PG,24.242424242424242,66.66666666666666,36.36363636363637,78.78787878787878,51.077994599203514,51.427720131961905,-0.0134854728243583,risk_on,2026-06-10,55.4318172690107
DUK,37.878787878787875,63.63636363636363,12.121212121212121,100.0,40.944776427710366,50.9162280128148,0.0035188934595697,risk_on,2026-06-10,50.91838345354132
KO,62.121212121212125,60.60606060606061,15.151515151515152,87.87878787878788,53.07538314195061,55.766591779905276,-0.0011962971468125,risk_on,2026-06-10,57.401807598330805
XOM,78.78787878787878,57.57575757575758,6.0606060606060606,42.42424242424242,,46.21212121212122,-0.0779444337734899,risk_on,2026-06-10,61.44195691949841
SO,37.878787878787875,54.54545454545454,18.181818181818183,96.96969696969697,33.835770496808045,48.28230561451312,0.0169113382690426,risk_on,2026-06-10,43.62928949750342
HD,9.090909090909092,51.515151515151516,60.60606060606061,57.57575757575758,42.45387269967392,44.24835029751055,0.0764454199759989,risk_on,2026-06-10,43.19031708582111
O,48.484848484848484,48.484848484848484,27.27272727272727,93.93939393939394,42.44671658986176,52.12570695433599,0.0193205723900677,risk_on,2026-06-10,45.79295395408916
GS,90.9090909090909,45.45454545454545,93.93939393939394,30.303030303030305,48.78612231182795,61.87843658357771,0.0538206482299596,risk_on,2026-06-10,51.53107209360083
UNP,60.606060606060595,42.42424242424242,48.484848484848484,72.72727272727273,46.82598343435997,54.21368153535684,0.0746357816233733,risk_on,2026-06-10,46.223110893087345
CVX,71.21212121212122,39.39393939393939,3.0303030303030303,66.66666666666666,44.7556553831006,45.01173713722618,-0.0706006793457179,risk_on,2026-06-10,44.99815698765723
JPM,40.90909090909091,36.36363636363637,69.6969696969697,69.6969696969697,49.60097446236559,53.25352822580645,0.0884064995705782,risk_on,2026-06-10,42.72417639102097
LIN,45.45454545454545,33.33333333333333,42.42424242424242,81.81818181818183,46.81656349068339,49.969373304197276,0.0405176648143104,risk_on,2026-06-10,40.568705435352356
JNJ,75.75757575757576,30.303030303030305,24.242424242424242,84.84848484848484,46.70760149705719,52.37182332971447,0.0775294774090398,risk_on,2026-06-10,42.20770421805824
PLD,75.75757575757575,27.27272727272727,51.515151515151516,75.75757575757575,36.511806603051824,53.36296738121642,-0.0336146601609118,risk_on,2026-06-10,36.28899558889083
DIS,15.151515151515152,24.242424242424242,75.75757575757575,48.484848484848484,52.7546552859737,43.278203784467465,-0.0303214465598092,risk_on,2026-06-10,36.03537558672657
MCD,19.696969696969695,21.21212121212121,33.33333333333333,90.9090909090909,52.15085614143209,43.46047425858944,-0.0280333541630323,risk_on,2026-06-10,34.85205581180023
BLK,30.3030303030303,18.181818181818183,81.81818181818183,33.33333333333333,63.62847222222222,45.45296717171717,0.0251612704912216,risk_on,2026-06-10,39.666989299750284
AMZN,50.0,15.151515151515152,87.87878787878788,21.21212121212121,61.71839012818671,47.19216287412219,0.0308403207474396,risk_on,2026-06-10,39.43172698727916
CAT,100.0,12.121212121212121,96.96969696969697,18.181818181818183,35.34242495367779,52.52303044528101,0.1124205791196824,risk_on,2026-06-10,31.350025772990698
MSFT,9.09090909090909,9.090909090909092,66.66666666666666,36.36363636363637,72.9161103656667,38.825646315557584,-0.0308535828971302,risk_on,2026-06-10,37.54519151206367
GOOGL,92.42424242424242,6.0606060606060606,78.78787878787878,24.242424242424242,66.0725555789129,53.51754141881288,0.0022447605982602,risk_on,2026-06-10,41.53826908841644
AAPL,72.72727272727272,3.0303030303030303,72.72727272727273,63.63636363636363,56.11102874701922,53.64644817364626,0.0814185535538096,risk_on,2026-06-10,33.73445612707508
META,27.272727272727273,100.0,84.84848484848484,12.121212121212121,73.44807919392764,59.53810068727038,-0.1152254805739736,risk_on,2026-07-10,80.52363440340272
NEM,53.03030303030303,96.96969696969697,93.93939393939394,3.0303030303030303,84.80009119051053,66.35395763204149,0.18564384795303,risk_on,2026-07-10,86.94463470368305
MSFT,4.545454545454545,93.93939393939394,60.60606060606061,33.33333333333333,74.35961492387146,53.35677146962278,0.2983380480653037,risk_on,2026-07-10,75.87339556602308
NVDA,62.12121212121212,90.9090909090909,100.0,18.181818181818183,73.24494715487879,68.8914136734,0.0616230545424298,risk_on,2026-07-10,79.98144965896043
GOOGL,84.84848484848484,87.87878787878788,78.78787878787878,24.242424242424242,66.0725555789129,68.36602626729773,-0.0080631752670052,risk_on,2026-07-10,77.75537577779744
AMZN,45.45454545454545,84.84848484848484,87.87878787878788,21.21212121212121,61.99692273688237,60.278172426164346,0.1187740078397363,risk_on,2026-07-10,70.48886620151325
CVX,54.54545454545454,81.81818181818183,3.0303030303030303,66.66666666666666,45.7322178831006,50.35856478874133,0.0575963946352033,risk_on,2026-07-10,62.76035907944663
WMT,40.90909090909091,78.78787878787878,33.33333333333333,57.57575757575758,42.75360496576205,50.67193311436453,-0.0179982706259406,risk_on,2026-07-10,58.654903198020605
MCD,19.6969696969697,75.75757575757575,27.27272727272727,87.87878787878788,54.21437516317122,52.964087153846364,-0.0004369814804092,risk_on,2026-07-10,60.260460237234355
PLD,69.69696969696969,72.72727272727273,54.54545454545454,72.72727272727273,37.30565740950343,61.40052542129462,-0.00504004741739,risk_on,2026-07-10,56.47895042877418
APD,46.96969696969697,69.6969696969697,45.45454545454545,36.36363636363637,55.05208484914308,50.707386666798314,0.0130537965413954,risk_on,2026-07-10,60.755209186997206
KO,68.18181818181819,66.66666666666666,15.151515151515152,90.9090909090909,52.98027444629844,58.77787307107788,0.0426399003362909,risk_on,2026-07-10,60.66672793118299
AAPL,78.78787878787878,63.63636363636363,69.6969696969697,60.60606060606061,54.77271352962792,65.49999725138012,-0.0063111147587502,risk_on,2026-07-10,61.21818209997673
BLK,21.21212121212121,60.60606060606061,81.81818181818183,39.39393939393939,63.888888888888886,53.38383838383838,0.0967851200303304,risk_on,2026-07-10,58.003055344267366
DUK,37.878787878787875,57.57575757575758,12.121212121212121,100.0,40.788526427710366,49.672856800693594,-0.0050207592122899,risk_on,2026-07-10,47.98408805705952
XOM,56.06060606060606,54.54545454545454,6.0606060606060606,54.54545454545454,,42.8030303030303,0.1019584382594784,risk_on,2026-07-10,54.83067810361278
PG,27.27272727272727,51.515151515151516,36.36363636363637,78.78787878787878,52.14785785306045,49.21745035849088,-0.0085010885274426,risk_on,2026-07-10,49.28913411843406
JNJ,87.87878787878788,48.484848484848484,21.21212121212121,81.81818181818183,45.92005109383139,57.062798097554165,0.0087943775835821,risk_on,2026-07-10,51.41086153317259
COP,57.57575757575758,45.45454545454545,9.090909090909092,27.27272727272727,55.15512647981885,38.90981317475165,0.0785950075464814,risk_on,2026-07-10,51.07369417947262
UNP,69.69696969696969,42.42424242424242,48.484848484848484,69.6969696969697,46.01755952131649,55.26411796486936,0.0215013019635534,risk_on,2026-07-10,46.86517603833235
DIS,7.575757575757576,39.39393939393939,75.75757575757575,48.484848484848484,53.128296590321526,44.86808356048855,0.0971554136026149,risk_on,2026-07-10,42.27715310039665
SO,40.90909090909091,36.36363636363637,18.181818181818183,96.96969696969697,33.77462919246022,45.239774323340534,-0.0305407190702304,risk_on,2026-07-10,35.669711082108364
O,53.03030303030303,33.33333333333333,30.303030303030305,93.93939393939394,42.79393881208397,50.67999988362892,-0.0126362823314566,risk_on,2026-07-10,39.629104072230525
CAT,100.0,30.303030303030305,96.96969696969697,15.151515151515152,34.86863463109715,55.45857541106791,-0.1157274428145859,risk_on,2026-07-10,39.57497253236633
JPM,51.515151515151516,27.27272727272727,66.66666666666666,75.75757575757575,49.07174059139785,54.0567723607038,0.0625612616774156,risk_on,2026-07-10,39.58970342482133
LLY,90.9090909090909,24.242424242424242,51.515151515151516,9.090909090909092,56.183710316847254,46.388257214884604,-0.0024146420293961,risk_on,2026-07-10,45.515547302075795
HD,16.666666666666664,21.21212121212121,63.63636363636363,51.515151515151516,41.11051715970198,38.828164038001,0.0358870019291945,risk_on,2026-07-10,29.692713360816725
GS,87.87878787878788,18.181818181818183,90.9090909090909,30.303030303030305,48.51730510752688,55.15800647605083,-0.0147558402991195,risk_on,2026-07-10,39.046399156861234
UNH,89.3939393939394,15.151515151515152,57.57575757575758,6.0606060606060606,43.253692081194274,42.28710205260249,-0.0413075426183855,risk_on,2026-07-10,35.482182006847445
LIN,62.12121212121212,12.121212121212121,42.42424242424242,84.84848484848484,46.50406349068339,49.603843001166986,-0.0751429220863082,risk_on,2026-07-10,32.76661253607696
HON,25.757575757575758,9.090909090909092,72.72727272727273,42.42424242424242,39.12038184536763,37.82407636907353,0.0874039780273974,risk_on,2026-07-10,24.32580009898844
AMT,15.151515151515152,6.0606060606060606,24.242424242424242,45.45454545454545,46.51524195393701,27.484866572605586,0.0234296045675541,risk_on,2026-07-10,25.20070424497222
NEE,45.45454545454545,3.0303030303030303,39.39393939393939,63.63636363636363,40.7249056343404,38.448011429898386,-0.0376307138818292,risk_on,2026-07-10,24.380926525928338
MSFT,46.96969696969697,100.0,75.75757575757575,27.27272727272727,68.01526844800142,63.60305368960028,-0.0005799676653682,risk_on,2026-08-07,81.49653824581128
CAT,84.84848484848484,96.96969696969697,96.96969696969697,6.0606060606060606,48.67804524996847,66.70530601969065,-0.0335434995881056,risk_on,2026-08-07,72.98184927427664
NEM,62.12121212121212,93.93939393939394,93.93939393939394,3.0303030303030303,81.42499119943676,66.89105884594795,0.1337404189413995,risk_on,2026-08-07,86.05628978000917
NVDA,65.15151515151516,90.9090909090909,100.0,15.151515151515152,72.00878197581804,68.64418063758785,0.0285765034141165,risk_on,2026-08-07,80.29935983586319
MCD,12.121212121212121,87.87878787878788,33.33333333333333,90.9090909090909,52.536838531872775,55.355852554859396,-0.0684567465492334,risk_on,2026-08-07,66.4356665904874
GOOGL,69.69696969696969,84.84848484848484,81.81818181818183,24.242424242424242,70.16436200951969,66.15408452311605,-0.0447078658866524,risk_on,2026-08-07,76.888015719073
AMZN,69.69696969696969,81.81818181818183,87.87878787878788,21.21212121212121,60.95567097040426,64.31234631529297,-0.0581827476737407,risk_on,2026-08-07,71.05500345524672
WMT,24.242424242424242,78.78787878787878,27.27272727272727,60.60606060606061,40.64868853563334,46.31155588894485,-0.0421099610972495,risk_on,2026-08-07,57.229042545663106
PG,21.21212121212121,75.75757575757575,36.36363636363637,78.78787878787878,46.37746382562008,51.69973518936645,0.0044585306619617,risk_on,2026-08-07,58.42183622057357
LLY,89.3939393939394,72.72727272727273,51.515151515151516,18.181818181818183,53.57112855222734,57.077862074081835,-0.0306567177332277,risk_on,2026-08-07,64.46008356276357
GS,78.78787878787878,69.6969696969697,90.9090909090909,30.303030303030305,53.27620967741936,64.59463587487781,-0.000961899187282,risk_on,2026-08-07,62.308279460989134
AMT,12.121212121212121,66.66666666666666,24.242424242424242,45.45454545454545,45.20709391001436,38.73838847897257,0.0191840323761554,risk_on,2026-08-07,53.1497310804472
PLD,59.090909090909086,63.63636363636363,54.54545454545454,66.66666666666666,34.78503386389541,55.74488556065786,-0.0201199147441311,risk_on,2026-08-07,49.46179849373732
AAPL,74.24242424242425,60.60606060606061,60.60606060606061,57.57575757575758,55.27372346379783,61.66080529882017,0.0211917624644779,risk_on,2026-08-07,58.82773836307182
UNH,95.45454545454545,57.57575757575758,57.57575757575758,12.121212121212121,42.611174593190086,53.06768946409257,-0.0244177366898472,risk_on,2026-08-07,52.5624302590699
BLK,36.36363636363636,54.54545454545454,78.78787878787878,36.36363636363637,64.39852150537635,54.091825513196476,-0.0124076904972625,risk_on,2026-08-07,58.239196202159235
DIS,19.696969696969695,51.515151515151516,72.72727272727273,48.484848484848484,49.49679488169434,48.38420746118735,0.0038127336052018,risk_on,2026-08-07,48.692604655209024
LIN,40.90909090909091,48.484848484848484,39.39393939393939,81.81818181818183,46.28732762241415,51.37867764569495,-0.0253275712964863,risk_on,2026-08-07,46.98499958195141
HON,42.42424242424242,45.45454545454545,69.6969696969697,42.42424242424242,57.283239982153944,51.45664799643079,-0.1486536091364081,risk_on,2026-08-07,50.98149004371108
O,43.93939393939394,42.42424242424242,30.303030303030305,96.96969696969697,44.442044290834616,51.615681585439646,-0.0201567486060731,risk_on,2026-08-07,43.48517169714451
HD,22.727272727272727,39.39393939393939,66.66666666666666,51.515151515151516,38.7846998635916,43.817546033324376,-0.0972105275262344,risk_on,2026-08-07,38.13145845489766
JNJ,81.81818181818181,36.36363636363637,21.21212121212121,87.87878787878788,45.98718578858612,54.65198261226268,0.0616803786232855,risk_on,2026-08-07,43.64555381070002
COP,59.09090909090909,33.33333333333333,3.0303030303030303,33.33333333333333,64.78770641321044,38.71511704021784,0.1415695417913203,risk_on,2026-08-07,49.99587327479014
XOM,66.66666666666667,30.303030303030305,9.090909090909092,54.54545454545454,,40.15151515151515,0.0420152131250317,risk_on,2026-08-07,34.38447636442251
UNP,83.33333333333334,27.27272727272727,48.484848484848484,72.72727272727273,45.43616347828498,55.45086905929337,-0.0119742425106847,risk_on,2026-08-07,39.288533088324016
JPM,71.21212121212122,24.242424242424242,63.63636363636363,69.6969696969697,56.67422715053763,57.092421187683286,0.0031327636752718,risk_on,2026-08-07,42.609166686493815
KO,71.2121212121212,21.21212121212121,15.151515151515152,84.84848484848484,49.408106512752134,48.36646978739891,0.011717364816862,risk_on,2026-08-07,37.712744136964126
APD,50.0,18.181818181818183,45.45454545454545,39.39393939393939,25.415238126042205,35.68910823126904,-0.0071513755941041,risk_on,2026-08-07,23.51875250124518
META,6.0606060606060606,15.151515151515152,84.84848484848484,9.090909090909092,68.87786547856066,36.805876126015164,0.0416653351841456,risk_on,2026-08-07,40.52670005653927
CVX,48.484848484848484,12.121212121212121,6.0606060606060606,63.63636363636363,71.86447758743516,40.43350157809309,0.1181389838837216,risk_on,2026-08-07,43.039414007725476
DUK,27.272727272727273,9.090909090909092,12.121212121212121,100.0,39.11531244594204,37.520032186158105,-0.0370844798558621,risk_on,2026-08-07,24.623666769098175
SO,24.242424242424242,6.0606060606060606,18.181818181818183,93.93939393939394,31.497543256956092,34.784357136239706,-0.0494120370096,risk_on,2026-08-07,19.381565589310025
NEE,39.39393939393939,3.0303030303030303,42.42424242424242,75.75757575757575,38.26503345974908,39.77421881316194,-0.0144123000438476,risk_on,2026-08-07,22.131974709104075
HON,28.78787878787879,100.0,72.72727272727273,39.39393939393939,57.97926270942668,59.77767072370351,,risk_on,2026-09-04,73.76613221376417
CAT,74.24242424242425,96.96969696969697,96.96969696969697,6.0606060606060606,49.285684138857356,64.70562167625631,,risk_on,2026-09-04,71.29540847119199
WMT,22.727272727272727,93.93939393939394,33.33333333333333,51.515151515151516,43.088859252013734,48.920802153433044,,risk_on,2026-09-04,63.248064905114795
UNH,80.30303030303031,90.9090909090909,57.57575757575758,18.181818181818183,44.81250875504826,58.35644114494905,,risk_on,2026-09-04,66.89079867161293
NEM,86.36363636363636,87.87878787878788,93.93939393939394,3.0303030303030303,80.52193340373783,70.3468109231718,,risk_on,2026-09-04,84.05806954205123
GS,75.75757575757575,84.84848484848484,90.9090909090909,27.27272727272727,54.05745967741936,66.56906769305962,,risk_on,2026-09-04,68.66357758198845
NVDA,72.72727272727272,81.81818181818183,100.0,12.121212121212121,73.51232832136122,68.03579899760558,,risk_on,2026-09-04,76.98424636784426
HD,12.121212121212121,78.78787878787878,63.63636363636363,57.57575757575758,41.486682884118395,50.7215790010661,,risk_on,2026-09-04,55.25701731634575
MSFT,53.03030303030303,75.75757575757575,75.75757575757575,24.242424242424242,67.52013857787155,59.26160347315007,,risk_on,2026-09-04,69.99672065183817
GOOGL,66.66666666666667,72.72727272727273,81.81818181818183,30.303030303030305,69.9891726155803,64.30086482614637,,risk_on,2026-09-04,70.91770963113755
DUK,28.78787878787879,69.6969696969697,12.121212121212121,100.0,38.95748416311375,49.91270895383487,,risk_on,2026-09-04,51.29467961289001
APD,43.93939393939394,66.66666666666666,42.42424242424242,42.42424242424242,25.415238126042205,44.17395671611753,,risk_on,2026-09-04,44.239677501300996
DIS,25.757575757575758,63.63636363636363,69.6969696969697,45.45454545454545,47.97388184213728,50.50386727751836,,risk_on,2026-09-04,53.058908821803115
COP,81.81818181818181,60.60606060606061,3.0303030303030303,33.33333333333333,64.39708141321044,48.636992040217855,,risk_on,2026-09-04,64.0154457024801
META,13.636363636363637,57.57575757575758,84.84848484848484,9.090909090909092,66.65090840785359,46.36048471187375,,risk_on,2026-09-04,59.05904817130068
AMZN,51.515151515151516,54.54545454545454,87.87878787878788,21.21212121212121,61.26817097040426,55.28393722438388,,risk_on,2026-09-04,57.72556123382681
BLK,40.90909090909091,51.515151515151516,78.78787878787878,36.36363636363637,63.8692876344086,54.28900904203323,,risk_on,2026-09-04,57.00397024691843
CVX,72.72727272727272,48.484848484848484,9.090909090909092,63.63636363636363,70.60987555377457,52.909853898633706,,risk_on,2026-09-04,61.36326994338505
AAPL,71.21212121212122,45.45454545454545,60.60606060606061,60.60606060606061,54.43565528197965,58.46288863215351,,risk_on,2026-09-04,51.80447887793587
XOM,75.75757575757575,42.42424242424242,6.0606060606060606,54.54545454545454,,44.696969696969695,,risk_on,2026-09-04,47.170458486680666
JNJ,92.42424242424242,39.39393939393939,21.21212121212121,84.84848484848484,44.81531078858612,56.538819733474796,,risk_on,2026-09-04,45.86975968855545
AMT,22.727272727272727,36.36363636363637,24.242424242424242,48.484848484848484,44.58051562718607,35.27973948907358,,risk_on,2026-09-04,39.550226473248415
UNP,75.75757575757576,33.33333333333333,48.484848484848484,66.66666666666666,44.898870909742406,53.82825903043333,,risk_on,2026-09-04,42.1630532778915
LLY,77.27272727272728,30.303030303030305,51.515151515151516,15.151515151515152,53.57112855222734,45.56271055893032,,risk_on,2026-09-04,45.36092667240378
MCD,6.0606060606060606,27.27272727272727,27.27272727272727,90.9090909090909,53.714913928698174,41.04601308876994,,risk_on,2026-09-04,39.12567998709933
PG,25.757575757575758,24.242424242424242,36.36363636363637,78.78787878787878,45.27307757177731,42.08491854465849,,risk_on,2026-09-04,34.96595424827532
O,42.42424242424242,21.21212121212121,30.303030303030305,96.96969696969697,43.697996671786996,46.92141751617558,,risk_on,2026-09-04,34.059049029682534
NEE,37.87878787878788,18.181818181818183,45.45454545454545,75.75757575757575,37.78760290419352,43.01206603538416,,risk_on,2026-09-04,29.467989016334307
SO,22.727272727272727,15.151515151515152,15.151515151515152,93.93939393939394,32.83750537816821,35.96144046957304,,risk_on,2026-09-04,24.61390571178933
LIN,25.757575757575758,12.121212121212121,39.39393939393939,81.81818181818183,45.73485382015489,40.965152582212795,,risk_on,2026-09-04,30.05151946648417
JPM,65.15151515151516,9.090909090909092,66.66666666666666,69.6969696969697,57.325268817204304,53.58626588465298,,risk_on,2026-09-04,37.3932535884687
PLD,53.030303030303024,6.0606060606060606,54.54545454545454,72.72727272727273,35.08885330833985,44.29049793439524,,risk_on,2026-09-04,24.026342756329267
KO,74.24242424242425,3.0303030303030303,18.181818181818183,87.87878787878788,48.306880436197105,46.32804275390609,,risk_on,2026-09-04,30.907785102537705
