date,ADA-USD,AGG,ALGO-USD,AMLP,AMT,APLE,APO,ARCC,ARE,ARES,ARI,ATOM-USD,AUDUSD=X,AVAX-USD,AVB,BCH-USD,BIL,BIZD,BKLN,BNB-USD,BND,BNDX,BTC-USD,BX,BXMT,BXP,BZ=F,CC=F,CCI,CG,CHH,CL=F,CMBS,CT=F,CUBE,DBC,DBMF,DIA,DLR,DOGE-USD,DOT-USD,DRH,DX-Y.NYB,EEM,EFA,EGP,EMB,EQIX,EQR,ETC-USD,ETH-USD,ETHA,EURCHF=X,EURGBP=X,EURJPY=X,EURUSD=X,EWG,EWJ,EWU,EWZ,EXR,FBTC,FIL-USD,FLOT,FPI,FRT,FSK,GBPJPY=X,GBPUSD=X,GC=F,GDX,GF=F,GLD,HBAR-USD,HE=F,HG=F,HO=F,HST,HYG,IBIT,IEF,IGF,INDA,INVH,IWM,JNK,KC=F,KIM,KKR,KMLM,KRC,LAND,LE=F,LINK-USD,LQD,LTC-USD,MAA,MAIN,MBB,MCHI,MUB,NG=F,NNN,NZDUSD=X,O,OBDC,OHI,PA=F,PAVE,PDBC,PEB,PK,PL=F,PLD,PSA,PSP,QAI,QQQ,RB=F,REG,REXR,RHP,RSP,SB=F,SCHH,SHY,SI=F,SLG,SLV,SOL-USD,SPG,SPY,STWD,TIP,TLT,TRX-USD,USDBRL=X,USDC-USD,USDCAD=X,USDCHF=X,USDCNY=X,USDHKD=X,USDINR=X,USDJPY=X,USDKRW=X,USDMXN=X,USDNOK=X,USDPLN=X,USDSEK=X,USDSGD=X,USDT-USD,USDTRY=X,USDZAR=X,USO,VCIT,VCSH,VIXY,VNO,VNQ,VNQI,VT,VTR,WELL,WH,WOOD,XLM-USD,XLRE,XMR-USD,XRP-USD,ZC=F,ZL=F,ZM=F,ZS=F,ZW=F,^VIX
2025-08-02,0.69767,,0.227526,,,,,,,,,4.092273,,20.869081,,520.473206,,,,736.646423,,,112526.914062,,,,,,,,,,,,,,,,,0.191214,3.506547,,,,,,,,,19.183838,3392.741211,,,,,,,,,,,,2.27169,,,,,,,,,,,0.230122,,,,,,,,,,,,,,,,,,,,15.651691,,106.237068,,,,,,,,,,,,,,,,,,,,,,,,,,,,,,,,,,158.483017,,,,,,0.321944,,0.999823,,,,,,,,,,,,,0.999667,,,,,,,,,,,,,,,0.367157,,294.84964,2.766372,,,,,,
2025-08-03,0.726976,,0.243395,,,,,,,,,4.274301,,21.378595,,544.460144,,,,751.560974,,,114217.671875,,,,,,,,,,,,,,,,,0.198864,3.603953,,,,,,,,,19.86651,3497.37915,,,,,,,,,,,,2.343903,,,,,,,,,,,0.248772,,,,,,,,,,,,,,,,,,,,16.299955,,110.469727,,,,,,,,,,,,,,,,,,,,,,,,,,,,,,,,,,161.954971,,,,,,0.327655,,0.999836,,,,,,,,,,,,,1.00005,,,,,,,,,,,,,,,0.399207,,303.44281,2.949544,,,,,,
2025-08-04,0.754808,94.696846,0.248285,45.094482,202.865295,10.70104,139.19696,19.832241,71.612015,179.933716,5.926585,4.311883,0.64691,23.090252,,574.105286,87.581802,13.757927,19.400953,769.059082,70.28714,47.074284,115071.882812,163.853287,16.423786,62.222679,68.760002,8102.0,100.804504,58.463364,125.231636,66.290001,46.79504,64.559998,37.039539,21.29335,24.251431,433.888397,166.913757,0.210413,3.719923,7.332242,98.779999,47.764637,85.522423,156.80159,87.73587,757.461182,,20.940884,3718.986084,27.75,0.93154,0.87176,170.705002,1.158668,40.487858,72.182335,38.890987,25.772953,130.382004,100.120003,2.425283,48.33897,10.150793,86.801445,16.235193,195.796005,1.328992,3426.399902,54.543861,335.399994,310.910004,0.250594,108.175003,4.415,2.3176,14.367763,74.953842,65.199997,91.544868,58.259754,52.48,28.588305,216.904739,89.560692,288.549988,19.870468,143.898697,24.929359,34.773468,8.507417,230.899994,17.103121,104.081917,121.205246,133.750885,58.735451,89.169853,56.402245,100.261467,2.932,40.701511,0.591419,53.958755,12.092584,37.515453,1194.800049,45.016972,12.629685,9.864526,9.383837,1326.400024,101.105835,266.664337,65.150208,32.088753,560.811829,2.1022,68.644943,34.071609,87.864883,180.10463,16.25,20.276859,79.280434,37.192001,52.761723,33.98,169.42569,154.835846,622.706787,16.939489,105.268539,83.546799,0.332942,5.5379,0.999813,1.37783,0.80401,7.2116,7.84941,87.2453,147.343002,1390.180054,18.86801,10.2489,3.67828,9.6474,1.28839,0.999893,40.677799,18.0121,76.110001,78.626022,75.473701,41.73,37.813713,85.737137,44.065262,127.636192,66.17598,165.598679,82.237122,69.73835,0.413959,39.91621,305.995819,3.07281,387.0,54.5,273.799988,969.0,516.75,17.52
2025-08-05,0.726036,94.725479,0.237429,44.59655,200.074478,10.765391,142.646988,19.90307,72.559166,179.389771,5.944526,4.226774,0.64748,21.903446,,551.387085,87.581802,13.835607,19.400953,754.851013,70.315765,47.074284,114141.445312,161.143219,16.406408,62.563423,67.639999,8363.0,98.688545,58.1441,123.387535,65.160004,46.747101,65.589996,36.983585,21.109537,24.241962,433.230438,166.199417,0.199739,3.61873,7.322721,98.779999,47.901951,85.512756,157.424576,87.73587,757.996277,,20.16964,3611.899414,27.02,0.93489,0.87109,170.035004,1.158413,40.674126,71.93306,38.910332,25.859085,130.901413,99.150002,2.331294,48.329479,10.25466,88.555687,16.283705,195.182999,1.329752,3434.699951,56.052902,341.049988,311.160004,0.239165,108.775002,4.364,2.2502,14.102201,74.916489,64.550003,91.477974,58.191826,52.41,28.843979,218.010361,89.495842,298.700012,20.097021,141.449646,24.943636,35.032829,8.6006,234.274994,16.384867,104.157745,120.269012,135.373856,58.250484,89.226921,56.784996,100.348152,3.01,39.68988,0.591698,53.723953,12.178406,37.713448,1193.5,45.155792,12.523797,9.824669,9.437975,1317.199951,102.864456,267.842865,65.347481,32.06905,557.00415,2.0915,70.195091,34.816181,88.525955,179.604858,16.09,20.353886,79.251656,37.687,52.178516,34.349998,164.096436,159.907639,619.549622,17.008949,105.173264,83.802963,0.333614,5.4961,0.999869,1.3768,0.80709,7.178,7.84924,87.893303,146.792999,1383.589966,18.871401,10.25285,3.688498,9.64374,1.28679,0.999872,40.6749,17.919701,75.019997,78.588196,75.435738,42.16,36.277687,86.128456,44.007984,127.38131,66.612129,166.491531,82.713943,70.519287,0.396223,40.050415,291.877899,2.963748,381.5,53.84,273.600006,969.0,508.25,17.85
2025-08-06,0.741794,94.687279,0.242809,44.623711,198.979065,10.645881,142.970444,19.876509,68.575562,180.639877,5.890703,4.325854,0.647299,22.230154,,571.063293,87.610535,13.775189,19.428774,769.847839,70.258507,47.026695,115028.0,162.748138,16.206545,62.487698,66.889999,8470.0,99.017677,60.852982,122.924042,64.349998,46.775864,65.699997,36.834385,21.061165,24.270359,434.045532,163.61235,0.205255,3.673978,7.217975,98.18,48.127529,86.073555,155.220154,87.792366,752.216064,,20.289379,3683.920654,27.91,0.93431,0.87059,170.848999,1.157917,41.017242,72.891792,39.055412,26.270611,130.372574,100.620003,2.377787,48.367477,10.235776,88.35656,16.364555,196.231003,1.329946,3433.399902,56.976196,345.024994,310.5,0.244749,108.875,4.391,2.2628,14.01063,74.991219,65.510002,91.411102,58.27916,52.259998,28.654589,217.724075,89.616234,293.399994,20.134777,143.333511,24.929359,35.357037,8.488781,236.300003,16.686306,104.129318,119.295151,134.237762,58.698841,89.226921,57.275711,100.203674,3.077,39.09425,0.590929,53.451572,12.109747,38.043446,1137.400024,44.89798,12.494917,9.834635,9.347745,1326.0,101.60556,267.462708,66.146011,32.108459,564.013062,2.0904,69.614975,34.627682,89.158691,179.203049,16.01,20.209461,79.280434,37.765999,52.140884,34.349998,168.175735,158.226501,624.295166,16.843981,105.087524,83.319077,0.337174,5.503,0.999914,1.37707,0.80692,7.1834,7.8498,87.723099,147.559998,1386.579956,18.733231,10.25441,3.6931,9.66864,1.28727,1.000196,40.668999,17.8916,73.790001,78.616562,75.483215,40.860001,36.962536,85.460342,44.437565,128.214523,66.389206,165.775299,83.17131,71.30024,0.400519,39.714905,285.406464,2.991888,379.75,53.790001,269.399994,961.5,508.5,16.77
2025-08-07,0.786395,94.610947,0.26392,44.279682,200.036362,10.81136,138.305038,19.823385,69.234856,178.40683,5.950507,4.467209,0.650022,23.346224,,582.27887,87.610535,13.680248,19.438047,788.19635,70.229858,47.045727,117496.898438,161.104797,16.319511,62.175354,66.43,8644.0,99.882881,59.566265,121.533569,63.880001,46.775864,64.959999,36.834385,21.128885,24.374485,431.835876,165.292023,0.22239,3.863389,7.322721,98.400002,48.529655,86.847076,156.533218,87.924164,758.385559,,21.532049,3914.325928,29.309999,0.94003,0.87304,171.654999,1.166317,41.497608,73.457436,39.161804,26.844828,130.599213,102.650002,2.488342,48.376976,10.273546,87.579002,15.022405,196.608002,1.335791,3453.699951,57.522228,348.649994,313.119995,0.259556,108.775002,4.3785,2.2668,13.983158,74.916489,66.830002,91.344208,58.589672,52.529999,28.616711,217.013336,89.551422,297.799988,20.002625,140.983627,25.053101,35.440403,8.516738,238.75,18.469936,104.025055,122.725807,135.707977,58.131527,89.112801,57.118679,100.251831,3.067,39.642612,0.592849,53.620628,12.084001,37.836018,1160.900024,45.185535,12.523797,9.705099,9.311654,1339.900024,102.143707,269.810242,66.164803,32.187275,565.921875,2.0775,68.987312,34.84446,89.083145,179.095245,16.01,20.276859,79.242073,38.158001,51.209629,34.759998,175.485428,157.112045,623.772278,17.173918,105.201843,83.176781,0.338512,5.4589,0.999846,1.37392,0.80605,7.1828,7.8494,87.762497,147.192993,1384.390015,18.601549,10.17926,3.662181,9.60209,1.28515,1.000287,40.659401,17.77482,73.419998,78.5504,75.445229,41.18,36.78643,85.708504,44.704861,128.449768,66.592728,166.48172,81.536484,72.910934,0.438597,39.868279,266.618286,3.318208,384.5,53.540001,272.700012,971.75,518.25,16.57
2025-08-08,0.791181,94.429611,0.265979,44.442646,196.702576,10.774588,139.147964,19.973898,68.909843,179.819183,5.99237,4.604598,0.652571,23.797428,,586.448181,87.639229,13.775189,19.428774,793.439575,70.077156,46.969604,116688.726562,162.325272,16.406408,59.865906,66.589996,8526.0,98.274742,60.204781,119.078033,63.880001,46.737518,65.32,36.209595,21.128885,24.374485,433.996399,164.017792,0.230214,3.978263,7.217975,98.18,48.490421,87.378876,154.405472,87.924164,755.329956,,22.399408,4009.848877,30.790001,0.94071,0.86796,171.449005,1.167665,41.507408,74.713364,39.200489,26.615141,128.77655,101.599998,2.544914,48.414993,10.301873,86.573883,14.464523,197.507004,1.345153,3491.300049,57.641369,339.399994,313.049988,0.261925,108.900002,4.4555,2.2793,14.056417,74.925812,66.129997,91.134018,58.512043,52.119999,28.361038,217.487167,89.569931,309.350006,19.643917,141.459549,25.12925,35.023567,8.097423,232.550003,19.895052,103.693344,123.87101,134.113678,60.29509,88.970161,57.108868,100.194038,2.99,39.557518,0.597011,53.949356,12.161241,37.666309,1133.199951,45.364017,12.504544,9.376282,9.17631,1325.599976,101.557503,267.766815,66.719055,32.187275,571.200867,2.0861,68.397675,34.608833,87.269936,179.418625,16.25,20.084295,79.222885,38.417,50.240749,34.880001,176.76329,155.770874,628.63623,17.26074,105.135155,82.816246,0.338006,5.4143,0.999823,1.37325,0.80569,7.181,7.84932,87.433197,146.837006,1384.969971,18.60795,10.20931,3.641699,9.55453,1.28251,1.000091,40.65601,17.69311,73.300003,78.351845,75.369286,39.759998,36.111362,85.002213,44.762135,129.204544,66.457047,164.862808,81.701912,72.588799,0.449546,39.542355,273.479767,3.28712,382.75,52.759998,273.399994,966.75,514.5,15.15
2025-08-09,0.804036,,0.270124,,,,,,,,,4.731931,,24.24736,,567.501404,,,,799.086731,,,116500.359375,,,,,,,,,,,,,,,,,0.240325,4.139029,,,,,,,,,23.659939,4263.599121,,,,,,,,,,,,2.631997,,,,,,,,,,,0.266259,,,,,,,,,,,,,,,,,,,,21.930365,,120.422195,,,,,,,,,,,,,,,,,,,,,,,,,,,,,,,,,,180.182343,,,,,,0.335285,,0.999949,,,,,,,,,,,,,1.000269,,,,,,,,,,,,,,,0.446918,,274.039032,3.227883,,,,,,
2025-08-10,0.802288,,0.26634,,,,,,,,,4.66398,,23.863525,,570.745789,,,,805.873474,,,119306.757812,,,,,,,,,,,,,,,,,0.234099,4.063409,,,,,,,,,23.195711,4254.217773,,,,,,,,,,,,2.625187,,,,,,,,,,,0.259365,,,,,,,,,,,,,,,,,,,,22.102489,,123.793945,,,,,,,,,,,,,,,,,,,,,,,,,,,,,,,,,,182.903015,,,,,,0.338326,,0.999924,,,,,,,,,,,,,1.000251,,,,,,,,,,,,,,,0.444526,,268.422455,3.187856,,,,,,
2025-08-11,0.773977,94.496407,0.253552,44.008083,196.292999,10.820555,139.294968,19.876509,66.727699,178.025116,5.920605,4.492879,0.651772,22.852482,,579.313843,87.648819,13.757927,19.419498,806.730225,70.12487,46.950573,118731.445312,163.440048,16.163097,58.786903,66.629997,8778.0,97.597641,60.369255,117.411446,63.959999,46.756691,65.290001,36.097691,21.157909,24.346087,432.120697,162.878693,0.22255,3.86374,7.246542,98.519997,48.353111,87.011444,152.833633,88.037178,755.865173,,22.261393,4226.966797,32.25,0.94053,0.86634,171.990997,1.164795,41.115273,74.57914,39.306881,26.452446,127.709373,103.879997,2.474272,48.4245,10.131907,86.71611,14.189624,198.490005,1.344447,3404.699951,57.274033,340.225006,308.549988,0.24702,109.675003,4.4235,2.291,14.019788,74.925812,67.639999,91.162689,58.579964,52.27,28.313688,217.43782,89.551422,320.700012,19.634476,140.551147,24.929359,33.84716,8.060151,233.074997,21.119766,103.854485,120.289688,132.204315,60.616642,88.970161,56.745739,100.31926,2.954,39.302246,0.59493,53.902401,12.092584,37.89259,1149.400024,45.116127,12.552675,9.356354,9.221424,1329.900024,100.019913,265.875519,66.549965,32.197128,569.510803,2.0766,68.036278,34.316654,86.646637,178.92865,16.49,19.988016,79.222885,37.661999,48.952045,34.18,174.977814,156.025879,627.393127,17.130503,105.135155,82.911125,0.344986,5.4323,1.000082,1.37527,0.80747,7.181,7.8496,87.488297,147.664001,1387.810059,18.582211,10.2819,3.642364,9.56608,1.28505,1.000291,40.747299,17.7321,73.800003,78.408592,75.416748,39.950001,35.132999,84.439102,44.733498,128.861481,66.398895,164.862808,81.731102,71.934753,0.431059,39.312286,267.563446,3.134514,385.0,53.290001,277.700012,989.5,515.0,16.25
2025-08-12,0.841204,94.496407,0.271262,44.306839,194.902313,11.22506,141.725693,19.894217,68.426994,183.95134,6.00433,4.700168,0.65144,24.666895,,618.722351,87.658386,13.809713,19.438047,832.926575,70.134422,46.893478,120172.90625,166.966995,16.510687,60.263432,66.120003,8793.0,96.234024,62.652454,119.965584,63.169998,46.727924,67.07,36.237568,21.070841,24.535402,436.70694,163.399994,0.235666,4.148654,7.484601,98.099998,48.941589,88.075035,154.990112,88.20665,766.15094,,23.621777,4590.924805,34.25,0.94322,0.8646,172.078995,1.161845,41.321148,75.959709,39.68409,27.170221,128.002151,104.419998,2.629211,48.414993,10.169677,88.01519,14.327074,198.990005,1.343526,3399.0,57.790283,345.375,308.269989,0.260637,109.550003,4.5085,2.2441,14.422707,75.093956,67.949997,91.14357,58.9487,52.470001,28.436792,223.893723,89.727386,315.149994,19.945986,146.180328,25.252995,35.106937,8.265147,235.824997,23.522558,103.949234,130.463715,132.108826,61.241371,89.017693,57.638832,100.31926,2.808,39.368427,0.59405,54.155991,12.25565,38.128296,1131.199951,46.216763,12.504544,9.754921,9.618433,1341.900024,100.721428,266.569336,67.310913,32.37447,576.668884,2.0744,68.359619,34.938705,89.593109,181.20224,16.940001,20.10355,79.280434,37.898998,50.598206,34.41,191.856827,159.822647,634.072266,17.278105,104.95414,82.493683,0.352359,5.4423,0.999797,1.37737,0.8118,7.1877,7.84968,87.664497,148.125,1389.790039,18.6562,10.22104,3.663318,9.6337,1.28656,0.999805,40.7085,17.7521,72.949997,78.484215,75.511688,38.25,36.023308,84.916321,44.991245,130.400436,66.398895,162.399094,85.253754,72.83284,0.449185,39.379395,252.928757,3.266506,371.5,53.299999,278.399994,1011.75,505.0,14.73
2025-08-13,0.905924,94.839996,0.280729,44.741047,194.454636,11.519245,138.148224,20.088999,69.62487,182.214508,6.058155,4.858596,0.65298,25.531237,,616.696411,87.667946,13.939179,19.447319,849.005493,70.39212,47.045727,123344.0625,169.734695,16.814831,61.995525,65.629997,8566.0,95.754402,63.300636,122.421104,62.650002,46.823822,66.410004,36.871685,21.041817,24.667923,441.362,162.733917,0.245202,4.281788,7.675049,97.839996,49.530064,88.606834,157.357468,88.639786,762.920288,,24.300066,4756.275879,35.900002,0.94132,0.86468,172.533005,1.167706,41.546623,75.998055,40.003265,26.969246,130.523666,107.269997,2.737588,48.433998,10.292432,89.684097,14.472608,199.520996,1.350421,3408.300049,57.651295,345.875,309.209991,0.266492,109.625,4.482,2.2428,14.743212,75.290092,69.839996,91.468452,59.171879,52.709999,28.919735,228.247009,89.986664,319.600006,20.32357,146.398758,25.081657,35.875763,8.367645,235.550003,24.00079,104.498932,130.977036,133.435837,62.049831,89.33152,59.434834,100.386688,2.828,39.340065,0.595781,54.372021,12.341473,38.090591,1121.099976,46.712547,12.475665,10.213272,10.087625,1331.5,102.047607,269.135437,67.677292,32.463139,576.957214,2.0704,68.492775,35.815239,92.020149,183.789429,16.85,20.276859,79.38591,38.499001,52.234951,35.0,201.590424,163.005493,636.242859,17.451754,105.354286,83.176781,0.362339,5.4012,0.999867,1.37696,0.80614,7.1785,7.84838,87.595596,147.757996,1383.089966,18.5728,10.21086,3.64151,9.5408,1.28288,1.000358,40.755001,17.5667,72.459999,78.77726,75.644623,38.029999,36.99189,85.708504,45.086704,131.05719,65.914307,160.674469,88.649872,73.506409,0.452621,39.63821,251.233826,3.280591,374.0,53.349998,284.100006,1023.5,507.25,14.49
2025-08-14,0.925383,94.572777,0.253897,44.399227,193.797424,11.326185,137.883606,20.062437,69.188423,181.746872,6.046194,4.523953,0.655171,23.670027,,593.776978,87.677551,13.887393,19.438047,840.930969,70.191696,46.931545,118359.578125,167.870346,16.554134,61.721035,66.839996,8225.0,95.030273,62.797569,121.010902,63.959999,46.718334,66.169998,36.629227,21.128885,24.582731,441.106659,160.455765,0.223893,3.988957,7.589347,98.25,48.921974,88.616508,155.172211,88.442047,754.522339,,22.202576,4548.166504,34.369999,0.9424,0.86214,172.313995,1.171289,41.664261,75.547455,40.138672,26.691704,129.03154,102.970001,2.507838,48.443501,10.131907,88.878098,14.262391,199.856995,1.35853,3383.199951,57.283962,340.399994,307.25,0.248642,109.650002,4.4645,2.2345,14.633324,75.093956,67.029999,91.172241,59.074848,52.41,28.645123,225.305344,89.727386,326.5,19.974302,145.008835,25.278692,35.505241,8.237194,233.350006,22.479765,104.138779,121.299553,133.684052,61.69154,89.027229,58.198242,100.222946,2.841,38.895706,0.5981,54.306278,12.272816,38.50544,1144.5,46.048195,12.523797,10.103666,10.006418,1350.300049,101.720863,266.958984,67.583351,32.404026,576.509888,2.1092,67.627335,35.617313,90.036957,182.593842,16.58,20.11318,79.299591,37.981998,51.237854,34.5,192.585953,162.627716,636.302002,17.304152,105.039879,82.560089,0.358141,5.3912,0.999863,1.37521,0.80472,7.1743,7.8492,87.449997,147.119995,1378.780029,18.619301,10.1822,3.629567,9.53432,1.27965,1.000652,40.781898,17.49638,73.739998,78.578735,75.559166,38.139999,36.248333,85.097672,44.972153,130.74353,65.449097,159.531311,86.382545,72.891411,0.423721,39.360218,242.990479,3.083522,375.0,51.990002,282.100006,1008.5,503.5,14.83
2025-08-15,0.943836,94.429611,0.253864,44.399227,196.331085,11.179091,136.619232,19.841095,70.655579,179.198914,6.016292,4.455841,0.649751,23.756634,,592.566589,87.715828,13.723403,19.428774,827.289185,70.096245,46.76025,117398.351562,164.929642,16.397718,61.938736,65.849998,8235.0,95.632141,61.781738,120.291023,62.799999,46.756691,66.099998,36.834385,21.061165,24.535402,441.731628,161.112198,0.228613,3.891083,7.522691,97.849998,48.98082,89.138634,156.169006,88.366722,760.302612,,22.200855,4439.98877,33.150002,0.9409,0.86103,172.069855,1.165135,41.742691,76.841728,39.916218,26.988388,129.428177,102.029999,2.463471,48.462498,10.216889,88.991867,14.141113,199.820999,1.35307,3382.600098,57.859779,346.149994,307.429993,0.247656,90.099998,4.478,2.225,14.395235,75.150002,66.440002,90.990707,59.191284,52.709999,28.919735,224.20961,89.75515,341.649994,20.0215,141.256027,25.395773,35.857239,8.274467,236.25,21.753004,104.006104,119.047119,134.514618,60.726902,88.989189,58.571182,100.232559,2.916,39.065887,0.592108,54.926163,12.126913,38.665714,1107.599976,45.631741,12.485291,9.914347,9.844006,1334.300049,102.431992,268.907318,67.339096,32.37447,573.97467,2.0725,67.54174,35.89064,89.33812,182.143036,16.440001,20.238346,79.270836,37.894001,51.012093,34.5,185.741257,163.657181,634.812317,17.252058,104.839813,81.971878,0.352464,5.4091,0.999904,1.38131,0.80752,7.1795,7.8346,87.691803,147.690994,1387.869995,18.80126,10.21561,3.6546,9.5815,1.28432,1.000633,40.846901,17.58033,72.800003,78.522026,75.559166,37.970001,36.404869,85.584412,45.058067,130.74353,65.681694,160.536514,85.545685,72.754745,0.429979,39.619041,235.764999,3.078667,383.75,53.18,283.399994,1022.25,506.5,15.09
2025-08-16,0.921282,,0.260771,,,,,,,,,4.572152,,24.31325,,587.986755,,,,839.398071,,,117491.351562,,,,,,,,,,,,,,,,,0.231246,3.967054,,,,,,,,,22.386993,4426.180176,,,,,,,,,,,,2.531134,,,,,,,,,,,0.252442,,,,,,,,,,,,,,,,,,,,22.652239,,120.946869,,,,,,,,,,,,,,,,,,,,,,,,,,,,,,,,,,189.766998,,,,,,0.348072,,0.999939,,,,,,,,,,,,,1.000631,,,,,,,,,,,,,,,0.426951,,252.401855,3.10814,,,,,,
2025-08-17,0.961889,,0.265182,,,,,,,,,4.626181,,25.075254,,582.499573,,,,856.402954,,,117453.0625,,,,,,,,,,,,,,,,,0.234565,4.056698,,,,,,,,,22.24589,4473.271484,,,,,,,,,,,,2.557487,,,,,,,,,,,0.252256,,,,,,,,,,,,,,,,,,,,25.688791,,120.846687,,,,,,,,,,,,,,,,,,,,,,,,,,,,,,,,,,191.164825,,,,,,0.353516,,0.999935,,,,,,,,,,,,,1.000655,,,,,,,,,,,,,,,0.424836,,269.243835,3.089041,,,,,,
2025-08-18,0.923255,94.324623,0.255224,44.371506,193.483109,11.243447,137.120926,19.841095,71.695587,180.620819,5.99835,4.465242,0.651296,23.700531,,569.276123,87.715828,13.749297,19.440903,847.417908,70.019882,46.788807,116252.3125,162.623199,16.215235,61.673714,66.599998,8047.0,94.560051,61.723373,120.281158,63.419998,46.641621,66.419998,36.368126,21.080515,24.573267,441.259918,159.297379,0.222425,3.914813,7.570302,98.169998,49.265247,89.041939,154.405472,88.451469,748.956116,,21.523109,4312.504883,32.970001,0.94417,0.8635,172.388,1.170659,41.615246,76.985542,39.935562,27.07452,129.248749,101.470001,2.469984,48.472008,10.03748,88.887558,14.084516,199.626007,1.355638,3378.0,57.681076,348.899994,306.950012,0.245019,90.125,4.457,2.2403,14.51428,75.093956,66.050003,90.904701,58.9487,53.5,28.361038,225.028946,89.708847,343.600006,19.927107,140.183792,25.462404,35.357037,8.237194,236.725006,25.759439,103.816566,117.703445,133.712692,60.29509,88.846527,58.924496,100.213303,2.89,38.4608,0.59286,54.35323,12.15266,38.430004,1121.400024,45.750729,12.504544,9.924311,9.943258,1326.400024,101.326866,266.645386,67.263939,32.433582,573.746033,2.0987,66.89505,35.504211,89.111458,182.103851,16.25,20.05541,79.270836,37.951,50.870995,34.549999,183.06987,162.977158,634.674072,17.234692,104.725487,81.73468,0.350358,5.4004,0.99991,1.3815,0.8066,7.1817,7.82471,87.512802,147.264008,1387.97998,18.72349,10.17277,3.6344,9.55173,1.28274,1.000475,40.898899,17.575899,73.169998,78.427483,75.530693,37.110001,36.003742,84.859047,44.895779,130.812119,65.138954,160.053635,85.331604,72.256889,0.414532,39.245186,280.684784,3.061483,383.0,53.27,280.399994,1020.75,502.75,14.99
2025-08-19,0.845039,94.505951,0.23766,44.297607,196.835907,11.399734,134.848541,19.823385,72.679878,172.337479,6.105997,4.286515,0.64948,22.33147,,548.070618,87.734978,13.757927,19.450232,823.565918,70.153519,46.845901,112831.179688,160.768402,16.43248,63.292225,65.790001,8012.0,96.318642,60.877048,119.857109,62.349998,46.79504,66.25,37.26334,20.91605,24.440748,441.495728,160.79364,0.209048,3.715419,7.703617,98.269997,48.863125,89.051613,159.791931,88.489128,752.663635,,20.499949,4073.464111,31.299999,0.94204,0.86375,172.584,1.166834,41.556427,76.717087,39.935562,26.184477,131.704147,98.620003,2.35603,48.472008,10.235776,91.694351,14.189624,199.800995,1.350822,3358.699951,56.191891,350.549988,305.269989,0.231145,90.150002,4.409,2.2511,14.770682,75.075279,64.190002,91.134018,59.133068,53.650002,28.881857,223.301453,89.699593,356.200012,20.484047,137.949982,25.529034,36.237026,8.35833,236.324997,23.518341,103.977676,112.485641,135.946655,59.927616,88.922623,58.482853,100.271095,2.766,39.349518,0.592378,55.423946,12.178406,38.910854,1101.800049,45.919296,12.417907,10.103666,10.060555,1302.300049,106.439339,273.098572,66.69088,32.364616,565.96167,2.089,68.264526,37.181877,90.310822,182.956451,16.309999,20.42128,79.309196,37.261002,52.028011,33.869999,176.112274,165.16832,631.230896,17.356245,104.830276,82.209061,0.347568,5.4357,1.000195,1.38021,0.80741,7.1846,7.81992,87.295097,147.916,1386.910034,18.765499,10.2024,3.638478,9.55819,1.28442,1.000208,40.883099,17.62454,72.300003,78.540947,75.568649,37.849998,36.326603,86.319344,45.163078,130.214188,65.865845,161.196793,85.584602,72.74498,0.390233,39.944965,260.95932,2.852924,379.5,51.68,287.399994,1013.0,498.5,15.57
2025-08-20,0.880822,94.563225,0.25667,44.399227,199.550583,11.335381,133.136856,19.734854,71.927734,170.753326,6.141881,4.470341,0.64546,23.429131,,560.586731,87.754128,13.757927,19.450232,869.103882,70.201233,46.91251,114274.742188,158.058365,16.493307,62.875771,66.839996,7675.0,96.732445,59.670792,117.490334,63.209999,46.79504,66.639999,37.272667,21.148235,24.41235,441.564545,159.596634,0.22145,3.88034,7.646482,98.220001,48.794468,89.370689,158.047562,88.347878,760.026062,,21.524576,4334.500488,32.91,0.94041,0.86324,171.992996,1.164253,41.556427,76.352783,40.351456,26.500298,131.87413,99.68,2.43381,48.500519,10.25466,91.438324,14.35133,199.233994,1.34868,3388.5,57.89949,355.774994,308.359985,0.241449,89.949997,4.426,2.2796,14.761527,75.047249,64.900002,91.267799,59.492096,53.799999,28.929205,222.511719,89.634758,360.25,20.417967,137.096176,25.452885,36.061024,8.35552,238.524994,26.36775,104.025055,116.026505,135.908478,60.074604,89.055756,58.806725,100.222946,2.752,39.982971,0.589769,56.259869,12.144078,39.448273,1111.199951,45.483006,12.543049,10.033916,10.04251,1334.0,105.881958,272.708923,66.202377,32.384319,562.601379,2.1283,68.21698,37.078197,89.838638,182.789825,16.57,20.507935,79.337952,37.705002,51.604706,34.43,187.586304,164.459976,629.553772,17.408342,104.944611,82.389297,0.354349,5.4976,0.999819,1.3866,0.80777,7.1819,7.7995,87.079102,147.731003,1391.339966,18.818701,10.28361,3.641306,9.60221,1.28528,1.000055,40.86961,17.69993,73.519997,78.569305,75.59716,37.610001,35.886337,86.56749,45.382637,130.047562,67.048256,163.58168,84.105476,72.725456,0.404383,40.098343,259.23877,2.950749,380.0,51.200001,292.0,1015.0,505.5,15.69
2025-08-21,0.851021,94.343712,0.248213,44.463894,199.769638,11.326185,131.828506,19.70829,71.881317,170.113937,6.022272,4.42479,0.64361,22.770454,,553.983643,87.754128,13.680248,19.440903,839.040833,70.029427,46.817356,112419.03125,157.068512,16.310823,62.866299,67.669998,7435.0,96.676025,60.604664,118.259529,63.52,46.81422,65.889999,37.31929,21.274002,24.41235,440.179047,158.100388,0.214749,3.793627,7.656004,98.620003,48.686581,88.809883,156.974106,88.065414,756.012024,,20.999937,4223.209961,31.940001,0.93684,0.86528,171.649002,1.165175,41.252525,75.451576,40.293423,26.471588,131.29805,97.790001,2.390572,48.491016,10.25466,91.324532,14.327074,198.350998,1.346638,3381.600098,58.862499,356.375,307.290009,0.235462,89.925003,4.4315,2.3251,14.788998,74.907143,63.689999,91.000244,59.365948,53.57,28.957611,223.064529,89.477333,375.25,20.342449,136.847961,25.481441,35.996185,8.346152,238.649994,24.785217,103.627007,114.64164,134.619644,60.313473,88.913101,58.885235,100.088089,2.826,39.831703,0.582819,55.959312,12.075418,39.938545,1105.5,45.393764,12.639312,9.964168,10.078602,1351.199951,104.161781,272.537842,65.995697,32.354763,559.996643,2.1597,67.731956,36.814297,89.451439,182.152847,16.35,20.440536,79.270836,38.027,51.548271,34.610001,180.280624,163.798843,627.028015,17.269421,104.963661,81.981354,0.353541,5.469161,0.99971,1.38728,0.80414,7.1757,7.8122,87.018204,147.317993,1396.910034,18.7687,10.2316,3.64413,9.58491,1.2852,0.999645,40.9118,17.6686,74.129997,78.332947,75.483215,38.189999,35.387371,86.309799,45.010338,129.577057,66.990097,164.517899,84.280655,72.452133,0.391118,39.954556,259.712982,2.850474,387.25,53.639999,296.799988,1034.5,507.0,16.6
2025-08-22,0.929921,94.868645,0.266365,44.593231,201.817535,11.83182,132.015411,19.761412,75.149902,172.795547,6.213645,4.81804,0.64255,25.238823,,599.32489,87.782852,13.757927,19.478216,898.774536,70.382584,46.893478,116874.085938,163.853287,16.962559,65.658463,67.730003,7582.0,97.607048,62.949081,120.162811,63.66,46.958061,66.43,38.317078,21.361071,24.762585,448.718262,161.266632,0.24059,4.175913,8.055945,97.720001,49.657566,90.144218,162.456421,88.705704,769.992798,,24.479399,4831.348633,36.59,0.93904,0.8654,172.315002,1.161305,41.821117,76.717087,40.699646,27.380772,134.811188,101.790001,2.576559,48.510021,10.424628,94.301994,14.618143,199.087997,1.34194,3418.5,59.746078,360.350006,310.579987,0.256798,91.199997,4.4475,2.3081,15.484951,75.514244,66.25,91.506653,59.60854,53.580002,29.601536,231.810608,90.227455,390.649994,20.956028,140.74971,25.56711,37.200382,8.561597,239.949997,26.746483,104.442062,122.792641,136.548111,59.798985,89.464661,60.426067,100.396324,2.698,40.096428,0.582231,55.33942,12.238484,39.844261,1123.5,46.484486,12.668191,10.631766,10.683138,1355.400024,107.900032,279.143158,67.592735,32.64048,568.635925,2.1585,68.80661,38.096104,93.408386,185.700455,16.48,20.787151,79.44342,39.002998,53.429592,35.34,200.647446,166.75502,636.657227,17.581993,105.678215,82.588547,0.366415,5.4648,0.999823,1.39004,0.80867,7.1799,7.8139,87.293404,148.386002,1399.609985,18.7363,10.1758,3.6608,9.61313,1.28854,0.999714,41.007599,17.70352,74.639999,78.824539,75.739571,35.189999,37.256046,87.980064,45.688118,131.792374,65.701088,162.044296,86.586906,74.97068,0.424762,40.587227,272.565918,3.075773,388.25,54.84,296.700012,1036.5,504.75,14.22
2025-08-23,0.913133,,0.263762,,,,,,,,,4.885767,,26.218695,,591.003601,,,,880.046143,,,115374.328125,,,,,,,,,,,,,,,,,0.236009,4.226393,,,,,,,,,24.200903,4776.090332,,,,,,,,,,,,2.523759,,,,,,,,,,,0.253186,,,,,,,,,,,,,,,,,,,,26.278017,,121.346062,,,,,,,,,,,,,,,,,,,,,,,,,,,,,,,,,,203.936737,,,,,,0.362274,,0.999978,,,,,,,,,,,,,0.999571,,,,,,,,,,,,,,,0.416336,,266.170502,3.046214,,,,,,
2025-08-24,0.909607,,0.271255,,,,,,,,,4.785521,,25.725376,,583.865234,,,,876.0802,,,113458.429688,,,,,,,,,,,,,,,,,0.231798,4.109204,,,,,,,,,23.248413,4779.647461,,,,,,,,,,,,2.423153,,,,,,,,,,,0.247875,,,,,,,,,,,,,,,,,,,,25.821594,,118.195908,,,,,,,,,,,,,,,,,,,,,,,,,,,,,,,,,,205.852371,,,,,,0.36154,,0.999785,,,,,,,,,,,,,0.999887,,,,,,,,,,,,,,,0.407576,,275.915649,3.025869,,,,,,
2025-08-25,0.837633,94.725479,0.246285,44.343796,201.093628,11.68473,131.710464,19.548923,74.676323,169.989899,6.14786,4.416413,0.64849,23.379616,,544.439575,87.792419,13.654354,19.478216,840.171936,70.28714,46.798321,110124.351562,162.892273,16.788761,65.951881,68.800003,7957.0,96.835884,61.937382,117.667854,64.800003,46.747101,65.989998,37.673649,21.467491,24.648996,445.210205,160.108231,0.209824,3.735977,7.989288,98.43,49.373135,88.954926,161.363785,88.3573,765.988464,,21.090832,4372.987793,33.450001,0.93937,0.8666,172.371994,1.17096,41.291733,75.78714,40.419163,27.505186,132.393539,96.629997,2.186771,48.529018,10.311316,94.017525,14.456436,198.897995,1.351114,3417.5,59.8255,360.850006,309.829987,0.2311,91.400002,4.4665,2.3475,15.475792,75.364799,62.880001,91.325119,58.851669,53.23,29.165941,229.37236,90.11631,389.950012,20.956028,137.711716,25.509996,37.496796,8.48666,240.225006,23.395716,104.167229,109.444489,135.593414,58.797596,89.255447,60.396626,100.415573,2.696,39.737152,0.586541,54.672565,12.109747,39.627407,1087.5,46.137436,12.725949,10.571981,10.529748,1331.599976,107.265793,275.465118,66.813019,32.551811,566.995605,2.1483,68.397675,37.794502,91.538513,184.279434,16.4,20.642729,79.405083,38.676998,52.827568,35.02,187.278442,166.613342,633.855225,17.495167,105.478149,82.351372,0.342051,5.4213,0.999871,1.38288,0.80226,7.1675,7.8156,87.330101,147.214996,1382.890015,18.593269,10.06664,3.631558,9.50643,1.28232,1.000123,40.9603,17.429529,75.75,78.682747,75.663605,35.130001,36.982105,87.474213,45.248993,130.929764,65.633247,162.507492,85.127251,74.629013,0.384749,40.385925,265.837646,2.861272,389.25,54.310001,295.700012,1025.5,506.75,14.79
2025-08-26,0.866683,94.839996,0.254833,44.417706,197.597931,11.703113,132.212173,19.699436,75.057045,170.753326,6.195704,4.527411,0.64811,24.180391,,550.574829,87.801987,13.740665,19.496876,863.630493,70.373047,46.874439,111802.65625,164.74704,16.85828,65.762581,67.220001,7532.0,95.350014,63.104729,117.697426,63.25,46.910114,65.470001,37.505795,21.303026,24.620596,446.605591,162.096802,0.218465,3.888248,7.970243,98.230003,49.245636,88.858231,160.14653,88.33847,765.410828,,21.682743,4600.426758,34.82,0.93636,0.86327,171.679001,1.161845,41.30154,75.662498,40.3708,27.380772,132.742966,96.940002,2.323516,48.491016,10.386857,93.647713,14.496863,198.862,1.345352,3433.0,61.155838,363.225006,312.079987,0.241742,93.425003,4.4505,2.2805,15.503266,75.532936,63.099998,91.563972,58.871071,52.549999,29.052307,231.267685,90.310799,384.049988,20.871071,139.071854,25.500479,37.524586,8.514762,242.5,24.399843,104.243034,113.499695,136.156677,59.376381,89.493187,60.47514,100.492638,2.717,39.652069,0.584918,54.597439,12.161241,39.589699,1084.199951,46.444824,12.639312,10.860943,10.556816,1342.400024,107.006317,274.552734,67.169998,32.571514,569.272156,2.1223,68.540321,37.709679,91.614059,184.406845,16.41,20.594587,79.472198,38.582001,52.329021,35.02,195.90509,167.01004,636.509155,17.495167,105.725845,82.303932,0.351972,5.4097,1.000019,1.38593,0.80617,7.151,7.8127,87.608597,147.822006,1389.050049,18.683229,10.1301,3.664582,9.58887,1.28599,1.000316,41.003502,17.6129,74.050003,78.805641,75.758553,34.939999,36.209198,87.24514,45.210808,131.272858,65.516937,163.433853,85.282936,74.248299,0.395052,40.270893,279.023102,3.012218,387.5,52.759998,297.200012,1028.75,509.5,14.62
2025-08-27,0.850156,94.93544,0.247098,44.528564,193.61644,12.107619,133.510696,19.752558,75.883484,171.306824,6.195704,4.49101,0.64958,24.422859,,550.077026,87.811584,13.792452,19.496876,855.646301,70.439865,46.883957,111222.0625,164.948868,16.884352,67.248581,68.050003,7731.0,94.183884,62.958817,118.920258,64.150002,46.967648,65.410004,37.962727,21.322374,24.61113,448.118835,163.844025,0.218919,3.834171,8.179736,98.230003,48.951397,88.645508,161.756744,88.234909,773.997131,,21.476019,4503.393066,34.560001,0.93545,0.8635,171.617996,1.163941,41.066257,75.384468,40.293423,27.773153,133.696823,97.800003,2.3068,48.510021,10.443513,95.098511,14.569631,198.720001,1.347872,3448.600098,61.036705,365.450012,312.709991,0.237458,93.900002,4.4145,2.2953,15.906186,75.62632,63.650002,91.735977,58.774036,52.68,29.478434,232.906342,90.449707,393.799988,21.125938,139.459061,25.538553,38.11742,8.561597,243.25,23.757828,104.280945,112.139099,137.875122,59.468258,89.616806,58.904865,100.59861,2.867,40.077515,0.58584,54.991913,12.195571,40.193111,1082.0,46.464653,12.648938,11.199724,10.78239,1341.400024,108.284439,276.748138,67.188789,32.61092,570.147095,2.1489,68.920731,39.377911,93.776695,185.073242,16.469999,20.758265,79.529755,38.688999,53.504841,34.990002,202.92337,168.27562,637.959534,17.4778,105.964043,82.209061,0.34505,5.4312,0.999989,1.38334,0.80376,7.152,7.79358,87.6007,147.462006,1393.949951,18.658569,10.127,3.65674,9.55701,1.2854,1.000059,41.037498,17.62043,74.68,78.900177,75.825027,35.09,36.825565,87.789185,45.15353,131.331665,65.778625,165.316147,86.324173,73.643074,0.378569,40.443436,274.188965,2.966618,382.5,52.470001,293.100006,1027.25,502.25,14.85
2025-08-28,0.85775,95.049973,0.252674,44.805714,192.94017,12.089233,134.169769,19.699436,75.985619,172.032104,6.249527,4.782789,0.65114,24.89028,,557.601013,87.821159,13.835607,19.496876,874.366028,70.525749,46.922024,112544.804688,165.314041,16.87566,67.835411,68.620003,7738.0,91.91745,62.666973,117.441017,64.599998,47.034779,66.040001,37.888126,21.457815,24.696321,448.865692,162.724274,0.22434,3.980491,8.170214,97.809998,49.137749,88.974258,161.34462,88.752769,769.875305,,21.682539,4507.177734,33.57,0.93357,0.86251,171.585999,1.164795,41.193703,76.017235,40.206375,28.222961,134.405106,97.669998,2.382167,48.500519,10.3963,94.65284,14.545374,198.923004,1.350384,3474.300049,60.887791,365.924988,315.029999,0.239018,94.275002,4.4635,2.3098,15.832928,75.663689,63.580002,91.946182,58.812851,52.540001,29.298513,233.182724,90.458977,387.75,21.144821,139.081787,25.357698,38.673203,8.617801,237.0,25.180487,104.442062,113.758186,137.598251,60.46965,89.721382,59.326878,100.694908,2.944,39.878971,0.586118,54.597439,12.204155,39.787689,1104.599976,46.534061,12.735575,11.199724,10.610954,1356.400024,108.246002,277.204346,67.301521,32.620777,573.716187,2.1991,68.673462,38.982063,93.427269,184.985031,16.48,20.700497,79.500977,39.189999,53.504841,35.52,214.40564,169.399536,640.21875,17.460438,106.030746,82.749855,0.344954,5.4177,0.999996,1.37814,0.8015,7.153,7.78421,87.659103,147.315994,1392.75,18.651199,10.07325,3.66145,9.52748,1.2851,1.000041,41.051899,17.680901,75.239998,78.966339,75.796532,34.549999,36.75708,87.560104,45.191715,131.851196,65.458786,164.971207,85.214821,74.014023,0.381913,40.33799,266.599518,2.967095,385.5,51.75,286.299988,1028.25,510.25,14.43
2025-08-29,0.827137,94.925896,0.236544,44.990479,194.1689,12.079986,134.012375,19.832241,76.552063,171.010986,6.333253,4.48366,0.65324,23.575598,,531.121948,87.859444,13.896024,19.515528,863.27655,70.439865,46.922024,108410.835938,164.718201,16.997316,68.630463,68.120003,7635.0,93.234047,62.803165,117.924248,64.010002,46.948479,65.209999,38.158554,21.486837,24.563801,448.177765,161.826508,0.214035,3.776911,8.15117,97.769997,48.902359,88.452141,162.513916,88.620949,769.718628,,20.937065,4360.152832,32.82,0.93631,0.86454,171.472,1.168156,41.056458,75.048912,40.099983,28.232531,135.595016,94.389999,2.270008,48.510021,10.405743,95.345055,14.747508,198.324005,1.351114,3516.100098,62.71452,364.774994,318.070007,0.22799,95.025002,4.5185,2.2667,15.759669,75.523582,61.439999,91.869743,58.560558,51.98,29.629946,232.146225,90.301537,396.850006,21.229778,138.486115,25.443365,38.525002,8.617801,241.899994,23.433657,104.062965,109.914024,139.21167,60.901455,89.721382,60.170902,100.617851,2.997,40.569149,0.588509,55.189148,12.324476,40.136539,1105.199951,46.117603,12.754827,11.100083,10.610954,1365.699951,109.34153,279.979492,67.245155,32.541954,567.075134,2.1876,68.949265,39.029182,93.295059,184.847839,16.370001,20.806406,79.568092,40.200001,53.758091,36.189999,205.220001,170.62735,636.400574,17.599356,105.916397,82.161621,0.338837,5.413,0.999914,1.37498,0.80159,7.153,7.79413,87.591698,146.789993,1384.410034,18.65024,10.064,3.647026,9.47835,1.28232,1.000146,41.140499,17.680861,74.839996,78.86235,75.834526,35.259998,37.207127,88.037323,44.962605,131.125824,65.982147,165.838455,84.280655,74.189735,0.361311,40.558475,262.585785,2.821957,398.0,51.470001,283.600006,1036.75,518.0,15.36
2025-08-30,0.822405,,0.233615,,,,,,,,,4.503922,,23.786201,,553.563416,,,,862.403992,,,108808.070312,,,,,,,,,,,,,,,,,0.21598,3.810158,,,,,,,,,20.947176,4374.15332,,,,,,,,,,,,2.289942,,,,,,,,,,,0.225945,,,,,,,,,,,,,,,,,,,,23.497807,,110.810295,,,,,,,,,,,,,,,,,,,,,,,,,,,,,,,,,,202.860138,,,,,,0.339145,,0.999815,,,,,,,,,,,,,1.000057,,,,,,,,,,,,,,,0.360168,,258.764069,2.818186,,,,,,
2025-08-31,0.811361,,0.231613,,,,,,,,,4.466218,,23.40601,,544.555115,,,,857.816772,,,108236.710938,,,,,,,,,,,,,,,,,0.213815,3.742023,,,,,,,,,20.694141,4390.019043,,,,,,,,,,,,2.270988,,,,,,,,,,,0.218918,,,,,,,,,,,,,,,,,,,,23.224033,,108.908463,,,,,,,,,,,,,,,,,,,,,,,,,,,,,,,,,,200.863541,,,,,,0.340812,,0.99979,,,,,,,,,,,,,1.00006,,,,,,,,,,,,,,,0.352794,,261.984375,2.776641,,,,,,
2025-09-01,0.800186,,0.227154,,,,,,,,,4.386581,0.65436,23.183117,,544.568604,,,,845.826294,,,109250.59375,,,,,,,,,,,,,,,,,0.210254,3.689127,,,,,,,,,20.485899,4314.470215,,0.9359,0.86568,171.959,1.16918,,,,,,,2.282921,,,,,198.628006,1.350384,,,,,0.214056,,,,,,,,,,,,,,,,,,,,22.481396,,108.544052,,,,,,,,0.589689,,,,,,,,,,,,,,,,,,,,,,,,,,197.108337,,,,,,0.337085,5.4324,0.999905,1.37384,0.80064,7.1304,7.7955,88.174301,147.097,1388.839966,18.658461,10.05849,3.644486,9.45673,1.28359,1.000047,41.142399,17.638599,,,,,,,,,,,,,0.356555,,259.928986,2.753695,,,,,,
2025-09-02,0.834581,94.674065,0.233288,44.722569,190.968475,11.857993,133.628723,19.761412,75.131332,171.564484,6.279429,4.427257,0.65568,24.452801,,585.287842,87.880569,13.835607,19.515528,851.777222,70.289505,46.730335,111200.585938,162.940308,16.814831,68.526352,69.139999,7420.0,92.256012,62.676704,115.202469,65.589996,46.986942,64.57,37.198063,21.835117,24.630062,445.740784,157.299149,0.214818,3.817001,8.027377,98.400002,48.863125,87.581924,158.958099,88.282402,755.395142,,20.800043,4325.365723,32.299999,0.9374,0.8647,172.317993,1.171591,40.232975,74.924286,39.558353,27.754013,133.026276,96.669998,2.269455,48.52338,10.075253,94.008034,14.634314,199.261002,1.354793,3592.199951,64.332771,364.25,325.589996,0.220401,95.550003,4.5695,2.3744,15.631466,75.44194,62.970001,91.595573,57.978352,52.349998,28.720877,230.892563,90.170242,382.200012,21.003225,137.741516,25.643259,37.959949,8.374253,239.524994,23.480976,103.714867,111.674477,135.851196,60.442093,89.375938,60.494766,100.415039,3.009,39.831703,0.590629,54.480541,12.229938,40.221397,1136.400024,45.730896,12.95698,10.970549,10.493656,1405.800049,106.958267,273.887421,66.211777,32.532104,562.322998,2.0428,68.78759,37.964153,92.888977,183.387634,16.15,20.479052,79.527695,41.070999,53.361214,37.150002,209.481537,168.936737,631.684753,17.451754,105.722275,81.550201,0.338015,5.4384,0.999865,1.37474,0.80015,7.1304,7.79651,88.001404,147.084,1392.939941,18.6481,9.98712,3.636659,9.3803,1.28363,0.999997,41.142899,17.61624,76.760002,78.68013,75.767822,36.349998,37.099506,86.577034,44.418468,130.184784,65.827072,165.306274,84.027634,73.0476,0.367477,39.868279,270.177063,2.861859,403.0,51.970001,275.5,1025.75,513.0,17.17
2025-09-03,0.83653,95.018784,0.232833,44.51009,186.939362,11.913491,130.470993,19.761412,75.734894,168.739761,6.393056,4.52103,0.65183,25.178663,,603.499878,87.890175,13.775189,19.515528,855.258789,70.519341,46.863846,111723.210938,160.816483,16.884352,69.832512,67.599998,7475.0,91.287354,61.655277,115.547607,63.970001,46.890774,64.730003,38.083954,21.64163,24.72472,445.396851,155.89946,0.22056,3.86439,8.084512,98.139999,49.049477,87.717293,159.188095,88.660667,746.250854,,20.83839,4450.38916,33.869999,0.93682,0.86924,172.817001,1.163603,40.242775,74.713364,39.82917,27.744444,135.236145,97.93,2.330871,48.552006,10.018596,94.8899,14.60197,198.794998,1.338348,3635.5,64.729881,362.075012,328.140015,0.219422,93.824997,4.5585,2.3609,15.741356,75.648415,63.77,91.911926,57.861908,52.619999,28.626183,230.665512,90.449577,385.25,21.220339,133.85965,25.652777,38.571308,8.421091,238.324997,23.692417,104.333061,112.952965,136.910889,60.304279,89.662231,60.190529,100.666161,3.064,40.209873,0.58617,54.67868,12.221344,40.051685,1168.5,45.522667,12.831838,11.498649,10.737274,1448.599976,106.621925,277.289886,65.760841,32.522251,566.747009,2.012,68.692497,38.614487,94.314972,183.103455,16.030001,20.488678,79.585403,41.542,55.392849,37.34,210.746307,169.871765,635.108215,17.590675,105.961365,82.445412,0.340792,5.467,1.000034,1.37845,0.80529,7.139,7.8075,87.998299,148.548004,1394.569946,18.728701,10.03598,3.664048,9.46194,1.28902,1.000571,41.166199,17.6964,74.830002,78.964867,75.872635,35.5,38.479,86.624763,44.380287,130.6651,65.371559,165.000793,83.735695,72.83284,0.362188,39.762833,270.738007,2.844895,397.75,51.16,275.899994,1016.0,504.0,16.35
2025-09-04,0.809887,95.401802,0.227409,44.463894,185.824905,12.042985,132.566299,19.805681,76.969917,171.822159,6.512666,4.395069,0.65444,24.236891,,586.771912,87.909409,13.852868,19.524857,843.802979,70.78746,46.968754,110723.601562,163.276688,17.188496,71.261719,66.989998,7205.0,89.77327,63.163097,115.498314,63.48,47.121574,64.690002,38.214504,21.486837,24.876173,449.121155,157.192978,0.212477,3.766683,8.189258,98.349998,48.892548,88.355438,161.229584,89.010536,751.841187,,20.20779,4298.744141,32.299999,0.93725,0.86746,172.546997,1.166045,40.527073,75.480347,40.03228,27.91671,135.840546,95.790001,2.264727,48.552006,10.150793,95.762276,14.577717,198.897003,1.344158,3606.699951,64.104424,359.825012,326.690002,0.213678,95.025002,4.488,2.3307,16.107645,75.854858,62.349998,92.32412,58.055981,52.59,28.739817,233.547958,90.700996,385.75,21.512968,136.361511,25.54236,38.349003,8.458558,236.949997,22.351324,105.046364,111.093658,137.474152,61.177048,90.120323,59.179665,100.975212,3.074,40.068062,0.588111,54.990051,12.341665,40.287392,1125.5,46.236595,12.745201,11.787611,10.926756,1371.199951,108.217171,277.727051,66.409042,32.591221,571.876953,2.0095,69.957344,39.660667,95.287697,184.455856,15.69,20.604218,79.643112,40.910999,56.583485,36.93,202.560181,171.43959,640.416077,17.773006,106.123932,83.073975,0.334696,5.4481,0.999894,1.37931,0.8038,7.1414,7.80039,88.072998,147.979996,1389.630005,18.7066,10.03609,3.645732,9.42241,1.28793,1.000306,41.1586,17.653799,74.18,79.401451,76.015564,34.459999,39.026882,87.273781,44.47575,131.596329,65.633247,165.247162,83.891396,73.135452,0.352227,40.031239,269.847534,2.795828,399.75,51.23,279.399994,1012.0,502.25,15.3
2025-09-05,0.831069,95.85186,0.229701,44.122074,188.901535,12.061484,129.408569,19.867659,78.65065,169.207367,6.566489,4.439849,0.6522,24.478582,,606.771851,87.938217,13.826975,19.534185,849.979248,71.122627,47.111809,110650.984375,163.36319,17.44919,72.71933,65.5,7382.0,90.422173,62.015205,115.212318,61.869999,47.150425,64.389999,38.923218,21.3127,24.961365,447.096893,157.579102,0.217904,3.82886,8.170214,97.769997,49.481026,88.751877,161.181671,89.60627,757.470825,,20.36656,4306.98877,32.77,0.93847,0.86701,172.953995,1.165691,40.527073,75.911766,40.187031,28.356945,139.089233,97.360001,2.345953,48.552006,10.122465,97.355316,14.658568,199.468994,1.344447,3653.300049,65.861664,359.825012,331.049988,0.218427,96.025002,4.4825,2.287,15.961131,75.89241,63.419998,92.774681,58.094791,52.48,28.645123,234.712814,90.794106,385.600006,21.722942,134.554611,25.55759,39.553192,8.411721,235.975006,22.291437,105.731148,112.102844,138.810699,61.112755,90.559341,60.210152,101.651291,3.048,40.985146,0.58511,55.943043,12.324476,40.673958,1111.599976,46.24651,12.629685,11.747754,10.827503,1381.699951,109.216599,283.030273,66.362076,32.65033,572.702087,1.9642,70.071472,40.424095,95.174362,184.671448,15.55,20.835291,79.758537,41.074001,58.577328,37.209999,203.49852,172.129059,638.561279,17.885878,106.592537,84.340599,0.331271,5.444,0.999839,1.3815,0.80513,7.1414,7.80022,88.192902,148.375,1392.060059,18.7258,10.07165,3.64519,9.45318,1.28892,0.99995,41.247501,17.7439,72.629997,79.714645,76.120399,34.490002,40.396591,88.256851,44.991245,131.723755,65.81739,165.385147,84.037369,74.228775,0.359834,40.433853,269.417725,2.816248,399.0,50.560001,280.5,1006.5,501.0,15.18
2025-09-06,0.818451,,0.227132,,,,,,,,,4.41159,,24.382219,,595.31366,,,,861.772095,,,110224.695312,,,,,,,,,,,,,,,,,0.215886,3.825147,,,,,,,,,20.209406,4274.242188,,,,,,,,,,,,2.326325,,,,,,,,,,,0.214633,,,,,,,,,,,,,,,,,,,,22.205257,,112.166351,,,,,,,,,,,,,,,,,,,,,,,,,,,,,,,,,,200.246307,,,,,,0.314909,,0.999854,,,,,,,,,,,,,1.000222,,,,,,,,,,,,,,,0.356054,,268.383606,2.810855,,,,,,
2025-09-07,0.835059,,0.230752,,,,,,,,,4.485192,,24.692549,,603.404602,,,,880.613037,,,111167.617188,,,,,,,,,,,,,,,,,0.228443,3.994867,,,,,,,,,20.479427,4305.347656,,,,,,,,,,,,2.395093,,,,,,,,,,,0.219448,,,,,,,,,,,,,,,,,,,,22.465261,,115.022942,,,,,,,,,,,,,,,,,,,,,,,,,,,,,,,,,,206.468185,,,,,,0.330909,,1.000069,,,,,,,,,,,,,1.000093,,,,,,,,,,,,,,,0.361589,,271.796997,2.878562,,,,,,
2025-09-08,0.865053,96.177437,0.236368,43.854168,184.443787,11.876494,132.251526,19.911924,79.449226,168.195816,6.572469,4.542984,0.65545,25.27272,,588.297607,87.947823,13.844238,19.543514,878.27594,71.35247,47.149956,112071.429688,166.544128,17.318842,71.734978,66.019997,7131.0,88.287392,62.404327,113.17099,62.259998,47.285057,64.57,38.373032,21.457815,25.169613,448.285889,155.619492,0.241881,4.045087,8.055945,97.449997,49.93219,89.641418,160.031555,89.596817,749.471985,,20.75658,4308.072266,32.459999,0.93606,0.86804,173.755997,1.171317,40.87019,77.618301,40.341782,28.309095,138.843704,97.809998,2.440029,48.561554,10.065809,96.482941,14.642399,200.154007,1.349291,3677.399902,66.755173,360.950012,334.820007,0.226582,95.150002,4.4905,2.3119,15.9245,75.89241,63.700001,93.062256,58.036575,52.889999,28.503078,235.186615,90.803413,397.799988,21.493877,137.691864,25.605183,39.54393,8.439824,235.800003,23.050865,106.102066,112.713852,138.094681,60.840687,90.960182,61.142502,102.211441,3.09,40.663692,0.58887,55.763767,12.298695,40.862526,1139.400024,46.206848,12.725949,11.518579,10.71923,1380.800049,109.130112,280.103058,66.728455,32.758705,575.495728,1.9586,69.50087,40.508923,94.872162,184.524445,15.63,20.700497,79.806641,41.425999,57.415039,37.509998,214.186401,172.412399,640.130005,17.807735,106.812485,85.464378,0.331312,5.4122,0.99981,1.3834,0.79918,7.1325,7.7984,88.186302,148.343994,1385.51001,18.72636,10.0192,3.62972,9.38281,1.28559,0.999906,41.2556,17.6007,73.040001,79.866508,76.139458,33.880001,39.799789,87.741455,45.392181,132.439331,65.982147,166.902786,85.535957,74.414253,0.377811,40.165447,266.635223,2.970401,403.0,50.73,284.700012,1013.5,505.5,15.11
2025-09-09,0.865032,95.985909,0.233189,44.011215,185.358185,11.673001,132.231827,19.690584,77.740639,167.069733,6.590411,4.58864,0.659809,25.936823,,581.170959,87.957428,13.749297,19.552845,880.015015,71.218391,47.130878,111530.546875,166.419205,17.266705,68.526352,66.389999,7270.0,88.870461,61.898472,112.391922,62.630001,47.371605,64.650002,37.981377,21.515862,25.198011,450.064484,158.293427,0.24069,4.139012,7.960721,97.790001,50.20681,89.341682,158.066727,89.511711,763.207947,,20.480616,4309.041504,32.474998,0.93301,0.86833,173.429993,1.176914,40.664318,76.75544,40.38047,28.270815,136.822723,97.139999,2.451486,48.561554,10.113022,95.136444,14.432181,199.710007,1.355307,3682.199951,66.367989,351.700012,334.059998,0.228094,96.125,4.501,2.3199,15.970287,75.807945,63.220001,92.841766,58.162716,52.709999,28.683001,233.804626,90.691681,393.0,21.341167,136.401215,25.586145,38.904785,8.336784,230.175003,23.055517,105.91185,111.942909,138.839325,60.822243,90.759758,61.800056,102.056923,3.117,40.351696,0.594509,56.13176,12.186966,40.38168,1124.699951,45.592075,12.754827,11.399006,10.565839,1367.300049,107.602142,275.712219,65.976913,32.768559,577.12616,1.9925,68.844658,40.263874,93.370605,183.956055,15.84,20.671612,79.739296,40.877998,56.016518,37.18,217.250687,171.447083,641.609924,17.894562,106.602104,84.978683,0.335036,5.4203,0.999887,1.3795,0.79281,7.1293,7.7933,87.980499,147.363998,1385.719971,18.65287,9.9735,3.6078,9.35112,1.2826,1.000065,41.261391,17.46241,73.389999,79.771606,76.091805,33.709999,39.036667,87.541016,45.420826,132.566772,66.156593,166.400192,84.971542,73.652832,0.371811,40.146271,266.613495,2.946614,401.25,49.700001,291.700012,1011.5,500.75,15.04
2025-09-10,0.884688,96.177437,0.239425,44.011215,184.558075,11.589753,131.464523,19.787973,78.000633,170.753326,6.590411,4.678362,0.65847,29.427662,,580.601257,87.967041,13.706141,19.543514,893.566589,71.34288,47.188107,113955.359375,171.281937,17.292772,69.917694,67.489998,7356.0,88.428452,63.824596,110.932411,63.669998,47.198513,65.559998,37.972054,21.660976,25.321066,448.020569,167.859772,0.245395,4.213652,7.979766,97.779999,50.550091,89.322342,156.686569,90.003433,764.245728,,20.943401,4349.145996,32.700001,0.9332,0.8655,172.481003,1.170275,40.262383,77.043068,40.3708,28.510073,136.93605,99.110001,2.490491,48.590172,10.075253,95.250221,14.383672,199.285995,1.35211,3682.0,68.006088,353.200012,335.26001,0.234076,96.824997,4.55,2.3337,16.107645,75.86425,64.529999,93.091011,58.570267,53.16,28.417854,233.390015,90.77549,401.0,21.283901,138.287537,25.538553,38.997406,8.308681,231.149994,23.556967,106.225716,117.569565,135.049271,61.523151,90.941086,61.378044,102.462547,3.029,40.351696,0.5926,56.094013,12.161183,40.391106,1194.300049,46.008533,12.85109,11.418937,10.674114,1392.900024,106.650757,274.372162,66.719055,32.857227,577.315125,2.008,68.559341,40.254444,94.966599,183.769852,15.93,20.661983,79.748917,41.132999,57.141006,37.41,223.986908,171.294205,643.464661,17.981384,106.764679,85.464378,0.338385,5.4336,0.999849,1.38466,0.7973,7.1209,7.78739,88.2183,147.391998,1387.25,18.623501,9.9761,3.63152,9.38401,1.28312,1.000138,41.257301,17.5338,74.709999,79.95192,76.129921,33.580002,39.56498,87.397858,45.468555,132.851028,67.116096,165.651215,81.954918,73.076889,0.383337,40.127106,268.833893,2.981708,397.25,50.220001,286.399994,1005.5,495.0,15.35
2025-09-11,0.894208,96.359367,0.244102,44.149799,187.215591,11.728499,134.179596,19.832241,78.687782,176.269226,6.57845,4.693695,0.661932,29.17556,,596.386536,87.976662,13.775189,19.571501,902.983337,71.496117,47.216709,115507.539062,176.750122,17.145044,72.151436,66.370003,7451.0,89.886131,65.565887,113.526009,62.369999,47.323528,65.370003,38.820644,21.496511,25.510384,453.906647,168.612732,0.255658,4.241763,7.99881,97.540001,51.285686,90.269905,160.702454,90.334412,780.772217,,21.427586,4461.233398,33.490002,0.93464,0.86466,172.438004,1.170344,40.576088,77.96344,40.806038,28.7589,140.061966,99.910004,2.537116,48.590172,10.311316,96.530357,14.407927,199.404999,1.353473,3673.600098,69.257004,355.225006,334.76001,0.23981,98.175003,4.5905,2.2819,16.190062,76.051941,65.029999,93.234818,59.094254,53.240002,28.995491,237.703857,91.036209,400.049988,21.436609,143.966385,25.524275,39.784767,8.346152,232.274994,24.466789,106.720268,115.865067,137.560059,61.947384,91.103317,63.017017,102.839218,2.934,40.928425,0.594378,56.763924,12.264317,40.070541,1219.599976,46.74229,12.745201,11.767683,10.827503,1395.400024,110.340958,280.293213,68.137619,33.005013,580.675293,1.9793,69.380493,41.027302,95.136597,186.523651,15.82,20.970083,79.777786,41.696999,59.843555,37.790001,228.75618,175.757416,648.812012,17.868511,106.936813,86.035797,0.346444,5.402,0.999758,1.38605,0.79867,7.1207,7.7896,88.053398,147.332001,1387.199951,18.580799,9.9238,3.637855,9.34074,1.28204,1.000266,41.275398,17.4748,73.0,80.189194,76.187103,32.73,41.101009,88.99176,45.964958,134.16452,67.309929,166.025681,86.080887,73.857834,0.395799,40.778954,270.334381,3.040934,399.0,50.82,288.299988,1015.25,503.0,14.71
2025-09-12,0.917087,96.273186,0.248388,44.122074,185.815384,11.626752,135.783081,19.743704,78.854919,174.43692,6.482763,4.750233,0.6668,28.978519,,598.612976,88.00547,13.680248,19.571501,925.030701,71.40992,47.121342,116101.578125,174.280319,16.962559,73.050606,66.989998,7315.0,89.707443,64.787651,111.247986,62.689999,47.361988,65.190002,38.410332,21.62228,25.500917,451.351776,167.483292,0.275428,4.320272,7.951198,97.550003,51.25626,89.912155,160.012375,90.069626,772.088013,,21.997585,4715.246094,35.360001,0.93393,0.86426,172.763,1.173475,40.497665,77.426552,40.56424,28.739759,138.966476,101.989998,2.561623,48.637886,10.28299,96.388115,14.181541,199.865997,1.357663,3686.399902,69.247078,350.399994,335.420013,0.245671,97.125,4.5885,2.29,16.116804,75.976868,66.379997,92.9664,59.278618,53.150002,28.607243,235.275467,90.961708,410.649994,21.369801,142.308395,25.652777,39.988556,8.299316,229.975006,25.13623,106.53006,118.154686,135.755707,61.77216,91.065132,62.761848,102.790939,2.941,40.673149,0.59778,56.999813,12.161183,40.051685,1229.300049,46.127522,12.812586,11.638148,10.78239,1407.300049,110.850281,277.822113,67.592735,32.995163,583.240356,1.9854,68.516121,40.867073,94.598282,185.181061,15.79,20.893059,79.768143,42.387001,62.054733,38.34,242.303284,174.390717,648.59491,17.790369,106.793358,85.664375,0.35263,5.3882,0.999782,1.38337,0.79595,7.1184,7.7886,88.267601,147.223999,1389.5,18.454,9.8543,3.62495,9.30778,1.28161,1.000618,41.3428,17.3466,73.309998,80.046822,76.168045,32.68,42.040241,88.58136,45.907681,133.899872,67.581306,166.676132,83.502159,73.076889,0.404945,40.596817,283.919128,3.107642,399.0,51.380001,288.299988,1025.75,503.0,14.76
2025-09-13,0.929843,,0.252974,,,,,,,,,4.826251,,30.040701,,598.540405,,,,933.899658,,,115950.507812,,,,,,,,,,,,,,,,,0.289464,4.500833,,,,,,,,,22.071796,4668.179688,,,,,,,,,,,,2.620588,,,,,,,,,,,0.248192,,,,,,,,,,,,,,,,,,,,24.877197,,119.290962,,,,,,,,,,,,,,,,,,,,,,,,,,,,,,,,,,242.595901,,,,,,0.349813,,0.999649,,,,,,,,,,,,,1.000319,,,,,,,,,,,,,,,0.40525,,286.057922,3.121467,,,,,,
2025-09-14,0.888991,,0.239569,,,,,,,,,4.642557,,29.491259,,601.466187,,,,927.241699,,,115407.65625,,,,,,,,,,,,,,,,,0.27859,4.322048,,,,,,,,,21.157084,4609.597656,,,,,,,,,,,,2.517004,,,,,,,,,,,0.240998,,,,,,,,,,,,,,,,,,,,24.131353,,115.202698,,,,,,,,,,,,,,,,,,,,,,,,,,,,,,,,,,240.557693,,,,,,0.348585,,1.000033,,,,,,,,,,,,,1.000528,,,,,,,,,,,,,,,0.390111,,306.040314,3.032525,,,,,,
2025-09-15,0.863508,96.435974,0.232836,43.974262,183.357925,11.562005,136.225754,19.282234,79.458511,171.698105,6.440901,4.508825,0.6649,29.844894,,593.878235,88.015076,13.404052,19.590158,919.970215,71.543991,47.169033,115444.875,176.634811,16.962559,73.646896,67.440002,7539.0,88.987518,64.982224,108.259941,63.299999,47.227356,65.419998,38.055977,21.815767,25.709166,452.088715,170.166443,0.26863,4.152834,7.798839,97.300003,51.628963,90.511635,159.811111,90.391121,775.093628,,20.371948,4526.820312,34.009998,0.93417,0.86513,173.145004,1.172649,40.605499,77.992195,40.709316,29.199137,137.247665,100.599998,2.413811,48.64743,10.311316,95.847618,13.704511,200.126007,1.355344,3719.0,69.971817,358.799988,338.910004,0.237132,97.525002,4.6555,2.3311,16.171747,76.192719,65.5,93.119781,59.346542,53.43,28.076952,236.272476,91.241035,432.350006,21.322081,143.608963,25.681332,40.386864,8.308681,234.600006,23.584925,106.862946,113.780312,134.237762,60.102894,91.360992,63.232933,102.9841,3.043,40.616417,0.595341,56.820541,11.783025,40.249676,1204.0,46.345665,12.947353,11.548471,10.890665,1412.800049,109.812416,275.171814,67.649109,33.073978,588.231079,2.0134,68.160774,40.386391,93.76725,184.857651,16.0,20.825661,79.79702,42.516998,61.364925,38.759998,234.357559,175.623611,652.048035,17.651451,106.89856,85.864372,0.344848,5.351,0.999986,1.3839,0.7967,7.1242,7.7802,88.277298,147.666,1393.699951,18.446989,9.8604,3.62668,9.32555,1.28267,1.00033,41.278259,17.34856,74.230003,80.236664,76.244286,33.080002,41.159714,88.438194,46.146336,134.654648,67.697601,166.469177,82.25061,73.154984,0.380795,40.548882,305.794983,2.997109,423.25,51.759998,285.200012,1042.75,525.0,15.69
2025-09-16,0.88069,96.474274,0.237537,44.075886,185.48201,11.589753,137.770203,19.146505,79.625656,171.515625,6.29139,4.549313,0.6673,30.081284,,598.865112,88.024696,13.300481,19.599485,955.712585,71.553566,47.17857,116843.1875,176.557922,16.823523,74.70697,68.470001,7371.0,88.987518,65.157318,110.409752,64.519997,47.285057,66.389999,38.233154,22.03828,25.661835,450.821106,169.019318,0.269771,4.255426,7.817885,96.629997,52.011471,90.260239,159.945282,90.334412,762.982849,,20.529007,4503.564453,34.0,0.93472,0.86476,173.395996,1.176374,40.340813,77.992195,40.515877,29.371403,136.95163,101.93,2.557266,48.637886,10.35853,94.738182,13.672168,200.5,1.360267,3725.100098,68.522339,358.325012,339.589996,0.238104,97.375,4.633,2.3935,16.171747,76.136391,66.370003,93.177292,58.909885,53.869999,27.963322,235.883438,91.17585,422.25,21.10256,143.340897,25.727974,40.924122,8.374253,233.449997,23.494625,106.767822,115.035202,133.073074,60.01989,91.322823,63.654938,103.032387,3.103,40.228786,0.596912,56.594093,11.774431,39.655693,1179.900024,46.08786,13.072495,11.518579,10.90871,1398.5,110.558975,273.491333,67.226364,33.054272,587.733948,2.0416,67.594124,40.329845,93.389496,184.367645,15.9,20.748636,79.835487,42.471001,62.054733,38.599998,236.989578,173.482803,651.150269,17.521215,106.994194,86.045334,0.342477,5.3152,1.000169,1.3774,0.79466,7.1185,7.77999,88.123497,147.404999,1385.01001,18.361521,9.82089,3.60991,9.27863,1.28034,1.000424,41.307701,17.36059,75.669998,80.227173,76.272865,33.580002,41.277115,87.970512,46.060417,134.605652,65.97245,162.813004,82.856819,73.760208,0.38412,40.309238,319.747223,3.038494,429.5,52.689999,285.799988,1049.75,534.0,16.360001
2025-09-17,0.913092,96.30191,0.244164,44.1036,187.853775,11.515757,136.560211,19.083168,79.059219,171.784515,6.28541,4.610568,0.6689,31.7658,,616.886108,88.034286,13.309112,19.599485,990.309753,71.42907,47.169033,116468.507812,176.461823,16.806143,72.340729,67.949997,7385.0,90.157288,65.731262,109.581383,64.050003,47.27544,65.860001,38.438309,21.806095,25.623974,453.258087,166.38475,0.282464,4.400456,7.741705,96.870003,52.237053,89.921822,159.044342,90.287109,762.463928,,20.893581,4592.733398,34.18,0.93292,0.86941,173.800003,1.187141,40.252583,77.819626,40.419163,29.610662,136.722458,100.889999,2.56933,48.637886,10.311316,94.150284,13.520349,199.897995,1.365393,3717.800049,68.16494,355.024994,336.970001,0.24267,97.324997,4.571,2.3548,16.043547,76.06131,65.669998,92.975967,58.91959,54.02,28.067482,236.487305,91.06414,388.549988,20.949848,143.360764,25.719408,40.498024,8.430454,231.100006,23.987413,106.577614,117.030319,133.2258,60.674683,91.084229,64.577484,103.013077,3.1,40.2477,0.59894,56.339333,11.808808,39.250278,1154.400024,45.849888,12.95698,11.757718,10.809459,1372.699951,110.423233,272.838348,67.273338,33.054272,586.560852,2.0287,66.998665,39.849163,91.09465,184.544052,15.54,20.700497,79.79702,41.722,58.322189,37.790001,244.857452,173.521011,650.341187,17.60804,106.927246,85.826271,0.343433,5.2958,0.999903,1.37388,0.78591,7.1142,7.78047,87.884598,146.412994,1377.640015,18.285801,9.75463,3.5758,9.22304,1.2755,1.00045,41.307301,17.33757,74.970001,80.075302,76.196617,32.369999,40.308537,87.855988,45.993595,134.409592,65.264938,163.502853,81.742165,73.477119,0.395112,40.290062,301.374512,3.084992,426.75,51.240002,283.899994,1043.75,528.25,15.72
2025-09-18,0.925356,96.033798,0.246266,44.168274,183.862747,11.71,141.154205,19.381767,81.204231,176.134583,6.381096,4.675648,0.66525,35.232063,,624.395935,88.0439,13.464471,19.618143,981.835205,71.247131,47.102268,117137.203125,181.324554,16.901731,73.590111,67.440002,7233.0,88.407387,67.462814,108.338829,63.57,47.198513,65.190002,38.037327,21.709351,25.699699,454.604309,166.588928,0.278779,4.537494,7.932153,97.349998,52.10955,90.269905,161.421295,89.908882,768.847351,,20.997595,4589.918945,34.73,0.93222,0.86762,173.707993,1.182634,40.634911,78.126419,40.293423,29.495817,136.254562,102.470001,2.574996,48.656967,10.452955,95.032135,13.385398,200.201004,1.362973,3678.300049,68.293999,358.174988,335.619995,0.246507,97.474998,4.541,2.34,16.116804,76.23024,66.75,92.669212,58.638187,53.740002,27.95385,242.377441,91.268974,385.850006,21.159826,148.265213,25.747963,41.164967,8.77704,232.375,24.640253,106.358871,118.262871,134.170944,60.988239,90.692963,63.546986,102.935806,2.939,39.973515,0.593419,55.773205,11.894753,39.353989,1168.0,46.563808,12.875156,12.166248,10.944803,1397.400024,111.654587,272.511841,68.410065,33.142944,591.849854,2.0114,67.546112,40.075371,91.972923,185.749435,15.38,20.719751,79.768143,41.707001,59.56007,37.990002,247.637131,172.116104,653.379883,17.625402,106.630775,84.940582,0.350511,5.3101,0.999704,1.37699,0.78834,7.1033,7.77699,87.910698,146.891006,1378.689941,18.3078,9.80844,3.59702,9.28363,1.2771,1.000127,41.301102,17.3755,74.690002,80.008873,76.168045,32.25,41.012959,88.046875,45.726303,135.036957,65.875526,164.113846,81.233727,72.774277,0.396424,40.318817,299.053497,3.076269,423.75,50.57,283.0,1037.5,524.25,15.7
2025-09-19,0.890935,96.033798,0.234148,43.346062,184.12944,11.562005,142.393677,19.508444,80.034225,175.731262,6.309331,4.478713,0.66179,33.767223,,600.848206,88.082336,13.53352,19.618143,984.124084,71.275856,47.102268,115688.859375,180.305893,16.85828,72.350189,66.68,7243.0,89.016052,66.314919,109.374298,62.68,47.217735,64.940002,37.487144,21.535212,25.709166,456.208649,167.288864,0.265387,4.35848,7.903586,97.639999,51.991852,89.921822,159.121017,89.814308,774.672668,,20.197969,4470.916992,33.57,0.93425,0.86965,174.432007,1.179106,40.409435,77.455315,40.003265,29.601091,133.036575,100.43,2.446949,48.666508,10.320761,94.463196,13.376964,200.548004,1.355601,3705.800049,71.838257,359.149994,339.179993,0.238923,97.974998,4.569,2.2989,15.951972,76.2584,65.370003,92.630875,58.560558,53.939999,28.067482,240.536163,91.334137,366.5,20.940306,147.848236,25.728926,40.97044,8.674005,233.574997,23.496611,106.273277,114.127525,134.47644,60.941917,90.845642,63.242748,102.829559,2.888,39.822247,0.589129,55.820381,12.040859,39.155987,1150.800049,46.424992,12.764454,11.917144,10.809459,1414.300049,110.054802,267.912231,67.77124,33.152798,595.856323,1.9707,67.48848,39.56641,90.225838,185.426056,15.46,20.594587,79.79702,42.535999,58.265495,39.040001,238.552704,172.718216,656.615967,17.564625,106.57341,84.778679,0.343948,5.3043,0.999893,1.37918,0.79251,7.1129,7.77711,88.206902,147.947006,1386.75,18.364201,9.86888,3.61346,9.34372,1.28176,1.000546,41.397202,17.34033,73.519997,79.99939,76.22522,32.34,40.787933,87.474213,45.564014,135.221878,65.061424,162.793304,81.292374,71.973808,0.38812,40.117512,294.074371,2.991852,424.0,50.029999,282.899994,1025.5,522.5,15.45
2025-09-20,0.893933,,0.235623,,,,,,,,,4.452679,,33.186329,,595.082947,,,,1042.650146,,,115721.960938,,,,,,,,,,,,,,,,,0.267749,4.358071,,,,,,,,,20.192631,4482.265625,,,,,,,,,,,,2.4461,,,,,,,,,,,0.242123,,,,,,,,,,,,,,,,,,,,23.344814,,113.967155,,,,,,,,,,,,,,,,,,,,,,,,,,,,,,,,,,239.592484,,,,,,0.346844,,0.999727,,,,,,,,,,,,,1.000376,,,,,,,,,,,,,,,0.386679,,299.016266,2.978919,,,,,,
2025-09-21,0.885275,,0.231313,,,,,,,,,4.406613,,33.048401,,594.320557,,,,1048.672363,,,115306.09375,,,,,,,,,,,,,,,,,0.261159,4.271019,,,,,,,,,19.913774,4451.329102,,,,,,,,,,,,2.3996,,,,,,,,,,,0.234203,,,,,,,,,,,,,,,,,,,,22.99725,,114.112976,,,,,,,,,,,,,,,,,,,,,,,,,,,,,,,,,,236.575455,,,,,,0.342842,,0.999799,,,,,,,,,,,,,1.000423,,,,,,,,,,,,,,,0.380429,,292.417572,2.973409,,,,,,
2025-09-22,0.825752,95.918884,0.214051,42.967289,184.03421,11.340016,141.616547,18.947443,79.755653,174.761383,6.273449,4.161651,0.658931,33.729733,,567.727783,88.091942,13.196907,19.632219,993.014038,71.1418,47.102268,112748.507812,178.403061,16.545446,71.592995,66.57,6959.0,89.66275,65.945267,106.632782,62.639999,47.150425,64.32,37.365917,21.535212,25.81329,456.92807,169.826187,0.241316,4.036866,7.751228,97.330002,52.246864,90.211899,161.603409,90.012901,781.349731,,18.707073,4202.877441,31.290001,0.93446,0.87165,173.811996,1.173695,40.429043,77.896324,40.245064,29.467108,132.34903,97.809998,2.262582,48.676056,10.28299,94.453712,12.988979,199.393005,1.346475,3775.100098,73.794052,362.725006,345.049988,0.222277,98.800003,4.573,2.2923,15.72304,76.314697,63.650002,92.477509,58.9487,53.5,28.11483,241.931976,91.427269,367.350006,20.778051,145.89241,25.919298,41.072334,8.652347,237.149994,21.660231,106.035507,105.818733,134.84877,59.552246,90.66433,63.232933,102.839218,2.806,39.51025,0.585131,55.726025,11.697081,38.71286,1193.699951,46.662968,12.754827,11.518579,10.493656,1423.699951,110.462021,268.555634,67.729416,33.182354,599.383789,1.9782,67.930275,39.764343,88.724266,185.514633,15.25,20.642729,79.758537,43.799,58.0387,40.040001,220.496445,173.119614,659.722473,17.390978,106.315201,84.47393,0.340181,5.3205,0.999982,1.3782,0.79623,7.1129,7.77444,88.099197,148.095001,1396.22998,18.4202,9.92138,3.6311,9.41511,1.28543,1.000978,41.407902,17.319111,73.449997,79.866508,76.168045,32.880001,40.797718,87.493294,45.420826,135.77272,65.061424,164.990936,80.119057,72.237373,0.368633,40.249847,289.290497,2.85301,421.75,49.169998,278.899994,1011.0,510.75,16.1
2025-09-23,0.807619,96.072105,0.211059,43.142822,185.053391,11.404763,142.531403,18.784569,80.758514,173.954742,6.279429,4.132289,0.6602,33.65406,,557.035828,88.091942,13.119228,19.632219,1017.019897,71.285431,47.092731,112014.5,177.701538,16.415098,72.113571,67.629997,6992.0,89.729309,65.371323,106.928635,63.41,47.121574,64.529999,37.384567,21.757721,25.841686,456.139709,169.272064,0.237388,3.97311,7.751228,97.260002,52.276283,90.037857,161.076248,90.362762,786.450623,,18.81798,4165.503906,31.41,0.93505,0.8731,174.328995,1.180108,40.45845,77.742928,40.109657,29.974333,132.301285,97.370003,2.240126,48.685596,10.28299,94.880417,12.761252,199.639008,1.351497,3815.699951,73.694778,364.850006,346.459991,0.219313,100.525002,4.5845,2.328,15.961131,76.2584,63.41,92.736328,59.03603,53.060001,28.11483,241.387512,91.371391,350.149994,20.902126,146.190262,25.947855,41.063072,8.774743,235.600006,21.54464,106.244728,106.157928,134.724655,59.552246,90.960182,62.477238,102.790939,2.853,39.81279,0.58688,56.18837,11.662702,39.278561,1232.300049,46.583641,12.889596,11.458793,10.511702,1504.199951,110.956497,271.081055,67.596367,33.142944,595.402466,1.9991,68.650581,39.802044,89.139793,185.741013,15.66,20.796778,79.787399,44.192001,58.265495,39.959999,213.7173,175.977219,656.131226,17.417023,106.602104,85.064392,0.336073,5.3343,0.999682,1.38249,0.79239,7.114,7.76932,88.304398,147.725006,1389.390015,18.357691,9.9109,3.60542,9.35734,1.28184,1.000162,41.391899,17.3309,75.050003,79.99939,76.187103,33.25,40.807503,87.970512,45.649933,135.26123,66.427971,170.046509,80.754608,72.393562,0.364951,40.568596,291.223114,2.828157,426.25,49.349998,275.100006,1012.0,520.5,16.639999
2025-09-24,0.813186,95.890167,0.212979,43.807976,183.767487,11.256768,134.927246,18.485971,79.755653,161.547913,6.249527,4.153704,0.65978,32.346359,,556.486328,88.111153,12.946607,19.622837,1018.847839,71.1418,47.092731,113328.632812,171.137787,16.302134,71.422623,69.309998,7048.0,89.120651,62.258404,109.324989,64.989998,47.140804,64.040001,37.067513,21.902838,25.803825,454.31662,167.21109,0.241244,3.994745,7.713139,97.870003,52.099743,89.515732,158.21051,90.30603,773.243286,,18.613146,4153.469238,31.459999,0.93497,0.87359,174.382004,1.181447,40.429043,77.51284,39.993591,29.715935,131.451416,98.949997,2.223932,48.695145,10.320761,93.99855,12.710645,199.608002,1.352448,3768.100098,71.798546,365.375,343.320007,0.221355,99.425003,4.7525,2.3772,15.906186,76.155159,64.419998,92.487076,59.00692,52.740002,27.660295,239.170044,91.231766,367.75,20.64443,136.947281,25.633739,40.460976,8.793571,234.050003,21.620655,105.816765,105.615608,134.065933,58.245953,90.778847,63.380146,102.713669,2.858,39.708794,0.5857,56.594093,11.499409,39.042847,1221.400024,46.236595,12.976232,11.369117,10.430496,1484.5,109.424591,269.55426,65.761986,33.073978,593.312317,2.0188,68.554535,39.359062,88.015976,185.307938,15.64,20.628031,79.748917,43.777,57.64183,39.82,211.756256,175.021515,654.043762,17.338882,106.410812,84.740593,0.3383,5.2816,0.999694,1.38391,0.79143,7.1116,7.77546,88.807999,147.613007,1391.849976,18.3465,9.88055,3.60358,9.33456,1.28333,1.000264,41.418701,17.2281,76.389999,79.771606,76.11087,32.830002,40.034595,87.105255,45.143982,134.651337,66.36982,168.489426,80.588387,71.641899,0.37523,40.153255,292.941772,2.928035,424.25,49.290001,271.700012,1009.0,519.5,16.18
2025-09-25,0.762789,95.756104,0.202445,43.789497,184.510468,11.099525,133.914017,18.6036,78.149216,156.832962,6.14786,4.008577,0.658692,28.660616,,536.115173,88.111153,12.998393,19.604067,945.713623,71.065186,47.064121,109049.289062,168.754471,16.189165,71.32798,69.419998,6925.0,89.377449,61.917931,107.056824,64.980003,47.063877,63.830002,37.030212,22.057627,25.794357,452.749725,166.588928,0.222706,3.800548,7.656004,98.550003,51.795696,88.877563,158.69931,90.079086,766.478027,,17.873001,3868.333984,29.58,0.93326,0.873,174.695999,1.174467,39.948677,77.138931,39.693764,29.266129,131.499161,95.379997,2.116776,48.685596,10.198005,93.960625,12.803424,200.100006,1.34524,3771.100098,72.602699,365.424988,344.75,0.207319,100.099998,4.7,2.4265,15.8604,75.939316,62.099998,92.285774,58.744926,52.490002,27.641169,236.88327,90.943085,371.350006,20.501265,134.68367,25.56711,40.14603,8.605273,232.050003,20.108458,105.626541,102.164482,132.452515,59.033432,90.635681,63.556801,102.617081,2.904,39.727699,0.58166,56.414818,11.490812,39.099426,1264.400024,46.008533,13.072495,11.399006,10.186876,1530.699951,109.763924,269.122162,65.533867,33.024715,590.754395,2.0022,68.256813,39.198837,86.911064,183.782318,15.76,20.550446,79.68158,44.696999,56.413395,41.029999,192.380768,174.524551,651.026367,17.347565,106.238678,84.740593,0.331921,5.3299,1.000016,1.3896,0.79466,7.1315,7.77784,88.778603,148.751007,1403.650024,18.418739,9.93607,3.630047,9.39995,1.28831,1.000471,41.469601,17.32728,76.989998,79.591255,76.015564,33.27,39.516064,86.845085,44.723949,133.893951,66.079071,169.208832,79.160828,70.909767,0.350182,40.05666,288.392853,2.742319,425.75,49.740002,268.600006,1012.25,527.0,16.74
2025-09-26,0.792193,95.823143,0.208659,43.937313,185.043854,11.127275,135.389587,18.513115,77.861351,156.573685,6.123939,4.117621,0.653731,29.106339,,548.500366,88.139961,12.981131,19.613453,960.92395,71.065186,47.102268,109712.828125,168.485382,16.276062,70.816872,70.129997,6908.0,90.642303,62.248676,107.934509,65.720001,47.131184,63.950001,37.776222,22.067303,25.851151,455.558289,166.686142,0.232629,3.927708,7.713139,98.150002,51.697617,89.564072,161.296692,90.050713,773.781738,,18.409029,4035.887939,30.459999,0.93303,0.87445,174.772995,1.166276,40.389828,77.119766,40.216049,29.409685,133.52356,95.209999,2.196393,48.742859,10.301873,94.36837,12.794991,199.850998,1.333653,3809.0,74.141533,357.0,346.73999,0.214598,101.5,4.7155,2.4289,16.071016,76.08947,61.939999,92.237854,59.210693,52.25,27.908972,238.912643,91.110703,378.049988,20.606255,133.045532,25.690851,39.506874,8.586444,231.800003,21.085903,105.769196,104.644859,133.244934,59.06123,90.654762,63.124973,102.62674,2.835,40.058609,0.576319,56.914902,11.379085,39.448273,1291.400024,46.672882,13.082121,11.4289,10.394405,1582.699951,110.714096,274.912506,65.980576,33.064129,593.182861,2.0376,68.689003,39.189415,87.562691,185.603226,15.87,20.754108,79.729683,46.221001,56.101559,41.860001,205.352554,177.181442,654.756104,17.408342,106.257828,84.664421,0.338526,5.3637,0.999748,1.3941,0.80004,7.1338,7.7827,88.773102,149.860992,1408.920044,18.484119,10.03027,3.660682,9.463,1.29436,1.000478,41.563999,17.422001,77.019997,79.6577,76.06321,31.99,39.398663,87.702644,45.163078,134.621841,66.873802,172.362411,79.649719,71.358803,0.36221,40.452686,287.649994,2.785812,422.0,49.599998,268.799988,1013.75,519.75,15.29
2025-09-27,0.781701,,0.20595,,,,,,,,,4.115672,,28.790525,,544.204895,,,,968.789551,,,109681.945312,,,,,,,,,,,,,,,,,0.230836,3.892598,,,,,,,,,18.259834,4018.658203,,,,,,,,,,,,2.190766,,,,,,,,,,,0.212848,,,,,,,,,,,,,,,,,,,,20.928057,,104.54808,,,,,,,,,,,,,,,,,,,,,,,,,,,,,,,,,,203.583328,,,,,,0.336865,,0.99983,,,,,,,,,,,,,1.00046,,,,,,,,,,,,,,,0.361146,,286.252289,2.807735,,,,,,
2025-09-28,0.808166,,0.208043,,,,,,,,,4.182081,,30.007946,,556.205627,,,,993.315552,,,112122.640625,,,,,,,,,,,,,,,,,0.237388,3.996965,,,,,,,,,18.534195,4141.476562,,,,,,,,,,,,2.214044,,,,,,,,,,,0.216153,,,,,,,,,,,,,,,,,,,,21.680927,,106.847511,,,,,,,,,,,,,,,,,,,,,,,,,,,,,,,,,,210.737747,,,,,,0.335789,,0.9999,,,,,,,,,,,,,1.00035,,,,,,,,,,,,,,,0.367742,,290.326752,2.866586,,,,,,
2025-09-29,0.806797,96.005058,0.207763,43.401493,185.310562,11.108775,136.186401,18.495022,78.39064,156.92897,6.094037,4.117443,0.6554,30.452417,,561.426697,88.149582,12.912083,19.622837,1030.741211,71.247131,47.159492,114400.382812,169.273422,16.293442,71.337448,67.970001,6998.0,91.47921,63.124187,106.928635,63.450001,47.083111,63.049999,37.860149,21.88349,25.956768,456.307251,165.373703,0.235057,3.983713,7.694094,97.910004,52.168396,89.912155,162.322235,90.202019,765.342285,,18.647505,4217.341797,31.719999,0.93349,0.87299,174.882004,1.170823,40.497665,77.186867,40.264408,29.658514,135.07048,99.809998,2.212708,48.742859,10.216889,94.747658,12.634735,200.313995,1.340824,3855.199951,75.174034,356.200012,352.459991,0.216895,101.150002,4.841,2.3566,15.961131,76.220863,64.970001,92.506256,59.103958,52.16,27.77507,239.189835,91.306213,372.200012,20.682608,133.512146,25.652777,39.442039,8.61469,231.324997,21.749245,106.121078,106.8386,132.328415,58.690643,90.845642,64.312492,102.781265,3.267,39.831703,0.577821,57.13192,11.353302,39.17485,1265.699951,46.85136,12.976232,11.518579,10.394405,1609.300049,110.762581,277.063507,66.227699,33.103535,595.929993,1.9951,69.361298,39.151718,87.458801,186.223297,16.02,20.783203,79.758537,46.612,56.63073,42.5,213.053406,177.621078,656.596191,17.286787,106.391708,85.359612,0.337098,5.342253,0.999822,1.39382,0.79748,7.1328,7.7804,88.676804,149.404999,1408.709961,18.358549,9.95937,3.64312,9.4026,1.2913,1.000561,41.561089,17.340401,74.589996,79.828545,76.120399,32.400002,39.516064,87.73156,45.373089,135.133347,67.067627,173.643539,79.121712,71.475952,0.371463,40.529957,292.562164,2.882692,421.5,49.110001,268.100006,1010.5,519.5,16.120001
2025-09-30,0.807203,95.995483,0.207899,43.355301,184.8013,11.183267,131.100571,18.467873,78.617043,153.539185,6.210523,4.097751,0.658198,30.003811,,560.04187,88.149582,12.89482,19.641607,1008.483459,71.218391,47.169033,114056.085938,164.189651,16.409313,71.022171,67.019997,6749.0,91.764511,60.993786,105.42968,62.369999,47.188889,63.32,37.916103,21.796419,25.985312,456.99704,168.066589,0.232905,3.907708,7.655623,97.769997,52.374367,90.279579,163.724808,90.012901,766.830505,,18.43458,4145.95752,31.51,0.93537,0.8731,174.317993,1.173144,40.791763,76.899254,40.593258,29.668083,134.583511,99.809998,2.18736,48.752396,10.273546,96.065712,12.592565,199.645996,1.343725,3873.199951,75.849129,361.024994,355.470001,0.214971,99.849998,4.805,2.3325,15.766595,76.192719,65.0,92.467926,59.307728,52.060001,28.052437,239.526428,91.241035,374.850006,20.854406,129.014771,25.633739,39.639057,8.624103,231.850006,21.329388,106.016495,106.898071,133.397659,58.913002,90.807465,64.626549,102.848869,3.303,40.2477,0.578152,57.358368,11.291408,39.806549,1263.5,47.228157,12.928101,11.359013,10.219167,1584.599976,111.03405,277.370789,65.600403,33.133091,597.562378,1.9729,70.014381,39.151714,85.670609,186.715424,16.1,20.918974,79.79702,46.252998,56.7617,42.369999,208.743118,179.360489,659.069519,17.233406,106.363022,85.112007,0.333697,5.3217,0.999795,1.39162,0.7972,7.1194,7.783,88.704498,148.595001,1399.329956,18.358999,9.9836,3.635418,9.41699,1.28969,1.000096,41.576599,17.2502,73.75,79.828545,76.168045,32.299999,39.653034,88.088066,45.573563,135.546494,68.307098,175.555389,78.124382,71.66143,0.364168,40.694172,295.326111,2.846931,415.5,48.869999,265.700012,1001.75,508.0,16.280001
2025-10-01,0.85004,96.240463,0.220832,43.309109,185.762192,11.239139,127.834602,18.214518,78.730247,148.017593,6.204391,4.131414,0.66107,30.704655,,593.065369,88.169823,12.700586,19.622837,1026.166748,71.398048,47.192924,118648.929688,161.54686,16.560839,72.913811,65.349998,6675.0,91.022713,59.12603,104.705856,61.779999,47.222637,63.150002,38.237267,21.757721,26.080463,457.509491,166.676407,0.248365,4.121088,7.655623,97.709999,52.786297,91.024094,166.481613,90.319595,757.735107,,19.538176,4351.112305,32.799999,0.93454,0.87294,173.673004,1.173585,41.30154,76.899254,41.105869,29.266129,134.764923,102.510002,2.295504,48.76965,10.273544,95.547882,12.499785,198.949005,1.344339,3897.5,76.57386,358.975006,356.029999,0.224084,98.425003,4.8305,2.3019,15.794384,76.335083,66.739998,92.779449,59.501797,52.389999,27.746378,240.051102,91.417061,383.899994,20.53944,126.55262,25.529034,39.545242,8.78416,231.100006,22.582314,106.442215,115.125313,131.746063,58.218155,91.100548,65.019112,103.029976,3.476,40.63533,0.579599,57.301498,11.061511,39.891403,1250.5,47.208324,12.908848,11.189476,10.17305,1569.900024,112.934402,279.128052,65.153694,33.162647,600.428833,1.8859,69.236435,39.846939,85.469795,187.138672,16.129999,20.918974,79.889656,47.290001,57.435509,42.91,221.675873,177.535049,661.315369,17.322372,106.552704,85.33181,0.341871,5.3195,1.000013,1.39235,0.7962,7.119,7.78196,88.840698,147.996994,1403.150024,18.313829,9.98814,3.633136,9.41662,1.29021,1.000511,41.582699,17.272671,73.139999,80.101028,76.321075,32.099998,40.328106,88.222969,45.649933,136.244858,68.629173,176.77742,78.564392,72.042137,0.398008,40.694172,314.315948,2.947278,416.5,49.75,264.700012,1013.0,509.25,16.290001
2025-10-02,0.87032,96.346146,0.225097,43.068909,183.696243,11.239139,125.15889,18.449776,78.956635,144.627777,6.27183,4.311779,0.66155,31.023582,,595.022278,88.179466,12.895707,19.632219,1090.65564,71.474907,47.221592,120681.257812,160.086121,16.667799,72.235497,64.110001,6481.0,90.784958,60.040451,105.309036,60.48,47.348,62.650002,38.010563,21.612606,26.118523,458.347076,168.912354,0.261937,4.308879,7.665241,97.849998,53.031494,91.169128,164.614716,90.36705,756.41333,,20.054005,4487.923828,34.049999,0.93502,0.87041,172.576996,1.173406,41.634853,76.841728,40.873741,28.940739,135.0896,105.540001,2.385985,48.76965,10.18809,94.943764,12.904637,198.259995,1.348018,3868.100098,76.544075,354.299988,354.790009,0.227586,98.675003,4.898,2.2435,15.849967,76.306793,68.769997,92.875603,59.424171,52.299999,27.449881,241.565704,91.370255,378.100006,20.386734,123.733055,25.367216,39.545242,8.708838,230.524994,22.774349,106.614037,119.638565,130.0849,59.265053,91.215469,65.745361,103.000916,3.442,40.569149,0.582181,56.941353,11.256038,39.240841,1239.800049,47.456215,12.802959,11.179502,10.228388,1563.800049,112.585358,277.668427,65.676437,33.221764,602.897217,1.851,69.034744,39.389805,86.206108,187.581589,16.4,20.812294,79.908943,46.0,57.359585,42.529999,234.856873,176.818253,662.077026,17.304583,106.504807,85.580299,0.343078,5.3288,0.999978,1.39395,0.79691,7.119,7.78099,88.682999,147.082993,1401.819946,18.38236,9.91397,3.6289,9.37341,1.28766,1.000708,41.594101,17.206579,71.540001,80.18679,76.321075,32.470001,40.17157,87.760468,45.4781,136.441589,67.91671,172.95369,79.395493,72.012848,0.408361,40.481667,333.678497,3.039324,421.75,49.82,271.299988,1023.75,514.75,16.629999
2025-10-03,0.866315,96.240463,0.22493,43.087387,182.773773,11.118085,123.840698,18.232615,79.05098,146.346695,6.296354,4.281917,0.659809,31.361156,,609.251282,88.198753,12.762671,19.65099,1189.919067,71.388451,47.221592,122266.53125,161.883209,16.774757,72.235497,64.529999,6190.0,90.775444,61.752556,103.06443,60.880001,47.357643,62.860001,38.445076,21.680326,26.223186,460.712219,171.440002,0.258603,4.320178,7.617153,97.720001,53.188423,91.932976,165.553009,90.405029,762.424805,,19.948908,4514.870605,34.259998,0.9345,0.87193,172.529007,1.172512,41.595638,78.404449,41.241276,29.026871,136.378693,107.169998,2.392782,48.788807,10.159608,95.327339,12.617867,197.860001,1.344664,3908.899902,76.524223,357.174988,357.640015,0.225396,98.974998,5.058,2.2363,15.664697,76.221939,69.809998,92.692917,59.783199,52.450001,27.392494,243.357498,91.257904,390.75,20.491718,126.731323,25.433847,39.826702,8.690009,231.024994,22.524408,106.4804,120.522682,130.504959,58.32933,91.071808,65.313545,103.020279,3.324,40.484058,0.58195,57.244637,11.194144,38.79771,1273.0,47.545456,12.85109,11.029911,10.228388,1619.300049,113.496735,281.87442,66.294228,33.221764,600.359192,1.8605,68.842674,39.685032,86.990242,188.241043,16.469999,20.89958,79.880013,47.597,56.306164,43.52,233.001968,177.028519,662.0672,17.286787,106.389847,85.417816,0.342095,5.3366,0.999669,1.39609,0.79702,7.119,7.78247,88.7202,147.149994,1405.630005,18.412001,9.9751,3.630367,9.39348,1.28856,1.000494,41.6418,17.2703,71.709999,80.091499,76.282806,32.240002,40.132431,88.088066,45.735847,136.805557,68.082626,172.500381,79.698608,72.383797,0.406719,40.64587,324.615479,3.040881,419.0,49.43,270.700012,1018.0,515.25,16.65
2025-10-04,0.839922,,0.219757,,,,,,,,,4.13697,,30.142843,,590.414734,,,,1150.547607,,,122425.429688,,,,,,,,,,,,,,,,,0.250917,4.201499,,,,,,,,,19.453085,4489.197266,,,,,,,,,,,,2.31503,,,,,,,,,,,0.217141,,,,,,,,,,,,,,,,,,,,22.032007,,120.437431,,,,,,,,,,,,,,,,,,,,,,,,,,,,,,,,,,228.003204,,,,,,0.34048,,0.99979,,,,,,,,,,,,,1.000346,,,,,,,,,,,,,,,0.394071,,329.929413,2.969349,,,,,,
2025-10-05,0.837352,,0.218759,,,,,,,,,4.150839,,30.085981,,594.294067,,,,1165.527588,,,123513.476562,,,,,,,,,,,,,,,,,0.252954,4.135801,,,,,,,,,19.422073,4515.422852,,,,,,,,,,,,2.333632,,,,,,,,,,,0.216288,,,,,,,,,,,,,,,,,,,,22.002396,,118.856995,,,,,,,,,,,,,,,,,,,,,,,,,,,,,,,,,,228.601196,,,,,,0.341426,,0.999806,,,,,,,,,,,,,1.000198,,,,,,,,,,,,,,,0.396011,,321.403656,2.970641,,,,,,
2025-10-06,0.871816,96.029121,0.229312,42.727097,178.31517,10.913231,124.637505,18.205471,75.456886,144.138046,6.130822,4.273219,0.65931,30.712078,,599.430725,88.21804,12.700586,19.65099,1223.581055,71.225121,47.116463,124752.53125,160.384018,16.516275,71.280121,65.470001,6283.0,89.386948,61.626091,102.787552,61.689999,47.232277,62.700001,37.72718,21.902838,26.736996,460.051971,172.033005,0.266313,4.387514,7.559448,98.110001,53.433624,92.145699,166.181747,90.291092,773.292297,,20.000448,4687.771484,35.790001,0.93364,0.87178,175.212006,1.171248,41.585835,79.832939,41.183243,29.00773,135.194641,109.440002,2.40747,48.807961,10.007687,94.684853,12.381704,200.960007,1.343382,3976.300049,78.04319,362.399994,364.380005,0.230194,98.324997,4.987,2.2443,15.396052,76.240791,71.290001,92.423683,59.812309,52.759998,26.990788,244.327637,91.276634,381.350006,20.53944,125.95694,25.56711,39.817322,8.605273,231.875,23.374546,106.136757,118.334091,129.836685,57.893906,90.889832,65.401871,103.097748,3.357,40.086971,0.582469,56.770756,11.088037,38.562004,1326.800049,47.565289,12.985858,10.840427,10.05315,1634.900024,113.564606,279.252899,66.208694,33.320282,604.867981,1.9016,68.324043,39.675514,85.967049,188.182007,16.809999,20.695917,79.860695,48.082001,55.955017,44.060001,232.516037,171.236847,664.441528,16.904219,106.207817,84.739304,0.3462,5.3346,0.999599,1.3965,0.79719,7.119,7.7811,88.7351,149.606003,1406.060059,18.433331,9.96166,3.63128,9.38485,1.29173,1.000215,41.688301,17.25766,72.870003,79.929527,76.225433,32.16,40.347675,87.259415,45.67857,137.297363,67.584892,171.613434,79.229279,70.636436,0.408662,40.240189,310.533813,2.990717,421.75,49.790001,268.799988,1017.75,512.75,16.370001
2025-10-07,0.820902,96.192421,0.21908,42.930336,179.660431,10.848048,123.9981,17.970209,73.664558,142.736023,6.130822,4.05948,0.66165,27.952503,,576.843445,88.21804,12.54981,19.632219,1310.214355,71.359619,47.154697,121451.382812,158.481201,16.34692,70.477608,65.449997,6179.0,90.480621,59.933441,100.246292,61.73,47.319073,62.02,37.821644,21.989906,26.794083,459.19458,170.263672,0.247316,4.146092,7.463271,98.580002,53.02169,91.34317,166.394562,90.25312,770.590088,,19.046551,4451.151855,33.900002,0.93084,0.86836,176.035995,1.171029,41.242718,78.577019,41.05751,28.404797,136.426437,106.120003,2.283979,48.798382,9.941222,93.591667,12.23832,202.705002,1.34849,4004.399902,76.415016,365.5,366.26001,0.218487,97.849998,5.048,2.2653,15.220043,76.155922,69.129997,92.654449,59.763794,52.880001,26.91427,241.704285,91.173637,375.399994,20.396278,123.822403,25.56711,39.16058,8.586444,233.100006,21.85598,106.337212,117.074226,130.046738,57.226856,91.08139,64.587288,103.175255,3.498,39.935699,0.5841,56.514858,11.088037,38.70343,1347.599976,47.168663,13.024364,10.611054,9.970143,1626.599976,112.439911,281.864807,65.43882,33.241467,601.682983,1.8939,68.650581,39.608849,84.74305,187.355209,16.629999,20.647427,79.8993,47.179001,56.05941,43.389999,220.482712,170.99791,661.978149,16.83304,106.504807,85.226692,0.338107,5.3112,0.999836,1.3946,0.79491,7.119,7.78265,88.7211,150.330994,1409.920044,18.337589,9.92268,3.627901,9.38168,1.29112,1.00047,41.7038,17.151199,73.199997,80.034348,76.301941,32.790001,39.6726,86.941444,45.315815,136.451416,67.194504,170.48999,77.772392,69.679771,0.384383,40.114616,318.23175,2.855971,419.75,50.529999,268.899994,1022.0,506.75,17.24
2025-10-08,0.838916,96.202042,0.224206,42.819481,178.334396,10.782867,122.768448,17.798288,70.957207,143.84996,6.094037,4.171696,0.658051,28.81522,,583.463074,88.237312,12.46112,19.613453,1306.599365,71.359619,47.278934,123354.867188,156.12674,16.4004,69.770638,66.25,6000.0,91.697952,58.902287,100.562714,62.549999,47.251572,62.470001,37.708286,22.01893,27.136621,459.293152,169.349838,0.255563,4.197646,7.405565,98.849998,53.443432,91.613899,166.752457,90.300591,786.783508,,19.63982,4527.647949,34.169998,0.93065,0.8683,177.197006,1.16546,41.507408,78.375687,41.279964,28.586634,135.987198,107.650002,2.365676,48.827126,9.950717,93.543724,12.187713,204.057999,1.342102,4070.5,78.5793,369.5,372.299988,0.219711,97.625,5.046,2.2913,15.0533,76.042801,70.059998,92.673683,60.016083,52.630001,26.95253,244.238541,91.042557,385.100006,20.319921,123.832336,25.576628,38.850971,8.61469,233.850006,22.620699,106.20359,118.636482,129.693497,56.329121,91.110115,64.901337,103.204292,3.333,39.718243,0.579771,55.927246,10.990775,38.35458,1454.199951,47.862759,13.053243,10.660917,9.979366,1678.0,112.459305,281.490295,65.495857,33.310432,608.580566,1.9095,68.439293,39.513611,84.762169,187.965439,16.290001,20.550446,79.889656,48.655998,55.081913,44.560001,229.101212,170.33847,665.925537,16.717382,106.581444,85.293587,0.342175,5.3538,0.999879,1.39528,0.79859,7.119,7.78319,88.742599,152.050995,1414.569946,18.388531,9.96435,3.647773,9.40136,1.29355,1.000317,41.717361,17.209299,73.529999,79.939064,76.273239,32.290001,39.428009,86.488579,45.172623,137.189163,66.364944,166.685974,77.479057,69.601685,0.388485,39.911774,333.16391,2.880804,422.0,50.970001,270.799988,1029.5,507.25,16.299999
2025-10-09,0.815646,96.086761,0.220577,42.163559,178.074966,10.680441,121.528954,17.282528,70.211983,141.410843,5.971421,4.059793,0.65845,28.384201,,580.160645,88.237312,12.115224,19.575916,1255.890625,71.311577,47.212036,121705.585938,154.387283,16.01713,68.261147,65.220001,5945.0,91.888153,57.491745,98.654297,61.509998,47.299786,62.029999,37.566605,21.815767,26.822628,456.760498,170.331726,0.248563,4.075096,7.367095,99.540001,52.894184,90.859726,164.991974,90.25312,791.394897,,19.192196,4369.143555,32.810001,0.93207,0.86779,177.554001,1.163196,41.262325,78.183945,40.689976,28.395227,136.626968,105.559998,2.300527,48.817554,9.960213,93.169739,12.120237,204.598007,1.340141,3972.600098,75.064827,374.024994,365.429993,0.213237,97.0,5.0755,2.2803,14.99772,75.82592,68.739998,92.606369,59.569721,52.810001,26.780369,242.664551,90.761673,377.25,20.262655,123.167152,25.605183,37.978439,8.586444,235.024994,22.0123,105.993568,125.933968,128.796097,53.101013,90.908981,63.910114,103.194611,3.269,39.670971,0.578349,55.595535,10.813931,37.90202,1430.5,47.238071,12.937726,10.49138,9.914804,1634.099976,110.966179,282.325714,65.068138,33.241467,607.844116,1.8826,68.506516,39.285046,84.972549,186.410309,16.26,20.453463,79.880013,46.849998,53.962051,44.709999,220.991074,170.921448,663.996399,16.468267,106.456902,85.226692,0.33668,5.3352,0.999828,1.39546,0.8015,7.1185,7.7816,88.777199,152.679993,1422.52002,18.33415,9.97291,3.65727,9.42917,1.29552,1.000492,41.730801,17.15205,72.510002,79.815186,76.225433,32.369999,38.645321,86.016434,44.943516,136.4711,66.062401,164.843109,75.68972,68.859787,0.37977,39.728249,342.26651,2.80491,418.25,50.380001,269.700012,1022.25,506.5,16.43
2025-10-10,0.634835,96.480629,0.175948,41.276688,179.38179,10.531453,116.295547,17.101559,69.730881,135.284271,5.934636,2.963901,0.656129,20.733582,,513.391052,88.275879,11.964449,19.510229,1106.89856,71.590187,47.412735,113214.367188,147.775497,16.008217,66.388626,62.73,5848.0,92.801132,54.602566,97.675369,58.900002,47.43478,63.84,37.150982,21.351397,25.86162,448.256012,163.798813,0.193155,2.962416,7.213213,98.980003,50.942406,89.186974,160.687469,89.854309,783.826782,,14.375882,3843.008789,30.200001,0.93239,0.86933,176.936005,1.156644,40.703533,75.12561,40.36113,27.55304,135.576584,101.730003,1.686619,48.760063,9.684858,91.654633,11.943114,203.503998,1.330495,4000.399902,75.233597,375.5,369.119995,0.163994,97.0,4.8485,2.2044,14.654965,75.382774,66.199997,93.183304,59.259212,52.77,26.722984,235.398361,90.199913,373.049988,19.83316,116.972069,25.700371,37.105915,8.482881,238.475006,17.354767,106.289474,96.627251,128.452408,51.259033,91.253777,60.249413,103.475449,3.106,39.40625,0.575291,55.216431,10.72551,37.553173,1447.599976,46.028362,12.668191,10.172251,9.665781,1600.699951,107.844215,282.719452,63.366825,32.857227,586.743164,1.8204,67.584526,37.485073,82.945282,182.207474,16.1,20.220709,80.01506,46.938,52.358181,45.43,188.663864,167.538193,646.049988,16.370399,106.830536,86.602859,0.320985,5.3772,1.000034,1.40188,0.80617,7.1275,7.7823,88.865402,152.964996,1421.51001,18.38343,10.06491,3.68017,9.53192,1.29917,1.001756,41.822472,17.191629,69.389999,79.97718,76.273239,36.380001,37.148426,84.917976,44.561665,132.949661,66.101448,163.532394,74.144836,67.366226,0.318309,39.293587,294.819305,2.358597,413.0,49.400002,267.399994,1006.75,498.5,21.66
2025-10-11,0.63218,,0.181941,,,,,,,,,3.144305,,21.472492,,500.388855,,,,1137.199341,,,110807.882812,,,,,,,,,,,,,,,,,0.185443,3.000315,,,,,,,,,15.051285,3750.611572,,,,,,,,,,,,1.562244,,,,,,,,,,,0.168251,,,,,,,,,,,,,,,,,,,,17.213488,,93.419548,,,,,,,,,,,,,,,,,,,,,,,,,,,,,,,,,,178.054169,,,,,,0.31464,,0.999834,,,,,,,,,,,,,1.001073,,,,,,,,,,,,,,,0.323128,,298.273285,2.385982,,,,,,
2025-10-12,0.701505,,0.203253,,,,,,,,,3.489015,,22.58333,,541.637024,,,,1303.11731,,,115169.765625,,,,,,,,,,,,,,,,,0.207795,3.24699,,,,,,,,,16.741156,4164.427734,,,,,,,,,,,,1.661471,,,,,,,,,,,0.18567,,,,,,,,,,,,,,,,,,,,19.047707,,98.760643,,,,,,,,,,,,,,,,,,,,,,,,,,,,,,,,,,197.508545,,,,,,0.323157,,1.000288,,,,,,,,,,,,,1.001257,,,,,,,,,,,,,,,0.342208,,304.736755,2.534958,,,,,,
2025-10-13,0.729258,96.66317,0.213313,41.988033,176.037827,10.605947,120.446861,17.635416,69.683716,137.925049,6.069513,3.64516,0.64984,23.83885,,546.717224,88.28553,12.336952,19.557146,1293.473267,71.705467,47.460514,115271.078125,151.994354,16.266703,66.971413,63.32,5822.0,91.393616,56.810799,99.662895,59.490002,47.463722,63.59,38.020008,21.62228,26.613298,453.981506,166.78334,0.213991,3.377107,7.319007,99.269997,52.423409,89.902489,163.328217,90.471512,789.397522,,17.49794,4245.467773,32.18,0.93081,0.86996,176.414001,1.160241,40.95842,76.017235,40.612598,27.926279,138.479477,101.050003,1.730017,48.779232,9.741828,92.977959,12.44918,202.772003,1.333618,4133.0,78.797714,375.5,378.089996,0.194381,97.425003,5.1005,2.2497,15.062564,75.854225,65.809998,93.231384,59.64735,52.970001,27.01948,241.951797,90.74295,385.200012,20.090857,119.573204,25.862186,37.86586,8.727667,240.574997,19.864935,106.652206,99.57048,128.442841,52.62656,91.42617,62.123924,103.630394,3.118,39.954605,0.572679,55.661873,11.052669,37.157177,1509.400024,46.672882,12.817398,10.271978,9.960919,1669.599976,109.288849,287.722351,64.402832,33.182354,599.194641,1.8438,68.650581,38.608871,85.001228,183.979172,15.61,20.327385,80.169449,50.130001,52.642899,47.259998,208.367294,168.685074,655.963013,16.655102,107.098793,86.555092,0.322938,5.523,1.000085,1.39985,0.80232,7.1,7.7823,88.757301,152.056,1429.030029,18.52239,10.10368,3.67416,9.50861,1.2971,1.001014,41.813,17.411329,70.279999,80.205841,76.416695,33.720001,38.077869,85.457573,44.914875,135.074341,65.828171,164.429214,75.357269,68.117889,0.351526,39.515743,311.164886,2.6065,410.75,50.040001,266.5,1007.75,496.75,19.030001
2025-10-14,0.699692,96.816864,0.205441,41.858696,179.218414,10.810803,125.562202,18.042601,70.815712,143.638702,6.235045,3.474963,0.65116,22.770382,,538.921082,88.28553,12.603026,19.547766,1211.051147,71.81115,47.508301,113118.664062,157.587463,16.5341,67.38221,62.389999,5899.0,92.52533,57.978138,100.295746,58.700001,47.531219,63.509998,38.633999,21.380421,26.651361,455.982056,167.094437,0.204532,3.25074,7.4248,99.050003,51.952625,90.308594,164.643753,90.433533,800.294373,,16.890102,4125.412109,31.08,0.93018,0.8675,176.311005,1.156685,40.850582,76.736267,40.680302,27.849718,141.172287,98.209999,1.676066,48.798382,9.722837,93.342346,12.752818,203.223999,1.333262,4163.399902,77.884346,380.174988,380.790009,0.190385,97.474998,4.9805,2.1976,15.173725,75.939064,63.91,93.471764,59.977268,52.779999,27.268156,245.406677,90.799141,399.649994,20.415365,125.073334,25.814594,38.062878,8.718255,241.824997,19.113392,107.005402,97.365692,127.698204,54.310394,91.502792,61.417305,103.572281,3.028,39.91679,0.571749,55.766136,11.379828,37.392883,1569.400024,47.30748,12.677817,10.710782,10.20072,1655.099976,111.935745,290.142242,65.011124,33.202057,595.20343,1.8286,68.967514,38.989811,85.747108,185.504776,15.88,20.531048,80.111572,50.313999,53.174355,46.799999,202.460342,168.044739,655.161682,16.815247,106.983818,86.832214,0.317001,5.4641,1.000055,1.4039,0.80429,7.1,7.77914,88.6651,152.434006,1426.069946,18.4583,10.08601,3.68262,9.50754,1.29927,1.000547,41.812302,17.320339,69.0,80.348763,76.464523,35.139999,38.929047,86.334404,45.353996,135.005463,66.32592,166.883087,76.550163,68.049553,0.337558,39.892456,312.428558,2.50566,413.0,49.919998,267.0,1006.5,500.25,20.809999
2025-10-15,0.668802,96.778458,0.196462,42.366802,182.600815,10.79218,125.621231,18.14213,71.891106,145.08873,6.247307,3.334879,0.64913,21.916134,,522.30304,88.295143,12.603026,19.575916,1162.691772,71.763115,47.565647,110783.164062,157.520203,16.498446,68.528656,61.91,5809.0,93.257629,57.783585,97.932457,58.27,47.463722,63.759998,38.832359,21.457815,26.832146,455.982056,170.321991,0.196327,3.138686,7.463271,98.790001,52.805916,90.74369,168.890182,90.74688,805.013367,,16.289076,3987.459473,30.15,0.92986,0.87094,176.042007,1.160227,40.713337,77.934677,40.641613,28.060263,142.461411,97.029999,1.604197,48.798382,9.732332,94.186211,12.702211,202.115997,1.332161,4201.600098,80.882568,379.725006,387.390015,0.179031,83.599998,4.972,2.1748,15.349734,76.184212,63.169998,93.365997,60.39452,53.759998,27.182076,247.812241,91.136177,394.899994,20.720783,123.56427,25.852669,38.03474,8.746498,242.175003,18.063412,107.005402,95.401215,127.461632,54.077816,91.493225,62.074856,103.717545,3.016,40.304424,0.5715,56.353737,11.379828,37.788876,1569.099976,47.376888,12.716322,10.840427,10.209943,1668.699951,119.023232,289.037903,65.14418,33.310432,599.403748,1.8344,69.562988,40.161221,86.445183,185.878799,15.69,20.851089,80.072968,51.073002,54.227779,48.330002,194.021866,170.462708,658.070312,16.62841,106.955086,86.641083,0.319514,5.4815,0.999906,1.4045,0.80153,7.1384,7.7737,88.782501,151.731003,1429.430054,18.50437,10.1564,3.67171,9.54145,1.29838,1.000587,41.819199,17.38546,68.989998,80.396408,76.474091,35.52,39.486713,87.587029,45.459007,135.762863,67.233543,169.839554,76.051498,68.235031,0.324705,40.472008,317.233307,2.412666,416.75,50.799999,275.899994,1006.5,498.75,20.639999
2025-10-16,0.644944,97.124275,0.184924,41.988033,183.984512,10.717686,118.872902,17.671612,70.966644,135.629974,6.057252,3.251837,0.6508,20.959126,,504.813629,88.304787,12.328083,19.538382,1145.825317,72.032104,47.670776,108186.039062,151.811768,15.88343,67.248459,61.060001,5991.0,93.257629,55.439163,97.408394,57.459999,47.579445,63.73,39.540806,21.419117,27.003412,452.877899,169.116531,0.188367,3.015078,7.357477,98.389999,53.149193,91.217468,170.360474,90.879807,795.741821,,15.800984,3894.754395,29.24,0.92763,0.86879,175.819,1.164632,40.772156,78.183945,40.612598,27.983702,145.144684,94.370003,1.490595,48.788807,9.846272,94.004005,12.44918,202.360001,1.340447,4304.600098,83.831161,379.674988,396.450012,0.170494,82.599998,4.958,2.1535,14.99772,75.910797,61.43,93.798683,60.025787,54.07,27.21077,242.59523,90.855309,393.799988,20.625343,116.674217,25.914539,37.950294,8.63352,243.949997,17.405205,107.310852,91.788643,126.911224,53.221943,91.838013,62.222069,104.027435,2.938,39.973515,0.571612,56.192623,11.088037,38.052876,1655.0,46.861279,12.697069,10.760646,10.034705,1734.900024,117.481636,294.540222,63.842064,33.261169,597.184204,1.8117,68.881096,41.065964,84.389236,184.116974,15.8,20.773502,80.1791,53.022999,51.086475,49.169998,184.68895,168.914459,653.588684,16.308123,107.20417,87.290939,0.31558,5.4493,1.000002,1.4046,0.79655,7.1262,7.775,87.809502,150.973999,1420.089966,18.455099,10.09579,3.65079,9.46984,1.29546,1.000165,41.8512,17.3451,67.809998,80.596481,76.5793,38.950001,38.645321,87.278694,45.564014,135.398926,67.877686,169.583313,76.188385,68.20575,0.311921,40.346436,301.267426,2.329068,421.75,50.869999,276.899994,1010.75,502.5,25.309999
2025-10-17,0.624843,96.989799,0.177241,42.15432,183.811539,10.754933,119.404106,17.653515,70.740242,136.234924,6.11856,3.153008,0.64824,19.956615,,469.947479,88.324089,12.390167,19.56653,1071.963013,71.936028,47.594315,106467.789062,150.216476,15.874519,67.888557,61.290001,5895.0,92.706032,55.585083,98.565308,57.540001,47.627647,64.279999,39.814739,21.399771,26.851171,455.219116,167.920761,0.184842,2.891856,7.434418,98.43,53.139385,91.381844,173.978165,90.908287,796.877502,,15.359663,3832.558838,28.940001,0.92635,0.87012,175.630005,1.16996,40.566288,78.615372,40.689976,28.433508,144.705399,92.860001,1.465338,48.817554,9.694353,94.87664,12.516655,201.837997,1.344556,4213.299805,78.162331,371.950012,388.98999,0.16261,82.375,4.9315,2.18,15.081092,76.108788,60.470001,93.644829,60.200451,54.450001,27.277721,240.961838,91.042557,397.450012,20.844864,116.753639,25.866945,37.809563,8.520539,240.25,16.611237,107.100845,90.115898,128.137573,54.08712,91.828415,62.133739,104.027435,3.008,40.427326,0.572702,56.808662,11.14109,38.71286,1499.199951,46.772038,12.697069,10.750671,9.970143,1602.300049,120.303062,295.385254,63.708996,33.241467,601.105713,1.8377,69.380493,41.675476,84.656982,185.052032,15.5,20.928673,80.169449,49.863998,49.909676,46.990002,182.03479,170.204666,657.298584,16.503855,106.993393,87.15715,0.309089,5.440815,0.999871,1.4046,0.79183,7.123,7.77079,87.9907,150.119995,1415.719971,18.4303,10.0583,3.62869,9.41563,1.29281,1.000337,41.896301,17.335461,67.980003,80.482155,76.521912,35.73,38.37138,87.847183,45.592651,135.821884,68.921944,172.549652,76.511055,68.47908,0.308632,40.607235,291.226654,2.294239,422.5,51.130001,281.0,1019.5,503.75,20.780001
2025-10-18,0.634461,,0.179873,,,,,,,,,3.184334,,20.206861,,468.370087,,,,1093.152466,,,107198.265625,,,,,,,,,,,,,,,,,0.189599,2.932491,,,,,,,,,15.467012,3890.346191,,,,,,,,,,,,1.49459,,,,,,,,,,,0.165941,,,,,,,,,,,,,,,,,,,,16.82073,,91.702469,,,,,,,,,,,,,,,,,,,,,,,,,,,,,,,,,,187.660294,,,,,,0.313135,,0.999952,,,,,,,,,,,,,1.000311,,,,,,,,,,,,,,,0.314572,,307.740143,2.36051,,,,,,
2025-10-19,0.652551,,0.183566,,,,,,,,,3.228789,,20.594934,,472.873474,,,,1109.680054,,,108666.710938,,,,,,,,,,,,,,,,,0.195323,3.007835,,,,,,,,,15.757182,3984.649658,,,,,,,,,,,,1.532101,,,,,,,,,,,0.170417,,,,,,,,,,,,,,,,,,,,17.27529,,93.283867,,,,,,,,,,,,,,,,,,,,,,,,,,,,,,,,,,187.798203,,,,,,0.32045,,0.999968,,,,,,,,,,,,,1.000401,,,,,,,,,,,,,,,0.317793,,315.562897,2.390632,,,,,,
2025-10-20,0.663251,97.153099,0.186888,42.819481,185.53157,10.866673,123.152092,17.734951,72.38163,140.786667,6.222784,3.27574,0.65017,20.356581,,479.080444,88.343353,12.46112,19.613728,1101.061646,72.032104,47.632549,110588.929688,154.185471,15.936913,67.515968,61.009998,5899.0,94.027962,56.703785,97.932457,57.52,47.531219,64.160004,39.928093,21.612606,27.307892,460.384613,168.105469,0.200114,3.087536,7.501742,98.589996,53.86517,92.136024,176.744629,91.307114,807.852661,,16.003052,3980.760254,30.139999,0.92501,0.86825,175.904007,1.165746,41.056458,80.091805,40.777023,28.921597,144.63858,96.690002,1.581836,48.875042,9.789303,95.461578,12.50822,202.582001,1.342588,4359.399902,79.780579,372.950012,403.149994,0.175773,82.074997,4.998,2.1921,15.275625,76.259636,62.93,93.769836,60.287781,54.740002,27.354235,245.664062,91.239166,406.049988,20.99757,119.245583,25.77652,38.03474,8.548785,241.850006,18.657476,107.425407,94.114098,128.32103,53.910366,91.905045,62.928692,104.114609,3.397,40.380058,0.573181,57.472095,11.229511,38.70343,1514.800049,47.515709,12.822211,10.780592,10.034705,1634.900024,123.308693,299.408691,64.231735,33.399105,608.680054,1.8302,69.351685,42.151661,84.408356,186.902451,15.72,21.122637,80.1791,51.118999,49.074524,47.720001,189.750671,170.567825,664.134888,16.619518,107.089211,87.491631,0.322728,5.4061,1.000044,1.40159,0.79359,7.1264,7.7671,88.002296,150.899994,1419.73999,18.3647,10.05662,3.640125,9.42468,1.29544,1.000375,41.930401,17.365601,67.830002,80.606026,76.588852,33.009998,37.451717,88.733643,45.917225,137.169479,69.780792,175.131653,77.146614,68.928116,0.325152,41.032238,310.046906,2.493419,423.25,51.310001,285.0,1031.75,504.75,18.23
2025-10-21,0.642914,97.249184,0.181255,42.727097,184.849319,10.773555,123.92923,18.015451,72.438232,144.147629,6.235045,3.189532,0.651631,19.557653,,481.761139,88.343353,12.629632,19.604288,1057.44043,72.118561,47.670776,108476.890625,155.136871,16.12409,68.75795,61.32,5916.0,93.818733,56.509232,100.898918,57.82,47.646935,64.419998,39.795849,21.390095,27.050987,462.553406,166.851395,0.194389,3.006513,7.511359,98.93,53.266888,91.459198,174.374756,91.421036,804.778442,,15.719933,3876.76416,30.280001,0.92269,0.86861,175.556,1.164443,40.87019,79.161842,40.58358,28.653627,143.760071,97.550003,1.562244,48.894199,9.703849,96.142433,12.744383,202.104004,1.340518,4109.100098,72.26516,372.924988,377.23999,0.170545,83.275002,4.93,2.2058,15.423842,76.146507,63.490002,93.942924,59.60854,54.48,27.440315,244.505829,91.164284,413.549988,21.198002,122.789894,25.62422,38.410015,8.398146,243.675003,17.628418,107.444496,92.690552,128.813507,53.919674,92.058273,62.261326,104.182388,3.474,39.860062,0.574449,56.893967,11.459408,38.01516,1412.599976,47.773518,12.697069,10.680863,10.154605,1504.0,122.154907,296.019012,64.535889,33.339989,608.520874,1.8253,69.303673,41.342152,85.307228,187.758743,15.24,21.015959,80.198387,47.450001,49.919163,43.790001,185.666275,170.806763,664.124939,16.592825,107.319138,87.921677,0.321843,5.3687,0.999849,1.4033,0.7924,7.1195,7.76784,87.879997,150.774002,1419.73999,18.39937,10.04551,3.635263,9.41565,1.29364,1.000462,41.928902,17.217859,68.269997,80.653656,76.588852,32.84,38.302895,88.483124,45.621292,136.815384,68.551086,172.579208,79.327049,68.830505,0.31502,40.90667,305.045624,2.424271,419.75,50.650002,286.899994,1030.75,500.25,17.870001
2025-10-22,0.623972,97.239571,0.178495,43.059673,183.715469,10.931854,124.470284,18.060694,73.362694,144.138046,6.333139,3.115382,0.64919,19.018154,,473.427277,88.36264,12.576418,19.632599,1072.047974,72.118561,47.699444,107688.585938,155.415573,16.373663,69.933052,62.59,6298.0,92.915253,56.489773,101.630646,58.5,47.56979,63.740002,39.994213,21.728697,26.974869,459.162231,167.60968,0.190002,2.921977,7.5883,98.900002,53.217846,91.32383,174.761673,91.23114,811.680725,,15.443349,3808.122314,28.76,0.92413,0.8679,176.195007,1.160039,40.625107,78.787941,41.018822,28.739759,145.230606,93.959999,1.521013,48.865459,9.684858,96.852028,12.71908,202.992996,1.336523,4065.399902,72.424004,365.075012,377.279999,0.166055,82.400002,4.961,2.2496,15.562796,76.071075,61.209999,93.962166,59.928749,55.290001,27.631603,240.892532,91.070648,420.850006,21.388887,122.412628,25.56711,38.391251,8.511123,239.050003,17.207212,107.5495,91.920959,129.740494,53.57547,91.991241,61.85894,104.201759,3.45,39.945152,0.574261,57.121422,11.459408,38.326298,1439.699951,46.781956,12.889596,10.900264,10.403626,1536.0,122.116127,298.525299,64.678467,33.261169,602.658386,1.865,69.726242,40.932636,85.41243,186.85321,15.1,21.103239,80.198387,47.460999,50.374706,43.880001,180.148132,172.010986,660.672241,16.62841,107.49157,87.979019,0.322291,5.3867,0.99997,1.40199,0.7967,7.1218,7.7712,88.001602,151.893005,1430.73999,18.434099,10.05935,3.652491,9.42735,1.29839,1.000188,41.968201,17.387791,70.629997,80.672714,76.607994,33.23,38.811642,88.858917,45.812218,136.225189,68.7658,173.387314,78.603493,69.113594,0.307844,41.090195,311.854095,2.363862,423.0,50.07,290.0,1034.75,503.75,18.6
2025-10-23,0.642845,97.06665,0.181488,43.355301,182.86026,10.857362,121.046936,18.042601,72.551445,142.534378,6.284092,3.183097,0.649,19.136431,,480.93515,88.372284,12.647371,19.642036,1127.572998,71.974464,47.642105,110069.726562,148.938293,16.391487,70.4394,65.989998,6339.0,93.457344,55.983925,96.834877,61.790001,47.511944,64.07,39.578594,22.096325,27.003412,460.650879,170.506683,0.194844,3.003082,7.511359,98.940002,53.688629,91.749268,173.591232,91.164673,814.500366,,15.678228,3856.026367,29.190001,0.92406,0.86939,176.391006,1.160847,40.732944,78.826286,41.202587,29.160854,144.008331,96.139999,1.556332,48.894199,9.770313,96.641068,12.693776,202.878006,1.335185,4145.600098,73.25795,363.350006,378.790009,0.16501,81.775002,5.082,2.403,15.405314,76.240791,62.560001,93.654472,59.967567,54.759998,27.65073,243.941574,91.239166,410.149994,21.207546,120.089462,25.55759,38.053501,8.482881,239.725006,17.416077,107.415855,94.043701,129.80809,53.603367,91.799683,62.918877,104.133972,3.344,39.964062,0.573691,57.074036,11.494776,38.36401,1470.900024,47.525623,13.072495,10.730727,10.292951,1587.599976,121.941605,294.108093,64.412331,33.339989,607.724609,1.9269,69.611008,40.732639,83.547729,187.73909,15.29,21.074144,80.140488,48.481998,49.112488,44.18,191.388275,170.797211,664.589905,16.512751,107.280815,87.376961,0.313899,5.3994,1.000122,1.39888,0.79609,7.1257,7.7704,87.740303,151.953995,1430.400024,18.439501,10.02234,3.64302,9.40885,1.29782,1.00052,41.976398,17.415791,73.290001,80.606026,76.541031,32.599998,38.469215,88.801102,46.146336,137.1203,68.277824,173.505585,74.311058,70.206909,0.311523,41.051559,323.606018,2.39515,428.0,50.869999,292.299988,1044.75,513.0,17.299999
2025-10-24,0.655891,97.162712,0.185717,43.179775,184.032562,10.866673,122.965187,18.169275,73.023109,143.408234,6.302485,3.185267,0.65148,19.494314,,502.61792,88.401192,12.709455,19.679796,1109.148682,72.070511,47.575203,111033.921875,148.573135,16.36475,70.869316,65.940002,6319.0,93.666573,56.888618,96.152596,61.5,47.531219,64.199997,39.729729,22.106001,27.11759,465.500854,174.288391,0.197698,3.078372,7.501742,98.949997,54.041714,91.894302,171.405151,91.43055,821.901978,,15.990455,3934.567383,29.709999,0.92365,0.87167,177.291,1.161805,40.772156,79.094734,41.376682,29.170425,143.483139,96.480003,1.569322,48.90379,9.713344,97.139717,12.828729,203.371994,1.332747,4137.799805,72.275085,354.299988,377.519989,0.170758,81.900002,5.0935,2.4031,15.275625,76.448227,62.830002,93.740982,60.045197,54.509998,27.612474,246.92128,91.510689,403.0,21.322081,120.367455,25.652777,38.363106,8.669326,233.75,17.878086,107.597206,96.413452,129.383209,53.445229,91.981667,63.311447,104.201759,3.304,39.850613,0.57552,56.856052,11.521301,38.175442,1463.599976,47.922253,13.091747,10.970074,10.191497,1593.900024,122.581512,290.228638,65.115669,33.468067,614.21405,1.9227,69.764664,40.189793,83.337364,188.250885,14.97,21.122637,80.188751,48.376999,49.216877,43.990002,193.560226,170.204666,670.021301,16.583927,107.271225,87.415192,0.303938,5.3829,1.000105,1.39866,0.79508,7.1257,7.7718,87.778999,152.602005,1435.839966,18.3936,9.96677,3.64017,9.37642,1.2986,1.000304,42.031101,17.322001,73.18,80.758476,76.636673,32.220001,38.52792,89.061256,46.060417,137.985931,68.697487,175.358292,73.09861,70.743813,0.319341,41.196449,327.125336,2.507474,423.25,50.27,294.100006,1041.75,512.5,16.370001
2025-10-25,0.654663,,0.185277,,,,,,,,,3.151079,,19.725443,,508.512573,,,,1116.741211,,,111641.726562,,,,,,,,,,,,,,,,,0.196591,3.092259,,,,,,,,,15.988531,3953.470947,,,,,,,,,,,,1.561289,,,,,,,,,,,0.172611,,,,,,,,,,,,,,,,,,,,18.016981,,96.98793,,,,,,,,,,,,,,,,,,,,,,,,,,,,,,,,,,194.040375,,,,,,0.297132,,0.999892,,,,,,,,,,,,,1.000123,,,,,,,,,,,,,,,0.324828,,333.853821,2.596447,,,,,,
2025-10-26,0.681063,,0.19077,,,,,,,,,3.256401,,20.835848,,558.702759,,,,1137.586914,,,114472.445312,,,,,,,,,,,,,,,,,0.20567,3.196015,,,,,,,,,16.641092,4157.989258,,,,,,,,,,,,1.651808,,,,,,,,,,,0.179876,,,,,,,,,,,,,,,,,,,,18.540293,,99.96093,,,,,,,,,,,,,,,,,,,,,,,,,,,,,,,,,,200.028625,,,,,,0.300447,,0.999761,,,,,,,,,,,,,1.000034,,,,,,,,,,,,,,,0.33067,,348.162018,2.645146,,,,,,
2025-10-27,0.667365,97.229965,0.185715,43.336826,182.312531,10.894608,124.312881,18.386438,73.457039,144.97348,6.284092,3.179068,0.653398,20.32638,,555.938721,88.401192,12.904576,19.717554,1139.745972,72.108955,47.661217,114119.328125,147.852386,16.36475,71.20369,65.620003,6182.0,92.820152,56.635696,96.192139,61.310001,47.608372,64.559998,39.370785,22.057627,27.184196,468.596283,173.180145,0.200382,3.140187,7.520977,98.779999,54.639996,92.532455,173.059235,92.133194,825.113281,,16.513569,4120.12207,31.75,0.92588,0.87303,178.028,1.163169,40.95842,80.082214,41.570126,29.447966,142.766968,100.269997,1.640389,48.90379,9.741828,96.842438,13.081759,203.906998,1.332239,4019.699951,69.40593,345.5,367.01001,0.184502,81.5,5.1405,2.4361,15.414577,76.636795,65.279999,93.740982,60.258667,54.720001,27.622038,247.782532,91.772842,390.100006,21.350714,121.380104,25.719408,38.700855,8.697719,228.824997,18.216867,107.778587,99.37915,128.436905,54.170856,92.067863,64.371376,104.211441,3.442,39.897884,0.57602,57.244637,11.671618,38.58086,1415.900024,48.070984,13.082121,11.069802,10.403626,1578.400024,123.211739,288.404144,65.514854,33.52718,625.152771,1.9204,70.283295,40.50407,83.672035,189.087524,14.46,21.200222,80.169449,46.562,50.033051,42.400002,198.741714,171.819839,677.926025,16.539444,107.242493,87.711433,0.298356,5.3883,0.999867,1.39934,0.79605,7.1211,7.76939,87.829002,153.061005,1436.969971,18.418739,9.98675,3.644842,9.38222,1.29805,0.999962,41.992161,17.199499,73.120003,80.815636,76.627121,31.16,38.32246,89.311783,46.117695,139.363007,69.829597,179.960556,73.118164,70.841431,0.322962,41.283379,340.693481,2.63463,428.75,50.77,298.200012,1067.25,526.0,15.79
2025-10-28,0.646273,97.287605,0.18455,43.373779,175.576599,10.727001,122.44381,18.612648,59.373127,144.935074,6.222784,3.101052,0.65586,19.493608,,557.836243,88.410835,12.940052,19.736425,1103.144775,72.147385,47.689884,112956.164062,145.776581,16.168657,70.783325,64.400002,6002.0,89.948059,56.139568,94.08596,60.150002,47.444439,65.050003,39.040173,21.854465,27.098562,470.370697,169.213745,0.193757,3.053065,7.4248,98.690002,54.62038,92.493782,171.289078,92.133194,799.031433,,15.911213,3982.262451,30.59,0.92578,0.8733,177.901993,1.165175,40.899601,80.465706,41.512093,29.591522,140.293777,99.089996,1.558812,48.90379,9.770313,93.975243,12.94681,203.695007,1.3341,3983.100098,70.507919,344.100006,364.380005,0.194581,80.824997,5.1405,2.3872,15.108881,76.561356,64.489998,93.827545,60.035488,54.540001,26.962095,246.456039,91.669868,387.899994,20.79714,119.741982,25.614702,39.376366,8.726112,227.5,17.840239,107.788132,96.724236,126.215988,54.422035,92.163643,63.910114,104.153343,3.345,39.321159,0.577551,56.116802,11.706986,37.713448,1402.699951,47.892506,12.937726,10.890291,10.20072,1577.0,121.893135,286.195557,64.878052,33.458214,629.960083,1.9252,68.708214,40.465977,82.687111,187.463486,14.37,20.773502,80.1791,47.125,50.479092,42.700001,194.442795,168.943115,679.726624,16.414886,107.328712,87.940781,0.295648,5.3733,0.99997,1.39914,0.79461,7.1102,7.76749,88.222099,152.692001,1430.969971,18.38933,9.98673,3.632601,9.37662,1.29611,1.000269,41.9594,17.21093,71.389999,80.806091,76.636673,32.040001,38.43008,87.558121,45.984047,139.461395,68.365662,177.092758,70.771507,70.587624,0.31858,40.365757,335.296448,2.605977,432.0,50.259998,306.5,1078.25,529.0,16.42
2025-10-29,0.640165,96.826477,0.183735,43.115105,172.078903,10.661817,122.847137,18.648844,55.430012,144.541367,6.19213,3.09571,0.65851,19.655668,,556.59375,88.439758,12.780408,19.72699,1107.16333,71.791931,47.556084,110055.304688,143.114548,16.730192,67.219803,64.919998,6044.0,87.798729,56.022839,93.126816,60.48,47.396221,66.010002,37.859425,21.970558,27.003412,469.601807,162.486404,0.19239,3.079661,7.549829,99.220001,54.934235,91.971664,168.338806,91.724899,781.016846,,15.977028,3903.353027,29.52,0.9241,0.87783,176.867004,1.165787,40.45845,79.794601,41.425045,29.840349,135.366501,96.410004,1.584785,48.913368,9.58991,91.549141,12.820293,201.470001,1.327933,4000.699951,70.557556,347.875,363.0,0.201163,80.775002,5.2335,2.4243,15.108881,76.325638,62.75,93.221756,59.569721,54.610001,26.273457,244.357346,91.398331,390.700012,20.42491,117.696808,25.538553,38.597656,8.622003,231.399994,18.110287,107.177216,98.558876,121.938286,53.696404,91.550667,64.273232,104.008072,3.376,38.867344,0.578359,55.311211,11.54783,37.270317,1429.5,48.150311,12.995484,10.770617,10.117712,1591.300049,119.711624,277.687683,64.602432,33.448364,632.796814,1.9737,66.604897,39.49456,82.85923,185.366974,14.42,20.298294,80.024719,47.721001,48.941662,43.23,194.410873,165.951691,680.053162,16.254742,106.763474,87.052025,0.296108,5.3574,0.99993,1.39389,0.79283,7.0988,7.76788,88.225502,151.731003,1425.969971,18.425261,9.97562,3.62797,9.37061,1.29326,1.000207,41.948521,17.146749,71.800003,80.415459,76.464523,32.650002,36.825565,85.303398,45.468555,139.27449,68.10215,174.392517,71.856834,68.732887,0.315985,39.26461,336.388397,2.552021,434.0,50.16,308.700012,1080.25,532.25,16.92
2025-10-30,0.601123,96.643951,0.173717,43.336826,172.434433,10.615259,121.440414,18.232615,53.175461,141.439651,6.124691,2.952604,0.65768,18.131924,,541.537781,88.439758,12.603026,19.717554,1078.61145,71.667038,47.584759,108305.546875,142.605209,16.489534,67.286674,65.0,6058.0,86.84771,55.03059,91.554588,60.57,47.348,65.120003,36.895939,21.980232,27.031958,468.261108,165.995895,0.18271,2.873091,7.559448,99.529999,54.365376,91.565552,169.905853,91.620461,815.70459,,15.395568,3804.375244,27.83,0.92829,0.8793,177.199997,1.160335,40.19376,79.775421,41.347668,29.715935,128.720413,92.739998,1.462828,48.922943,9.789303,90.973793,12.702211,201.503998,1.31954,4015.899902,72.374367,347.274994,370.130005,0.19649,80.824997,5.078,2.46,14.89582,76.184212,60.400002,93.087143,59.404766,54.27,27.17251,242.387375,91.183014,392.0,20.03359,117.259979,25.471922,38.860355,8.489506,235.274994,16.804743,106.604485,93.38382,124.381302,52.421902,91.464478,63.183857,103.96933,3.956,38.612072,0.576429,54.88472,11.326775,37.590881,1461.5,47.624779,13.03399,10.650944,9.896357,1608.300049,120.448494,269.698303,63.908592,33.369545,623.122253,2.0034,66.643318,39.332661,82.151611,184.569733,14.28,20.385574,80.034378,48.428001,48.789818,44.34,184.62442,165.674545,672.573853,16.121286,106.533539,86.545517,0.29259,5.3578,1.000101,1.39413,0.7998,7.099,7.7711,88.345596,152.722,1424.01001,18.4657,10.0128,3.6522,9.4049,1.29723,0.999896,41.897629,17.162701,71.709999,80.18679,76.416695,32.91,36.610325,85.708099,45.268082,138.044937,72.572021,178.255646,71.475502,68.0886,0.298615,39.486774,323.075989,2.439715,430.25,49.650002,315.600006,1091.25,524.25,16.91
2025-10-31,0.609165,96.586319,0.177356,43.087387,171.982803,10.493351,122.286423,18.413582,54.92062,142.803268,6.002075,2.961235,0.65593,18.192686,,536.194092,88.459045,12.709455,19.72699,1088.955444,71.64782,47.642105,109556.164062,140.923447,16.471706,68.012756,65.07,6151.0,85.801582,51.869034,91.920456,60.98,47.309429,65.540001,35.582947,22.135023,26.993898,468.911743,165.665359,0.186433,2.882334,7.520977,99.800003,54.237873,91.362503,168.822449,91.791374,828.285461,,15.8541,3847.080322,29.360001,0.92756,0.87935,178.098999,1.157247,39.92907,80.005516,41.27029,29.83078,127.517227,95.690002,1.516957,48.932526,9.523444,92.239578,12.727514,202.509003,1.315911,3996.5,71.540421,338.875,368.119995,0.201136,81.275002,5.0655,2.4312,14.840239,76.184212,62.299999,93.125603,59.191284,53.970001,26.923836,243.753479,91.183014,392.049988,19.718628,117.478394,25.424328,39.639057,8.574682,236.600006,17.240046,106.174927,95.494255,123.821251,52.952168,91.512375,62.388908,104.085548,4.124,38.82317,0.574531,55.208466,11.51246,39.627407,1444.699951,47.85284,13.072495,10.431544,9.490542,1569.800049,120.312744,267.489716,63.528412,33.359695,626.128113,1.9931,66.220726,39.351707,83.107857,184.973267,14.43,20.453463,80.063324,47.993999,48.978668,44.009998,187.209473,167.977814,674.780029,16.174669,106.705994,86.287483,0.296244,5.382,0.999735,1.39811,0.80159,7.1098,7.76914,88.634499,153.899994,1424.02002,18.5254,10.05001,3.664421,9.43594,1.2992,0.999577,42.026798,17.27589,72.559998,80.081985,76.416695,33.029999,37.119076,85.92971,45.00079,138.290848,72.015724,178.413315,71.798164,67.737175,0.304942,39.506092,334.768646,2.508733,431.5,48.68,321.600006,1099.75,534.0,17.440001
2025-11-01,0.612202,,0.17897,,,,,,,,,3.029466,,18.695375,,554.501648,,,,1094.642334,,,110064.015625,,,,,,,,,,,,,,,,,0.187281,2.96677,,,,,,,,,16.325285,3874.187988,,,,,,,,,,,,1.670079,,,,,,,,,,,0.196275,,,,,,,,,,,,,,,,,,,,17.121698,,101.401855,,,,,,,,,,,,,,,,,,,,,,,,,,,,,,,,,,186.380051,,,,,,0.297415,,1.000014,,,,,,,,,,,,,0.999664,,,,,,,,,,,,,,,0.305096,,348.211639,2.505174,,,,,,
2025-11-02,0.610804,,0.17869,,,,,,,,,3.071705,,18.859472,,537.279907,,,,1084.359863,,,110639.625,,,,,,,,,,,,,,,,,0.186573,2.987847,,,,,,,,,16.383249,3911.063232,,,,,,,,,,,,1.667186,,,,,,,,,,,0.194875,,,,,,,,,,,,,,,,,,,,17.598976,,99.51091,,,,,,,,,,,,,,,,,,,,,,,,,,,,,,,,,,187.825974,,,,,,0.298438,,0.999829,,,,,,,,,,,,,1.000066,,,,,,,,,,,,,,,0.305104,,347.225616,2.529095,,,,,,
2025-11-03,0.552314,96.467751,0.159947,43.068909,169.734299,10.699656,121.932281,18.467873,52.533993,149.323563,5.953028,2.505615,0.65457,16.651478,,505.530457,88.471603,12.744931,19.72699,992.5354,71.564926,47.602833,106547.523438,140.021759,16.5341,67.458649,64.889999,6559.0,85.135864,50.400127,91.337059,61.049999,47.316196,65.68,34.950069,22.299488,27.041473,466.742981,167.172211,0.167243,2.583307,7.674859,99.870003,54.581154,91.401184,170.176682,91.522423,815.391357,,14.999344,3602.308105,27.09,0.92782,0.87762,177.744995,1.152804,40.10553,80.187675,41.134884,30.165743,125.282761,92.889999,1.441904,48.898857,9.608898,91.750519,12.744383,202.518997,1.313474,4014.0,70.785904,342.575012,368.779999,0.175351,80.599998,5.047,2.4053,14.942136,75.947281,60.529999,93.081245,59.453281,54.240002,27.124689,242.97142,90.922226,406.649994,19.441845,116.783424,25.176846,39.648441,8.669326,232.199997,15.242859,105.889435,87.397202,123.203247,53.175442,91.418159,62.369278,103.944778,4.266,39.235775,0.572279,55.417953,11.538987,40.221436,1446.900024,47.71402,13.207263,10.511326,9.425982,1574.0,120.438789,266.587097,63.566422,33.379398,629.124023,1.9161,66.182312,39.370758,84.867363,184.520523,14.65,20.414671,80.066238,47.888,48.082077,43.759998,166.090698,168.847534,676.046326,16.13018,106.630066,86.071686,0.28121,5.3746,0.999901,1.40154,0.8049,7.1169,7.77077,88.775398,154.195007,1427.170044,18.554079,10.11528,3.689751,9.49378,1.30181,0.999853,42.039619,17.28928,72.739998,79.961441,76.39463,32.669998,36.903835,85.804451,44.819412,138.458084,72.347542,179.674774,72.599945,67.024567,0.278231,39.438473,345.41626,2.309378,434.25,49.84,320.799988,1119.75,543.5,17.17
2025-11-04,0.521496,96.515961,0.154363,43.004246,173.299271,10.474597,128.385483,18.341196,50.930336,146.932465,6.057252,2.50935,0.654108,16.024549,,481.152985,88.481285,12.638502,19.736425,937.89325,71.603485,47.564518,101590.523438,138.499588,16.551926,66.617928,64.440002,6600.0,85.896683,49.767815,90.476784,60.560001,47.335545,65.199997,35.337353,22.144697,26.679907,464.209534,163.584946,0.162695,2.51361,7.713329,100.220001,53.580742,90.463287,169.335129,91.417526,812.522705,,14.316309,3292.574463,24.280001,0.93089,0.87692,177.619995,1.151914,39.546738,79.41111,40.796364,29.840349,125.492851,87.809998,1.367958,48.908478,9.390515,92.114922,12.584129,202.541,1.313525,3960.5,67.787674,334.975006,362.320007,0.168864,79.925003,4.926,2.4446,14.868028,75.956779,57.18,93.196999,59.162178,54.02,27.373365,238.774063,90.903397,405.25,19.508656,117.438683,25.067379,39.976814,8.622003,227.774994,14.724412,106.03315,85.483665,124.651672,53.184746,91.552742,61.564514,104.10981,4.343,38.209064,0.570701,53.456413,11.415196,41.179546,1412.900024,47.228157,13.091747,10.252032,9.195405,1542.300049,120.225479,265.050659,62.634979,33.162647,616.354065,1.9228,66.38401,39.380276,86.282616,183.300018,14.22,20.443766,80.095245,47.130001,47.919933,42.740002,155.403183,174.505417,668.032776,16.34371,106.678123,86.263512,0.285478,5.3549,0.999636,1.40554,0.80813,7.1718,7.7719,88.723396,154.203995,1428.969971,18.491671,10.12488,3.69257,9.48473,1.30494,0.999982,42.0695,17.294121,71.93,80.018837,76.423431,33.900002,35.084084,85.948982,44.67622,136.717026,73.118553,181.675293,71.602608,66.809807,0.270328,39.544724,338.519165,2.210616,431.5,49.529999,317.399994,1108.25,550.25,19.0
2025-11-05,0.546145,96.255737,0.161822,43.39225,172.415222,10.643392,131.572754,18.440729,51.383133,147.162918,6.087906,2.670983,0.64856,16.648001,,489.806824,88.490959,12.629632,19.736425,959.95105,71.401085,47.526207,103891.835938,139.92482,16.418228,66.273994,63.52,6396.0,85.430687,50.633591,95.885612,59.599998,47.248493,65.230003,35.639626,22.076977,26.822628,466.388092,161.883682,0.16738,2.672054,7.867212,100.199997,54.061329,91.043434,169.161026,91.217278,804.895935,,14.641719,3425.171143,26.08,0.9306,0.882,176.358002,1.148554,39.92907,79.382347,41.212257,30.720821,127.011139,90.519997,1.399388,48.937336,9.409504,92.249168,12.474483,199.919998,1.30217,3992.899902,70.160439,325.725006,366.51001,0.175346,80.599998,4.963,2.4325,15.016245,76.032585,58.919998,92.753273,59.540615,54.299999,27.14382,242.219055,90.988121,413.600006,19.499109,118.034363,25.060715,39.864231,8.74504,220.524994,15.150304,105.717003,89.555122,124.081963,53.221943,91.254776,62.182812,103.876793,4.232,38.218658,0.56424,53.437374,11.300248,41.217869,1442.400024,47.49588,13.072495,10.262006,9.306082,1553.5,120.050972,267.835449,62.958134,33.330139,620.365234,1.9093,66.672127,39.351707,88.23336,184.372879,14.11,20.482557,80.037186,47.862999,48.501759,43.650002,162.566071,173.368103,670.347839,16.432678,106.284042,85.323563,0.289064,5.3959,0.999825,1.41009,0.81033,7.1295,7.77389,88.732002,153.557007,1439.810059,18.675501,10.22475,3.707814,9.58087,1.30761,0.999891,42.071999,17.491039,71.029999,79.827522,76.337029,32.599998,34.780788,86.026062,44.771683,137.464584,73.177124,183.646271,71.103951,67.268616,0.280418,39.535065,344.185364,2.345225,435.25,49.689999,324.799988,1119.75,554.75,18.01
2025-11-06,0.530982,96.612335,0.157298,43.456924,171.127594,10.549616,126.880402,18.096889,50.156803,145.251968,6.002075,2.647358,0.650991,16.10004,,472.376709,88.500633,12.425643,19.755306,949.180481,71.680595,47.545357,101301.289062,139.061905,16.186481,66.971413,63.380001,6185.0,83.509605,51.061623,99.247589,59.43,47.345215,64.540001,34.931179,22.106001,26.70845,462.612488,163.662735,0.161406,2.663944,7.896063,99.730003,53.659206,90.840378,168.783768,91.522423,802.164429,,14.540791,3312.257812,25.0,0.93087,0.88078,177.128006,1.149676,39.595753,79.535744,41.221931,30.663401,125.149086,87.949997,1.903443,48.94696,9.238595,91.942307,12.828729,201.089996,1.30526,3991.0,70.249794,322.049988,366.070007,0.162793,78.974998,4.9455,2.4961,16.0445,76.061028,57.259998,93.225922,59.327137,53.619999,26.598644,237.932617,91.035202,396.75,19.317766,118.451332,25.220631,40.051868,8.830219,218.774994,14.716655,106.272652,87.000023,122.672165,53.166138,91.61042,62.781479,104.10981,4.357,38.04594,0.5669,53.637337,10.698984,40.844208,1388.099976,47.257904,13.091747,10.391651,9.370643,1528.300049,120.225479,263.07254,62.387859,33.142944,608.809509,1.9656,65.99984,38.951721,87.573555,183.073654,14.19,20.395275,80.133987,47.793999,47.948547,43.549999,155.065918,172.737335,663.155457,16.254742,106.572388,86.090858,0.283707,5.3586,0.999755,1.41023,0.80973,7.126,7.7748,88.5569,154.072998,1439.73999,18.5907,10.2073,3.699141,9.5512,1.3061,0.999648,42.111198,17.399799,70.879997,80.152779,76.461823,34.009998,34.849274,85.61174,44.924423,136.235031,73.147835,185.035812,70.468391,67.77623,0.269384,39.341881,359.289825,2.210848,428.75,49.349998,312.700012,1091.75,535.5,19.5
2025-11-07,0.576011,96.573784,0.180589,43.604736,170.993073,10.943468,130.21521,18.277859,52.458527,147.767914,6.026597,3.040704,0.64839,17.701527,,511.135468,88.52964,12.585287,19.755306,990.552368,71.642044,47.526207,103372.40625,141.495468,16.4004,69.130539,63.630001,6013.0,85.154884,51.00325,97.428162,59.75,47.412922,63.619999,35.460155,22.154371,26.784569,463.184296,165.159836,0.178673,3.24202,8.617386,99.599998,53.502277,91.178802,171.888779,91.570107,807.470886,,17.813135,3435.301025,26.190001,0.93091,0.87882,176.636002,1.154921,39.683983,79.852119,41.46373,30.91223,127.173454,90.440002,3.361362,48.94696,9.210112,93.342346,12.845596,200.970001,1.314095,4009.800049,72.026894,326.399994,368.309998,0.176869,79.400002,4.938,2.4821,16.526207,76.127342,58.880001,93.264511,59.822014,53.75,26.789936,239.179947,91.091675,407.799988,19.604097,120.446877,25.27203,40.793049,8.887008,221.350006,15.769025,106.06189,101.785858,125.192413,54.852837,91.696915,62.428165,104.100113,4.315,39.043865,0.563901,54.15152,10.734352,41.716091,1397.300049,47.357056,13.120626,11.269258,9.850244,1539.300049,121.776787,266.999969,62.577946,33.182354,606.888489,1.9403,67.00827,39.846939,89.686867,184.609116,14.1,20.734711,80.172691,48.016998,49.808495,43.919998,161.708176,175.470703,663.808289,16.388193,106.591621,85.90863,0.292041,5.3495,1.000091,1.41118,0.8059,7.1186,7.7756,88.672997,152.947998,1447.900024,18.556299,10.19378,3.67867,9.56836,1.30413,0.999728,42.164742,17.353029,71.260002,80.11451,76.509819,33.689999,36.404869,86.941444,45.287174,136.559631,74.240898,187.489685,72.091499,68.049553,0.291552,39.86348,368.188477,2.314163,427.25,49.68,317.100006,1101.75,527.75,19.08
2025-11-08,0.568423,,0.177792,,,,,,,,,2.952987,,17.475784,,495.835968,,,,990.222717,,,102282.117188,,,,,,,,,,,,,,,,,0.176182,3.249525,,,,,,,,,16.405996,3400.375977,,,,,,,,,,,,2.956437,,,,,,,,,,,0.175494,,,,,,,,,,,,,,,,,,,,15.51536,,106.151787,,,,,,,,,,,,,,,,,,,,,,,,,,,,,,,,,,158.102509,,,,,,0.291356,,0.999845,,,,,,,,,,,,,0.999657,,,,,,,,,,,,,,,0.283368,,366.34082,2.284895,,,,,,
2025-11-09,0.578635,,0.177745,,,,,,,,,2.97021,,17.776567,,503.322815,,,,996.579834,,,104719.640625,,,,,,,,,,,,,,,,,0.17926,3.232867,,,,,,,,,16.156668,3582.621338,,,,,,,,,,,,2.774259,,,,,,,,,,,0.176602,,,,,,,,,,,,,,,,,,,,15.927966,,110.167244,,,,,,,,,,,,,,,,,,,,,,,,,,,,,,,,,,164.453842,,,,,,0.290832,,1.000134,,,,,,,,,,,,,1.000036,,,,,,,,,,,,,,,0.285718,,416.000458,2.367657,,,,,,
2025-11-10,0.59297,96.535225,0.188648,43.743305,172.693878,11.093508,128.788803,18.359293,51.185028,147.249359,5.977551,3.101082,0.65024,18.167652,,517.173157,88.549004,12.585287,19.783619,991.919678,71.622772,47.545357,105996.59375,139.905426,16.141916,68.414009,64.059998,6102.0,87.332741,51.41457,97.932457,60.130001,47.364555,64.309998,34.600571,22.396233,27.089046,467.088013,164.498779,0.181814,3.260984,8.973237,99.620003,54.443836,92.136024,171.027908,91.779907,810.779968,,16.468952,3568.459961,26.98,0.93162,0.87834,177.563004,1.154388,40.154545,80.226028,42.015034,31.314186,124.614342,92.43,2.546845,48.985432,9.24809,92.805351,12.963677,202.126007,1.314268,4122.0,75.432159,335.649994,378.380005,0.193766,82.775002,5.087,2.5104,16.841167,76.383224,60.189999,93.139107,60.113117,54.150002,26.818628,241.575607,91.402344,414.75,19.403666,119.245583,25.359602,39.695358,9.293971,228.550003,16.344212,106.119362,104.200584,125.095863,54.852837,91.591187,63.49791,104.148636,4.338,38.880749,0.562721,53.68494,10.681298,42.08017,1443.099976,47.723942,13.26502,11.488659,9.93325,1591.099976,121.098099,261.939423,63.062679,33.408955,620.31543,1.9711,67.315598,39.608849,90.690926,185.672119,14.2,20.676521,80.153328,50.176998,48.082077,45.790001,167.367004,174.83992,674.166565,15.916656,106.610832,85.889465,0.296313,5.3309,0.999856,1.40438,0.80709,7.1186,7.77651,88.657997,153.817001,1454.0,18.443741,10.16795,3.67082,9.54089,1.30262,0.99969,42.23032,17.30555,71.68,80.095375,76.461823,31.93,35.475426,86.893265,45.363544,138.467911,74.143318,189.023178,71.661278,68.127655,0.300479,39.834503,386.829803,2.526365,429.75,50.580002,320.0,1116.0,535.75,17.6
2025-11-11,0.556528,96.824364,0.177784,43.854168,177.565643,11.149773,130.716904,18.37739,51.741596,147.758301,6.087906,2.942642,0.653488,17.01408,,505.409302,88.539322,12.647371,19.793062,958.265747,71.825172,47.612408,102997.46875,140.564697,16.427141,69.187859,65.160004,5829.0,89.615196,52.785625,96.38002,61.040001,47.374226,63.880001,35.195663,22.541348,27.260315,472.598572,163.876602,0.172025,3.052353,8.905914,99.459999,54.502686,92.812859,173.562225,91.989716,803.838501,,15.626643,3415.282227,25.99,0.93046,0.87731,178.143997,1.155722,40.419235,80.293137,42.218147,32.051105,127.889648,89.589996,2.225913,49.004673,9.257586,94.991707,13.064891,203.035004,1.317297,4116.299805,76.156891,337.674988,379.869995,0.177737,82.349998,5.0485,2.5757,16.628105,76.468513,58.349998,93.428482,60.51096,54.740002,27.392494,241.783508,91.562393,422.700012,19.747261,120.486595,25.509996,39.629681,9.454865,227.199997,15.298301,106.540894,99.665848,127.046425,55.338753,91.93721,63.33107,104.410797,4.565,39.734737,0.564379,54.427658,10.672456,42.27179,1467.599976,47.515709,13.342031,11.289203,9.785681,1589.400024,122.416695,266.817505,63.176739,33.418804,618.663208,2.012,68.439293,40.208836,90.623993,186.744965,14.25,20.89958,80.221085,50.618,48.463608,46.450001,154.568329,176.808716,675.710022,16.076801,107.043365,86.282692,0.296733,5.2897,0.999804,1.40255,0.80516,7.1193,7.77311,88.7071,154.145996,1456.089966,18.378599,10.12855,3.6626,9.50926,1.30254,0.999705,42.2341,17.145611,72.720001,80.401474,76.596214,31.84,35.524345,87.866455,45.75494,138.84169,74.338501,190.259842,71.387505,68.810974,0.281607,40.278824,369.34079,2.391724,432.0,51.099998,316.899994,1113.25,536.0,17.280001
2025-11-12,0.545261,96.78582,0.171675,43.618244,176.181976,11.046621,131.405518,18.440729,50.732235,147.585464,6.063383,2.889254,0.65295,16.82053,,507.096893,88.549004,12.682848,19.783619,953.010498,71.796257,47.612408,101663.1875,139.963593,16.418228,68.452225,62.709999,5625.0,89.082619,53.931435,96.637123,58.490002,47.412922,63.299999,34.83672,22.289814,27.507704,475.901031,159.336624,0.170081,2.923365,8.752032,99.480003,54.512493,93.363991,172.072586,92.02787,796.201965,,15.288271,3413.094238,25.790001,0.9273,0.88092,178.526993,1.158749,40.86039,80.85878,42.082737,31.792702,126.648293,88.5,2.191368,48.995056,9.276576,93.639618,13.199841,202.638,1.315288,4213.600098,78.678581,339.024994,385.98999,0.173949,80.625,5.0895,2.4816,16.730005,76.316902,57.59,93.447769,60.637108,54.560001,27.65073,241.189529,91.345871,403.649994,19.651817,122.18428,25.433847,39.639057,9.360225,225.274994,15.141705,106.435516,97.541542,126.978828,55.264004,91.802643,63.380146,104.24575,4.533,39.216583,0.565729,54.208652,10.698984,41.840641,1499.900024,47.773518,13.178384,11.219394,9.887136,1622.300049,121.039917,264.21524,63.243275,33.379398,618.175476,1.9554,67.229172,39.732658,90.279747,187.187881,14.52,20.725012,80.192039,53.332001,47.528866,48.32,153.262039,175.671387,676.085999,15.934451,106.812675,86.436157,0.294553,5.2707,0.999972,1.40158,0.80033,7.1193,7.77147,88.466499,154.074997,1459.839966,18.31665,10.04648,3.647823,9.44693,1.30098,0.999948,42.2379,17.152031,69.790001,80.286697,76.557823,32.029999,34.604683,87.211243,45.888588,139.176132,75.050949,189.597,71.612389,68.996452,0.277519,39.960068,387.266571,2.386896,435.25,50.619999,321.0,1120.5,536.0,17.51
2025-11-13,0.531115,96.496689,0.168137,43.646553,174.048752,10.924713,126.614807,18.359293,49.27951,142.572784,6.069513,2.875117,0.65364,16.161346,,509.649536,88.55867,12.594156,19.774183,928.046631,71.584213,47.497475,99697.492188,135.280701,16.418228,67.640175,63.009998,5487.0,86.172485,52.305756,94.372726,58.689999,47.451611,62.900002,34.619461,22.173721,27.212742,467.994965,153.707825,0.164296,2.86138,8.627003,99.18,53.874981,92.36808,171.579254,91.579651,770.061279,,15.094326,3232.75708,23.940001,0.92475,0.88294,179.337997,1.159219,40.438843,79.583687,41.628159,31.563011,125.98938,85.43,2.07602,49.004673,9.286069,93.620438,13.1408,203.098007,1.312784,4194.5,76.494446,337.0,382.869995,0.165355,78.074997,5.0875,2.4647,16.276091,76.00415,55.59,93.177704,60.025787,54.200001,27.029045,234.408417,90.94104,401.700012,19.499109,119.880981,25.357698,39.076138,9.199331,219.0,14.584553,105.908607,96.792564,126.061485,55.03973,91.46624,63.262371,104.070984,4.646,39.379707,0.566229,53.884911,10.575193,41.62986,1470.400024,46.712547,13.130253,11.069802,9.647336,1603.900024,120.225479,263.379791,61.884121,33.083832,605.55481,1.9597,67.05629,39.256474,89.74424,185.071716,14.44,20.501953,80.143661,53.074001,46.145824,47.419998,145.108475,175.480255,664.867004,15.943345,106.572388,85.72641,0.293275,5.2913,0.999877,1.40093,0.79782,7.1193,7.77042,88.594002,154.712997,1468.02002,18.2878,10.07318,3.650746,9.44316,1.30176,0.999407,42.248402,17.087231,69.849998,80.066673,76.461823,34.16,33.96875,86.141693,45.411278,137.012115,75.382774,189.033066,70.771507,68.850021,0.269069,39.438473,387.014191,2.33114,441.5,50.25,328.399994,1132.0,535.75,20.0
2025-11-14,0.49842,96.381012,0.160819,44.307148,176.412582,11.009109,128.474045,18.286903,49.326675,140.585022,6.057252,2.802341,0.6529,15.11073,,479.813568,88.597351,12.532073,19.774183,915.309265,71.478195,47.372959,94397.789062,137.132538,16.489534,67.487305,64.389999,5287.0,87.190079,52.227409,93.987083,60.09,47.335545,62.490002,34.591125,22.222092,27.031958,465.09671,153.775879,0.157466,2.809766,8.627003,99.269997,53.904404,92.107025,170.882812,91.522423,769.111694,,14.69958,3103.785645,23.690001,0.92253,0.88422,179.832001,1.163196,40.056515,80.513649,41.367012,31.754419,126.915657,82.150002,1.982555,49.033539,9.210112,93.045074,13.149235,203.358994,1.315218,4094.199951,75.610863,338.674988,375.959991,0.152649,78.5,5.0495,2.5311,16.294617,76.023094,53.474998,93.023369,60.336296,54.619999,27.153383,235.091476,90.969292,399.799988,19.489565,119.056953,25.310104,38.325573,9.085758,219.149994,13.800078,105.621208,97.51413,126.43808,54.591183,91.37973,62.32021,103.857384,4.566,39.571617,0.56509,54.084866,10.52214,42.128078,1420.699951,46.593559,13.149505,11.059829,9.638112,1555.199951,119.091103,263.360626,61.836597,33.054272,606.012634,2.0116,66.835388,39.03743,90.490112,184.392548,14.96,20.560144,80.172691,50.59,45.754757,45.959999,138.676605,174.639221,664.758118,15.863274,106.447441,85.237251,0.292431,5.2965,0.999802,1.40355,0.79327,7.112,7.771,88.816101,154.632996,1468.709961,18.315001,10.02238,3.63612,9.40446,1.30118,0.999129,42.285198,17.03857,71.379997,79.932747,76.433022,33.59,33.714375,86.324768,45.420826,136.962936,76.124496,191.753754,70.478172,67.981224,0.259405,39.554386,391.533569,2.243982,430.25,50.150002,322.5,1112.75,527.25,19.83
2025-11-15,0.5034,,0.163469,,,,,,,,,2.852165,,15.524423,,502.394012,,,,932.201904,,,95549.148438,,,,,,,,,,,,,,,,,0.163137,2.831318,,,,,,,,,15.298536,3166.631348,,,,,,,,,,,,2.030345,,,,,,,,,,,0.154684,,,,,,,,,,,,,,,,,,,,14.120943,,101.767815,,,,,,,,,,,,,,,,,,,,,,,,,,,,,,,,,,139.535202,,,,,,0.294429,,0.999959,,,,,,,,,,,,,0.999531,,,,,,,,,,,,,,,0.259489,,419.646118,2.235246,,,,,,
2025-11-16,0.484845,,0.158983,,,,,,,,,2.767429,,15.158035,,483.673889,,,,927.257874,,,94177.078125,,,,,,,,,,,,,,,,,0.158661,2.787378,,,,,,,,,14.796114,3092.847412,,,,,,,,,,,,1.956989,,,,,,,,,,,0.146667,,,,,,,,,,,,,,,,,,,,13.741969,,95.8955,,,,,,,,,,,,,,,,,,,,,,,,,,,,,,,,,,137.265732,,,,,,0.292216,,0.999806,,,,,,,,,,,,,0.999262,,,,,,,,,,,,,,,0.254166,,406.108124,2.216609,,,,,,
2025-11-17,0.465532,96.400284,0.152342,43.957977,173.414566,10.840318,122.795456,17.807339,47.958851,136.417389,5.965289,2.701194,0.6533,14.500167,,490.417358,88.597351,12.292605,19.774183,906.482422,71.516739,47.411278,92093.875,134.204483,16.34692,66.025597,64.199997,5264.0,86.115417,50.317726,91.050301,59.91,47.364555,62.360001,34.033806,22.193069,26.974869,459.69458,153.309235,0.151892,2.661925,8.396179,99.589996,53.266888,90.908066,171.743713,91.541504,760.60376,,14.26924,3024.538818,22.709999,0.9225,0.8826,179.548996,1.161535,39.223225,79.065971,41.047836,31.371607,124.662086,80.019997,2.024791,49.023911,9.077182,92.057381,12.913072,203.419006,1.316015,4074.5,74.409576,339.850006,371.649994,0.145655,78.574997,5.0,2.547,15.961129,75.899902,52.099998,93.129471,60.016083,54.650002,26.818628,230.418945,90.809258,402.549988,19.193689,113.374306,25.262512,37.903385,8.930731,221.274994,13.306071,105.688248,91.240044,125.791122,53.376389,91.322044,61.613586,103.973892,4.361,39.379707,0.56763,54.275311,10.486772,42.329277,1413.900024,45.889549,13.130253,10.8504,9.352198,1545.699951,119.760101,259.529175,60.334881,32.916344,600.836975,1.9901,66.393608,38.38982,88.548927,181.971268,14.8,20.414671,80.16301,50.625,42.607151,45.470001,130.848267,172.976273,658.56488,15.685334,106.466667,85.448257,0.291405,5.2956,0.999898,1.40182,0.79428,7.0992,7.77151,88.681999,154.585007,1446.530029,18.306431,10.07926,3.63667,9.44756,1.29896,0.998895,42.312012,17.08218,71.300003,79.932747,76.452225,35.299999,32.374016,85.61174,45.07716,135.457962,77.100456,195.166977,68.444397,67.034325,0.246814,39.293587,406.521362,2.162098,434.75,51.139999,330.799988,1157.25,544.25,22.379999
2025-11-18,0.47498,96.45813,0.156848,44.156155,174.452347,10.840318,122.775703,17.662565,47.921116,137.022385,5.971421,2.758685,0.64927,14.572904,,523.063477,88.616707,12.274868,19.745869,932.482361,71.574577,47.411278,92948.875,132.37204,16.471706,66.044701,64.889999,5262.0,86.581429,50.601727,89.903267,60.740002,47.383907,62.57,34.279404,22.376883,26.955837,454.745911,155.175781,0.161704,2.753823,8.521208,99.550003,53.002075,89.728447,174.219986,91.512901,762.845703,,14.64743,3122.979004,23.59,0.92282,0.88097,179.964996,1.159057,38.752666,77.445724,40.806038,31.304613,124.461548,80.900002,1.987563,49.033539,9.020211,92.776581,12.913072,204.266006,1.315616,4066.5,75.084679,340.774994,374.350006,0.150483,77.900002,4.9625,2.7011,15.933339,75.918861,52.66,93.283791,59.744389,54.610001,26.340408,231.121826,90.762192,415.350006,19.30822,113.533409,25.348179,38.907265,8.921218,220.024994,13.794932,105.736183,95.654587,125.945602,53.292286,91.37011,61.260273,104.090385,4.371,39.494854,0.56548,54.599049,10.389509,43.2299,1419.400024,45.770561,13.245769,10.780592,9.398312,1545.199951,120.03157,260.710297,60.163795,32.87693,593.521301,1.9993,66.739357,38.866005,87.745674,182.079544,14.7,20.511652,80.211418,50.450001,42.492691,46.099998,140.714386,173.874634,653.034668,15.720922,106.543556,85.419472,0.29029,5.3295,0.999813,1.40505,0.79624,7.1075,7.7739,88.635902,155.272995,1461.689941,18.432699,10.10216,3.65232,9.47737,1.30291,0.999525,42.3186,17.171049,72.5,80.028412,76.490623,36.75,32.569691,85.958618,44.876686,134.444778,77.939781,196.176102,69.901283,66.390045,0.256075,39.438473,403.79892,2.216479,436.75,52.169998,327.0,1153.5,546.5,24.690001
2025-11-19,0.463239,96.45813,0.151962,44.17503,173.44339,10.699656,125.619919,17.671612,46.70422,139.403854,5.928504,2.725152,0.650902,14.265961,,486.014923,88.616707,12.319215,19.745869,895.61969,71.545654,47.36338,91465.992188,134.427475,16.355835,66.283539,63.509998,4943.0,86.590935,50.895523,86.837929,59.439999,47.412922,62.299999,33.873234,22.154371,27.11759,455.199341,154.864685,0.154325,2.688068,8.434651,100.230003,52.81572,89.457703,171.569595,91.665474,753.586975,,14.189285,3023.070801,22.24,0.92662,0.88076,180.132996,1.158118,38.733059,77.349854,40.36113,31.094069,123.583054,77.93,1.878205,49.033539,8.925261,92.220406,12.879333,204.501007,1.314752,4082.800049,75.839195,341.850006,374.959991,0.144769,78.849998,5.008,2.6357,15.748068,75.956779,50.73,93.216293,59.57943,54.830002,26.254328,231.082199,90.837509,404.5,19.098248,116.834602,25.191122,38.94479,8.588336,216.300003,13.521196,105.74575,92.871933,125.366226,52.684887,91.389336,60.75975,103.935051,4.55,38.9767,0.565921,53.999172,10.584036,42.846661,1402.099976,45.909374,13.111,10.591107,9.250742,1546.900024,118.674202,255.582504,60.382404,32.886787,597.064697,1.9321,66.355186,38.285057,87.267555,181.528336,14.66,20.35648,80.201729,50.790001,41.891788,46.450001,136.766953,172.154343,655.557434,15.64085,106.409004,85.246841,0.286605,5.3215,0.999961,1.39851,0.8002,7.1075,7.7841,88.556801,155.548004,1456.550049,18.340401,10.1065,3.65881,9.47097,1.301,0.999083,42.3269,17.1668,70.879997,79.99971,76.509819,35.82,33.293678,85.284134,44.618942,134.58252,78.076416,194.800903,69.167938,66.097198,0.2461,39.129379,365.40863,2.107618,429.75,51.099998,318.899994,1136.25,536.75,23.66
2025-11-20,0.432399,96.573784,0.144061,44.156155,172.117325,10.624637,125.185394,17.662565,46.091061,138.578033,5.977551,2.739822,0.649001,13.808122,,480.164062,88.63604,12.24826,19.736425,866.343872,71.651672,47.372959,86631.898438,134.204483,16.329094,65.59568,63.380001,5108.0,85.706482,49.730129,86.01722,59.139999,47.403248,61.68,33.655975,21.941536,27.127108,451.5914,153.202301,0.149092,2.539591,8.251916,100.160004,52.089939,88.220078,169.973541,91.446129,741.501282,,13.482761,2831.777588,21.41,0.92936,0.88342,181.160004,1.154068,38.125252,76.208969,39.983921,30.529413,123.000557,75.220001,1.817973,49.023911,8.972736,92.306709,12.862465,205.041,1.306182,4060.0,72.443863,340.649994,374.850006,0.136333,79.474998,4.9595,2.5333,15.572059,75.909401,48.959999,93.438141,59.191284,54.720001,26.732552,226.805664,90.818657,406.5,18.964624,113.7621,25.173988,37.92215,8.502738,214.725006,12.925078,105.889435,87.268936,126.370476,51.871906,91.495064,59.74889,104.003021,4.474,38.765598,0.561441,53.608768,10.637089,42.722103,1382.400024,45.126041,12.985858,10.481408,9.075504,1506.199951,119.372276,254.900726,59.612534,32.620777,582.931091,1.9184,66.662529,38.342197,86.426048,179.313751,14.66,20.288593,80.269463,50.247002,40.97612,45.779999,133.517151,172.097,645.565247,15.605263,106.457062,85.582535,0.280227,5.3286,1.000356,1.40425,0.80542,7.1075,7.78628,88.487198,156.992004,1466.130005,18.316799,10.17034,3.6612,9.53726,1.30598,0.999695,42.342899,17.178801,70.150002,80.095375,76.548225,38.200001,32.305531,84.927612,44.27528,132.526672,77.861694,195.473663,67.769722,65.326004,0.23679,38.994148,339.272827,1.998787,426.5,50.66,314.0,1122.5,527.0,26.42
2025-11-21,0.409147,96.805099,0.136749,44.354336,172.540115,11.018489,128.404892,17.952114,48.006012,141.574081,6.094037,2.515924,0.64495,13.302088,,533.105774,88.655396,12.45225,19.755306,830.078735,71.825172,47.468746,85090.6875,138.325043,16.801498,66.914085,62.560001,5084.0,85.601868,50.650696,89.754936,58.060001,47.461281,61.349998,34.260509,21.796419,27.089046,456.57193,152.803711,0.140182,2.34539,8.482738,100.18,52.080124,89.583412,173.910461,91.694084,743.343201,,13.530247,2765.699219,20.700001,0.92904,0.88147,181.524994,1.153456,38.625225,77.838806,40.680302,30.65383,125.531052,73.720001,1.659652,49.05278,9.105665,93.946472,13.174538,205.904007,1.308489,4079.5,73.118958,314.225006,374.269989,0.130728,77.800003,5.0085,2.4564,16.137138,76.165276,47.970001,93.746811,59.530907,54.209999,26.962095,233.230392,91.091675,400.0,19.432299,117.997978,25.1283,38.663326,8.721489,214.449997,12.119377,106.263077,82.602448,129.016281,51.918633,91.783424,59.788143,104.041855,4.58,39.29335,0.559181,53.961082,10.911195,43.153252,1383.599976,46.058117,12.918474,11.039884,9.675004,1513.800049,121.960999,258.799408,60.696056,32.739002,587.310486,1.8834,68.064743,39.085049,90.174561,182.837433,14.78,20.569839,80.366287,49.873001,41.901325,45.299999,128.500504,174.973724,651.995911,15.889965,106.706955,85.841507,0.276454,5.3323,0.999846,1.40912,0.80548,7.1075,7.7835,88.6922,157.369003,1473.25,18.3659,10.2031,3.6696,9.53686,1.30734,0.999414,42.438702,17.212351,69.300003,80.382347,76.692215,36.25,33.107788,86.305504,44.771683,133.923447,77.334679,197.798615,71.103951,66.4291,0.231551,39.506092,336.173737,1.950403,425.5,50.259998,315.100006,1125.0,527.0,23.43
2025-11-22,0.404608,,0.135694,,,,,,,,,2.509819,,13.22755,,556.49707,,,,833.351074,,,84648.359375,,,,,,,,,,,,,,,,,0.140304,2.309507,,,,,,,,,13.499508,2767.607422,,,,,,,,,,,,1.614149,,,,,,,,,,,0.131653,,,,,,,,,,,,,,,,,,,,12.172948,,82.174629,,,,,,,,,,,,,,,,,,,,,,,,,,,,,,,,,,127.551201,,,,,,0.27413,,0.999718,,,,,,,,,,,,,0.999475,,,,,,,,,,,,,,,0.230294,,369.130737,1.949751,,,,,,
2025-11-23,0.408549,,0.143644,,,,,,,,,2.492277,,13.277553,,539.266907,,,,843.224792,,,86805.007812,,,,,,,,,,,,,,,,,0.144831,2.255722,,,,,,,,,13.556331,2801.676025,,,,,,,,,,,,1.609677,,,,,,,,,,,0.148146,,,,,,,,,,,,,,,,,,,,12.509099,,82.977539,,,,,,,,,,,,,,,,,,,,,,,,,,,,,,,,,,130.705063,,,,,,0.275073,,0.999829,,,,,,,,,,,,,0.99968,,,,,,,,,,,,,,,0.24703,,389.400208,2.046265,,,,,,
2025-11-24,0.427842,96.997856,0.143671,44.288273,172.549759,11.065374,128.483902,18.232615,48.317318,144.147629,6.094037,2.50112,0.64624,13.890861,,548.740784,88.655396,12.620765,19.783787,864.421143,71.950462,47.430428,88270.5625,137.113144,16.694538,67.506416,63.369999,5090.0,84.660347,50.875942,88.271713,58.84,47.538662,61.439999,34.279404,21.902838,27.307892,458.417664,154.582764,0.151794,2.339354,8.501974,100.139999,52.629372,89.660767,174.016846,91.884827,749.19397,,14.159579,2952.713379,22.450001,0.9306,0.87865,180.307007,1.150761,38.693848,78.366096,40.544891,30.816526,124.471107,77.690002,1.64108,49.072021,9.096171,93.150566,13.351662,205.203003,1.309638,4094.199951,77.397881,304.975006,380.200012,0.148315,78.199997,4.962,2.4061,16.053766,76.373756,50.57,93.891479,59.986973,54.220001,26.91427,237.487137,91.35527,407.450012,19.518196,117.182625,25.12925,39.169956,8.654913,207.199997,12.964276,106.684593,85.477417,128.726578,52.694229,91.927597,60.808819,104.080688,4.549,39.197392,0.561318,53.789688,11.1853,43.172417,1403.099976,46.583641,12.966606,11.119666,9.69345,1542.5,122.600906,258.472931,60.895649,32.936047,602.329956,1.8966,68.352852,38.875526,89.906799,183.595291,14.82,20.589237,80.375954,50.294998,42.778835,46.630001,138.371353,174.572327,661.592224,15.827685,106.754997,86.330643,0.274809,5.4021,0.999738,1.40946,0.80867,7.1066,7.78231,89.634003,156.688004,1467.72998,18.473881,10.23849,3.68162,9.53953,1.30715,0.999637,42.395748,17.36482,70.419998,80.583237,76.721024,33.66,34.193771,86.536751,44.895779,135.546494,76.905273,200.143356,70.008835,66.214333,0.254841,39.564045,386.754364,2.225878,423.75,50.18,314.200012,1123.25,522.25,20.52
2025-11-25,0.421617,97.152069,0.146376,44.495892,172.7323,11.252925,128.997421,18.404535,49.666275,146.798019,6.241177,2.465958,0.64658,14.1699,,527.085815,88.674728,12.771539,19.821756,862.108032,72.114334,47.554951,87341.890625,139.061905,17.238247,69.197411,62.48,4999.0,85.021751,51.551674,91.129402,57.950001,47.770782,62.43,34.883945,21.786745,27.374496,465.070312,152.988419,0.152972,2.294471,8.780885,99.660004,52.81572,90.734016,175.051865,92.123238,736.911255,,14.156011,2957.936279,22.129999,0.93143,0.87891,180.783997,1.152007,39.399685,78.538673,41.125214,31.151485,126.399994,76.080002,1.662887,49.100876,9.172132,94.339638,13.461308,205.669006,1.310616,4140.0,77.239037,307.075012,380.079987,0.144827,78.449997,4.9995,2.3538,16.479891,76.639114,49.560001,94.132614,60.326595,54.279999,26.818628,242.664551,91.713013,414.200012,19.737719,120.125854,25.262512,40.370857,8.740511,207.0,13.065638,106.981583,85.282166,130.416412,53.423115,92.196732,61.044365,104.129227,4.424,39.341324,0.561381,54.00869,11.388671,43.593987,1402.199951,47.575203,12.908848,11.438795,9.988589,1556.900024,123.512299,261.507294,61.789074,33.064129,606.042542,1.8572,68.256813,39.418377,91.91494,186.203598,14.91,20.744408,80.424347,50.933998,44.619713,46.669998,138.891144,176.932953,667.815186,16.245844,106.947243,86.551262,0.274355,5.3868,0.999609,1.4109,0.80861,7.1022,7.78163,89.147797,156.938995,1474.859985,18.493601,10.22551,3.67478,9.54743,1.3048,0.999518,42.442501,17.29117,69.25,80.793678,76.83622,32.759998,36.355953,87.33651,45.334908,136.805557,77.529869,202.40892,72.257721,67.38575,0.2519,39.882801,384.778046,2.198544,423.5,50.299999,317.0,1124.75,527.25,18.559999
2025-11-26,0.435622,97.306274,0.146284,44.722378,174.154465,11.234171,128.651794,18.558359,50.534138,148.411316,6.277961,2.526135,0.64703,14.936302,,544.148499,88.68441,12.904576,19.831247,891.753357,72.191422,47.5741,90518.367188,140.506531,17.345205,69.464928,63.130001,4993.0,86.115417,52.393894,90.387794,58.650002,47.78046,62.77,35.280678,22.01893,27.526733,468.199219,154.485565,0.154778,2.344442,8.761649,99.599998,53.198235,91.729935,175.25499,92.218597,739.137268,,14.134871,3027.812012,22.9,0.93436,0.87884,180.664001,1.156484,39.801624,79.823364,41.579796,32.031963,127.278496,78.389999,1.673222,49.091251,9.276576,94.521835,13.604692,205.559006,1.315871,4165.200195,80.961998,315.125,383.119995,0.147989,80.425003,5.1045,2.3255,16.433573,76.714912,51.029999,94.209793,60.869987,54.669998,26.713419,244.812714,91.85424,411.5,19.680454,120.145752,25.381496,40.436527,8.845132,211.024994,13.455601,107.345642,86.870491,130.850952,53.909031,92.25441,60.75975,104.274879,4.558,39.418091,0.56245,54.408611,11.609724,43.900578,1422.5,47.892506,13.082121,11.299177,9.988589,1578.900024,124.258865,263.312592,62.216785,33.221764,611.397339,1.889,68.439293,39.675514,91.331627,187.502838,15.14,20.851089,80.414665,52.916,45.077545,48.400002,143.012192,177.343918,672.425476,16.290327,107.177925,86.934875,0.276516,5.3794,0.999984,1.41022,0.80798,7.0845,7.77534,89.150597,156.229996,1464.920044,18.3857,10.22638,3.6477,9.52937,1.30189,1.000001,42.4622,17.202101,70.040001,80.946754,76.874603,31.84,36.023308,87.721931,45.640385,137.92691,78.154495,204.051239,72.199051,68.215508,0.258838,40.05666,398.255188,2.224285,431.75,50.869999,317.100006,1131.5,529.0,17.190001
2025-11-27,0.433685,,0.14435,,,,,,,,,2.520763,0.652486,15.023676,,532.458313,,,,895.559814,,,91285.375,,,,,,,,,,,,,,,,,0.152689,2.337851,,,,,,,,,13.886819,3014.542236,,0.93216,0.8759,181.268005,1.160214,,,,,,,1.617435,,,,,206.932007,1.3245,,,,,0.14711,,,,,,,,,,,,,,,,,,,,13.348663,,86.62722,,,,,,,,0.5707,,,,,,,,,,,,,,,,,,,,,,,,,,140.846405,,,,,,0.2802,5.3308,0.999862,1.40395,0.80349,7.0758,7.7778,89.163002,156.238998,1470.589966,18.33897,10.1955,3.6451,9.4869,1.29634,0.999908,42.442402,17.1311,,,,,,,,,,,,,0.255588,,409.524048,2.200824,,,,,,
2025-11-28,0.420231,97.171341,0.143453,44.977184,174.183273,11.22473,130.212189,18.657894,50.628468,150.619934,6.210523,2.440634,0.65358,14.852889,,549.389954,88.713432,12.984399,19.85973,887.64679,72.07576,47.554951,90919.265625,141.960861,17.354118,69.130539,63.200001,5404.0,86.809662,53.402596,90.239471,58.549999,47.799805,62.91,35.167328,22.309162,27.507704,470.992493,155.661865,0.15028,2.284993,8.761649,99.459999,53.276691,92.039345,175.25499,92.247215,741.993713,,13.809341,3032.304443,22.950001,0.93327,0.87602,181.281998,1.159985,40.11533,79.583687,41.734547,32.165947,127.16391,79.080002,1.617857,49.129745,9.34304,94.675262,13.579389,206.925003,1.324118,4254.899902,82.629883,323.975006,387.880005,0.145377,80.599998,5.1855,2.333,16.331671,76.752831,51.549999,94.045822,61.190208,54.709999,26.971661,246.248123,91.92955,413.0,19.718628,121.617371,25.424328,40.23951,8.854643,215.574997,13.13994,107.163605,84.311989,131.21788,54.236092,92.052551,61.044365,104.304001,4.85,39.677166,0.5731,55.116589,11.645093,43.996387,1468.599976,48.130478,13.236141,11.30915,9.979366,1677.699951,124.617599,263.629486,62.872601,33.330139,616.354065,1.8959,68.343254,39.627895,91.255127,188.516647,15.21,20.918974,80.414665,56.445999,45.200306,51.209999,137.390198,178.070282,676.095825,16.317019,106.937637,86.522469,0.281111,5.3554,0.999802,1.4026,0.8046,7.0758,7.7787,89.364799,156.283997,1461.400024,18.329599,10.16018,3.642,9.47057,1.29672,1.000176,42.4851,17.140869,71.07,80.879791,76.855408,31.129999,36.023308,88.010986,45.649933,138.585938,78.691269,206.000229,71.573273,68.70359,0.253486,40.249847,411.214905,2.180648,435.5,51.759998,314.399994,1137.75,531.0,16.35
2025-11-29,0.415383,,0.139653,,,,,,,,,2.428104,,14.244832,,521.712097,,,,873.68988,,,90851.757812,,,,,,,,,,,,,,,,,0.148569,2.260321,,,,,,,,,13.729058,2991.685303,,,,,,,,,,,,1.605998,,,,,,,,,,,0.143401,,,,,,,,,,,,,,,,,,,,13.00293,,84.072723,,,,,,,,,,,,,,,,,,,,,,,,,,,,,,,,,,136.081711,,,,,,0.28103,,0.999873,,,,,,,,,,,,,1.000233,,,,,,,,,,,,,,,0.254277,,413.428833,2.203377,,,,,,
2025-11-30,0.415885,,0.136975,,,,,,,,,2.378329,,13.774582,,541.78894,,,,877.576782,,,90394.3125,,,,,,,,,,,,,,,,,0.146669,2.218578,,,,,,,,,13.739219,2992.112549,,,,,,,,,,,,1.584425,,,,,,,,,,,0.141754,,,,,,,,,,,,,,,,,,,,12.981497,,82.555725,,,,,,,,,,,,,,,,,,,,,,,,,,,,,,,,,,133.564819,,,,,,0.281685,,0.99979,,,,,,,,,,,,,1.000185,,,,,,,,,,,,,,,0.248718,,436.302246,2.160967,,,,,,
2025-12-01,0.385714,96.751701,0.130457,45.024364,169.378754,11.139765,129.757874,18.621698,50.090771,153.174271,6.19213,2.267815,0.65513,12.777645,,522.865234,88.724098,12.913445,19.840744,827.405396,71.794388,47.405212,86321.570312,141.89299,17.345205,68.75795,63.169998,5456.0,84.165817,52.942314,88.311272,59.32,47.68145,62.830002,34.893391,22.36721,27.279348,467.182587,152.035706,0.135588,2.042915,8.63662,99.410004,53.237465,91.584892,174.635925,91.923615,722.264648,,12.970904,2800.188965,20.77,0.93193,0.87624,180.889008,1.160147,39.723198,79.123497,41.521763,31.964968,125.98938,74.519997,1.481108,49.122978,9.2291,94.282104,13.284184,206.423996,1.323977,4274.799805,82.222839,321.075012,389.75,0.133212,80.224998,5.219,2.34,16.257565,76.614769,48.5,93.54081,60.714733,54.330002,26.579519,243.149597,91.776199,411.5,19.556376,121.498047,25.338661,40.061253,8.750022,214.199997,12.085402,106.589539,77.588867,130.715744,54.123955,91.721672,61.495819,104.039207,4.921,39.235775,0.573641,54.944378,11.706986,43.900578,1444.800049,47.555374,13.245769,11.229366,9.794905,1670.099976,125.005409,260.374176,62.169266,33.221764,614.283752,1.8689,68.035919,39.485039,90.05024,187.227249,14.76,20.695917,80.345749,58.417999,44.931767,52.52,126.709023,176.942505,673.009155,16.34371,106.515427,85.445374,0.276998,5.3354,0.999792,1.39694,0.80334,7.0751,7.78478,89.349998,155.927994,1465.619995,18.2845,10.11891,3.64899,9.44517,1.29564,0.999927,42.469501,17.109421,71.059998,80.603233,76.760017,31.15,35.935257,86.999245,45.191715,137.92691,78.457031,201.726288,71.289734,67.981224,0.233966,39.689613,405.83905,2.030916,432.75,52.060001,311.100006,1128.0,530.25,17.24
2025-12-02,0.433964,96.877403,0.138858,44.533642,168.936737,11.120884,130.439301,18.675989,50.7794,153.567993,6.198261,2.36678,0.6544,13.643978,,546.041504,88.753204,12.895707,19.831247,877.034668,71.862068,47.424408,91350.203125,142.271103,17.416513,68.547768,62.450001,5401.0,83.956596,52.922729,89.141884,58.639999,47.652344,62.77,35.016193,22.270466,27.355465,469.097412,152.142639,0.145972,2.247906,8.578916,99.360001,53.25708,91.894302,173.581573,92.306557,716.453308,,13.596886,2997.939697,22.51,0.93404,0.87868,180.559998,1.160766,40.085922,79.065971,41.59914,32.567898,126.543251,79.349998,1.532838,49.113323,9.333546,93.591667,13.343225,205.473999,1.320934,4220.799805,81.021561,329.875,387.23999,0.144617,80.5,5.161,2.3127,16.239037,76.757599,51.669998,93.61821,60.51096,53.880001,26.684727,242.704147,91.918182,405.549988,19.375031,121.985283,25.281549,39.592152,8.711978,218.475006,13.510494,106.656868,82.812523,130.609543,54.254787,91.885666,61.083622,103.980789,4.84,38.967102,0.57262,55.011345,11.689302,44.092201,1470.900024,47.535542,13.18801,11.099721,9.748789,1644.0,125.005409,262.304321,62.036194,33.271023,619.091187,1.8303,67.25798,39.27552,90.10762,187.050079,14.98,20.63773,80.394295,57.983002,45.09481,53.130001,138.67421,174.104034,674.255676,16.192463,106.54435,85.483871,0.281127,5.3558,1.000036,1.4,0.8046,7.0717,7.7882,89.612701,155.557007,1470.170044,18.305901,10.12847,3.64185,9.45093,1.29648,1.000296,42.418011,17.074341,70.199997,80.660851,76.808205,30.6,35.700451,86.690926,45.239445,138.182648,78.154495,201.033752,71.407051,67.844559,0.254753,39.593025,397.961029,2.155522,438.0,52.349998,308.600006,1124.75,537.75,16.59
2025-12-03,0.450809,97.061104,0.143844,44.920555,169.292282,11.139765,132.829239,18.838861,45.675987,155.613403,6.222784,2.399583,0.65737,14.81385,,591.43457,88.762894,13.108566,19.850237,921.753723,71.968445,47.453205,93527.804688,146.905533,17.612604,67.974548,62.669998,5453.0,84.004143,54.636547,90.635002,58.950001,47.691151,62.66,34.959511,22.376883,27.374496,473.193542,155.24382,0.151944,2.366936,8.550062,98.849998,53.29631,92.387428,173.378448,92.42144,721.713074,,14.206909,3191.571777,23.719999,0.9337,0.87957,181.167007,1.162791,40.144745,79.200195,42.034374,32.730595,126.275871,81.050003,1.599164,49.151951,9.494959,93.860168,13.616798,205.962006,1.321947,4232.5,80.475525,331.850006,386.880005,0.146142,80.550003,5.308,2.3008,16.359463,76.824234,52.740002,93.811699,60.588585,53.41,26.455181,247.119278,92.060165,403.75,19.480021,125.763756,25.400532,38.616421,8.769044,218.949997,14.687667,106.89724,85.993408,129.894989,55.460228,92.059319,60.730312,104.039207,4.995,39.446877,0.574079,55.575813,11.857304,43.766445,1476.800049,48.110649,13.245769,10.980047,9.859466,1656.5,125.257507,267.192047,62.958134,33.339989,620.604126,1.8272,67.171547,39.656467,90.308441,188.47728,14.93,20.657125,80.442833,57.921001,43.637047,53.07,144.898499,174.228241,676.590454,16.379297,106.785324,85.724518,0.28058,5.3263,0.999871,1.39696,0.80286,7.07,7.7844,89.917198,155.807007,1467.359985,18.275261,10.12492,3.6368,9.42611,1.29599,1.000501,42.452278,17.09333,70.660004,80.833687,76.875641,30.43,35.191704,86.912537,45.401733,138.753174,78.076416,199.767395,72.24794,68.596214,0.258698,39.670292,408.351593,2.201906,431.5,51.349998,308.399994,1115.75,537.75,16.08
2025-12-04,0.439454,96.829048,0.138577,45.373543,171.838654,10.922633,135.051285,18.929346,43.949703,156.59288,6.11243,2.313457,0.660502,14.399071,,574.713562,88.772621,13.188388,19.888212,900.066101,71.833076,47.405212,92141.625,146.779495,17.532385,67.410873,63.259998,5434.0,84.270439,55.136002,86.877495,59.669998,47.700855,62.279999,34.770596,22.434931,27.269831,472.857971,156.536804,0.147503,2.274136,8.309622,98.989998,53.286507,92.638817,174.577896,92.344856,715.182678,,13.743214,3134.316406,23.77,0.93301,0.8741,180.957993,1.166684,40.331005,80.16851,41.995689,33.228252,125.177727,80.660004,1.545532,49.151951,9.447483,93.140968,13.722696,207.033005,1.334882,4243.0,80.803146,336.575012,387.130005,0.139488,81.125,5.2915,2.3037,15.896284,76.881355,52.509998,93.521461,60.481853,53.759998,26.187374,249.287277,92.08857,411.950012,19.432299,127.702705,25.319624,38.222374,8.769044,221.449997,14.254021,106.704948,83.566437,128.292068,56.04895,91.798843,60.828449,104.029465,5.063,38.995888,0.577421,55.690613,11.892672,43.986809,1451.900024,48.328796,13.284273,10.760646,9.665781,1654.400024,124.278244,265.636383,63.385841,33.349838,620.026794,1.8271,66.335983,39.227901,87.936928,188.536331,14.88,20.608633,80.38459,56.847,41.901154,51.759998,139.014526,175.20311,677.085144,16.281431,106.640732,85.262505,0.286088,5.3061,0.999844,1.39531,0.79976,7.0636,7.78327,90.170502,155.106995,1465.030029,18.2752,10.06172,3.62026,9.37639,1.29374,1.000237,42.446999,17.032761,71.389999,80.680038,76.808205,30.16,34.682953,86.700562,45.239445,138.969543,78.515587,201.696625,70.732384,69.064781,0.25202,39.60268,402.640686,2.097173,437.75,51.529999,308.5,1119.5,541.0,15.78
2025-12-05,0.416271,96.722694,0.132877,45.279171,171.867508,10.988717,136.414169,19.019831,42.902607,158.887955,6.222784,2.199443,0.660642,13.234511,,560.513,88.792007,13.223864,19.897705,884.218079,71.746048,47.338028,89387.757812,147.516357,17.719564,66.188004,63.75,5643.0,84.907616,55.929256,84.800972,60.080002,47.584442,62.130001,34.600571,22.570372,27.28886,473.805511,160.143524,0.139632,2.127278,8.415415,98.989998,53.688629,92.638817,174.02652,92.220406,730.440002,,13.15053,3024.432861,22.85,0.93576,0.87393,180.619995,1.16428,40.595695,80.245201,41.80225,31.132345,123.716728,77.870003,1.488065,49.161606,9.447483,93.208099,13.643272,206.664993,1.332179,4243.0,80.44574,339.049988,386.440002,0.134164,81.650002,5.382,2.3629,15.98892,76.881355,50.689999,93.327988,60.161636,53.970001,25.95783,248.247833,92.08857,406.25,19.4613,128.687103,25.224438,38.259903,8.683446,227.149994,13.607116,106.599174,80.490646,127.142982,56.749798,91.779541,61.495819,104.078156,5.289,38.583286,0.57598,55.948933,11.919197,43.81435,1472.400024,48.061073,13.37091,10.750671,9.711897,1655.0,124.084343,261.248047,63.842064,33.389248,622.554932,1.8341,65.980629,38.789814,87.726547,188.979248,14.8,20.579538,80.355438,58.422001,40.846195,52.950001,133.322998,174.47673,678.371277,16.228048,106.467224,84.867851,0.285632,5.3093,0.999962,1.39597,0.80378,7.0714,7.78177,89.836403,155.141998,1472.380005,18.218599,10.1146,3.63474,9.42403,1.29644,1.000232,42.500099,16.982,71.919998,80.603233,76.788925,29.790001,34.066586,86.604195,45.096252,139.244995,78.671738,202.131912,70.517281,69.103828,0.240047,39.593025,399.556549,2.037607,436.75,51.360001,304.700012,1105.25,537.5,15.41
2025-12-06,0.413931,,0.133676,,,,,,,,,2.238516,,13.412448,,583.826294,,,,890.545044,,,89272.375,,,,,,,,,,,,,,,,,0.139743,2.129086,,,,,,,,,13.322183,3040.207764,,,,,,,,,,,,1.491819,,,,,,,,,,,0.13403,,,,,,,,,,,,,,,,,,,,13.926069,,81.701767,,,,,,,,,,,,,,,,,,,,,,,,,,,,,,,,,,132.34845,,,,,,0.287422,,1.000047,,,,,,,,,,,,,1.000339,,,,,,,,,,,,,,,0.239691,,392.684967,2.03262,,,,,,
2025-12-07,0.416811,,0.132798,,,,,,,,,2.178765,,13.455829,,598.684326,,,,894.022278,,,90405.640625,,,,,,,,,,,,,,,,,0.138576,2.091531,,,,,,,,,13.117788,3061.301758,,,,,,,,,,,,1.455503,,,,,,,,,,,0.130955,,,,,,,,,,,,,,,,,,,,13.642916,,81.424065,,,,,,,,,,,,,,,,,,,,,,,,,,,,,,,,,,132.093567,,,,,,0.286896,,1.000071,,,,,,,,,,,,,1.000331,,,,,,,,,,,,,,,0.237057,,362.623077,2.04342,,,,,,
2025-12-08,0.432192,96.567978,0.133511,44.967751,176.037827,10.818788,135.673462,19.019831,42.421505,157.735626,6.11243,2.24604,0.66354,13.641191,,579.88147,88.801712,13.259341,19.916687,897.604065,71.639687,47.222847,90640.203125,146.760101,17.514561,65.471474,62.490002,5648.0,86.372192,55.057659,83.871483,58.880001,47.584442,61.880001,34.288853,22.289814,27.269831,471.94989,159.219955,0.142599,2.131414,8.348092,99.089996,53.570934,92.348747,172.923798,91.837479,728.814758,,13.443032,3125.197998,23.719999,0.93681,0.87354,180.813995,1.164022,40.527073,79.756256,41.666843,31.342896,122.742737,79.139999,1.50436,49.171257,9.494959,91.597092,13.713871,206.977005,1.332459,4217.700195,78.589233,335.649994,385.420013,0.134602,82.300003,5.3645,2.2982,15.840703,76.690933,51.52,93.134491,59.860825,53.080002,25.498737,248.346802,91.889786,396.049988,19.122927,129.502457,25.367216,37.94091,8.673936,227.324997,13.748384,106.378006,83.90387,126.496025,58.096401,91.548019,61.063992,104.019737,4.912,38.122704,0.5776,54.839142,11.76004,43.776024,1483.599976,48.021408,13.207263,10.710782,9.462874,1655.0,122.814209,258.837769,63.518909,33.379398,621.360535,1.7981,65.183487,37.894592,87.506615,187.847336,14.82,20.453463,80.336021,57.778999,39.82959,52.709999,133.278229,172.097,676.333313,16.290327,106.255157,84.588722,0.281425,5.4381,0.999968,1.38346,0.80485,7.0696,7.78396,89.938004,155.339996,1471.810059,18.1716,10.10922,3.63266,9.39936,1.29597,1.000272,42.514999,16.93059,70.489998,80.487991,76.740753,30.1,33.342598,85.939354,44.857597,138.822006,79.052368,198.738495,69.862167,68.869545,0.240859,39.351547,374.226929,2.073106,436.25,50.900002,303.600006,1093.75,536.0,16.66
2025-12-09,0.470005,96.480957,0.138204,44.75069,172.530533,10.969836,142.102585,19.001732,42.723377,169.20137,6.155344,2.327369,0.66273,14.605246,,585.384399,88.821121,13.312555,19.926186,898.810425,71.591339,47.261246,92691.710938,151.268494,17.808695,65.901398,61.939999,5829.0,85.782562,56.448299,83.456184,58.25,47.477726,63.860001,33.589851,22.241442,27.431585,470.24234,158.228348,0.148037,2.291781,8.444268,99.220001,53.482662,92.223053,173.243027,91.760887,729.54364,,13.884374,3321.11499,25.17,0.93898,0.87344,181.389999,1.164144,40.713337,79.871292,41.473404,31.333328,120.976173,81.18,1.545494,49.190571,9.494959,92.949188,13.696222,207.669998,1.332679,4236.200195,81.349182,335.5,387.399994,0.139069,82.5,5.2405,2.2601,16.164928,76.605255,52.849998,92.999046,59.715279,53.27,24.953566,248.861588,91.757278,394.200012,19.238941,135.011078,25.443365,37.884624,8.664422,226.824997,14.417297,106.243378,86.102013,126.02285,58.734505,91.470856,60.210152,103.961334,4.574,37.700504,0.57761,54.580822,11.795409,43.344875,1511.400024,47.644611,13.168758,11.159556,9.831797,1695.099976,123.570465,254.190109,64.383812,33.418804,622.126892,1.7897,65.106644,37.761261,87.755234,187.493011,14.67,20.337084,80.297203,60.168999,40.673565,55.169998,137.901611,173.0336,675.749573,16.219152,106.120201,84.675339,0.282296,5.43,0.99997,1.3849,0.806638,7.071,7.7804,90.129997,155.843994,1468.51001,18.260599,10.12247,3.63914,9.39305,1.29754,1.000085,42.553902,17.025801,69.860001,80.372765,76.673317,30.280001,33.773075,85.61174,44.733498,138.664658,78.086174,193.712646,70.761726,67.942177,0.253488,39.119724,387.951508,2.108425,440.75,50.73,298.200012,1087.25,536.25,16.93
2025-12-10,0.4539,96.790367,0.135199,44.731815,173.212753,11.111444,147.228134,19.028879,43.836498,171.198746,6.198261,2.272309,0.664099,14.141597,,573.552673,88.821121,13.348032,19.945173,894.650635,71.804062,47.25164,92020.945312,151.830826,18.138487,67.200699,62.209999,6168.0,86.201012,58.49509,85.849113,58.459999,47.729958,64.120003,34.033806,22.376883,27.536249,475.108429,155.068832,0.143515,2.19413,8.627003,98.790001,54.080944,93.247963,176.657562,92.134239,723.367859,,13.689341,3325.390137,25.389999,0.93719,0.87403,182.367004,1.162831,41.115273,80.446533,42.034374,31.362038,123.917267,80.660004,1.469405,49.200226,9.475969,93.495781,13.899194,208.634003,1.330353,4224.700195,82.719231,338.375,389.049988,0.134792,82.449997,5.2755,2.273,16.516943,76.86232,52.490002,93.298958,59.734684,53.360001,25.32658,252.247177,92.079094,400.799988,19.393625,140.738449,25.481441,38.044113,8.597848,226.800003,14.118708,106.73378,84.506859,127.365059,59.062946,91.866371,60.66161,104.136559,4.595,38.074726,0.57795,54.21727,11.830777,42.607128,1458.300049,48.596516,13.26502,11.289203,10.05315,1641.800049,125.761681,256.984497,65.220222,33.546886,624.674927,1.7815,64.539993,38.856476,90.79612,190.130844,14.91,20.437067,80.433113,60.379002,42.419041,56.07,136.469025,175.742538,680.231262,16.503855,106.467224,85.002602,0.280155,5.4315,0.999777,1.38455,0.8059,7.0633,7.78232,89.916901,156.837997,1467.930054,18.182501,10.1463,3.63423,9.35389,1.29694,1.00028,42.5494,17.027901,70.540001,80.670433,76.837105,29.059999,34.457932,85.920074,45.124889,139.845016,75.860992,189.033066,71.886169,69.601685,0.250333,39.196995,401.119873,2.043345,434.75,50.810001,298.200012,1091.25,531.25,15.77
2025-12-11,0.425344,96.809723,0.12994,44.66576,174.606094,11.24361,148.462601,18.884104,42.987503,169.844742,6.198261,2.185371,0.66745,13.430406,,575.143982,88.830818,13.179519,19.945173,886.166626,71.804062,47.242046,92511.335938,149.416656,18.254358,68.423576,61.279999,6235.0,87.342239,58.935787,88.083839,57.599998,47.642647,63.970001,34.402203,22.357534,27.621885,481.543884,154.398071,0.140384,2.067172,8.713562,98.349998,53.825939,93.799095,178.234283,92.201263,742.801453,,13.250153,3237.056885,24.379999,0.93528,0.87391,182.285004,1.170124,41.556427,80.743744,42.218147,31.735277,127.020699,79.980003,1.379737,49.200226,9.485463,94.723213,13.590322,208.569,1.338832,4313.0,85.638039,343.399994,393.23999,0.129982,83.400002,5.427,2.2289,16.794849,76.852798,52.099998,93.30864,60.346001,53.57,25.39353,255.207092,92.069626,405.450012,19.4613,141.961517,25.709888,38.062878,8.569316,230.375,14.062647,106.579933,82.949966,128.388626,58.452984,91.924248,60.543839,104.136559,4.231,38.228256,0.58172,54.743469,11.627407,41.898129,1512.699951,49.330269,13.255395,11.219394,9.960919,1707.800049,126.585808,262.832458,65.106163,33.615849,622.654541,1.7598,65.077835,39.665993,92.526947,191.666306,14.85,20.486074,80.442833,63.929001,42.917751,57.619999,136.371567,175.93605,681.814087,16.441576,106.419029,84.8871,0.280548,5.4698,0.999931,1.37894,0.79938,7.064,7.77904,89.792999,155.789993,1469.040039,18.1574,10.08079,3.60925,9.26161,1.29214,1.000256,42.611599,16.9228,69.25,80.670433,76.856369,28.65,34.291607,86.295868,45.191715,140.228607,75.412041,182.998093,74.007942,69.904297,0.246154,39.409496,407.257996,2.035508,435.25,50.560001,298.799988,1093.5,534.5,14.85
2025-12-12,0.409135,96.509949,0.122938,44.741257,173.635544,11.441863,146.210922,18.866005,43.996864,166.877487,6.204391,2.138983,0.6665,13.111258,,581.158875,88.869621,13.161781,19.945173,881.867615,71.581665,47.213242,90270.414062,146.575882,18.227621,68.222946,61.119999,6226.0,86.505333,57.143616,90.269127,57.439999,47.613544,63.830002,34.496662,22.173721,27.564793,479.105896,149.35257,0.136949,2.013027,8.886678,98.400002,53.198235,93.305977,176.560837,92.153397,739.048645,,12.932952,3084.172607,23.27,0.93298,0.87658,182.623993,1.173943,41.350555,80.532814,41.860279,31.888405,128.414841,78.669998,1.34321,49.190571,9.580415,95.490356,13.590322,208.309998,1.339047,4328.299805,85.042366,339.100006,395.440002,0.123852,83.324997,5.2835,2.198,17.007914,76.709969,51.200001,93.057114,60.200451,53.139999,25.20224,251.296829,91.880333,397.200012,19.490303,135.826462,25.628979,37.959675,8.531273,229.800003,13.645242,105.935684,81.925217,127.567848,58.227776,91.596252,60.376995,104.019737,4.113,38.832767,0.580919,55.221832,11.538987,42.128078,1514.199951,48.656006,13.120626,11.249312,10.034705,1757.099976,126.217361,264.042419,64.52639,33.438511,610.750366,1.7521,65.077835,39.313614,93.703133,190.367081,15.1,20.476273,80.452545,61.362,42.812256,56.099998,132.324295,176.100525,674.483215,16.397093,106.255157,84.068932,0.273751,5.4055,0.999879,1.37757,0.79479,7.0579,7.782,90.252998,155.567001,1470.849976,18.03154,10.0649,3.59769,9.25053,1.29175,1.000081,42.632401,16.8517,68.809998,80.363167,76.788925,28.719999,34.585114,86.189873,45.306267,138.910538,75.987869,184.739334,75.044388,69.504059,0.238633,39.361198,405.634949,2.009145,431.5,49.73,300.600006,1076.75,534.5,15.74
2025-12-13,0.411057,,0.122031,,,,,,,,,2.182497,,13.386377,,580.553284,,,,897.429565,,,90298.710938,,,,,,,,,,,,,,,,,0.139166,2.039669,,,,,,,,,13.197083,3116.695312,,,,,,,,,,,,1.350947,,,,,,,,,,,0.123119,,,,,,,,,,,,,,,,,,,,13.742838,,81.556175,,,,,,,,,,,,,,,,,,,,,,,,,,,,,,,,,,133.247467,,,,,,0.271168,,0.999994,,,,,,,,,,,,,1.000257,,,,,,,,,,,,,,,0.237993,,414.142242,2.023994,,,,,,
2025-12-14,0.396584,,0.118999,,,,,,,,,2.105101,,12.890225,,558.477112,,,,877.806885,,,88175.179688,,,,,,,,,,,,,,,,,0.134164,1.954909,,,,,,,,,12.791573,3060.594727,,,,,,,,,,,,1.314878,,,,,,,,,,,0.118259,,,,,,,,,,,,,,,,,,,,13.292393,,78.978348,,,,,,,,,,,,,,,,,,,,,,,,,,,,,,,,,,129.481094,,,,,,0.277219,,0.999974,,,,,,,,,,,,,1.000199,,,,,,,,,,,,,,,0.22929,,409.302826,1.979287,,,,,,
2025-12-15,0.388091,96.606667,0.115471,44.8545,173.212753,11.60235,145.006088,18.810434,44.723232,165.821182,6.247307,2.048336,0.66473,12.341089,,535.72168,88.869621,13.073089,19.95466,858.545105,71.668701,47.261246,86419.78125,145.761459,18.388056,68.423576,60.560001,5823.0,86.113693,56.604988,89.794487,56.82,47.555332,63.939999,34.524998,22.067303,27.526733,478.878937,149.822937,0.129732,1.901863,8.963619,98.150002,53.041309,93.87645,177.489456,92.277847,749.952393,,12.346829,2964.183105,22.120001,0.93442,0.87802,182.960999,1.173764,41.272125,81.366905,42.314865,32.137234,128.840118,74.739998,1.26526,49.200226,9.561423,96.765724,13.378526,208.369995,1.336773,4335.200195,84.238197,339.924988,395.799988,0.11419,83.849998,5.3385,2.1806,17.267294,76.748062,48.66,93.134491,60.42363,53.099998,25.728283,249.396149,91.974983,387.700012,19.81901,134.046585,25.671814,37.565636,8.331544,230.824997,12.864612,106.060684,77.591728,128.137573,57.026619,91.721672,59.739075,104.009995,4.012,38.803982,0.580232,55.566246,11.503617,42.674202,1592.800049,48.616344,13.062868,11.578414,10.154605,1810.5,126.68277,264.44043,64.402832,33.379398,607.684753,1.7323,66.287025,39.170761,94.487244,190.603287,14.95,20.603697,80.50106,62.939999,43.723366,58.110001,127.757118,178.180588,673.464172,16.468267,106.178047,84.126686,0.278194,5.4182,0.9999,1.37678,0.79614,7.054,7.78425,90.577003,155.888,1472.910034,18.003229,10.11357,3.59673,9.26579,1.29173,0.999881,42.682201,16.85887,67.889999,80.459198,76.846741,28.690001,34.037235,86.459671,45.344452,138.910538,76.817429,188.439468,76.214195,69.982399,0.22049,39.515743,409.753754,1.898673,439.75,49.48,303.5,1071.75,520.75,16.5
2025-12-16,0.385727,96.790367,0.116862,44.165592,172.126938,11.479622,145.322098,18.652988,44.308167,166.714233,6.081775,1.997038,0.66418,12.344777,,546.167725,88.879333,13.028743,19.95466,874.899048,71.804062,47.318825,87843.984375,147.458176,17.978048,67.544617,58.919998,5998.0,84.583687,56.585403,91.851234,55.27,47.535938,63.099998,33.80711,21.844791,27.441101,475.730255,147.265289,0.13174,1.898476,8.886678,98.150002,52.706047,93.441338,175.109924,92.526749,746.761047,,12.676103,2964.180908,22.280001,0.93563,0.87845,182.210999,1.175461,41.203503,80.413094,42.12656,31.196407,126.32711,76.349998,1.288579,49.219543,9.722837,96.008171,13.396176,207.406998,1.338061,4332.299805,84.218346,343.325012,395.890015,0.114503,84.775002,5.287,2.1286,16.943069,76.79567,49.709999,93.395706,59.936485,52.950001,25.670897,248.216141,91.984444,379.299988,19.412962,132.624695,25.686092,37.274788,8.303008,231.149994,12.934126,106.301094,79.058838,128.610718,56.782631,91.914597,59.306938,104.156021,3.886,38.439354,0.57861,54.953945,11.477091,42.348442,1626.599976,48.348621,12.937726,11.339067,9.970143,1870.099976,124.689453,259.683289,64.602432,33.359695,608.889099,1.6809,65.228378,38.780296,93.215439,189.264679,14.82,20.427263,80.539909,62.700001,43.876808,57.73,129.251205,176.593918,671.624146,16.228048,106.197327,84.588722,0.280352,5.4134,0.999837,1.37692,0.79601,7.047,7.782,90.776901,155.014999,1467.47998,17.9813,10.13943,3.58712,9.28016,1.28943,0.999885,42.693901,16.78253,66.169998,80.57444,76.914192,28.57,33.714375,85.823723,45.268082,138.379364,76.368484,188.370209,76.990784,70.135963,0.219545,39.168015,428.616455,1.930073,436.5,48.360001,302.399994,1062.75,509.5,16.48
2025-12-17,0.366502,96.761368,0.111359,44.420391,171.511963,11.630672,144.581406,18.699295,44.864731,162.867508,6.210523,1.941025,0.6634,11.838756,,546.089905,88.889038,12.95779,19.916687,842.930176,71.784721,47.318825,86143.757812,148.524689,18.102835,66.436394,59.68,5978.0,84.920479,56.820442,94.145294,55.939999,47.749359,63.43,34.203838,22.106001,27.498188,473.578522,145.413208,0.126175,1.811723,8.954001,98.370003,52.328011,92.683334,176.541489,92.172516,736.645325,,12.04507,2831.403564,21.32,0.93428,0.87514,181.848999,1.17495,40.791763,79.30909,42.333595,30.604069,127.467636,74.849998,1.222354,49.209885,9.893746,97.523285,13.254978,207.776001,1.3425,4373.899902,85.211136,341.524994,399.290009,0.109647,83.0,5.3635,2.1495,17.202446,76.700455,48.709999,93.376335,59.877319,52.970001,26.168249,245.574066,91.880333,351.899994,19.770672,131.401642,25.700371,36.542992,8.407629,230.300003,12.240102,106.185699,75.925575,132.376617,56.801403,91.943542,59.078453,104.126816,4.024,39.034271,0.5786,55.260094,11.415196,42.645451,1684.199951,47.476048,13.091747,11.45874,10.099266,1932.699951,125.138931,259.382294,64.260262,33.25132,597.602112,1.6943,66.092773,39.237423,94.267319,188.752853,14.76,20.505678,80.549606,66.237,42.735535,60.259998,123.119804,178.228973,664.233765,16.45937,106.312996,84.511703,0.279438,5.5075,0.999883,1.37561,0.7952,7.0417,7.7799,90.948898,154.778,1471.73999,17.9561,10.18366,3.58412,9.29723,1.28903,0.999624,42.7076,16.73333,67.980003,80.545624,76.914192,29.059999,33.459999,86.141693,45.115341,137.110474,77.002861,187.143433,79.123947,70.453003,0.210244,39.341881,417.697632,1.861838,440.5,48.52,298.200012,1058.25,506.25,17.620001
2025-12-18,0.351425,97.003105,0.107294,44.184467,167.476166,11.545706,144.482681,18.652988,46.175957,161.079453,6.204391,1.852271,0.66015,11.434937,,565.488831,88.903625,12.922314,19.935675,829.301147,71.93705,47.327637,85462.507812,149.048233,17.924568,66.102028,59.82,5934.0,83.621414,57.633282,93.907974,56.150002,47.817265,63.509998,33.958244,21.95121,27.536249,474.279297,144.962433,0.122047,1.758516,8.896296,98.43,52.924911,93.342896,176.057846,92.574615,732.902466,,11.623377,2827.069092,21.0,0.93366,0.8779,182.572998,1.174233,41.115273,79.537849,42.520912,30.771898,126.510757,73.75,1.187652,49.219543,9.874758,97.475342,13.210854,207.949005,1.33746,4364.5,85.052284,340.274994,398.570007,0.104971,84.125,5.3665,2.1316,17.10055,76.909927,47.959999,93.61821,60.025234,53.279999,26.216068,247.034195,92.138145,345.450012,19.606318,131.222672,25.871706,36.120804,8.464694,228.425003,11.933768,106.589539,74.286316,131.623428,56.594952,92.194344,59.595028,104.185226,3.908,38.439354,0.5773,54.312943,11.229511,42.645451,1737.900024,47.892506,13.014737,11.438795,9.997812,1955.5,124.738312,253.751343,64.64994,33.379398,606.261475,1.7013,65.762558,38.961239,93.473633,189.156403,14.48,20.388054,80.607864,64.592003,42.534126,59.32,119.570152,179.051331,669.249695,16.405989,106.515427,84.915977,0.27935,5.5185,0.999891,1.37838,0.7952,7.043,7.77924,90.413696,155.494995,1474.0,18.011761,10.19675,3.58685,9.29861,1.29116,0.999503,42.729599,16.76668,67.190002,80.77314,77.011864,28.110001,33.560001,85.68882,45.353996,138.143295,77.988579,185.491241,78.131096,70.63134,0.206946,39.100403,415.194244,1.807777,444.5,48.110001,298.399994,1052.25,507.75,16.870001
2025-12-19,0.37663,96.86145,0.114783,44.071224,165.669662,11.489064,144.522171,18.467756,45.22319,160.132248,6.149214,1.963792,0.66138,12.24866,,624.416748,88.932869,12.798146,19.945173,855.943298,71.830322,47.219944,88103.382812,146.973404,17.933481,65.643448,60.470001,5845.0,82.851593,58.309021,95.875725,56.66,47.794888,63.75,33.599297,22.106001,27.878786,475.945099,146.981125,0.132214,1.848918,8.857825,98.599998,53.442223,93.972923,174.800385,92.529442,747.115723,,12.345897,2977.970703,22.639999,0.93094,0.87596,182.425003,1.172567,41.272125,80.144554,42.925125,30.771898,125.718193,76.690002,1.309782,49.22245,9.532939,97.206833,12.963757,208.242996,1.338539,4387.299805,87.157005,345.600006,399.019989,0.111995,84.5,5.4395,2.1219,17.146866,76.872612,49.91,93.407593,59.926624,54.150002,25.87175,249.100143,92.109596,340.649994,19.325951,129.870361,25.767,36.158333,8.360075,230.399994,12.531227,106.315384,77.503525,129.61496,56.472958,92.053017,60.230812,104.160828,3.984,38.151485,0.577611,53.891987,11.1853,42.128078,1749.0,48.150311,13.111,11.478687,10.071597,2013.199951,124.318146,251.596069,64.783012,33.537033,614.164368,1.7082,66.5784,39.208855,93.712692,189.845413,14.82,20.290037,80.593262,66.845001,42.514954,60.93,126.192749,178.915878,675.315369,16.405989,106.304634,84.59903,0.280027,5.5213,0.999865,1.3777,0.79401,7.0405,7.781,90.255798,155.585999,1474.359985,17.993429,10.15105,3.58291,9.28086,1.2897,0.999463,42.785301,16.71702,68.029999,80.638161,76.963509,27.049999,33.369999,85.361214,45.419998,139.308334,77.198051,184.027008,77.275864,70.007164,0.219276,38.955513,441.557953,1.907392,443.75,47.900002,297.600006,1049.25,509.75,14.91
2025-12-20,0.373095,,0.114798,,,,,,,,,1.980942,,12.209091,,592.243469,,,,853.586182,,,88344.0,,,,,,,,,,,,,,,,,0.131952,1.832777,,,,,,,,,12.367219,2977.58252,,,,,,,,,,,,1.374405,,,,,,,,,,,0.113716,,,,,,,,,,,,,,,,,,,,12.551011,,77.84877,,,,,,,,,,,,,,,,,,,,,,,,,,,,,,,,,,125.809036,,,,,,0.281476,,0.999906,,,,,,,,,,,,,0.999633,,,,,,,,,,,,,,,0.21821,,476.666473,1.932398,,,,,,
2025-12-21,0.365891,,0.111447,,,,,,,,,1.940376,,12.138314,,590.058167,,,,857.889221,,,88621.75,,,,,,,,,,,,,,,,,0.131058,1.799974,,,,,,,,,12.201783,3001.61377,,,,,,,,,,,,1.277387,,,,,,,,,,,0.11188,,,,,,,,,,,,,,,,,,,,12.432074,,76.716003,,,,,,,,,,,,,,,,,,,,,,,,,,,,,,,,,,125.991501,,,,,,0.288273,,0.999819,,,,,,,,,,,,,0.999724,,,,,,,,,,,,,,,0.216466,,471.460724,1.922012,,,,,,
2025-12-22,0.370807,96.822647,0.111795,44.316582,165.784958,11.479622,147.040497,18.43997,45.864655,164.587906,6.198261,1.948468,0.66102,12.404099,,589.538452,88.932869,12.798146,19.976654,857.857422,71.810921,47.219944,88490.015625,151.08429,17.835436,66.350418,62.07,5887.0,83.169144,60.404774,95.766945,58.009998,47.697586,63.610001,33.759884,22.389999,27.983452,478.230164,150.430496,0.132434,1.782675,8.954001,98.290001,53.730721,94.209183,175.20665,92.567902,746.534546,,12.257112,3006.07373,22.48,0.93166,0.87513,184.584,1.170809,41.507408,80.0252,43.171593,30.57445,126.385086,76.959999,1.297727,49.232143,9.466475,97.494514,12.875507,210.875,1.337703,4469.399902,90.18,346.5,408.230011,0.114071,85.349998,5.4375,2.1581,17.258026,76.939568,50.09,93.310532,60.281628,54.189999,26.14912,251.871353,92.195229,347.350006,19.364624,130.675766,25.99,35.707993,8.41458,230.725006,12.578183,106.296074,76.995308,131.980713,56.010845,92.053017,60.489101,104.180351,3.965,37.911606,0.57549,54.21727,11.194144,41.783157,1793.400024,48.631218,13.27,11.45874,9.951697,2084.0,124.669907,253.790207,65.280388,33.576443,617.108276,1.7422,67.122292,38.437443,93.406693,191.252579,14.99,20.397858,80.554321,67.905998,43.224655,62.470001,125.801231,180.589615,679.522461,16.55724,106.149925,84.415443,0.284367,5.5398,0.999773,1.37903,0.79583,7.0409,7.78111,89.57,157.675995,1473.719971,18.0156,10.13151,3.58912,9.26656,1.29291,0.999398,42.806881,16.744961,69.730003,80.618889,76.953842,26.120001,33.400002,85.799744,45.549999,140.141205,77.276131,184.44252,76.332161,70.056702,0.220412,39.244545,463.149536,1.902764,447.0,48.549999,298.600006,1053.25,515.5,14.08
2025-12-23,0.362852,96.822647,0.113665,44.533642,167.687561,11.253051,146.526947,18.449232,45.345825,163.089813,6.100168,1.96945,0.66584,12.179389,,572.14386,88.932869,12.727194,19.995731,843.771423,71.801208,47.317844,87414.0,150.434692,17.594778,65.729424,62.380001,5958.0,84.121788,59.660484,93.532219,58.380001,47.75597,64.010002,33.400932,22.639999,28.040541,478.991821,150.793076,0.129195,1.763556,8.819354,97.940002,54.029171,94.790001,174.664963,92.519844,748.711304,,12.064797,2963.374023,22.42,0.93108,0.87343,184.522003,1.176595,41.605442,80.701523,43.35891,31.245766,125.070595,76.339996,1.311352,49.241844,9.476163,96.976685,12.751959,211.235992,1.34699,4505.700195,90.269997,344.625,413.640015,0.110421,85.974998,5.476,2.1906,17.007914,76.996971,49.650002,93.271706,60.893024,54.470001,26.004059,250.38147,92.271339,346.950012,19.441967,130.258163,25.955,35.229507,8.376331,228.824997,12.387865,106.402275,76.929955,131.555847,55.605305,92.091736,60.270546,104.238914,4.408,37.470211,0.579771,53.509296,11.09688,42.022686,1918.599976,48.735336,13.4,11.269258,9.859466,2282.0,124.845787,251.867905,65.280388,33.615849,619.998413,1.7432,67.132011,37.799355,92.450439,190.807892,15.2,20.368452,80.515366,70.485001,42.630039,64.839996,123.857216,181.499054,682.628235,16.414886,106.198273,84.550728,0.283279,5.59,0.999755,1.37487,0.79143,7.0409,7.78,89.603897,156.876999,1476.839966,17.9641,10.10231,3.58167,9.2286,1.28788,0.999492,42.8158,16.696501,70.300003,80.618889,76.934486,26.219999,33.009998,85.741402,45.93,140.805527,77.207817,184.86795,75.526077,70.641251,0.217127,39.234787,448.942261,1.872817,447.5,48.299999,301.100006,1051.5,517.0,14.0
2025-12-24,0.356412,97.036079,0.112964,44.5242,167.966232,11.41354,147.000992,18.523325,45.996719,163.399094,6.11856,1.979811,0.67019,12.104112,,568.090698,88.962082,12.753801,20.005268,846.259644,71.975845,47.405972,87611.960938,150.832214,17.674997,66.130684,62.240002,5966.0,84.535561,59.729038,94.135406,58.349998,47.775425,64.239998,33.854336,22.629999,28.011995,481.741699,152.076782,0.128518,1.736646,8.877061,97.980003,54.138599,94.908134,175.429123,92.798569,747.322449,,12.011482,2945.590576,22.17,0.92878,0.87281,184.136993,1.179551,41.732887,80.562279,43.457497,31.147043,125.901825,76.019997,1.271297,49.270927,9.534301,98.127419,12.804909,210.955994,1.35136,4502.799805,89.699997,344.725006,411.929993,0.10928,85.050003,5.4985,2.1576,17.156132,77.14045,49.459999,93.514351,60.95219,54.009998,26.419893,251.007217,92.480629,345.149994,19.741667,130.039398,25.907,35.651699,8.481515,228.699997,12.268151,106.81739,75.742493,132.7146,56.406944,92.372467,60.210945,104.404846,4.242,37.911606,0.5843,54.21727,11.132248,42.415508,1766.300049,48.814659,13.42,11.528551,10.02548,2242.399902,126.194199,254.440659,65.630096,33.665112,621.812317,1.7471,67.549637,37.923161,93.416252,191.499603,15.29,20.515482,80.564056,71.030998,43.637047,65.220001,122.458603,182.166611,685.02948,16.494959,106.420662,85.062866,0.28018,5.5185,0.999707,1.36855,0.78745,7.028,7.7769,89.507896,156.175995,1478.670044,17.904289,10.0265,3.57725,9.1624,1.28443,0.999325,42.848,16.668699,70.199997,80.88884,77.021538,26.190001,33.650002,86.305374,46.049999,141.152557,77.705551,185.69899,75.280312,70.859215,0.212205,39.48867,435.264038,1.861171,451.0,49.029999,304.700012,1063.25,521.75,13.47
2025-12-25,0.343216,,0.114425,,,,,,,,,1.957086,,12.079553,,589.368958,,,,829.424438,,,87234.742188,,,,,,,,,,,,,,,,,0.123545,1.6824,,,,,,,,,11.663635,2903.57959,,,,,,,,,,,,1.213162,,,,,,,,,,,0.108826,,,,,,,,,,,,,,,,,,,,12.055989,,75.677475,,,,,,,,,,,,,,,,,,,,,,,,,,,,,,,,,,119.947121,,,,,,0.278677,,0.999777,,,,,,,,,,,,,0.999379,,,,,,,,,,,,,,,0.209704,,443.477417,1.831836,,,,,,
2025-12-26,0.349582,97.055481,0.118141,44.335464,169.51329,11.366337,146.675095,18.708559,45.845787,163.080124,6.106298,2.044856,0.67056,12.342769,,593.659241,88.99131,12.87797,20.024351,834.15155,71.975845,47.405972,87301.429688,150.677078,17.657171,66.245316,60.639999,5953.0,84.949348,59.826973,94.877014,56.740002,47.648933,64.489998,33.911015,22.700001,28.19278,481.761505,151.900406,0.122013,1.722188,8.819354,98.019997,54.516636,95.065636,175.042206,92.788956,751.833679,,11.710309,2925.745605,22.139999,0.92868,0.87227,183.929993,1.178536,41.811314,80.532448,43.615238,31.324745,126.414093,76.279999,1.227828,49.280624,9.418027,98.146591,12.999055,210.841995,1.350895,4552.700195,91.290001,346.174988,416.73999,0.11163,84.525002,5.7665,2.107,17.08202,77.102203,49.610001,93.601707,60.971916,53.84,26.545612,249.725906,92.43306,350.25,19.683661,129.671494,25.93,35.717373,8.424142,229.824997,12.177103,106.807716,76.832779,133.06221,57.312321,92.314392,60.8666,104.33654,4.366,37.911606,0.583642,54.236404,11.256038,42.597549,1984.699951,48.844402,13.45,11.448769,9.997812,2467.699951,125.764282,253.062073,65.513535,33.674965,621.7724,1.6971,67.549637,37.56126,93.205872,191.549026,15.17,20.544884,80.622475,76.486,44.106987,71.120003,122.195953,181.605469,684.959961,16.494959,106.411003,84.782631,0.279511,5.5195,0.999667,1.3672,0.78805,7.028,7.7761,90.105904,156.089996,1446.52002,17.93207,9.98903,3.57557,9.16949,1.28411,0.999187,42.8545,16.627199,68.480003,80.956329,77.108574,26.139999,33.650002,86.402596,46.110001,141.291367,77.705551,185.857285,75.349129,71.067284,0.213409,39.566788,444.874023,1.842964,450.0,48.720001,303.700012,1058.75,519.0,13.6
2025-12-27,0.369542,,0.11995,,,,,,,,,2.081378,,12.686422,,622.971069,,,,844.554504,,,87802.15625,,,,,,,,,,,,,,,,,0.124224,1.913854,,,,,,,,,12.211022,2947.998291,,,,,,,,,,,,1.316213,,,,,,,,,,,0.115173,,,,,,,,,,,,,,,,,,,,12.497621,,80.190605,,,,,,,,,,,,,,,,,,,,,,,,,,,,,,,,,,124.647713,,,,,,0.28463,,0.999666,,,,,,,,,,,,,0.999285,,,,,,,,,,,,,,,0.220622,,453.496796,1.872853,,,,,,
2025-12-28,0.368502,,0.119791,,,,,,,,,2.073132,,12.636359,,621.391357,,,,858.828796,,,87835.835938,,,,,,,,,,,,,,,,,0.123825,1.848762,,,,,,,,,12.179569,2948.568115,,,,,,,,,,,,1.335027,,,,,,,,,,,0.115299,,,,,,,,,,,,,,,,,,,,12.47721,,78.633163,,,,,,,,,,,,,,,,,,,,,,,,,,,,,,,,,,125.199356,,,,,,0.284914,,0.999757,,,,,,,,,,,,,0.999259,,,,,,,,,,,,,,,0.220068,,453.068542,1.86436,,,,,,
2025-12-29,0.352915,97.171913,0.117235,44.335464,170.599976,11.366337,145.440613,18.680771,46.383484,163.38942,6.081775,1.963394,0.67141,12.357569,,598.325867,88.99131,12.843306,20.014809,851.187561,72.082565,47.357014,87138.140625,150.405594,17.612604,65.930054,61.939999,6242.0,85.315018,59.082684,95.499977,58.080002,47.892193,64.349998,33.977139,22.49,27.859758,479.34787,152.527557,0.12273,1.822235,8.819354,98.040001,54.377361,94.780151,174.945465,92.837021,753.508179,,11.916054,2934.53833,22.1,0.929,0.87216,184.240005,1.177274,41.674065,80.651794,43.398346,31.018705,126.365768,75.879997,1.316888,49.261234,9.321134,97.878098,12.946107,211.167007,1.349728,4343.600098,85.849998,347.0,398.600006,0.112671,84.474998,5.4905,2.1275,17.035702,77.130913,49.380001,93.737587,60.863441,53.470001,26.826056,248.196304,92.461601,352.149994,19.712664,128.687103,25.780001,35.539116,8.500637,228.899994,12.290201,106.95253,78.276489,134.394775,56.350361,92.401512,59.972523,104.482941,4.687,37.940392,0.58261,54.351215,11.202986,42.731682,1648.300049,48.556854,13.34,11.448769,9.979366,2104.800049,125.539536,251.761139,65.639809,33.605999,618.762634,1.7152,67.78273,37.113647,92.727745,191.232819,15.26,20.593897,80.661423,69.856003,44.701599,66.010002,123.125229,181.518402,682.519043,16.432678,106.50769,85.101517,0.284616,5.5425,0.999655,1.36683,0.78924,7.028,7.77088,89.8293,156.462997,1441.329956,17.89646,10.00761,3.57871,9.14177,1.28433,0.998775,42.904079,16.659201,69.610001,81.043091,77.166611,25.860001,33.540001,86.577621,46.009998,140.805527,77.734833,187.618301,75.221329,71.265427,0.21594,39.674198,437.445709,1.847724,442.25,48.779999,298.799988,1049.5,513.0,14.2
2025-12-30,0.351117,97.13311,0.114777,44.543079,171.463501,11.309693,144.245636,18.791912,46.666485,157.764297,6.081775,1.965974,0.66955,12.561643,,595.14624,89.00106,12.916279,20.03389,860.553711,72.053459,47.36681,88430.132812,150.066254,17.612604,66.178444,61.919998,6063.0,85.738403,58.886822,95.213211,57.950001,47.882462,64.32,34.298298,22.639999,27.887505,478.358704,153.252716,0.123276,1.810838,8.848208,98.239998,54.596222,94.93766,175.564545,92.72168,758.147461,,11.864646,2971.416748,22.33,0.92877,0.8714,183.690002,1.177288,41.909348,80.542389,43.59552,31.688328,127.158333,76.550003,1.31955,49.280624,9.330825,97.628769,13.025531,210.755005,1.351099,4386.299805,86.839996,349.549988,398.890015,0.111738,85.449997,5.7275,2.1505,16.943069,77.207428,49.830002,93.640526,60.863441,53.639999,27.038807,246.358765,92.566246,350.200012,19.683661,127.911522,25.969999,35.829956,8.691879,231.175003,12.414363,106.827034,78.761627,135.099655,56.75589,92.401512,60.181145,104.541512,3.972,38.218658,0.58087,54.561684,11.282564,42.942471,1706.699951,48.235413,13.42,11.448769,9.970143,2232.300049,126.057404,253.518356,65.40667,33.610001,617.327515,1.721,67.598198,37.837448,92.632126,190.926483,14.84,20.623302,80.680885,77.374001,44.327564,68.980003,124.93132,180.754089,681.685547,16.54834,106.48835,84.898582,0.286137,5.5691,0.999704,1.36872,0.7887,7.0056,7.77303,89.900002,156.013,1434.709961,17.97216,10.03845,3.58882,9.17517,1.2849,0.998867,42.935699,16.672701,69.739998,80.975616,77.185936,25.469999,33.689999,86.75264,45.990002,140.775787,76.954056,185.995789,75.290138,71.721176,0.210504,39.762081,438.668427,1.875494,440.5,48.93,296.700012,1046.25,510.75,14.33
2025-12-31,0.33283,96.900246,0.110272,44.373211,170.347702,11.262175,142.961777,18.736341,46.848362,156.217896,6.088065,1.926895,0.6698,12.304885,,598.957092,89.01078,12.934524,20.03389,863.257385,71.859421,47.30806,87508.828125,149.44574,17.466516,65.126472,60.849998,6065.0,85.51709,57.887909,94.19474,57.419998,47.75597,64.269997,34.052704,22.360001,27.808224,475.371399,151.60643,0.117294,1.789199,8.731271,98.279999,54.427101,94.534042,173.798645,92.53904,754.650757,,11.460597,2967.037598,22.43,0.93006,0.87224,183.720001,1.174729,41.664261,80.30368,43.35891,31.470404,125.863174,76.230003,1.295499,49.309711,9.388959,96.660248,13.069655,210.610001,1.34672,4341.100098,85.769997,350.25,396.309998,0.106211,85.099998,5.63,2.1206,16.744736,77.130913,49.650002,93.329948,60.508438,54.049999,26.874409,244.501358,92.480629,348.75,19.596651,126.758095,25.950001,35.563496,8.74925,232.0,12.188008,106.373322,76.777306,134.134048,56.953949,92.178871,59.6745,104.551277,3.686,38.026749,0.579149,54.186794,11.31899,42.482578,1629.199951,47.706345,13.25,11.299045,9.875729,2034.5,124.738312,251.935883,65.154099,33.509998,612.224915,1.7054,67.044586,37.279037,91.615471,189.295975,15.01,20.476273,80.651688,70.134003,43.991894,64.419998,124.484467,179.090027,676.63501,16.44788,106.275627,84.222176,0.284271,5.4762,0.999635,1.36947,0.7917,6.9961,7.78066,89.769402,156.412994,1437.910034,17.9788,10.05121,3.5918,9.19474,1.2839,0.998449,42.951981,16.58547,69.160004,80.744217,77.108574,25.639999,33.279999,86.042831,45.84,139.863586,75.981941,183.631271,74.277626,71.344688,0.200651,39.400784,433.271759,1.839973,440.25,48.07,294.5,1030.5,507.0,14.95
2026-01-01,0.356212,,0.120008,,,,,,,,,2.065787,,13.549633,,592.327026,,,,863.054626,,,88731.984375,,,,,,,,,,,,,,,,,0.12668,1.996028,,,,,,,,,12.040455,3000.394287,,,,,,,,,,,,1.485947,,,,,,,,,,,0.114228,,,,,,,,,,,,,,,,,,,,12.586159,,79.843811,,,,,,,,,,,,,,,,,,,,,,,,,,,,,,,,,,126.761124,,,,,,0.286523,,0.999758,,,,,,,,,,,,,0.998745,,,,,,,,,,,,,,,0.208512,,419.580536,1.877936,,,,,,
2026-01-02,0.393758,96.871162,0.127333,44.760128,169.600616,11.461758,144.788803,18.93084,46.877083,160.760513,6.201272,2.16483,0.66783,13.79994,,608.395142,89.049751,13.007496,20.043432,880.844177,71.830322,47.298275,89944.695312,153.963837,17.786083,65.454605,60.75,5871.0,85.3535,59.60173,95.313507,57.32,47.824078,64.010002,33.93766,22.389999,27.897417,478.398315,151.919998,0.141673,2.161198,8.887186,98.419998,55.949192,95.528313,175.515732,92.558289,752.631531,,12.503341,3124.422607,23.58,0.93061,0.87205,184.162994,1.175047,41.723083,80.890503,43.83213,31.896349,126.588074,78.190002,1.501941,49.309711,9.427959,96.039574,13.175553,211.160004,1.347364,4329.600098,85.730003,356.100006,398.279999,0.121548,84.099998,5.64,2.1151,17.150843,77.169151,50.939999,93.252304,61.080383,54.560001,26.806713,247.103714,92.509163,357.299988,19.393625,128.170044,26.1,36.182076,8.730125,236.0,13.263242,106.344353,81.82328,134.346497,58.236561,92.101418,61.830215,104.678162,3.618,37.930798,0.575791,55.090385,11.43737,42.664616,1668.0,48.764484,13.28,11.52862,10.168413,2125.699951,126.096497,250.906769,65.766098,33.740002,611.039001,1.6982,66.005371,37.577499,92.448158,190.580627,14.6,20.495874,80.690643,70.556,45.03727,65.75,132.133667,177.987091,677.875305,16.822319,106.22728,84.096558,0.288772,5.517,0.999979,1.3716,0.79203,6.9961,7.78534,89.961899,156.731003,1443.640015,17.984659,10.05109,3.5847,9.18951,1.2847,0.999672,42.993999,16.5516,68.959999,80.734581,77.137596,25.209999,33.450001,86.071999,46.02,140.89476,75.932854,184.947098,73.992546,72.186836,0.218848,39.43008,424.640106,2.005817,437.5,48.869999,291.0,1029.5,506.5,14.51
2026-01-03,0.389375,,0.127868,,,,,,,,,2.238555,,13.9884,,654.769104,,,,878.639465,,,90603.1875,,,,,,,,,,,,,,,,,0.143058,2.125039,,,,,,,,,12.569274,3125.91748,,,,,,,,,,,,1.494478,,,,,,,,,,,0.120741,,,,,,,,,,,,,,,,,,,,13.231463,,82.052773,,,,,,,,,,,,,,,,,,,,,,,,,,,,,,,,,,133.298477,,,,,,0.295363,,0.999932,,,,,,,,,,,,,0.999635,,,,,,,,,,,,,,,0.222008,,434.481293,2.017407,,,,,,
2026-01-04,0.400091,,0.135829,,,,,,,,,2.337571,,14.227369,,639.076355,,,,894.383667,,,91413.492188,,,,,,,,,,,,,,,,,0.149308,2.13985,,,,,,,,,12.801531,3140.710449,,,,,,,,,,,,1.490114,,,,,,,,,,,0.125178,,,,,,,,,,,,,,,,,,,,13.39876,,82.133148,,,,,,,,,,,,,,,,,,,,,,,,,,,,,,,,,,133.899612,,,,,,0.293874,,0.999874,,,,,,,,,,,,,0.999506,,,,,,,,,,,,,,,0.232537,,418.13266,2.090021,,,,,,
2026-01-05,0.421874,97.055481,0.139613,44.797878,171.007462,11.357212,147.899673,19.199425,47.422722,166.288986,6.194983,2.369118,0.66839,14.457419,,645.681213,89.049751,13.180808,20.06251,910.788391,71.966148,47.36681,93882.554688,157.405716,17.740431,64.750069,61.759998,6077.0,85.084061,62.706188,98.566658,58.32,47.794888,64.650002,34.033524,22.809999,28.105532,484.471863,152.645172,0.151818,2.208401,8.877441,98.269997,56.565983,96.621025,175.779175,92.702446,760.422791,,13.326257,3226.130371,24.52,0.92858,0.87097,183.746994,1.170467,42.203445,82.680771,44.177189,32.480785,126.71373,82.099998,1.571631,49.329102,9.652202,96.553574,13.06083,210.957001,1.343797,4451.5,88.449997,358.975006,408.76001,0.13178,86.150002,5.9245,2.1428,17.113068,77.370049,53.459999,93.533768,60.971916,54.290001,26.564951,251.027069,92.756531,359.350006,19.47097,133.807938,26.32,36.486603,8.89268,235.875,13.917907,106.643616,83.57547,132.627686,58.887302,92.30471,62.257381,104.775772,3.523,38.324207,0.575559,55.609474,11.519324,41.907711,1742.199951,49.353451,13.53,11.548582,9.979584,2269.5,126.721855,253.295059,66.941544,33.91,615.892395,1.72,66.597824,37.567871,90.908646,192.349442,14.73,20.486074,80.719849,76.164001,45.478432,69.080002,137.989975,177.155075,682.390076,16.867981,106.517372,84.51207,0.292133,5.4216,0.999717,1.37467,0.7934,6.9931,7.79056,90.007004,156.988998,1440.47998,17.91116,10.05461,3.59509,9.22641,1.28785,0.999919,43.011189,16.4965,70.220001,80.908119,77.214958,25.57,33.470001,86.266472,46.34,142.084595,75.058922,182.760651,75.820984,72.523689,0.252958,39.478905,436.677124,2.348797,444.5,49.470001,294.899994,1047.25,512.5,14.9
2026-01-06,0.419626,97.036079,0.142385,44.090096,170.590271,11.680349,150.803177,19.069761,50.141342,170.106705,6.169826,2.535698,0.67134,14.592728,,639.310303,89.059502,13.080469,20.072052,917.507263,71.966148,47.425541,93729.03125,157.696579,17.649126,65.724846,60.700001,5954.0,83.842735,64.292686,103.82328,57.130001,47.81435,65.059998,34.934696,22.799999,28.184814,489.259521,153.634888,0.150633,2.23412,8.984634,98.580002,56.98381,96.768692,176.579193,92.606331,776.221741,,13.362103,3295.946777,24.5,0.92792,0.86557,183.479996,1.171495,42.281876,82.621094,44.413795,32.797768,130.927856,80.550003,1.592398,49.329102,9.817945,97.872505,12.901982,211.957993,1.3534,4496.100098,92.139999,362.174988,413.179993,0.128849,85.675003,6.0105,2.083,17.245285,77.389175,52.450001,93.465836,60.843719,54.080002,27.174194,254.354492,92.794571,373.850006,19.664324,135.050873,26.450001,37.723755,9.026546,236.625,14.041693,106.643616,83.9468,133.419495,58.764702,92.256317,62.297115,104.853867,3.35,38.717621,0.57863,55.196121,11.382732,42.520901,1865.599976,49.882526,13.54,11.808102,10.22506,2434.0,124.542885,262.440491,67.242683,34.139999,621.304016,1.7006,67.617622,37.375317,91.111977,194.671692,14.76,20.623302,80.729584,80.529999,46.648479,73.709999,141.098419,180.241333,686.448425,16.776657,106.440002,84.33812,0.294025,5.4075,0.999649,1.37725,0.7921,6.988,7.7856,90.233002,156.626007,1445.560059,17.915701,10.0368,3.59425,9.1746,1.28286,0.999542,43.0392,16.35973,68.510002,80.927406,77.214958,25.26,34.330002,86.898499,46.560001,142.917465,74.764351,183.68074,78.543968,72.652496,0.244017,39.742554,441.038452,2.306901,444.0,49.0,294.700012,1042.0,510.5,14.75
2026-01-07,0.40189,97.13311,0.136187,44.354336,164.40004,11.49027,142.487747,18.690035,49.94989,165.080826,6.13838,2.431808,0.6737,14.109506,,629.065002,89.078972,12.742969,20.072052,899.414307,72.043755,47.51366,91308.054688,148.912476,17.30217,63.823547,59.959999,5915.0,81.879692,62.392799,100.877586,55.990002,47.804626,64.849998,34.829247,22.59,28.0758,484.659821,151.763199,0.146255,2.14312,8.760505,98.68,56.556034,96.404449,179.028,92.423729,764.884583,,12.870075,3166.843994,23.68,0.92997,0.86571,183.126007,1.168825,42.409317,82.471901,43.86171,32.391636,129.400711,79.230003,1.517962,49.329102,9.730199,98.599854,12.531337,211.511993,1.350056,4462.5,91.059998,359.600006,409.230011,0.123431,84.800003,5.809,2.0567,16.801405,77.370049,51.540001,93.640526,60.478855,54.200001,25.539875,253.75856,92.766045,375.450012,19.635321,130.089127,26.1,37.209862,8.940491,234.524994,13.428935,106.720848,81.628616,130.339172,57.293457,92.285355,61.472584,105.078377,3.525,38.851959,0.578198,55.128838,11.164185,43.249065,1767.199951,48.884277,13.41,11.568546,10.064557,2253.399902,123.995705,257.93573,66.494675,33.970001,621.902039,1.6945,67.976982,37.904842,89.01088,192.487793,14.98,20.466469,80.719849,77.135002,45.900417,70.959999,136.313019,177.967743,684.235657,16.475279,106.604385,84.83094,0.297905,5.372,0.999794,1.38155,0.7955,6.9834,7.7869,90.1661,156.679993,1444.959961,17.9834,10.04987,3.5983,9.20035,1.28055,0.999013,43.0406,16.354879,67.790001,80.937035,77.185936,25.68,33.639999,86.052559,46.84,142.32254,74.322487,183.670837,76.410805,72.06794,0.234008,39.195724,436.39386,2.167125,446.75,48.82,301.5,1052.75,518.0,15.38
2026-01-08,0.395645,96.958473,0.134383,44.882812,165.263565,11.8039,144.374039,19.245735,50.993309,169.865082,6.257876,2.456058,0.67221,13.878828,,631.599731,89.078972,13.126079,20.081593,891.753723,71.917625,47.51366,91027.125,150.570419,17.804344,64.711464,61.990002,6077.0,81.3312,63.342751,104.636574,57.759998,47.804626,64.459999,35.529087,22.879999,28.026249,487.201996,149.862106,0.141995,2.109905,8.926166,98.93,56.575932,96.414299,179.398758,92.279549,770.134583,,12.606625,3104.382568,23.450001,0.9314,0.86757,183.026993,1.167679,42.458336,82.412231,43.97015,32.569939,131.788086,79.120003,1.496053,49.348488,9.876445,99.69574,12.910807,210.910004,1.345931,4460.700195,91.540001,362.475006,411.48999,0.120508,85.875,5.7465,2.1195,17.198063,77.427444,51.52,93.359077,60.823994,53.720001,25.762297,256.529755,92.84214,372.350006,19.935024,132.883194,26.209999,37.895058,8.97874,235.274994,13.215399,106.42157,81.247337,133.776749,58.913105,92.18856,61.869949,104.96125,3.407,39.52364,0.577391,56.032436,11.492007,42.808334,1781.099976,49.283577,13.56,11.907917,10.527186,2251.699951,125.451599,263.217163,66.426674,33.990002,618.364014,1.7603,68.58886,38.858002,91.160393,194.138062,14.97,20.642904,80.690643,74.716003,46.897839,69.709999,138.293427,178.964249,684.166199,16.65793,106.391655,84.405777,0.294725,5.3839,0.999839,1.38579,0.79765,6.9965,7.786,89.864403,156.731003,1446.140015,17.978201,10.07794,3.60385,9.18306,1.28255,0.999179,43.036598,16.44664,70.540001,80.77314,77.156937,25.34,34.610001,86.820709,47.09,142.421707,73.723503,184.323822,78.819214,72.820923,0.230192,39.48867,451.753418,2.122097,446.0,49.029999,300.399994,1047.0,518.0,15.45
2026-01-09,0.390703,97.171913,0.13308,45.326351,163.497711,11.860922,144.008636,19.116072,51.663391,170.01973,6.270455,2.582678,0.670107,13.772606,,633.743591,89.098457,13.080469,20.091131,895.469238,72.072868,47.523449,90513.101562,152.819748,17.758692,65.609032,63.34,5345.0,80.513275,64.057655,107.294647,59.119999,47.6684,64.410004,36.123474,22.9,28.244276,489.665039,155.3694,0.14048,2.080213,9.013867,99.129997,56.844536,97.270737,179.574356,92.615959,788.327087,,12.594231,3083.047119,23.190001,0.9316,0.86758,182.888,1.165787,42.55637,84.152771,44.157471,32.748241,134.542709,78.589996,1.48399,49.367878,9.856946,98.570755,12.857857,210.772995,1.343801,4500.899902,92.559998,360.725006,414.470001,0.120103,85.300003,5.8555,2.135,17.415283,77.484833,51.16,93.465836,60.942329,53.18,25.626911,258.476562,92.937279,357.649994,19.732,133.887482,26.347,37.923607,9.016987,233.725006,13.117958,106.807716,81.369362,131.227524,57.95647,92.740341,61.810345,105.088142,3.169,39.379707,0.575089,55.91708,11.43737,42.415508,1853.0,50.042248,13.56,12.297194,10.838753,2278.300049,126.438477,270.042236,67.106682,34.139999,624.523071,1.7806,67.714745,39.243118,91.983406,195.264587,14.89,20.711519,80.661423,78.884003,47.367775,72.379997,135.756393,178.683685,688.690857,16.648798,106.536697,84.966225,0.297968,5.3866,0.999737,1.38641,0.79901,6.9835,7.792,89.905403,156.880005,1450.079956,17.962299,10.0783,3.61205,9.217,1.2851,0.998727,43.128899,16.51206,70.779999,80.898491,77.137596,24.98,34.509998,86.995728,47.139999,143.363647,73.546753,184.096252,79.733429,74.91143,0.227919,39.54726,450.927185,2.091641,445.75,49.259998,300.0,1048.5,517.25,14.49
2026-01-10,0.387918,,0.133632,,,,,,,,,2.568611,,13.719739,,642.935242,,,,906.112488,,,90386.648438,,,,,,,,,,,,,,,,,0.139473,2.090097,,,,,,,,,12.534234,3082.395996,,,,,,,,,,,,1.480318,,,,,,,,,,,0.117724,,,,,,,,,,,,,,,,,,,,13.129127,,81.121048,,,,,,,,,,,,,,,,,,,,,,,,,,,,,,,,,,135.727005,,,,,,0.301768,,0.999714,,,,,,,,,,,,,0.998667,,,,,,,,,,,,,,,0.226188,,471.557434,2.088018,,,,,,
2026-01-11,0.390285,,0.132073,,,,,,,,,2.569358,,13.677189,,647.779358,,,,902.750793,,,90827.460938,,,,,,,,,,,,,,,,,0.137737,2.066166,,,,,,,,,12.343557,3118.885254,,,,,,,,,,,,1.454132,,,,,,,,,,,0.117204,,,,,,,,,,,,,,,,,,,,13.174175,,78.689507,,,,,,,,,,,,,,,,,,,,,,,,,,,,,,,,,,139.490463,,,,,,0.299273,,0.999831,,,,,,,,,,,,,0.998554,,,,,,,,,,,,,,,0.224186,,558.527344,2.071065,,,,,,
2026-01-12,0.385905,97.123398,0.12894,45.684967,166.427872,11.813403,142.12236,19.004932,52.036724,168.453949,6.276744,2.479394,0.66858,13.501554,,621.342529,89.108192,13.062225,20.091131,905.417664,72.004951,47.562618,91192.992188,151.811432,17.49391,64.576347,63.869999,5443.0,81.78347,64.449387,106.094543,59.5,47.81435,64.910004,36.334385,23.190001,28.591135,490.535522,154.703018,0.13654,2.05233,9.043102,98.860001,57.640396,97.861397,178.725571,92.53904,772.084839,,12.248922,3092.325195,23.440001,0.93166,0.86778,183.820007,1.162372,42.968109,84.829102,44.453232,32.619465,135.673584,79.690002,1.462574,49.367878,10.02269,98.725937,12.769609,211.815994,1.339423,4614.700195,95.720001,362.049988,422.230011,0.114975,84.425003,5.985,2.1544,17.320839,77.523109,51.869999,93.34935,60.991634,53.400002,25.762297,259.738007,92.927765,356.049988,19.915688,133.211334,26.51,36.952919,9.160418,235.25,13.068761,106.682228,76.050217,129.61496,57.482891,92.595146,63.836914,104.980774,3.409,39.590805,0.572981,56.609196,11.519324,42.578384,1921.300049,50.391632,13.76,12.26725,10.763222,2359.600098,126.106262,271.061646,67.330109,34.220001,625.04126,1.7938,68.171234,38.55954,91.28627,195.442474,14.84,20.731123,80.661423,84.610001,46.677254,77.230003,139.136185,178.819138,689.7724,16.530073,106.536697,84.714981,0.299466,5.3703,1.000025,1.39139,0.801526,6.9772,7.79415,90.236,158.149002,1455.23999,17.97411,10.08205,3.62204,9.21615,1.28724,0.999028,43.1054,16.47452,71.650002,80.82135,77.11824,25.030001,34.25,87.112404,47.330002,144.008133,74.31266,184.689865,77.246368,75.129395,0.219227,39.664436,634.730835,2.052545,421.5,49.82,294.600006,1033.0,511.25,15.12
2026-01-13,0.421419,97.210716,0.138411,46.270065,168.785599,11.775389,141.460693,18.967884,52.304756,163.544083,6.201272,2.630281,0.670781,14.73781,,615.987915,89.117935,12.980131,20.091131,942.460083,72.063156,47.523449,95321.78125,150.521927,17.210865,64.006927,65.470001,5224.0,83.534805,64.135994,107.502914,61.150002,47.775425,64.879997,36.171406,23.370001,28.551495,486.618408,157.486053,0.148095,2.281716,9.218508,99.129997,57.21262,97.30027,180.345108,92.423729,789.272705,,13.275815,3322.095459,24.219999,0.93023,0.86639,184.322006,1.166698,42.713223,83.993637,44.344788,32.322296,135.799225,82.330002,1.573209,49.377571,10.04219,99.007172,12.690185,212.725998,1.346566,4599.100098,96.470001,366.274994,421.630005,0.122142,84.625,5.97,2.2384,17.481392,77.523109,53.57,93.465836,60.646492,53.040001,25.365805,259.588989,92.956314,360.25,19.877016,129.343384,26.51,36.734035,9.246477,237.25,14.042168,106.913925,78.123917,129.817734,57.482891,92.633865,63.101784,105.019806,3.419,39.936241,0.577321,56.936024,11.328095,42.693359,1900.400024,50.65118,13.86,12.32714,10.791546,2333.800049,127.239708,271.673248,66.39753,34.200001,624.114441,1.8265,67.947845,39.137211,91.441177,195.442474,14.89,20.838943,80.680885,85.876999,46.763565,78.599998,145.36087,178.383759,688.39325,16.329155,106.6334,84.85994,0.307022,5.3737,0.999578,1.38757,0.79736,6.9731,7.7964,90.132698,157.985992,1464.930054,17.9091,10.06558,3.60819,9.16638,1.28559,0.999366,43.1418,16.374599,73.480003,80.985245,77.19561,25.629999,33.740002,87.598587,47.029999,143.472702,75.540077,186.243134,79.212425,74.960968,0.238192,39.96714,680.161255,2.163798,419.75,50.779999,286.399994,1023.25,510.5,15.98
2026-01-14,0.414547,97.356232,0.136586,46.354996,172.200882,11.727868,142.270493,19.33835,53.74065,164.230301,6.289323,2.583576,0.66836,14.6198,,597.933105,89.127693,13.199051,20.072052,949.108887,72.208687,47.591988,96929.328125,153.876572,17.603476,64.055176,66.519997,5090.0,85.324631,64.204552,107.205376,62.02,47.950573,64.989998,37.101341,23.389999,28.650597,486.262238,156.06514,0.147223,2.226057,8.984634,99.129997,57.451382,97.753113,181.632935,92.615959,787.017151,,13.204228,3354.722656,25.59,0.93259,0.86711,185.324005,1.164253,42.634796,84.580452,44.640549,32.847294,139.878036,85.120003,1.591051,49.387268,10.305431,98.939285,12.901982,213.707993,1.342678,4635.700195,96.860001,364.75,425.940002,0.123442,85.699997,6.009,2.2819,17.207506,77.523109,55.439999,93.659943,60.962051,53.25,25.868673,261.416595,92.98484,356.0,19.954359,131.332047,26.67,36.419987,9.284724,235.149994,14.114401,107.184212,76.741356,131.584824,58.979401,92.769386,63.131588,105.195503,3.12,40.252892,0.573931,57.974201,11.546644,42.444252,1886.900024,50.601265,13.88,12.00773,10.564953,2367.100098,129.184189,279.381805,66.46553,34.23,617.447144,1.8304,67.908997,39.426044,90.60849,196.331818,14.68,21.044785,80.700394,90.869003,46.101822,84.559998,146.752808,179.680176,685.009521,16.575737,106.74942,85.35276,0.304737,5.3713,0.999742,1.38865,0.80101,6.9775,7.80078,90.273003,159.179001,1473.01001,17.823601,10.08523,3.61726,9.22159,1.28887,0.999941,43.152401,16.38579,72.610001,81.081657,77.224625,26.26,33.59,88.357018,47.07,143.373566,75.530258,186.698227,78.543968,75.991356,0.236244,40.416321,713.443176,2.139742,422.0,50.759998,287.200012,1030.5,512.5,16.75
2026-01-15,0.393482,97.230118,0.12801,46.336124,176.149826,11.813403,142.35936,19.440229,54.812778,163.892014,6.345927,2.475733,0.66828,13.81953,,592.210144,89.127693,13.317634,20.072052,930.878357,72.101959,47.572407,95551.1875,155.912613,17.804344,64.769363,63.759998,4966.0,86.998985,64.752975,108.207108,59.189999,47.931114,64.709999,37.523163,23.200001,28.601046,489.13092,157.348877,0.139995,2.117048,9.062592,99.32,57.789623,97.71373,181.915894,92.654396,789.775085,,12.639159,3317.101318,24.83,0.93131,0.86641,184.473999,1.164632,42.389713,84.958397,44.453232,33.04541,142.207413,82.989998,1.503879,49.387268,10.315181,98.725937,12.937281,212.897995,1.344267,4623.700195,97.110001,368.424988,423.329987,0.117722,87.800003,5.948,2.2083,17.443615,77.523109,54.0,93.465836,60.991634,53.220001,26.168459,263.720978,92.98484,358.100006,20.089708,130.576355,26.58,36.372406,9.552459,236.050003,13.784298,107.049057,72.12104,132.268433,60.807404,92.604805,63.171326,105.156464,3.128,40.502377,0.574482,58.36832,11.592175,42.616711,1859.0,51.320004,13.77,12.107546,10.848194,2390.0,129.711807,284.488525,67.961548,34.32,619.669617,1.7838,67.841003,39.503071,91.692917,197.201431,14.57,21.162411,80.64196,91.875999,46.629299,83.32,142.332443,176.381073,686.875061,16.75839,106.585045,85.333412,0.311977,5.3961,0.999774,1.38846,0.79972,6.973,7.7977,90.183197,158.401993,1462.900024,17.7855,10.05381,3.6149,9.19285,1.28753,0.999644,43.169601,16.38876,71.129997,80.956329,77.176277,25.48,33.639999,88.969597,47.310001,143.70076,75.530258,186.173874,79.09446,76.050804,0.228289,40.719028,677.922607,2.078129,420.25,52.970001,289.200012,1053.0,510.5,15.84
2026-01-16,0.395534,97.065193,0.130275,46.543739,178.109756,11.765883,142.092728,19.356873,55.415852,164.007996,6.383662,2.492244,0.670421,13.58515,,599.531799,89.166641,13.25378,20.091131,937.53186,71.98555,47.523449,95525.117188,158.520691,17.91391,65.580063,64.129997,5076.0,87.441628,64.263321,107.066521,59.439999,47.882462,64.660004,37.973751,23.16,28.452391,488.259155,160.3181,0.138059,2.119089,9.072337,99.389999,57.570759,97.979523,183.379318,92.471786,789.735718,,12.760825,3295.482178,24.879999,0.93267,0.8675,184.108994,1.160901,42.487743,85.018074,44.541962,32.857201,143.889175,83.230003,1.5191,49.406654,10.432178,100.539459,12.804909,212.218994,1.338133,4595.399902,97.239998,361.924988,421.290009,0.118621,88.275002,5.7885,2.2376,17.556948,77.570938,54.240002,93.10672,61.376225,52.849998,26.739021,263.969299,93.060951,355.299988,20.360405,130.675766,26.4,35.877541,9.590708,232.149994,13.72749,106.740143,75.264626,133.879776,60.580093,92.517685,62.108368,105.039337,3.103,40.914982,0.57436,59.041203,11.482901,42.846661,1805.199951,51.479725,13.73,12.26725,10.782104,2303.800049,130.161285,285.323456,68.301544,34.32,619.151367,1.7852,69.414413,39.474182,91.818802,196.697449,14.96,21.427061,80.622475,88.091003,46.581348,81.019997,144.860474,178.906204,686.2995,16.950176,106.381989,84.840607,0.309362,5.3679,0.999752,1.38884,0.80342,6.966,7.7974,90.361603,158.595993,1468.839966,17.653299,10.1069,3.62615,9.21297,1.28789,0.999513,43.272202,16.3302,71.650002,80.77314,77.137596,25.6,33.650002,90.058617,47.48,143.70076,77.032608,189.339767,78.848709,76.040894,0.22617,41.21703,619.83667,2.068218,424.75,52.610001,290.0,1057.75,518.0,15.86
2026-01-17,0.39667,,0.131363,,,,,,,,,2.565783,,13.733806,,593.822388,,,,947.044556,,,95099.921875,,,,,,,,,,,,,,,,,0.137792,2.177091,,,,,,,,,12.847965,3308.864258,,,,,,,,,,,,1.549201,,,,,,,,,,,0.118672,,,,,,,,,,,,,,,,,,,,13.735366,,74.838974,,,,,,,,,,,,,,,,,,,,,,,,,,,,,,,,,,143.725677,,,,,,0.318453,,0.99974,,,,,,,,,,,,,0.999574,,,,,,,,,,,,,,,0.230564,,586.641907,2.062373,,,,,,
2026-01-18,0.375693,,0.122862,,,,,,,,,2.427838,,12.995943,,591.777466,,,,932.59137,,,93634.429688,,,,,,,,,,,,,,,,,0.131659,2.06777,,,,,,,,,12.248404,3281.157715,,,,,,,,,,,,1.451815,,,,,,,,,,,0.111974,,,,,,,,,,,,,,,,,,,,13.329925,,72.257195,,,,,,,,,,,,,,,,,,,,,,,,,,,,,,,,,,137.995422,,,,,,0.317738,,0.999919,,,,,,,,,,,,,0.999623,,,,,,,,,,,,,,,0.218191,,573.143677,1.992658,,,,,,
2026-01-19,0.370125,,0.120809,,,,,,,,,2.454567,0.66876,12.721201,,583.824036,,,,922.495056,,,92553.59375,,,,,,,,,,,,,,,,,0.129067,2.028562,,,,,,,,,12.025489,3186.621094,,0.92844,0.86723,183.123001,1.162493,,,,,,,1.384438,,,,,211.139999,1.340429,,,,,0.110805,,,,,,,,,,,,,,,,,,,,12.877442,,70.720749,,,,,,,,0.576339,,,,,,,,,,,,,,,,,,,,,,,,,,133.338699,,,,,,0.31174,5.3677,0.999848,1.38994,0.79872,6.9681,7.79724,90.702003,157.535004,1471.579956,17.63265,10.07168,3.63113,9.20086,1.28675,0.999376,43.268269,16.408001,,,,,,,,,,,,,0.215518,,622.252014,1.986381,,,,,,
2026-01-20,0.350428,96.696526,0.114269,46.213444,172.46286,11.585309,136.917801,19.116072,55.061665,157.69664,6.301902,2.292578,0.670988,12.084134,,572.516113,89.166641,13.071347,20.060446,884.675476,71.723602,47.376595,88310.90625,149.222748,17.676517,63.340988,64.919998,4648.0,83.534805,60.532082,103.168686,60.34,47.78516,64.339996,37.273903,23.48,28.501944,479.808441,156.417923,0.123267,1.896892,8.945656,98.639999,57.013657,96.493042,181.213425,92.010429,772.419739,,11.516645,2935.605713,22.67,0.92864,0.86736,184.102997,1.163914,41.703476,83.267586,44.068741,33.302956,140.660934,77.980003,1.310972,49.396957,10.237185,99.50177,12.672534,212.237,1.341832,4765.799805,102.779999,362.625,437.230011,0.105567,87.849998,5.773,2.3385,17.226397,77.370049,50.759998,92.7379,61.257889,51.73,26.390882,260.810669,92.84214,346.5,20.273396,122.204025,26.41,35.106697,9.399467,232.375,12.11368,106.093353,67.062454,131.272308,59.793957,92.120781,61.244099,104.668419,3.907,40.962955,0.579351,59.233459,11.309883,43.153252,1890.900024,50.431564,13.93,11.887954,10.640485,2431.5,127.816216,276.86734,65.766098,34.080002,605.996155,1.8238,68.501442,38.116657,90.511665,193.762558,14.72,21.074192,80.632217,94.206001,45.133175,85.389999,125.705727,178.325729,672.328674,16.639664,106.062904,83.729378,0.296782,5.3687,0.999577,1.3874,0.79789,6.9681,7.7967,90.904503,158.177002,1471.52002,17.577101,10.06178,3.6259,9.20289,1.28522,0.998724,43.2761,16.370819,71.860001,80.483917,77.127914,28.459999,32.689999,88.386185,46.860001,141.241791,76.767494,185.995789,76.204361,74.44577,0.207115,40.426086,503.264496,1.889582,423.75,52.560001,291.600006,1053.0,510.25,20.09
2026-01-21,0.365697,97.016678,0.117486,46.279503,172.870361,11.832411,137.796753,19.430965,55.951923,156.904114,6.364795,2.378847,0.67317,12.402188,,584.40271,89.176376,13.226417,20.022089,882.558289,71.927338,47.415756,89376.960938,151.220016,17.804344,63.63052,65.239998,4448.0,83.881226,61.129471,107.671524,60.619999,47.853275,64.300003,37.369774,23.75,28.928085,485.666473,155.810364,0.12648,1.949451,9.257486,98.760002,57.958744,97.487312,180.003647,92.750511,783.530273,,11.648679,2978.901123,22.879999,0.92598,0.8725,185.481995,1.172787,41.97797,84.321854,44.522243,34.689754,140.554611,78.489998,1.346664,49.435749,10.500426,99.365997,12.760784,212.563995,1.344086,4837.5,101.290001,363.225006,443.600006,0.109175,87.849998,5.7295,2.4305,17.641947,77.599632,51.110001,92.980545,61.603031,51.549999,26.593964,265.985626,93.099007,347.5,20.22506,123.625931,26.209999,34.792652,9.428153,233.100006,12.386194,106.730492,68.420143,132.209839,60.599037,92.401512,62.078568,104.931961,4.875,40.991745,0.58273,59.396877,11.51022,42.827496,1865.199951,51.559586,14.08,12.39701,10.933167,2480.399902,128.138657,280.284698,66.786102,34.27,614.188232,1.8574,68.977356,38.222565,92.9226,197.043304,14.74,21.1134,80.67115,92.209999,45.22908,83.959999,129.379074,179.148087,680.088074,16.776657,106.478676,84.367119,0.299051,5.3743,0.999742,1.3833,0.7895,6.9599,7.7992,91.118401,158.162003,1477.780029,17.591999,9.99326,3.6008,9.12199,1.28379,0.999072,43.289398,16.410299,73.339996,80.802071,77.19561,25.84,32.970001,88.736229,46.91,142.897629,76.37471,184.01712,78.219566,75.773392,0.212266,40.572556,521.621765,1.945558,421.75,54.009998,291.399994,1064.5,507.75,16.9
2026-01-22,0.358897,97.036079,0.11845,46.411621,171.686646,11.841916,137.994278,19.356873,55.607307,156.111572,6.283033,2.330321,0.675479,12.174767,,598.749756,89.186119,13.226417,20.041267,886.972351,71.956444,47.454922,89462.453125,150.192291,17.530432,63.119007,64.059998,4469.0,82.938202,61.060921,104.725838,59.360001,47.824078,63.880001,37.053406,23.74,29.225393,488.526306,155.526199,0.124207,1.924348,9.354934,98.360001,58.396469,97.871239,175.564529,92.731293,780.851196,,11.559103,2949.633301,22.17,0.92954,0.86981,184.960007,1.167297,42.252464,84.401421,44.433514,35.610985,138.95015,77.830002,1.31651,49.455139,10.588172,98.590157,12.760784,212.619995,1.34194,4913.399902,105.169998,363.725006,451.790009,0.108059,88.474998,5.7425,2.3668,17.764719,77.657028,50.669998,92.970848,61.987617,51.799999,26.129778,267.972137,93.156082,347.700012,20.070374,122.780746,26.360001,33.879055,9.389906,232.375,12.242456,106.93322,68.125671,131.506699,60.778996,92.314392,62.366657,104.922195,5.045,40.406418,0.583819,58.49329,11.482901,41.43824,1910.300049,51.579548,14.09,12.117528,10.942609,2561.800049,123.770966,278.226501,67.417542,34.389999,618.653015,1.8172,68.82196,37.904842,93.329262,197.300232,14.96,20.858549,80.64196,95.975998,44.61528,87.129997,128.288345,179.080353,683.640259,16.776657,106.372322,84.734322,0.30498,5.3188,0.999694,1.38432,0.79639,6.9637,7.7971,91.536903,158.455994,1464.829956,17.4825,9.96524,3.60681,9.11489,1.28529,0.99897,43.295799,16.262711,71.82,80.82135,77.185936,25.219999,32.5,87.861115,47.299999,143.690842,75.196404,180.020187,76.892487,76.060707,0.211361,40.172203,515.970764,1.921674,424.0,53.779999,296.200012,1064.0,515.5,15.64
2026-01-23,0.360099,97.123398,0.12004,46.47768,173.433121,11.708859,134.616745,19.245735,57.138924,150.670074,6.239008,2.36467,0.684051,12.11839,,594.858765,89.21534,13.135199,20.022089,890.766418,72.03405,47.435337,89503.875,145.897202,17.384344,63.205868,65.879997,4201.0,83.332733,60.013042,103.932388,61.07,47.843544,63.810001,36.660339,24.18,29.096561,485.795135,155.967148,0.124646,1.924222,9.228252,97.599998,58.764557,98.412674,176.745041,92.961967,779.383484,,11.657368,2953.256348,22.200001,0.92743,0.87059,186.289993,1.175461,42.624992,84.103043,44.926453,36.244949,136.785095,77.919998,1.311931,49.445442,10.539425,98.696838,12.769609,213.972,1.350129,4979.700195,107.019997,364.799988,458.0,0.109378,88.349998,5.911,2.4285,17.660833,77.618767,50.700001,93.126122,62.165123,51.240002,26.294178,263.025696,93.108521,350.899994,20.263729,120.56337,26.32,33.869537,9.242902,234.899994,12.208968,107.000793,68.040298,132.610214,60.665337,92.498329,62.326923,105.039337,5.275,40.55035,0.59167,58.387543,11.364519,41.869385,2010.0,51.010548,14.34,12.017713,10.734898,2722.100098,124.239983,274.391632,66.990112,34.389999,620.606384,1.851,69.093903,38.444,92.496567,196.420761,14.73,20.907557,80.67115,100.925003,44.020672,92.910004,127.36158,178.722382,683.888367,16.603134,106.585045,84.966225,0.297496,5.2837,0.99965,1.37841,0.789,6.9726,7.79674,91.558296,158.501007,1463.26001,17.4681,9.8478,3.5703,9.00238,1.2801,0.998688,43.339901,16.125799,73.949997,80.879189,77.224625,25.68,32.139999,88.036148,47.279999,143.968475,75.598984,181.721848,76.0569,76.278679,0.211997,40.279613,512.020386,1.919532,430.5,53.990002,299.899994,1067.75,529.5,16.09
2026-01-24,0.358163,,0.11838,,,,,,,,,2.329938,,12.037258,,593.449646,,,,886.179626,,,89110.734375,,,,,,,,,,,,,,,,,0.124096,1.926673,,,,,,,,,11.577178,2948.740723,,,,,,,,,,,,1.315318,,,,,,,,,,,0.108461,,,,,,,,,,,,,,,,,,,,12.193202,,68.115677,,,,,,,,,,,,,,,,,,,,,,,,,,,,,,,,,,127.053818,,,,,,0.29505,,0.999719,,,,,,,,,,,,,0.998476,,,,,,,,,,,,,,,0.211483,,502.985168,1.91313,,,,,,
2026-01-25,0.338705,,0.114525,,,,,,,,,2.235332,,11.484868,,571.171997,,,,864.726746,,,86572.21875,,,,,,,,,,,,,,,,,0.119299,1.821654,,,,,,,,,11.121826,2815.902344,,,,,,,,,,,,1.249827,,,,,,,,,,,0.103106,,,,,,,,,,,,,,,,,,,,11.505538,,67.172829,,,,,,,,,,,,,,,,,,,,,,,,,,,,,,,,,,118.772858,,,,,,0.29546,,0.999807,,,,,,,,,,,,,0.99893,,,,,,,,,,,,,,,0.203039,,449.314362,1.833026,,,,,,
2026-01-26,0.351998,97.268913,0.12207,46.553177,174.122009,11.604317,129.925766,18.847481,54.717052,144.677689,6.301902,2.217358,0.6914,11.715733,,578.642944,89.21534,12.961887,19.983732,878.744507,72.121361,47.51366,88267.140625,145.49971,17.49391,62.510979,65.589996,4348.0,83.958206,59.944489,104.795273,60.630001,47.882462,62.970001,36.094715,24.290001,29.037096,488.892456,158.328812,0.1223,1.874388,9.208762,97.040001,58.864037,98.904884,173.310822,93.058083,794.237,,11.38672,2926.457031,21.9,0.92243,0.86788,183.994995,1.185846,42.977913,84.172661,45.182785,36.264763,135.402939,76.260002,1.267375,49.455139,10.68567,98.502869,12.637235,211.981003,1.366251,5082.5,107.480003,366.700012,464.700012,0.106515,88.300003,5.984,2.568,17.689167,77.657028,49.650002,93.262001,62.520126,51.439999,26.013731,262.201294,93.156082,356.25,20.157383,117.978088,26.360001,33.450813,9.223688,236.024994,11.942946,107.087677,69.738861,131.799683,60.419083,92.69194,62.247448,105.088142,6.8,40.483181,0.59604,58.060711,11.200608,42.156818,2169.899902,51.030514,14.42,11.887954,10.527186,2852.399902,123.536461,270.624756,66.523827,34.389999,623.337097,1.8201,69.229881,37.943356,92.622452,196.885223,14.79,20.858549,80.700394,115.080002,43.052021,98.339996,124.139725,179.302872,687.361206,16.557472,106.730087,85.372055,0.296381,5.2889,0.999503,1.37019,0.77787,6.9726,7.79472,91.500999,155.166,1444.810059,17.37048,9.74023,3.54769,8.91106,1.27112,0.9989,43.386398,16.04632,73.480003,80.956329,77.253647,25.629999,31.84,87.919456,47.639999,144.603043,74.901817,181.672394,75.201668,76.120155,0.20724,40.250324,460.631226,1.903497,428.25,53.889999,294.299988,1061.75,522.5,16.15
2026-01-27,0.360304,97.200996,0.121879,46.977844,174.713852,11.290685,130.083771,18.791912,55.655167,144.378067,6.364795,2.242364,0.691472,12.118824,,599.886414,89.225082,12.980131,19.964552,897.665527,72.063156,47.503868,89102.570312,143.890259,17.658257,62.94529,67.57,4433.0,83.477074,59.072891,103.436478,62.389999,47.931114,63.830002,35.816692,24.620001,29.601984,484.934235,159.886917,0.12601,1.874989,9.013867,96.220001,60.027988,100.499641,174.208389,93.019615,797.388916,,11.566505,3022.210938,22.83,0.92301,0.8682,183.270004,1.187648,43.428867,85.376122,45.843323,37.532692,135.112976,77.830002,1.270765,49.464832,10.69542,98.415588,12.548986,211.082001,1.367746,5082.600098,109.290001,366.850006,476.100006,0.108059,89.050003,5.8285,2.6462,17.547501,77.647461,50.630001,93.155258,63.535831,51.689999,25.888016,262.946259,93.146584,367.25,20.244394,115.343102,26.59,33.308064,9.39663,235.600006,12.035913,106.971832,69.964523,131.575058,61.186275,92.682259,62.873299,105.156464,6.954,40.463989,0.59707,58.56057,11.173292,41.37117,1861.800049,51.080425,14.62,11.608472,10.253385,2513.199951,125.754509,269.605377,66.776398,34.560001,628.987854,1.8652,69.239594,37.952984,91.111977,196.578873,14.83,20.868351,80.719849,105.523003,43.071205,101.589996,127.054794,178.557907,690.099854,16.676195,106.739754,84.840607,0.294245,5.2791,0.999642,1.3712,0.77724,6.9542,7.79716,91.713097,154.335999,1440.97998,17.3554,9.77167,3.54031,8.93782,1.2701,0.998637,43.381802,16.014999,75.660004,80.946686,77.292336,26.09,32.09,87.890289,48.0,145.80278,74.577782,181.53389,75.054214,76.229141,0.208278,40.279613,469.657715,1.913935,426.5,54.41,294.0,1067.25,523.25,16.35
2026-01-28,0.357879,97.162201,0.124891,47.223209,172.229996,10.910528,131.239243,18.699295,52.276039,144.783997,6.716997,2.2349,0.69958,12.058091,,590.412781,89.234825,12.879792,19.945372,901.348877,72.03405,47.49408,89184.570312,142.31958,17.594345,61.912609,68.400002,4150.0,81.687248,59.288345,99.141914,63.209999,47.90192,63.73,35.538673,24.940001,29.800188,485.00351,159.935913,0.124873,1.867865,8.809229,96.449997,60.435867,99.43647,173.232773,92.904289,803.889832,,11.534643,3006.607422,22.74,0.9171,0.86926,183.207001,1.201764,43.144569,84.749527,45.586994,37.968544,132.570969,77.550003,1.278884,49.464832,10.67592,96.805717,12.257766,210.75,1.382437,5303.600098,112.160004,368.100006,494.559998,0.106943,87.949997,5.8925,2.6661,17.415283,77.523109,50.509998,93.077599,63.45694,51.490002,25.346462,261.525879,92.994362,351.0,19.799675,116.108742,26.690001,32.670452,9.367806,236.824997,11.832648,106.81739,69.383377,129.358215,60.873711,92.633865,63.489216,105.23455,7.46,39.696358,0.60278,57.7435,10.991165,41.352009,2025.400024,50.810898,14.82,11.289064,10.130647,2605.699951,124.220436,265.877289,66.46553,34.630001,631.07074,1.8923,68.423752,37.452339,90.511665,195.916779,14.71,20.642904,80.719849,113.111,41.776478,105.599998,125.118446,177.783936,690.030334,16.621403,106.788101,84.647354,0.294984,5.1836,0.999962,1.35915,0.7632,6.9545,7.80011,91.534302,152.453003,1432.51001,17.1625,9.58835,3.49251,8.7844,1.2607,0.998923,43.4146,15.85776,76.620003,80.898491,77.292336,26.09,31.200001,86.986008,48.009998,145.554901,74.548325,181.97908,71.564468,75.476166,0.21018,39.889023,468.625854,1.908726,430.0,54.310001,297.799988,1075.0,536.0,16.35
2026-01-29,0.33401,97.162201,0.114285,47.515759,175.94606,11.119614,132.819382,18.671511,51.739971,146.610703,6.886808,2.12523,0.70398,11.025457,,553.749573,89.254295,12.898036,19.878252,867.098145,72.043755,47.650734,84561.585938,138.586838,17.740431,62.742611,70.709999,4177.0,83.640656,58.26984,100.748665,65.419998,47.794888,63.48,36.05637,25.299999,29.919113,485.082672,164.081055,0.117099,1.73265,8.955399,96.279999,60.127472,100.105881,176.891388,92.91391,813.641113,,10.78389,2818.232666,21.110001,0.91711,0.8663,183.360001,1.197777,42.585777,85.624771,45.784168,37.760521,134.223755,73.150002,1.191638,49.455139,11.124406,97.552467,12.195992,211.639008,1.382533,5318.399902,107.980003,369.174988,495.899994,0.100963,87.699997,6.1755,2.5854,17.623056,77.513535,47.599998,93.17466,63.890835,51.610001,25.481852,261.595398,93.003876,345.5,20.022032,114.32888,26.58,32.813198,10.030759,235.5,11.09845,106.846329,66.103889,130.549637,61.167336,92.730652,63.807114,105.127174,3.918,40.128151,0.606531,58.425999,11.064016,41.591534,2000.599976,51.110374,15.02,11.498675,10.291151,2597.399902,127.425369,269.36264,66.523827,34.619999,627.29364,1.92,69.909744,38.675072,91.654205,196.173721,14.7,20.956568,80.749054,114.037003,42.716354,105.57,117.605766,183.627502,688.661072,16.603134,106.865448,84.666679,0.294531,5.1971,0.999781,1.35379,0.76574,6.9545,7.8018,92.040802,153.095993,1429.27002,17.1499,9.56766,3.50954,8.81513,1.26132,0.998339,43.407299,15.71002,79.139999,80.946686,77.350357,26.27,31.790001,88.201439,48.689999,145.475586,75.481155,183.710419,71.574295,74.970871,0.198569,40.39679,459.148529,1.805065,430.75,54.029999,296.0,1072.25,541.5,16.879999
2026-01-30,0.320355,97.142784,0.111833,47.213772,173.947342,11.138754,132.868729,18.421446,52.304756,144.658356,6.798759,2.105141,0.70473,10.864349,,552.333923,89.273788,12.770333,19.887844,857.258728,72.014648,47.552822,84128.65625,138.082672,17.576084,62.414471,70.690002,4165.0,83.534805,57.564732,101.958672,65.209999,47.979763,63.169998,35.979671,24.43,28.928085,483.915009,162.620941,0.115663,1.686591,8.945656,96.989998,58.794399,99.17067,177.213348,92.827408,808.597961,,10.577946,2702.375244,20.17,0.91466,0.86666,183.266006,1.196573,42.262268,85.256775,45.508121,36.690708,133.353867,73.019997,1.173896,49.484219,11.3194,98.105255,12.169517,211.429993,1.380643,4745.100098,94.199997,360.274994,444.950012,0.098532,87.25,5.897,2.7356,17.500282,77.599632,47.490002,93.116417,63.516109,51.740002,25.849329,257.900421,93.060951,332.25,20.379744,113.612961,25.959999,32.813198,10.712927,235.850006,10.769638,106.740143,65.349129,131.155121,60.428551,92.633865,61.989162,105.27359,4.354,40.566231,0.60757,59.053608,10.927423,42.041843,1688.300049,50.66116,14.52,11.39886,10.319476,2102.800049,127.571938,268.139374,65.668953,34.290001,619.759277,1.9228,70.774155,39.021675,91.692917,195.738922,14.27,20.985971,80.817223,78.290001,42.946526,75.440002,117.363037,185.088394,686.607117,16.374819,106.826782,84.193192,0.29383,5.1892,0.999765,1.3492,0.76441,6.948,7.80553,91.781898,153.162003,1428.76001,17.22518,9.53372,3.51385,8.80258,1.26387,0.998488,43.455101,15.71832,79.519997,80.937035,77.41806,26.709999,31.879999,88.288948,47.939999,144.216354,76.266708,186.351959,71.554634,73.990021,0.191551,40.455379,460.400909,1.732426,428.25,53.509998,293.600006,1064.25,538.0,17.440001
2026-01-31,0.293496,,0.103717,,,,,,,,,1.968579,,10.105734,,506.091675,,,,780.484558,,,78621.117188,,,,,,,,,,,,,,,,,0.104099,1.544033,,,,,,,,,9.752439,2445.091797,,,,,,,,,,,,1.050192,,,,,,,,,,,0.092783,,,,,,,,,,,,,,,,,,,,9.968609,,59.433186,,,,,,,,,,,,,,,,,,,,,,,,,,,,,,,,,,105.44165,,,,,,0.286447,,0.999766,,,,,,,,,,,,,0.998891,,,,,,,,,,,,,,,0.180838,,463.889984,1.645471,,,,,,
2026-02-01,0.286032,,0.100508,,,,,,,,,1.912534,,9.915943,,515.907288,,,,758.457397,,,76974.445312,,,,,,,,,,,,,,,,,0.104344,1.496879,,,,,,,,,9.515374,2267.964844,,,,,,,,,,,,1.035888,,,,,,,,,,,0.088706,,,,,,,,,,,,,,,,,,,,9.410691,,58.482113,,,,,,,,,,,,,,,,,,,,,,,,,,,,,,,,,,100.850525,,,,,,0.284585,,0.999839,,,,,,,,,,,,,0.99911,,,,,,,,,,,,,,,0.174979,,404.949493,1.591342,,,,,,
2026-02-02,0.2989,97.030861,0.104761,46.798538,168.53331,11.263155,131.535522,18.078766,51.835701,141.565506,6.77989,1.979315,0.694628,10.142554,,540.119263,89.287483,12.551413,19.916607,774.579285,71.941658,47.525349,78688.765625,136.977386,17.859125,60.860626,66.300003,4210.0,81.754601,59.112064,100.947021,62.139999,47.992451,62.669998,35.519501,23.540001,28.809162,488.862701,161.797791,0.107864,1.542801,8.994378,97.610001,58.973469,99.820396,176.042572,92.803268,798.206482,,9.816176,2344.356689,17.5,0.91655,0.8662,183.891998,1.184918,42.624992,85.425858,45.882755,37.09684,130.676544,67.889999,1.082846,49.517296,10.987911,97.300316,11.948894,212.281998,1.367914,4652.600098,94.190002,366.350006,427.130005,0.093185,87.75,5.8015,2.3598,17.632502,77.646736,44.220001,92.933365,63.072353,53.279999,25.385147,260.413391,93.175758,333.25,20.138048,113.712387,26.42,32.499153,10.35743,238.175003,9.806777,106.641319,59.991734,129.211731,60.068623,92.512436,61.204361,105.360703,3.237,40.352062,0.601449,58.445309,10.463008,41.217869,1689.900024,51.349953,13.97,11.498675,10.328917,2093.5,126.712074,263.887054,65.426102,34.389999,624.014832,1.8514,69.909744,38.790611,91.625153,196.746872,14.26,20.809538,80.77816,76.778,41.354492,72.440002,104.471153,185.001312,690.020447,16.283491,106.546379,83.952637,0.283123,5.255,0.999684,1.36358,0.77356,6.951,7.80974,91.686996,155.201996,1448.800049,17.46689,9.63683,3.55483,8.91791,1.27219,0.999132,43.481979,16.13727,75.330002,80.840248,77.356918,25.280001,30.799999,87.374947,47.91,144.9104,76.011406,185.43187,71.210579,73.51445,0.178707,39.996437,386.892914,1.620547,425.75,53.200001,294.5,1060.25,527.75,16.34
2026-02-03,0.290788,97.040596,0.105874,47.506325,167.98027,11.311002,125.274277,17.71756,51.519802,127.193428,6.836494,2.027623,0.69555,9.895763,,525.085632,89.287483,12.268641,19.859072,753.578186,71.961121,47.505718,75633.546875,129.802765,18.069126,60.571083,67.330002,4300.0,81.225357,57.065273,100.689148,63.209999,47.885109,62.310001,36.430256,24.15,29.334406,487.160675,161.151031,0.105646,1.49296,9.052847,97.440002,59.291813,99.869614,175.720627,92.822571,789.784912,,9.52754,2227.558838,17.34,0.91907,0.86287,183.393997,1.179871,42.6544,86.211586,45.813747,37.681278,133.498856,66.580002,1.063049,49.517296,11.114655,97.329414,11.604724,212.522995,1.367316,4935.0,98.220001,367.924988,454.290009,0.090333,88.550003,6.0625,2.4093,17.821388,77.598671,43.299999,93.020988,63.959862,53.150002,25.317453,261.009369,93.089676,317.100006,20.205721,102.695129,26.67,32.632385,10.568809,240.324997,9.450989,106.689751,59.266666,129.104294,58.80891,92.531853,60.667915,105.331329,3.311,40.799873,0.601092,59.343281,10.098761,41.131641,1746.099976,52.29829,14.33,11.418822,10.451655,2195.600098,128.86174,271.391724,62.375793,34.450001,614.427429,1.8979,70.405083,39.050564,92.128639,196.223129,14.63,20.878153,80.768402,83.042,40.4338,76.959999,97.563904,183.259857,684.186035,16.511808,106.720406,84.156326,0.285627,5.2594,0.999871,1.36737,0.77901,6.9463,7.81009,90.245598,155.442993,1452.540039,17.375299,9.68831,3.57678,8.96049,1.27161,0.998625,43.474899,16.053631,77.470001,80.859604,77.347206,26.370001,30.43,87.180481,48.349998,144.374985,76.286346,185.501114,70.974648,74.406136,0.175198,39.849968,374.591797,1.574199,428.5,54.490002,291.899994,1065.75,528.75,18.0
2026-02-04,0.286301,96.982201,0.102927,47.770565,171.298553,11.617223,131.15036,18.11581,52.946121,132.625244,6.836494,1.992719,0.702252,9.711348,,531.854553,89.307007,12.414587,19.791948,697.861755,71.931923,47.574413,73019.703125,130.442657,18.279125,61.507259,69.459999,4086.0,82.861221,57.182793,106.808655,65.139999,47.836311,62.240002,37.283489,24.190001,29.413689,489.575165,163.444077,0.103767,1.460707,9.384168,97.620003,58.495953,100.194473,178.667038,92.861176,790.080444,,9.334253,2143.50415,16.34,0.91656,0.86258,184.080002,1.181614,42.399513,87.017204,46.385551,36.631271,136.96875,63.900002,1.04836,49.507568,11.173155,100.471573,11.728272,213.393997,1.36975,4950.799805,98.699997,370.075012,453.970001,0.089308,88.0,5.826,2.47,18.236937,77.502548,41.57,93.001526,63.802078,53.439999,25.597897,258.764587,92.917427,308.649994,20.795458,104.176689,26.620001,32.622868,10.636064,240.524994,9.251476,106.554108,58.794044,131.887558,58.136433,92.483269,59.912922,105.321571,3.465,41.062721,0.604219,60.308834,10.235353,41.160385,1726.199951,52.927189,14.36,11.828065,10.904843,2162.699951,131.753983,280.090546,62.502079,34.330002,603.69397,1.9652,72.114449,39.84967,93.116241,197.932693,14.44,21.211418,80.80748,84.165001,40.740696,79.18,92.029305,189.229218,680.871948,16.877113,106.604385,83.94294,0.282773,5.2375,0.999903,1.36394,0.77576,6.9377,7.8134,90.422897,155.798996,1446.680054,17.2384,9.61631,3.5714,8.89825,1.26999,0.997945,43.491001,15.93184,77.879997,80.830574,77.376312,26.75,30.57,88.434799,48.73,143.899063,76.325623,183.502655,74.022041,76.744339,0.171044,40.484676,382.40686,1.510476,429.5,55.66,296.200012,1092.25,526.75,18.639999
2026-02-05,0.244885,97.400726,0.088281,47.864933,166.389069,11.444974,124.51384,17.402664,52.783382,117.78923,6.742155,1.814205,0.69944,8.299232,,454.139526,89.307007,12.049721,19.753592,606.542847,72.243401,47.633293,62702.097656,122.967461,17.831734,60.966785,67.550003,4209.0,75.413239,54.264404,105.65815,63.290001,48.041241,61.759998,36.775383,23.76,28.937996,483.796265,161.347015,0.088286,1.244076,9.189273,97.82,58.227348,98.767067,183.886627,93.092865,795.428833,,8.036133,1821.683105,14.06,0.91727,0.8649,185.182999,1.180164,41.997578,85.63472,45.291229,36.561932,133.9048,55.450001,0.881898,49.527023,11.182904,101.683823,11.251729,214.089996,1.364461,4889.5,92.440002,364.075012,441.880005,0.078194,87.300003,5.799,2.3932,17.944162,77.416023,36.099998,93.546814,64.019028,52.950001,25.539875,254.106186,92.869583,308.399994,20.969481,98.608406,26.200001,32.651417,10.684105,235.25,7.907181,107.067657,50.687832,127.658951,56.734646,92.765007,59.7043,105.507492,3.509,41.744183,0.599819,61.177841,9.934849,43.661049,1688.900024,52.747501,14.12,11.86799,10.546069,2061.600098,133.024231,274.576111,60.879784,34.119999,595.003662,1.9266,73.30909,37.279037,92.661171,196.213226,14.27,21.211418,80.934448,76.528999,40.663975,66.690002,78.187416,190.844894,672.368286,16.630533,106.904137,84.854729,0.269199,5.238,0.99992,1.36692,0.77731,6.9377,7.8122,90.125,156.917007,1460.109985,17.324381,9.6689,3.5706,8.98293,1.27278,0.998317,43.519501,16.070129,76.690002,81.149979,77.541336,28.42,30.459999,88.308395,48.43,142.153976,78.397499,189.023178,73.972885,76.060707,0.146701,40.260082,292.434998,1.213521,435.0,55.650002,303.200012,1112.25,535.25,21.77
2026-02-06,0.276234,97.459114,0.098815,47.827183,166.175598,11.636362,131.377518,17.88427,53.510906,126.091599,6.792469,1.985081,0.69164,9.274422,,523.778015,89.336327,12.241276,19.830309,657.421509,72.253128,47.643108,70555.390625,125.740364,17.904779,62.46273,68.050003,4197.0,77.828537,57.496174,108.385635,63.549999,48.090034,61.060001,36.804146,24.01,29.88938,495.78952,168.1772,0.098489,1.366792,9.315956,97.629997,59.759384,101.011543,185.281799,93.334183,835.379517,,8.837207,2063.386963,15.51,0.91591,0.871,184.649002,1.177787,42.674007,88.916893,46.237675,37.205803,135.325607,60.959999,0.976526,49.546486,11.3194,102.566353,11.348802,211.996994,1.352082,4979.799805,97.389999,367.424988,455.459991,0.091161,87.375,5.8635,2.4133,18.274714,77.685196,39.68,93.546814,64.817795,53.279999,25.472181,263.234253,93.194901,296.549988,21.104828,102.615578,26.625999,33.308064,10.578417,237.75,8.879451,107.125786,55.060947,129.03595,57.372005,92.803864,61.263962,105.39006,3.422,41.773388,0.593891,61.052319,10.43569,43.383198,1732.699951,54.594261,14.26,12.357084,10.885961,2093.300049,133.815689,278.634277,62.336937,34.529999,607.58075,1.9532,73.056557,37.51973,94.849403,199.869507,14.11,21.534882,80.934448,76.735001,41.929932,70.190002,87.464775,193.108795,685.267639,16.54834,107.01049,84.912926,0.273972,5.2705,0.999933,1.37122,0.7777,6.9378,7.8137,90.314796,156.783997,1470.680054,17.503599,9.799,3.58475,9.05538,1.27558,0.999241,43.609299,16.241301,76.989998,81.179024,77.531624,26.709999,31.27,89.698845,48.970001,145.217789,81.05854,193.83136,75.978264,77.150551,0.163995,41.002209,321.504791,1.471523,430.25,55.330002,303.600006,1115.25,529.75,20.370001
2026-02-07,0.272365,,0.097687,,,,,,,,,1.989758,,9.227491,,524.912842,,,,647.350281,,,69281.96875,,,,,,,,,,,,,,,,,0.098277,1.372253,,,,,,,,,8.783278,2090.549316,,,,,,,,,,,,0.975608,,,,,,,,,,,0.089988,,,,,,,,,,,,,,,,,,,,8.913293,,55.223782,,,,,,,,,,,,,,,,,,,,,,,,,,,,,,,,,,87.639832,,,,,,0.278085,,0.999877,,,,,,,,,,,,,0.999335,,,,,,,,,,,,,,,0.161877,,329.643585,1.424204,,,,,,
2026-02-08,0.270263,,0.096925,,,,,,,,,1.950185,,9.089488,,527.00061,,,,640.253662,,,70264.726562,,,,,,,,,,,,,,,,,0.096738,1.337104,,,,,,,,,8.573009,2088.762939,,,,,,,,,,,,0.932768,,,,,,,,,,,0.091256,,,,,,,,,,,,,,,,,,,,8.832436,,54.545467,,,,,,,,,,,,,,,,,,,,,,,,,,,,,,,,,,87.044106,,,,,,0.277825,,0.999802,,,,,,,,,,,,,0.999519,,,,,,,,,,,,,,,0.161642,,318.328735,1.432185,,,,,,
2026-02-09,0.269708,97.488335,0.095892,48.081989,168.54303,11.674639,132.286072,18.041718,53.798084,132.654221,6.723286,1.960301,0.70337,9.048032,,532.799133,89.336327,12.387222,19.830309,635.954468,72.272598,47.662735,70120.78125,128.898575,17.813475,62.742611,69.040001,4102.0,79.945534,57.98584,106.868164,64.360001,48.10955,61.610001,36.583649,24.25,30.345255,495.97757,168.676971,0.096021,1.318604,9.286719,96.82,60.197109,102.370041,185.847672,93.363144,844.85498,,8.588408,2103.567627,16.030001,0.9174,0.86891,185.949997,1.182578,43.448475,90.796677,46.355976,38.05769,135.66391,61.605,0.937138,49.55621,11.514395,102.905777,11.737098,213.983002,1.360896,5079.399902,102.889999,367.450012,467.029999,0.092011,87.099998,5.945,2.4169,18.454157,77.790939,40.110001,93.566284,65.508072,53.439999,25.568888,265.081726,93.328857,299.850006,21.037153,106.682426,26.889999,32.8703,10.501551,239.300003,8.829838,107.125786,54.397285,130.451981,57.847652,92.823296,61.561993,105.487915,3.138,41.714977,0.603238,60.917141,10.690662,43.55825,1737.099976,54.793911,14.4,12.39701,10.848194,2108.899902,134.138138,280.469177,63.084953,34.669998,612.234924,1.9855,73.872398,37.047962,94.830048,199.988098,14.35,21.593695,80.953979,82.065002,41.277767,76.040001,86.701782,190.177353,688.571838,16.420481,107.097519,84.893524,0.278721,5.2159,0.999869,1.36589,0.77583,6.9388,7.81247,90.587997,157.244003,1462.400024,17.251699,9.67856,3.56446,8.99939,1.27113,0.999554,43.46875,15.99216,78.019997,81.208069,77.541336,25.809999,30.99,90.078064,49.75,146.417526,81.254921,195.147186,76.754852,78.220566,0.159504,41.256092,334.906525,1.436116,428.75,56.689999,297.799988,1110.75,528.75,17.360001
2026-02-10,0.26167,97.770607,0.09161,48.327347,173.200241,11.933013,130.784943,18.486277,54.429874,132.402939,6.735865,1.921157,0.70836,8.743785,,524.243042,89.346085,12.587899,19.820717,619.570312,72.486725,47.770676,68793.960938,131.252548,17.904779,63.794594,68.800003,3805.0,81.350449,56.487473,108.931137,63.959999,48.168106,61.59,36.900017,24.139999,30.246151,496.650391,169.068939,0.092699,1.282279,9.754467,96.800003,60.286644,102.61615,187.467209,93.604454,843.869995,,8.330675,2019.497437,15.2,0.91318,0.86991,185.854996,1.190405,43.350441,92.596893,46.079933,37.958637,136.707779,59.900002,0.900414,49.565941,11.582643,104.399277,11.940069,213.600006,1.368345,5031.0,103.010002,364.774994,462.399994,0.090627,86.849998,5.896,2.3988,18.822483,77.71402,38.970001,93.975273,65.675713,53.740002,26.477917,264.366608,93.281021,294.200012,21.452869,106.602875,26.84,31.64266,10.520768,239.100006,8.561299,107.377693,53.326027,133.254776,59.036751,93.105026,61.58186,105.654274,3.115,42.162792,0.605279,61.699245,10.863681,44.190372,1722.699951,55.163265,14.34,12.806251,11.112555,2091.600098,137.264893,283.808899,63.41523,34.709999,609.394531,1.9592,74.853348,36.80727,98.848259,200.6996,14.12,21.907358,81.002815,80.218002,40.77906,73.410004,82.915482,189.916122,686.755981,16.612268,107.319916,85.873222,0.277856,5.1916,1.000105,1.35622,0.76712,6.922,7.81464,90.8228,156.132004,1458.540039,17.208799,9.57755,3.53318,8.92074,1.26589,0.999523,43.584099,15.894,78.029999,81.333885,77.599594,26.34,31.84,91.283768,50.27,146.328293,82.384148,198.698898,78.897858,79.44912,0.158379,41.832211,344.92691,1.399487,428.75,57.27,300.799988,1122.5,528.25,17.790001
2026-02-11,0.255552,97.54673,0.088885,48.606533,175.111649,11.818181,125.373032,18.43997,51.462364,132.779892,6.716997,1.938898,0.70748,8.6302,,514.637512,89.365631,12.551413,19.830309,607.187134,72.340721,47.780483,66991.96875,130.909241,18.269995,59.625263,69.400002,3762.0,82.822723,52.433067,108.13768,64.629997,48.168106,61.990002,37.01506,24.370001,30.355162,496.086334,171.068024,0.091049,1.254615,9.764212,96.830002,61.24168,103.305252,185.281799,93.614128,854.488159,,8.12808,1940.621338,14.75,0.91373,0.87194,183.656006,1.188962,43.183781,93.462196,46.760189,38.790714,137.712967,58.82,0.879315,49.55621,11.826385,103.720413,11.878295,210.610001,1.363457,5098.5,105.970001,367.450012,467.630005,0.088981,86.900002,5.949,2.4404,18.850817,77.704422,38.290001,93.712349,66.513916,53.529999,26.303846,263.164764,93.271454,294.799988,21.259514,104.46505,26.799999,30.662451,10.712927,242.350006,8.311589,107.261421,52.237,132.844604,58.589649,92.959305,61.522255,105.527069,3.159,41.938885,0.604171,62.27858,10.881892,45.493519,1735.300049,55.542599,14.49,12.836194,11.037023,2137.899902,136.678635,285.274872,62.45351,34.77,611.028992,1.9789,74.270607,36.104435,99.409843,201.055344,13.84,22.015177,80.924667,83.753998,38.832176,76.559998,79.25425,188.435883,686.597229,16.493544,107.145859,85.41732,0.278133,5.1962,0.999903,1.3552,0.76857,6.9106,7.8178,90.587898,154.481995,1455.329956,17.183901,9.51432,3.54619,8.88511,1.26537,0.99929,43.627499,15.9261,78.889999,81.266129,77.541336,26.24,30.25,90.778152,50.490002,146.724899,84.141808,205.663864,78.150757,81.539619,0.154492,41.793152,346.096405,1.368019,427.5,57.049999,303.0,1124.0,537.25,17.65
2026-02-12,0.264224,97.984718,0.091754,48.394737,182.592316,11.703346,123.812653,18.032455,48.245972,129.455078,6.641525,1.966329,0.71253,8.88818,,502.631287,89.365631,12.414587,19.77277,613.710938,72.671677,47.888428,66221.84375,127.280243,18.032604,57.009785,67.519997,3632.0,84.497078,53.324253,108.117851,62.84,48.236412,62.290001,36.957535,23.799999,29.88938,489.496033,176.692871,0.092989,1.281533,9.559572,96.93,60.5453,102.527557,182.832947,93.874733,943.480835,,8.241316,1946.940674,14.46,0.91578,0.87166,182.020996,1.187606,43.095551,92.86544,46.346119,38.127033,139.510742,56.91,0.912999,49.55621,11.563143,101.586845,11.878295,208.798004,1.3624,4948.399902,98.279999,365.725006,451.390015,0.093047,86.75,5.771,2.3927,18.454157,77.66597,37.049999,94.286858,66.45475,53.110001,25.955708,257.791229,93.166206,299.649994,21.578552,100.547363,26.440001,28.844782,10.40547,242.5,8.402665,107.765282,53.098179,130.315262,57.923752,93.396446,60.181145,105.781517,3.217,42.474316,0.604891,62.548939,10.799936,45.746372,1650.300049,54.53437,14.16,12.536751,10.782104,2014.0,133.258743,283.847748,61.637508,34.540001,598.601318,1.9159,73.454758,35.517136,97.01828,198.416885,13.75,22.054386,81.002815,75.545998,36.981197,67.730003,78.348442,185.204483,675.990051,16.502676,107.57132,86.552208,0.27975,5.1987,0.999868,1.35754,0.77114,6.9125,7.816,90.735703,153.268997,1444.189941,17.19302,9.48195,3.54803,8.88806,1.26194,0.999164,43.636101,15.8694,76.379997,81.517784,77.628708,27.9,29.35,90.671196,50.459999,144.722031,83.660652,205.921082,76.361641,81.688232,0.156265,41.861504,335.323914,1.36207,431.25,57.540001,307.899994,1137.25,552.5,20.82
2026-02-13,0.272692,98.296188,0.094018,49.395943,186.386017,11.741625,123.51638,17.93984,50.246647,129.397095,6.679261,2.119236,0.70871,9.146927,,564.240051,89.404716,12.241276,19.791948,619.083862,72.885818,47.898254,68857.84375,127.3685,17.840866,59.345387,67.75,3581.0,86.970123,53.70866,109.13942,62.889999,48.275448,62.110001,37.321838,23.879999,30.107405,490.09964,177.339615,0.096582,1.329377,9.618041,96.879997,60.803955,102.61615,186.267181,94.038834,941.826111,,8.5256,2048.527344,15.44,0.91326,0.87144,181.371994,1.186845,43.105358,93.342842,46.582729,37.701088,141.463181,59.889999,0.958955,49.565941,11.680139,101.635345,11.754746,208.106003,1.362027,5046.299805,103.940002,366.149994,462.619995,0.098789,86.949997,5.7925,2.3879,18.784704,77.723633,38.970001,94.656868,67.401428,52.889999,26.100763,261.188141,93.271454,300.049988,21.955593,101.153915,26.530001,30.21517,10.751359,243.074997,8.768282,108.123787,55.080509,132.375854,56.544388,93.794746,59.952656,105.947876,3.243,43.165508,0.60326,63.398632,10.444796,46.096474,1697.5,55.02351,14.17,12.726398,10.574393,2071.199951,135.789474,291.595154,61.637508,34.619999,599.877014,1.911,73.988953,35.815601,97.328117,200.472305,13.78,22.358246,81.129791,77.850998,38.889717,69.720001,84.32254,190.428879,676.46637,16.502676,107.706688,87.027496,0.282081,5.2139,0.999987,1.36107,0.76955,6.9001,7.8165,90.564102,152.820999,1440.900024,17.207001,9.53139,3.5493,8.92311,1.26235,0.999455,43.7281,15.94783,76.220001,81.779129,77.754898,28.309999,29.889999,91.974136,50.439999,145.098801,83.699936,208.473572,76.440292,81.559433,0.164608,42.476685,352.184906,1.407463,431.75,57.080002,309.200012,1133.0,548.75,20.6
2026-02-14,0.295266,,0.099677,,,,,,,,,2.181836,,9.587682,,562.842468,,,,633.345215,,,69767.625,,,,,,,,,,,,,,,,,0.111169,1.421081,,,,,,,,,9.000233,2086.009766,,,,,,,,,,,,1.015869,,,,,,,,,,,0.103861,,,,,,,,,,,,,,,,,,,,9.088452,,56.010582,,,,,,,,,,,,,,,,,,,,,,,,,,,,,,,,,,88.160835,,,,,,0.282531,,1.000021,,,,,,,,,,,,,0.999592,,,,,,,,,,,,,,,0.174555,,357.665253,1.50998,,,,,,
2026-02-15,0.28178,,0.09581,,,,,,,,,2.137757,,9.285936,,554.0849,,,,614.638,,,68788.1875,,,,,,,,,,,,,,,,,0.102657,1.356787,,,,,,,,,8.726852,1966.042969,,,,,,,,,,,,0.962972,,,,,,,,,,,0.100285,,,,,,,,,,,,,,,,,,,,8.781871,,55.038193,,,,,,,,,,,,,,,,,,,,,,,,,,,,,,,,,,86.005096,,,,,,0.280411,,1.000075,,,,,,,,,,,,,0.99963,,,,,,,,,,,,,,,0.17032,,331.253784,1.474857,,,,,,
2026-02-16,0.285491,,0.094563,,,,,,,,,2.291483,0.70704,9.25941,,568.641479,,,,626.570679,,,68843.15625,,,,,,,,,,,,,,,,,0.100982,1.37555,,,,,,,,,8.829336,1997.917725,,0.91162,0.8695,181.304993,1.186746,,,,,,,0.976661,,,,,208.496002,1.364778,,,,,0.101749,,,,,,,,,,,,,,,,,,,,8.925537,,55.042183,,,,,,,,0.60338,,,,,,,,,,,,,,,,,,,,,,,,,,86.428787,,,,,,0.284312,5.2179,1.000021,1.36179,0.76821,6.908,7.8159,90.571198,152.779007,1439.52002,17.16111,9.47639,3.54636,8.90518,1.26254,0.99956,43.690632,15.92832,,,,,,,,,,,,,0.169682,,326.437988,1.486678,,,,,,
2026-02-17,0.280967,98.305931,0.093034,49.472958,187.346573,11.760764,123.59539,17.875006,52.084587,126.043274,6.716997,2.238426,0.707299,9.138813,,562.980652,89.414482,12.159182,19.801538,617.562073,72.876083,47.986568,67494.21875,128.869156,17.950432,58.544331,67.419998,3384.0,88.394279,53.462246,109.109665,62.330002,48.451103,61.52,37.24514,23.59,29.909203,490.663696,176.281296,0.100631,1.346494,9.734977,97.160004,60.555248,102.596466,188.13063,94.231903,937.669434,,8.68249,1992.194336,15.05,0.91206,0.86952,182.022995,1.184988,43.173981,91.373543,46.750328,37.384106,142.893631,59.02,0.960794,49.585396,11.621641,103.002754,11.684148,209.320007,1.362769,4905.899902,100.25,370.975006,448.200012,0.10206,92.300003,5.633,2.3906,18.898037,77.685196,38.389999,94.647125,67.667686,53.27,26.245825,261.267639,93.185333,284.600006,22.38098,102.155045,26.530001,30.27227,10.972343,246.550003,8.830567,108.23037,53.897327,131.262558,56.297054,93.590744,60.210945,106.016388,3.031,43.603588,0.603202,64.200043,10.408371,46.582722,1675.199951,54.684105,14.03,12.626583,10.829312,2012.5,138.525375,293.197021,61.909504,34.59,599.259033,1.9144,74.969894,36.171829,98.838585,200.126434,13.86,22.603294,81.100494,73.446999,37.92107,66.370003,85.197609,195.440414,677.5578,16.511808,107.551987,87.173012,0.281998,5.2439,0.999924,1.36362,0.7696,6.908,7.8159,90.782997,153.608994,1440.22998,17.166149,9.49902,3.55479,8.9384,1.26242,0.999514,43.722801,15.9574,75.730003,81.817856,77.745193,27.299999,29.02,92.849251,50.509998,145.049225,85.320122,213.182846,78.966675,80.033661,0.165638,42.906334,333.044128,1.474404,426.25,57.290001,305.799988,1134.0,537.75,20.290001
2026-02-18,0.273586,98.169662,0.090905,49.636616,181.069016,11.741625,123.802788,17.976887,51.845272,129.484055,6.635236,2.340473,0.70832,8.853689,,557.201965,89.424248,12.259519,19.820717,604.523804,72.79821,47.986568,66425.320312,130.350174,17.813475,59.403286,70.349998,3226.0,84.131409,54.112782,108.504662,65.190002,48.304718,61.549999,37.082165,24.209999,30.275883,491.801666,172.488937,0.098513,1.310888,9.65702,97.699997,60.873592,102.714592,186.637924,94.270523,910.356018,,8.432531,1953.974121,14.63,0.91278,0.87368,181.5,1.185185,43.252407,90.886185,47.203835,37.671368,140.322632,57.689999,0.927214,49.604855,11.387648,102.265701,11.842996,207.727997,1.356447,5009.5,102.559998,370.575012,458.279999,0.099118,92.550003,5.7935,2.5187,19.134146,77.781334,37.540001,94.452393,67.036568,53.32,25.955708,262.211212,93.31929,287.549988,21.907257,103.200996,26.68,30.710033,10.651075,246.600006,8.598906,108.123787,53.290188,131.955917,57.096127,93.513031,60.548706,105.996811,3.011,42.42564,0.604891,62.828941,10.517646,45.454624,1751.300049,54.694088,14.41,12.496825,10.791546,2106.399902,136.434357,290.284485,62.278652,34.75,603.733826,1.968,73.542175,35.834858,98.887001,201.164032,14.17,22.22102,81.051659,77.509003,37.662128,70.089996,81.566948,193.137817,680.971191,16.539207,107.484291,86.843201,0.278663,5.2205,0.99986,1.36377,0.7702,6.908,7.8155,90.626198,153.149002,1439.969971,17.118401,9.531,3.5559,8.96324,1.26268,0.999437,43.734501,16.025101,79.400002,81.750099,77.716072,27.370001,29.73,91.760223,50.23,145.763123,84.190903,206.366287,78.878197,79.954399,0.161335,42.330212,330.253754,1.421607,427.0,58.59,303.899994,1133.5,547.0,19.620001
2026-02-19,0.272547,98.189117,0.088997,49.588478,179.293442,11.712915,117.347382,17.55085,51.117752,125.502029,6.628946,2.287862,0.704379,8.896183,,560.084106,89.424248,12.040599,19.791948,607.159851,72.827423,48.016003,66957.523438,123.347176,17.603476,60.049923,71.660004,2968.0,83.207634,52.220314,110.141159,66.43,48.168106,61.93,37.062988,24.43,30.335344,489.209076,173.351273,0.09829,1.286086,9.627786,97.93,60.724369,102.429115,185.994003,94.164337,904.23938,,8.266122,1948.20105,14.72,0.91055,0.87345,182.352997,1.178884,43.017128,90.707161,47.006657,38.245903,141.202194,58.459999,0.914468,49.614582,11.611892,102.673027,11.613549,208.753006,1.349582,4997.399902,104.239998,370.274994,459.559998,0.097565,93.449997,5.73,2.6147,18.954702,77.810165,38.07,94.540024,66.997116,52.299999,24.833927,262.817108,93.338432,287.399994,21.820246,101.248543,26.68,30.919399,10.602837,247.5,8.569495,108.210999,52.661591,131.907089,55.060383,93.551895,60.320221,106.143608,2.996,42.805309,0.59678,63.244141,10.408371,45.250393,1690.400024,55.193214,14.53,12.506805,10.782104,2062.300049,135.857849,289.799042,60.753502,34.740002,601.421692,2.0066,73.629585,35.738575,99.78746,200.739105,14.07,22.191614,81.051659,77.565002,37.700493,71.010002,82.39325,193.224899,679.175171,16.44788,107.57132,86.930504,0.284572,5.2344,1.000069,1.36961,0.7722,6.908,7.8157,90.793503,154.692993,1440.160034,17.208549,9.52362,3.57503,9.03625,1.2672,0.999656,43.764,16.062799,81.190002,81.808174,77.745193,28.049999,29.379999,91.565742,50.060001,145.435913,83.935608,205.792465,83.272339,79.112251,0.158758,42.183743,338.083557,1.40638,425.75,59.68,304.799988,1141.0,559.5,20.23
2026-02-20,0.284907,98.208595,0.090478,49.85804,181.738495,11.818181,118.715813,17.736084,51.357067,119.036034,6.68555,2.357633,0.70561,9.168454,,562.542786,89.453552,12.004112,19.791948,625.663513,72.817673,48.065075,68005.421875,118.943314,17.822605,58.75666,71.760002,3080.0,84.689537,52.466728,109.298103,66.389999,48.168106,63.029999,38.635242,24.6,30.692114,491.500702,172.155762,0.100123,1.341352,9.67651,97.800003,62.017647,103.265869,188.21843,94.260857,914.167908,,8.760367,1969.022339,14.89,0.91249,0.87425,182.608994,1.176914,43.448475,90.9757,47.361572,38.998734,147.639359,59.009998,0.957639,49.634037,11.592392,104.205307,11.445876,208.845001,1.346112,5080.899902,106.260002,368.024994,468.619995,0.099779,93.675003,5.831,2.5858,19.266365,77.867844,38.419998,94.540024,67.608513,53.419998,24.466446,262.827026,93.405411,288.299988,22.400314,100.790314,26.66,30.681486,10.525655,246.574997,8.941406,108.123787,55.210484,130.344574,55.117455,93.600449,60.608311,106.221901,3.047,43.175243,0.5971,63.862087,10.444796,45.289295,1774.199951,55.542599,14.64,12.666509,10.621601,2169.699951,138.271317,296.109589,60.666069,34.860001,606.743591,1.9973,74.639671,36.258484,101.52063,201.677872,14.3,22.368048,81.061417,82.282997,36.482487,76.620003,84.635109,195.140503,684.086792,16.493544,107.513298,86.726822,0.285478,5.2088,1.000079,1.36868,0.77534,6.9081,7.8149,91.0411,155.160004,1447.75,17.256729,9.55378,3.58708,9.06539,1.26843,0.999671,43.838299,16.13558,80.849998,81.827522,77.745193,27.4,29.07,92.256111,50.68,146.69516,84.387291,205.970551,82.839798,79.726524,0.162672,42.535275,331.598206,1.429414,427.5,58.919998,309.799988,1137.5,573.5,19.09
2026-02-21,0.280022,,0.089757,,,,,,,,,2.312372,,9.120892,,564.198364,,,,625.898071,,,68003.765625,,,,,,,,,,,,,,,,,0.098478,1.358887,,,,,,,,,9.036919,1973.737183,,,,,,,,,,,,0.970427,,,,,,,,,,,0.099725,,,,,,,,,,,,,,,,,,,,8.876016,,54.945824,,,,,,,,,,,,,,,,,,,,,,,,,,,,,,,,,,85.211136,,,,,,0.288914,,1.000035,,,,,,,,,,,,,0.999781,,,,,,,,,,,,,,,0.161061,,326.570953,1.431665,,,,,,
2026-02-22,0.271386,,0.086809,,,,,,,,,2.250324,,8.871543,,570.299683,,,,614.406677,,,67659.390625,,,,,,,,,,,,,,,,,0.095453,1.312303,,,,,,,,,8.518676,1957.805908,,,,,,,,,,,,0.928416,,,,,,,,,,,0.098031,,,,,,,,,,,,,,,,,,,,8.672669,,53.467232,,,,,,,,,,,,,,,,,,,,,,,,,,,,,,,,,,82.790977,,,,,,0.290498,,0.99986,,,,,,,,,,,,,0.999543,,,,,,,,,,,,,,,0.154922,,327.8302,1.393078,,,,,,
2026-02-23,0.262255,98.403267,0.083864,49.781017,184.396988,11.684209,112.776054,17.643467,51.452797,110.733665,6.572342,2.117699,0.71114,8.356971,,494.855743,89.453552,11.87641,19.648371,595.865112,72.973412,48.153389,64616.738281,111.528358,17.49391,57.5406,71.489998,3004.0,84.391228,48.809929,105.886269,66.309998,48.353516,63.560001,38.021679,24.75,30.672293,483.505249,172.557526,0.092573,1.264207,9.67651,97.699997,61.331215,102.842567,186.735489,94.318771,931.434631,,8.353825,1855.502808,14.05,0.91323,0.87446,182.656998,1.183474,43.036736,90.896133,47.213692,38.404392,145.37767,56.130001,0.889785,49.634037,11.992129,105.834579,11.331153,208.867004,1.353327,5225.600098,110.290001,364.299988,481.279999,0.094855,93.699997,5.773,2.6782,18.661928,77.742874,36.549999,94.880836,67.726845,52.610001,24.814585,258.734802,93.290588,281.149994,22.632343,91.834938,26.77,29.710793,10.911565,244.975006,8.265229,108.240059,51.255573,130.20784,54.013962,93.804474,60.359955,106.192551,2.985,43.379684,0.600399,64.383499,10.48122,45.736645,1772.199951,54.763966,14.71,12.257269,10.47998,2146.399902,137.518951,296.36203,58.713486,34.689999,599.368652,1.9892,75.542931,35.882999,99.835884,199.464371,14.45,22.426861,81.129791,86.523003,35.456303,80.57,77.753319,193.563522,677.101379,16.256094,107.610001,87.046906,0.281611,5.1765,1.00007,1.36485,0.7717,6.908,7.81347,90.726601,154.339005,1443.439941,17.09828,9.48797,3.56489,9.00599,1.26414,0.999701,43.808201,15.9614,80.900002,81.992073,77.842262,28.469999,28.049999,92.265839,50.59,145.406174,85.055008,207.306168,81.689651,78.141312,0.151259,42.584099,307.265533,1.351646,427.5,59.389999,308.700012,1134.25,569.5,21.01
2026-02-24,0.258758,98.393517,0.083564,49.655872,184.532837,11.626793,113.172691,17.763866,51.424072,113.236946,6.69184,1.994759,0.70607,8.29506,,484.911469,89.473106,12.004112,19.629097,584.109802,72.934479,48.173016,64080.042969,114.176559,17.667389,57.424786,70.769997,2997.0,85.295761,50.160282,108.068253,65.629997,48.392551,63.560001,38.318878,24.719999,30.830858,487.250336,174.664398,0.091462,1.239688,9.764212,97.879997,62.2962,103.02961,185.92572,94.260857,937.600647,,8.29587,1852.969482,14.03,0.91307,0.87378,182.369003,1.179384,43.085751,90.737,47.302422,39.097794,144.672073,56.130001,0.880581,49.634037,12.304119,104.447762,11.578249,208.690994,1.349692,5176.299805,110.699997,365.100006,474.609985,0.095091,95.800003,5.923,2.6869,18.784704,77.685196,36.529999,94.861351,67.924072,52.669998,24.824257,261.555634,93.185333,288.25,22.525995,95.351349,26.85,29.52046,11.104518,245.024994,8.203102,108.210999,51.163261,130.950043,54.889149,93.794746,60.032131,106.388275,2.915,43.32127,0.59604,64.229004,10.636025,45.824169,1813.5,55.552586,14.7,12.167435,10.640485,2181.100098,137.089035,295.245514,58.907776,34.860001,605.806763,1.9714,75.047592,35.757832,99.555084,201.055344,14.55,22.456266,81.129791,87.457001,35.158989,79.080002,79.036522,192.89595,682.022888,16.146503,107.629326,87.202103,0.283307,5.1709,1.000152,1.36938,0.77423,6.908,7.8189,91.020103,154.634995,1442.199951,17.25956,9.55964,3.5748,9.0598,1.26619,1.000158,43.8466,15.99958,80.760002,81.914635,77.803444,27.58,27.9,92.499207,50.450001,146.44725,84.868431,207.068726,82.93811,78.389,0.149756,42.701275,321.333679,1.348894,427.75,60.029999,310.700012,1139.5,567.5,19.549999
2026-02-25,0.296672,98.344856,0.090899,49.415199,177.052155,11.722486,116.22686,18.069504,51.749542,115.189308,6.698129,1.93846,0.7061,9.497388,,492.847534,89.482864,12.223032,19.677277,629.072632,72.915016,48.114136,67960.125,115.951836,17.840866,58.196884,70.849998,2957.0,82.793861,50.810818,106.550774,65.419998,48.441345,64.169998,38.069614,24.75,31.038971,490.25238,175.987305,0.100739,1.65649,9.793447,97.699997,62.982632,104.014038,186.198883,94.34774,951.247559,,9.125146,2054.62793,15.68,0.91102,0.87234,183.535004,1.177523,43.477882,91.94046,47.972816,39.21666,141.9561,60.299999,1.06343,49.643764,12.63561,104.729004,11.754746,210.371994,1.349746,5226.200195,111.160004,366.299988,473.420013,0.101756,96.199997,5.9795,2.674,18.614706,77.790939,39.23,94.783447,68.180466,52.740002,24.775904,262.797211,93.348,288.299988,22.545334,96.257843,26.860001,29.99629,12.059641,246.0,9.256296,108.181931,56.677147,130.910995,56.087772,93.765602,60.270546,106.427422,2.969,43.204449,0.596559,63.717262,10.845468,46.183998,1834.099976,54.973598,14.71,12.217342,10.631043,2325.600098,136.825195,290.624298,59.762638,35.0,614.586853,1.9914,75.688614,35.960018,98.063988,201.173904,14.59,22.397455,81.110268,90.939003,36.261909,80.040001,87.915604,194.453598,687.778015,16.183033,107.726028,87.211807,0.285344,5.152,0.999966,1.37003,0.77373,6.8831,7.82252,90.917999,155.880005,1439.98999,17.1789,9.55901,3.57904,9.04387,1.2663,1.000169,43.854801,15.9514,79.730003,81.875916,77.784019,26.540001,28.620001,92.246399,50.68,147.647003,84.848801,206.760941,82.535065,77.804451,0.162551,42.418091,344.504822,1.433746,430.5,60.259998,318.299988,1148.25,565.75,17.93
2026-02-26,0.286973,98.50058,0.088073,49.867664,179.506897,12.028706,113.44043,17.856483,52.76424,114.126129,6.742155,1.879784,0.71205,9.30442,,478.701111,89.49263,12.004112,19.600189,625.913208,73.022079,48.192646,67453.773438,115.687012,17.932169,59.036541,70.75,2974.0,83.140274,53.679092,107.096283,65.209999,48.353516,63.360001,38.548962,24.76,30.959692,490.291962,172.831909,0.097029,1.605569,10.066298,97.790001,62.385735,103.92543,190.179459,94.289818,938.868225,,8.864552,2026.792603,15.29,0.91223,0.8714,184.539993,1.181516,43.683754,91.980247,47.923523,38.731277,142.700333,58.740002,1.026624,49.643764,12.655109,105.165421,9.963296,211.766006,1.355803,5194.200195,113.889999,361.649994,477.480011,0.102511,95.724998,5.947,2.6125,19.171921,77.723633,38.259998,95.036629,68.28894,52.580002,25.4335,264.197723,93.271454,286.0,22.854702,93.259438,26.969999,30.472118,11.982459,246.0,9.09846,108.249748,55.619682,132.688354,55.260151,93.989037,58.840031,106.593788,2.827,43.788555,0.600089,64.306244,10.67245,46.767498,1748.599976,55.233147,14.72,13.155602,11.055906,2230.699951,139.39502,295.09024,60.024925,34.98,607.172119,2.0323,76.16452,36.470295,99.632553,202.310318,14.41,22.524879,81.139572,86.998001,37.710083,80.449997,85.909119,196.01123,683.957825,16.530073,108.016106,87.560982,0.285691,5.1242,0.999968,1.36758,0.77214,6.8692,7.8196,90.950996,156.199997,1426.930054,17.15753,9.54172,3.5654,9.01497,1.26275,1.000049,43.865002,15.84318,79.769997,81.96302,77.822853,26.809999,29.18,92.878418,50.759998,147.141342,84.878265,206.959503,82.613701,77.853989,0.162128,42.603626,342.613647,1.402018,433.25,61.290001,317.600006,1147.75,571.75,18.629999
2026-02-27,0.27762,98.695267,0.086541,50.098709,186.153168,11.807202,103.722633,17.245216,51.7304,108.259384,6.666682,1.850659,0.71018,8.95996,,461.534607,89.512177,11.566274,19.474916,613.969543,73.168091,48.28096,65881.796875,111.194885,17.53956,55.571754,72.480003,2798.0,86.161812,51.244511,104.487801,67.019997,48.685303,63.610001,39.440544,25.1,31.187626,485.139984,173.645264,0.09337,1.599493,9.7837,97.610001,62.256409,103.738388,191.525833,94.338089,964.854919,,8.644304,1930.761841,14.52,0.91257,0.87477,183.947006,1.180303,43.468079,91.870842,47.992535,38.364769,145.976913,57.150002,0.993821,49.614582,12.713607,105.485451,9.530876,210.264999,1.349145,5247.899902,115.839996,355.424988,483.75,0.100455,95.724998,6.0045,2.6709,18.501377,77.598671,37.189999,95.416382,68.407272,52.27,25.472181,259.64859,93.051384,284.600006,22.767691,87.342316,27.059999,28.378468,11.847391,244.0,8.708776,108.210999,54.529472,130.725433,54.032993,94.144493,58.67115,106.593788,2.859,44.119549,0.598022,64.955818,10.280885,46.942547,1792.199951,54.993565,14.92,12.806251,10.67825,2365.600098,139.307083,298.109558,58.655205,34.900002,605.228699,2.0779,76.727837,36.075554,95.614326,202.547485,14.3,22.573891,81.247009,92.681999,35.341209,84.989998,81.951485,197.220596,680.673462,16.265226,108.180481,88.094498,0.282853,5.1366,0.999968,1.36758,0.77323,6.8409,7.82328,91.007401,155.858994,1432.319946,17.2029,9.54969,3.57722,9.0482,1.2632,0.999918,43.955399,15.9173,81.949997,82.001747,77.851974,27.860001,27.58,93.043716,50.709999,146.586075,84.603317,205.639023,80.41172,77.65583,0.158879,42.808685,337.755341,1.355921,438.75,61.290001,315.5,1157.25,591.25,19.860001
2026-02-28,0.281615,,0.087944,,,,,,,,,1.849596,,9.164551,,457.356567,,,,617.246399,,,66995.859375,,,,,,,,,,,,,,,,,0.094064,1.670639,,,,,,,,,8.675564,1965.050537,,,,,,,,,,,,1.003266,,,,,,,,,,,0.100331,,,,,,,,,,,,,,,,,,,,8.843731,,54.387661,,,,,,,,,,,,,,,,,,,,,,,,,,,,,,,,,,84.36618,,,,,,0.281964,,0.999998,,,,,,,,,,,,,1.000042,,,,,,,,,,,,,,,0.159225,,336.872437,1.377229,,,,,,
2026-03-01,0.27358,,0.085662,,,,,,,,,1.799858,,9.030876,,441.917419,,,,618.107178,,,65738.101562,,,,,,,,,,,,,,,,,0.091929,1.537121,,,,,,,,,8.481408,1939.06665,,,,,,,,,,,,0.964528,,,,,,,,,,,0.096958,,,,,,,,,,,,,,,,,,,,8.67235,,53.246262,,,,,,,,,,,,,,,,,,,,,,,,,,,,,,,,,,83.57766,,,,,,0.280707,,1.000066,,,,,,,,,,,,,1.000161,,,,,,,,,,,,,,,0.154216,,341.992584,1.351729,,,,,,
2026-03-02,0.276841,98.300797,0.087959,50.71484,184.542526,11.845724,105.557114,17.578634,50.380661,109.564186,6.710708,1.843998,0.705811,9.175148,,444.960602,89.524925,11.766949,19.474916,637.239563,72.873238,48.113796,68775.851562,113.117279,17.941301,54.278488,77.739998,2931.0,86.152184,51.658489,103.29763,71.230003,48.419083,62.59,40.111629,25.809999,31.009243,484.664398,175.105362,0.093547,1.509255,9.715488,98.379997,61.181992,101.690796,191.467285,94.011421,956.773682,,8.717856,2027.268921,15.37,0.90486,0.87707,184.186005,1.175945,42.0662,89.712563,47.440441,38.27562,147.542725,60.259998,0.986599,49.628246,12.713607,107.008049,9.575,209.981995,1.340662,5311.600098,115.339996,357.274994,490.0,0.097979,95.574997,5.8945,2.9004,18.605265,77.55423,39.195,94.843147,68.032539,50.950001,25.288441,262.03241,93.008087,288.350006,22.777359,90.261024,27.25,28.23572,11.731619,233.100006,8.948497,107.844444,54.540585,130.969574,54.813049,93.625908,58.124767,106.242485,2.96,44.616043,0.59577,65.498726,10.499433,46.786945,1762.599976,55.273071,15.36,12.876121,10.61216,2311.899902,139.453629,301.876465,58.451199,34.799999,606.026062,2.3706,77.252312,36.248856,96.56321,202.171967,13.91,22.671907,81.103043,88.283997,36.050915,81.57,86.634521,196.553024,681.060486,16.438747,107.880737,87.209846,0.283338,5.1296,0.99986,1.36684,0.76953,6.8579,7.8226,91.079597,156.632996,1438.5,17.316999,9.51229,3.59189,9.07206,1.26955,0.999907,43.948608,16.05958,87.190002,81.732674,77.715614,28.219999,27.379999,93.277077,49.709999,145.703629,85.094284,208.657272,79.133781,75.852646,0.155637,42.886803,345.927917,1.390978,433.25,62.169998,308.299988,1150.0,574.5,21.440001
2026-03-03,0.262888,98.193398,0.086192,50.560806,184.591049,11.730156,106.181831,17.55085,49.988182,108.87796,6.635236,1.814106,0.71058,9.17882,,444.353882,89.534714,11.82168,19.513462,633.830933,72.795143,48.015469,68293.648438,108.791885,17.667389,53.323017,81.400002,2925.0,86.854645,50.919243,105.023376,74.559998,48.252693,62.040001,39.36385,25.91,30.047945,481.038208,174.55661,0.090033,1.530213,9.627786,99.050003,58.117916,98.5308,190.696548,93.584946,962.626587,,8.501993,1982.768921,14.93,0.91074,0.87213,183.923004,1.169727,40.752552,86.360779,46.099648,36.472782,144.749405,59.450001,1.000815,49.589207,12.586862,107.231102,9.66325,210.873001,1.341058,5123.700195,105.239998,357.200012,468.140015,0.096957,95.75,5.7735,3.1869,18.510822,77.399666,38.700001,94.735718,66.829475,50.220001,25.414158,257.493195,92.796448,286.950012,22.748356,90.201256,27.025,28.549768,11.596553,234.125,8.812367,107.795837,54.776108,130.44223,54.413506,93.557678,56.525372,105.742043,3.054,44.226635,0.59488,64.529236,10.472115,46.154819,1635.0,54.165016,15.42,12.726398,10.527186,2074.800049,137.77301,297.21637,57.40205,34.450001,599.538147,2.4574,77.465981,35.767467,95.333534,199.691635,13.93,22.534683,81.093254,82.922997,37.451134,74.68,87.019753,195.38237,675.057312,16.383953,107.813042,87.034653,0.280519,5.1703,1.000058,1.3671,0.77871,6.882,7.82105,91.5634,157.257004,1452.27002,17.30327,9.57317,3.6207,9.15503,1.27238,1.000087,43.965,16.074699,90.199997,81.693825,77.676643,29.530001,27.52,92.781181,48.34,142.818298,84.937172,206.512726,79.546654,74.138634,0.151518,42.671978,340.899292,1.360563,434.25,62.27,310.5,1155.75,572.25,23.57
2026-03-04,0.276102,98.154358,0.08889,50.657074,185.12468,11.970922,108.869095,17.71756,51.290062,112.318748,6.716997,1.880073,0.70407,9.496273,,467.649719,89.54451,11.922017,19.69655,657.816772,72.746307,47.956467,72710.578125,111.950104,17.749561,54.394302,81.400002,2968.0,87.71106,51.747196,103.60508,74.660004,48.487598,62.16,39.421371,26.139999,30.335344,483.237732,178.956528,0.099028,1.54219,9.754467,98.769997,58.744659,99.800705,190.072159,93.895126,959.685303,,8.849047,2126.505371,16.25,0.90789,0.8696,183.203995,1.161224,41.272125,88.111259,46.572872,37.136463,145.32933,63.68,1.024445,49.628246,12.645359,106.872269,9.716199,210.660004,1.335363,5134.700195,105.879997,363.924988,471.799988,0.101168,97.074997,5.855,3.2938,19.001925,77.670158,41.439999,94.540421,67.204201,50.27,25.946037,259.996246,93.123528,290.700012,22.777359,93.468628,27.360001,29.672726,11.606199,238.350006,9.348465,107.893059,56.792614,130.647293,56.021175,93.528427,56.753857,105.732216,2.917,43.81776,0.588911,63.986317,10.517646,46.077023,1667.800049,54.184978,15.56,12.955972,10.800987,2154.699951,136.229156,301.701691,58.490059,34.610001,608.677002,2.5149,77.310585,35.921513,96.28241,200.492081,13.73,22.573891,81.044273,82.633003,39.292526,75.339996,90.834267,196.49498,679.820129,16.530073,107.57132,86.762169,0.287087,5.2773,0.99992,1.36741,0.78192,6.8997,7.80471,92.008598,157.772995,1483.069946,17.67087,9.65743,3.6919,9.25501,1.27701,1.000136,43.948002,16.481091,91.559998,81.684105,77.676643,28.530001,28.540001,92.897865,48.470001,144.027969,85.182655,205.370956,79.074814,74.604294,0.159607,42.730564,355.127777,1.43022,431.75,63.09,306.100006,1154.5,566.75,21.15
2026-03-05,0.268991,97.871201,0.087251,50.69558,182.058685,11.94203,110.306931,17.597158,49.576561,113.120964,6.647814,1.838751,0.7076,9.383824,,461.917816,89.554298,11.858167,19.706188,647.625854,72.580338,47.769642,70841.125,113.333061,17.749561,53.535347,85.410004,2963.0,86.710304,50.929096,105.479614,81.010002,48.301628,63.029999,38.836567,26.52,29.978575,475.410645,176.144104,0.093536,1.530268,9.65702,99.32,57.332005,97.615295,187.476959,93.420166,943.80011,,8.649947,2071.605469,15.8,0.90648,0.87022,182.641006,1.163562,40.37022,85.425858,45.586994,36.01712,142.565018,62.049999,1.011338,49.647762,12.508862,105.388474,9.636774,209.854004,1.336952,5078.700195,101.82,362.600006,466.130005,0.09952,95.675003,5.753,3.6143,18.850817,77.361023,40.389999,94.247467,66.366005,50.369999,25.549543,255.029938,92.71949,293.0,22.729021,95.22184,27.280001,29.444326,11.39395,238.524994,9.196875,107.465256,55.471489,131.262558,55.459923,93.206764,55.810112,105.60466,3.003,43.808025,0.593761,62.822941,10.526752,45.775547,1620.199951,52.932178,15.8,12.985917,10.668808,2130.0,134.695099,297.993073,57.790627,34.419998,606.843201,2.6709,77.028915,35.536392,95.391632,198.16983,13.72,22.338644,80.985519,81.686996,38.122471,74.269997,88.691109,194.492294,676.029724,16.475279,107.542313,86.411812,0.285151,5.2301,0.999801,1.3644,0.77915,6.897,7.8172,92.123001,156.983002,1460.75,17.59306,9.62285,3.66429,9.17044,1.27473,0.999876,43.9398,16.31489,96.309998,81.441254,77.588989,30.35,28.309999,91.964417,47.759998,142.352295,83.424995,203.583817,78.23922,73.474831,0.156758,42.32045,361.976318,1.403052,441.5,65.32,305.600006,1163.75,582.75,23.75
2026-03-06,0.259037,97.754036,0.084412,50.637817,182.980423,11.691632,107.788239,17.356356,48.561859,106.326355,6.597499,1.808285,0.70113,9.026197,,449.852539,89.573906,11.703097,19.619463,627.273438,72.482704,47.631966,68136.492188,108.281868,17.530432,51.093586,92.690002,3138.0,87.018234,48.198818,99.657661,90.900002,48.340782,63.189999,38.548962,27.51,30.533548,470.843231,172.655533,0.091262,1.487706,9.354934,98.989998,57.023605,96.748993,183.535416,92.809517,928.152649,,8.249307,1978.751221,14.93,0.90617,0.86899,182.862,1.160807,40.0173,84.311905,45.370102,35.937874,141.714447,59.310001,0.977107,49.647762,12.118876,104.302299,9.433801,210.414993,1.335738,5158.700195,101.379997,355.625,473.51001,0.097533,95.625,5.757,3.6224,18.161381,76.984268,38.599998,94.188858,66.16877,49.990002,25.346462,249.199478,92.267342,297.600006,22.758348,90.978249,27.48,28.368954,11.316767,234.574997,8.793666,107.105515,53.81081,129.680481,54.819698,93.128777,56.346558,105.535973,3.186,43.924847,0.589769,63.016834,10.444796,46.378494,1631.699951,51.489708,16.379999,12.786288,10.300592,2142.399902,131.460846,299.148376,56.887192,34.25,597.714355,2.7466,76.397621,34.689144,92.767677,195.808075,14.1,22.113197,81.024704,83.816002,37.163414,75.940002,84.681801,188.493927,667.168945,16.393085,107.745361,86.090645,0.284574,5.2634,0.999944,1.36699,0.78066,6.897,7.81921,91.786903,157.533997,1479.51001,17.7026,9.66695,3.6824,9.22119,1.2797,0.999915,44.033401,16.62278,108.769997,81.237274,77.530548,34.450001,26.940001,90.962898,47.619999,140.726196,83.336624,202.829239,75.467079,72.751572,0.152247,41.881035,352.07074,1.363571,447.0,66.209999,313.100006,1185.0,611.25,29.49
2026-03-07,0.254673,,0.083048,,,,,,,,,1.783721,,8.906248,,449.933014,,,,620.066284,,,67272.59375,,,,,,,,,,,,,,,,,0.089937,1.446415,,,,,,,,,8.115692,1969.455444,,,,,,,,,,,,0.952009,,,,,,,,,,,0.095747,,,,,,,,,,,,,,,,,,,,8.694978,,53.563412,,,,,,,,,,,,,,,,,,,,,,,,,,,,,,,,,,83.179955,,,,,,0.286536,,0.999901,,,,,,,,,,,,,0.999911,,,,,,,,,,,,,,,0.150401,,344.038544,1.356423,,,,,,
2026-03-08,0.24925,,0.081831,,,,,,,,,1.736723,,8.820453,,442.723328,,,,612.038879,,,65969.78125,,,,,,,,,,,,,,,,,0.089163,1.451653,,,,,,,,,7.984695,1936.604736,,,,,,,,,,,,0.934988,,,,,,,,,,,0.094017,,,,,,,,,,,,,,,,,,,,8.523437,,52.636494,,,,,,,,,,,,,,,,,,,,,,,,,,,,,,,,,,81.624588,,,,,,0.289061,,0.999996,,,,,,,,,,,,,0.999929,,,,,,,,,,,,,,,0.148381,,334.996063,1.341401,,,,,,
2026-03-09,0.254994,98.066475,0.083198,50.339386,181.088409,11.585695,107.232941,17.310047,48.992634,105.205193,6.584921,1.741681,0.69662,9.250894,,444.513947,89.583694,11.748707,19.764004,634.500366,72.687737,47.700802,68402.382812,108.527069,17.566954,50.649628,98.959999,3197.0,86.344643,48.119965,97.316971,94.769997,48.125462,63.59,38.424332,27.139999,30.593012,473.46875,176.046112,0.090382,1.492274,9.237996,99.18,58.147762,97.447937,185.515945,93.013077,935.788147,,8.156227,1992.938232,15.37,0.90012,0.86625,182.546997,1.152326,40.28199,85.177208,45.636288,36.750137,141.395508,60.130001,0.937656,49.657524,12.099376,103.322792,9.522051,210.718002,1.330106,5103.700195,102.440002,350.649994,472.529999,0.094289,94.824997,5.8005,3.5866,18.095272,77.447968,39.130001,94.481804,66.208221,49.98,25.11437,251.911087,92.767593,301.75,22.680141,90.589752,27.41,27.988287,11.384302,230.149994,8.860023,107.747208,53.720394,129.0457,54.294151,93.479698,57.290298,105.663544,3.12,44.246109,0.585021,62.95866,10.390158,46.436848,1662.199951,52.108624,16.190001,12.486843,10.111764,2169.600098,132.056885,297.546478,56.644333,34.389999,605.697144,2.8084,75.979988,34.332916,91.934982,196.361496,14.59,22.142605,81.063866,84.031998,37.537449,78.260002,84.936172,186.55896,673.013306,16.338289,107.919411,86.840019,0.285507,5.2435,1.000014,1.36021,0.78122,6.8965,7.81647,91.936203,158.427002,1483.890015,17.9923,9.63425,3.72842,9.26727,1.28427,1.000102,44.083092,16.76936,104.330002,81.538399,77.61821,31.17,26.99,91.167099,47.389999,142.025101,84.652412,206.195007,74.946091,72.414711,0.150654,41.968914,341.016418,1.361842,437.5,65.75,308.799988,1180.5,598.0,25.5
2026-03-10,0.262012,97.74427,0.08537,49.925426,180.583878,11.595325,107.262688,17.124813,48.868187,105.040894,6.635236,1.78804,0.706859,9.532015,,446.874146,89.593491,11.657489,19.764004,641.879211,72.463181,47.661469,69926.921875,107.850304,17.457388,51.576145,87.800003,3356.0,85.18029,47.755272,95.194489,83.449997,48.164608,65.300003,38.328465,27.6,30.652472,473.290375,177.231827,0.094547,1.486178,9.276977,98.830002,58.376572,97.674355,186.511093,93.00338,946.840515,,8.23574,2037.120483,15.4,0.90363,0.86532,183.350006,1.161723,40.29179,85.992775,45.754593,37.176083,141.772446,61.029999,0.865308,49.657524,12.304119,103.574944,9.319079,211.869995,1.342498,5242.100098,103.370003,353.350006,477.859985,0.095115,96.074997,5.904,3.3466,18.180271,77.32238,39.709999,94.179085,66.011002,49.93,24.901619,251.652847,92.652138,300.549988,22.641035,89.613525,27.629999,27.636173,11.586904,232.375,8.983073,107.008293,53.849331,127.082779,54.255928,93.245743,58.313522,105.457474,3.02,44.100079,0.592708,62.90049,10.344626,46.981445,1668.699951,51.978851,16.440001,12.716417,10.111764,2235.0,133.043777,297.07074,56.246048,34.450001,605.707153,2.6403,75.912003,34.390682,91.567055,194.889084,14.38,22.152407,81.014915,89.083,36.990788,80.089996,85.838226,187.968216,671.931702,16.292625,107.561646,85.915466,0.285817,5.2053,1.000018,1.35874,0.77788,6.911,7.82051,91.220703,157.848007,1464.469971,17.6731,9.58986,3.653,9.14196,1.27508,1.000115,44.0798,16.329081,105.860001,81.208122,77.540291,32.68,26.51,91.03096,47.400002,142.005264,84.524757,206.234726,72.675285,72.68222,0.158575,41.910328,353.092163,1.386425,436.25,65.330002,311.799988,1187.25,584.75,24.93
2026-03-11,0.262537,97.304901,0.086159,50.45491,177.411163,11.662741,105.210052,17.124813,48.025799,99.995674,6.622657,1.83969,0.7121,9.549244,,455.529999,89.593491,11.584517,19.792913,651.478333,72.140999,47.445141,70204.882812,105.192307,17.30217,50.331142,91.980003,3337.0,84.256508,46.404919,97.386406,87.25,47.988426,65.169998,37.139687,28.129999,30.612831,470.427032,176.967255,0.092886,1.521918,9.335443,99.230003,58.525799,97.467628,185.272034,92.702896,964.032898,,8.284205,2051.573242,15.69,0.90399,0.86519,183.576996,1.16113,39.997692,85.266724,45.656006,37.255333,136.785095,61.57,0.877819,49.647762,12.196873,103.768906,9.222005,212.158997,1.341904,5179.100098,101.360001,348.725006,476.23999,0.094175,95.199997,5.8455,3.6788,18.123606,77.148491,40.07,93.749405,65.902527,49.27,24.37941,251.146286,92.45974,292.0,22.650812,86.794426,27.83,27.112762,11.529016,230.149994,8.995531,106.13324,54.742794,124.924522,54.150818,92.758377,57.92609,105.231766,3.209,43.915115,0.592442,62.735683,10.171609,46.572994,1624.400024,51.889008,16.76,12.636565,10.22506,2205.0,131.324036,291.167969,55.196896,34.470001,605.62738,2.7883,76.171883,33.967052,92.215782,194.24678,14.25,21.926962,80.936554,85.065002,36.2715,77.910004,86.564934,185.511795,671.088379,16.30176,107.397263,84.806,0.291024,5.1624,1.000177,1.35829,0.778578,6.8765,7.8238,92.1651,158.113998,1472.780029,17.589781,9.6296,3.67229,9.16223,1.273,1.000189,44.088402,16.281811,108.050003,80.800148,77.38446,31.190001,26.370001,90.087791,46.790001,141.826782,84.259636,203.861816,73.392906,72.21656,0.159201,41.412327,352.463623,1.384877,444.25,67.080002,316.399994,1200.5,588.5,24.23
2026-03-12,0.263198,96.943649,0.089036,50.11797,174.510101,11.431603,99.458702,16.735823,48.102375,93.268738,6.50316,1.836932,0.712921,9.677625,,455.211945,89.613075,11.411205,19.754368,652.13501,71.877388,47.277981,70493.460938,100.160728,16.973475,50.890907,100.459999,3223.0,82.861221,44.660294,95.00605,95.730003,48.115669,65.139999,36.63158,28.860001,30.62274,463.164734,176.781067,0.094736,1.51659,9.130804,99.739998,56.655518,95.941772,183.847626,91.927452,962.091797,,8.270706,2073.13623,15.63,0.90232,0.8626,183.619003,1.154321,39.546738,83.735046,45.232079,35.779381,135.489914,61.369999,0.878908,49.598965,11.670389,102.168732,9.036682,212.871002,1.338187,5125.799805,99.300003,348.225006,466.880005,0.094813,94.349998,5.8245,3.8989,17.660833,76.655807,39.950001,93.446678,65.665848,48.52,24.282707,245.742935,91.844048,296.5,22.435743,83.556938,28.049999,27.902639,11.422893,231.25,9.058503,105.559593,54.574989,124.758507,52.230171,92.495186,57.300236,104.976639,3.233,43.75935,0.58956,63.045914,10.007698,47.06897,1621.900024,50.411598,17.209999,11.818083,9.790755,2160.0,128.881256,289.061218,54.079746,34.200001,595.232849,2.9646,75.073494,33.562687,89.078659,191.242691,14.38,21.779932,80.799438,84.669998,36.329041,76.480003,86.86779,183.564316,660.897949,16.119104,107.261902,84.640549,0.289077,5.1514,0.999891,1.36017,0.78174,6.8655,7.8254,92.228798,159.074997,1475.339966,17.7446,9.66525,3.67587,9.23692,1.27607,1.00005,44.0984,16.576071,118.389999,80.324165,77.102005,33.32,26.040001,89.465492,45.849998,139.35791,84.642586,204.725586,72.341057,70.63134,0.160233,41.148674,350.280762,1.384649,448.25,67.339996,319.899994,1213.0,592.25,27.290001
2026-03-13,0.265694,96.865532,0.094004,50.262371,178.924759,11.258251,103.56398,16.992712,46.341019,98.352608,6.459135,1.859379,0.70753,9.720893,,460.70517,89.642479,11.383839,19.715822,655.881958,71.809044,47.19931,70968.265625,104.731316,16.946083,50.196018,103.139999,3205.0,85.221939,44.985561,94.678741,98.709999,47.968857,65.849998,37.053406,28.709999,30.384895,462.104614,177.205307,0.095945,1.464547,9.023613,100.360001,56.506294,94.799843,183.037857,91.481583,960.536987,,8.486917,2092.563477,15.89,0.90478,0.86282,183.429001,1.152167,39.056572,82.909531,44.689846,35.155323,136.640121,61.98,0.869675,49.569687,11.299901,101.334702,8.904309,212.561005,1.335251,5061.700195,93.260002,349.475006,460.839996,0.095121,93.449997,5.7145,4.0147,17.481392,76.510887,40.369999,93.349007,65.577103,48.060001,24.16666,244.928452,91.632401,290.350006,22.396639,85.599052,27.879999,27.122278,10.959803,230.899994,9.088024,105.170685,55.305935,123.361992,52.449944,92.504929,57.399574,105.241585,3.131,43.81776,0.5853,62.473915,9.971274,46.728596,1554.099976,50.082172,17.129999,11.548582,9.62081,2036.599976,128.734711,289.041809,54.26432,34.139999,591.704773,3.0414,75.102913,33.187199,87.016296,191.232819,14.37,21.799536,80.848404,80.914001,35.686474,72.690002,88.15329,182.830322,657.157166,16.055176,107.049171,84.222069,0.293438,5.2439,0.99997,1.36326,0.78534,6.8689,7.8273,92.3899,159.205994,1470.579956,17.834299,9.6882,3.70266,9.34302,1.27848,1.000124,44.185398,16.75618,119.889999,80.100739,77.024071,33.880001,25.950001,89.611343,45.25,138.336655,84.996094,206.334015,72.164116,69.828827,0.163948,41.256092,358.510376,1.398908,452.5,67.339996,319.899994,1211.0,618.5,27.190001
2026-03-14,0.263444,,0.090975,,,,,,,,,1.870667,,9.720721,,467.646942,,,,657.831604,,,71214.625,,,,,,,,,,,,,,,,,0.095991,1.414059,,,,,,,,,8.257002,2097.08667,,,,,,,,,,,,0.880895,,,,,,,,,,,0.093645,,,,,,,,,,,,,,,,,,,,9.161493,,55.00079,,,,,,,,,,,,,,,,,,,,,,,,,,,,,,,,,,88.070686,,,,,,0.298122,,0.999886,,,,,,,,,,,,,1.000091,,,,,,,,,,,,,,,0.166559,,355.413635,1.407269,,,,,,
2026-03-15,0.269847,,0.092467,,,,,,,,,1.859895,,9.935143,,469.605255,,,,673.701172,,,72789.914062,,,,,,,,,,,,,,,,,0.097394,1.439507,,,,,,,,,8.463036,2177.476318,,,,,,,,,,,,0.893761,,,,,,,,,,,0.096168,,,,,,,,,,,,,,,,,,,,9.482127,,56.185833,,,,,,,,,,,,,,,,,,,,,,,,,,,,,,,,,,92.251823,,,,,,0.298878,,0.999894,,,,,,,,,,,,,1.000098,,,,,,,,,,,,,,,0.169149,,358.205872,1.447551,,,,,,
2026-03-16,0.29038,97.246315,0.09725,50.358639,179.215836,11.344928,102.582275,17.068829,46.245293,97.144463,6.496871,1.976456,0.70057,10.489087,,478.778168,89.642479,11.438569,19.72546,679.354797,72.082405,47.415642,74861.085938,105.064796,17.183474,50.466259,100.209999,3328.0,85.270653,45.714954,96.166466,93.5,47.880764,68.190002,37.24514,28.309999,30.543459,465.958679,178.823349,0.103141,1.641374,9.189273,99.709999,58.078125,96.5718,185.340332,91.840233,974.956421,,9.038064,2351.176025,17.610001,0.90323,0.86313,182.457993,1.143511,39.723198,84.610291,45.458828,36.185516,136.395676,64.440002,0.991471,49.618481,11.582643,103.138527,8.957258,211.369995,1.324767,5002.200195,94.379997,355.450012,460.429993,0.100298,93.5,5.7905,3.8375,17.670279,76.752411,41.939999,93.768936,66.316696,48.560001,24.282707,247.242752,92.017212,297.75,22.670364,85.768387,27.93,27.274546,11.249232,233.25,9.927088,105.676292,58.72369,123.41082,52.621944,92.914337,58.313522,105.369141,3.023,44.031933,0.57973,62.939274,10.116971,46.514648,1584.5,50.591282,16.9,11.917897,9.856845,2089.5,131.001617,284.216583,54.546036,34.330002,598.342224,3.0003,75.897285,33.524174,88.565498,192.655792,14.19,21.985773,80.946342,80.263,35.274075,73.220001,96.223724,185.286713,663.844971,16.009516,107.387596,84.87413,0.295728,5.3291,0.999949,1.37117,0.78992,6.8961,7.82708,92.563599,159.567993,1501.75,17.88637,9.76067,3.73146,9.44692,1.28237,1.000005,44.170971,16.870239,115.029999,80.421303,77.131218,31.33,25.4,90.360039,46.0,140.289948,86.203873,208.677124,74.444748,70.601624,0.176206,41.578327,373.325043,1.543565,454.0,63.939999,312.200012,1155.25,597.25,23.51
2026-03-17,0.289063,97.441589,0.094766,50.69558,179.56514,11.402711,107.976654,17.544548,47.288708,103.522133,6.559764,1.960314,0.706849,10.196189,,470.689575,89.65226,11.812557,19.792913,668.780945,72.228859,47.494308,73922.476562,109.851173,17.457388,51.624401,103.419998,3349.0,85.67012,47.183586,98.11042,96.209999,48.125462,68.769997,37.465641,28.76,30.791216,466.553162,177.974869,0.100159,1.621041,9.267231,99.580002,58.446209,96.837601,186.34523,92.179474,967.449646,,8.862661,2318.053467,17.540001,0.90617,0.86363,182.949997,1.149954,39.938873,84.620232,45.646145,36.363819,135.281052,64.940002,0.969484,49.638004,11.592392,103.594345,9.054333,211.822006,1.331434,5008.200195,93.959999,359.799988,459.269989,0.098771,93.724998,5.7265,4.0158,17.755276,77.100197,42.27,93.934959,66.504059,48.52,24.56315,248.806946,92.382767,302.049988,22.709469,88.627342,28.23,28.026358,11.384302,235.225006,9.795186,106.269371,58.094673,125.071022,53.271721,93.099533,58.055229,105.212143,3.033,43.876171,0.58537,62.13459,10.426582,45.999218,1614.0,50.780949,17.17,12.057638,9.904052,2131.800049,131.20845,280.61731,55.575756,34.450001,601.262268,3.1234,75.877678,33.581944,89.030243,193.73291,14.45,22.044586,80.956131,79.529999,36.597572,71.660004,94.705971,186.46109,665.591248,16.246964,107.764694,85.107689,0.306761,5.2334,0.999849,1.3684,0.78805,6.9555,7.82984,92.2827,159.104996,1488.910034,17.683599,9.67319,3.7045,9.33346,1.27823,1.000149,44.183498,16.6691,118.839996,80.800148,77.277298,30.879999,26.040001,90.758705,46.41,140.815445,86.410072,211.635834,76.754852,70.928566,0.173739,41.715031,368.580597,1.518544,454.0,65.970001,311.700012,1157.0,589.75,22.370001
2026-03-18,0.274191,97.031525,0.090152,50.551174,175.315414,11.354559,110.267265,17.392317,46.245293,103.81604,6.540895,1.906463,0.71091,9.675531,,456.806244,89.671852,11.766949,19.783278,652.059082,71.935966,47.30748,71245.578125,111.351807,17.238255,51.083935,107.379997,3260.0,82.727737,47.03574,96.53344,96.32,47.959064,68.699997,36.823318,29.27,30.533548,458.726074,176.544281,0.095183,1.575649,9.218508,100.089996,57.262367,95.183769,183.574463,91.462204,964.161621,,8.499283,2203.671631,16.5,0.90574,0.86376,183.363998,1.153948,38.978142,83.695259,44.73914,35.91806,133.335327,61.889999,0.923903,49.647762,11.280401,102.362694,9.350589,212.237,1.335952,4896.200195,88.110001,358.725006,444.73999,0.095847,93.75,5.554,4.1978,18.010273,76.704117,40.259998,93.505257,65.636269,47.720001,24.137648,244.796982,91.949875,299.700012,22.337984,90.280945,28.17,27.845541,11.036983,235.399994,9.22583,105.695724,56.053482,122.854164,52.688835,92.582924,56.853199,104.966835,3.065,43.223923,0.585919,61.116634,10.381052,45.950596,1517.099976,50.221931,17.459999,12.197379,9.922936,2052.0,129.228653,272.241852,55.187183,34.240002,592.880859,3.0985,74.926384,33.013897,88.662315,191.183395,14.8,21.711317,80.809227,77.237999,36.798973,68.699997,90.06572,185.844543,656.303833,16.109972,107.561646,84.630821,0.304394,5.1929,0.999869,1.36895,0.78477,6.8863,7.8365,92.391296,158.889008,1484.869995,17.652981,9.58129,3.68979,9.27281,1.2762,0.999939,44.215401,16.6726,121.669998,80.34359,77.082512,33.59,26.42,89.41687,45.860001,138.634109,85.752182,207.714066,77.167725,69.264099,0.170015,41.031498,346.681274,1.463854,463.25,65.529999,321.700012,1161.75,604.25,25.09
2026-03-19,0.267356,97.138924,0.089081,51.080662,177.323837,11.393081,110.435844,17.306688,47.40358,105.794975,6.540895,1.81236,0.70295,9.470717,,455.408203,89.671852,11.803435,19.792913,639.266174,72.014069,47.327148,69912.789062,111.292969,17.347822,51.547188,108.650002,3331.0,82.883629,47.03574,98.715431,96.139999,47.978645,67.669998,36.641167,28.84,29.968662,456.804016,177.442108,0.093552,1.524504,9.257486,99.230003,57.322052,95.016411,182.589066,91.723907,965.350098,,8.342387,2137.423828,16.16,0.90863,0.86417,183.169998,1.146447,38.909519,83.625641,44.47295,36.1558,132.963791,61.189999,0.893973,49.657524,10.987911,103.080345,9.406137,211.940002,1.326506,4605.700195,82.900002,355.274994,426.410004,0.092898,92.050003,5.433,4.342,18.038605,76.955284,39.82,93.495491,65.961685,47.52,24.176331,246.398987,92.151894,306.200012,22.572605,90.251068,27.84,27.740858,10.602837,233.274994,9.047333,106.162422,55.507347,121.594383,53.214394,92.69014,56.435966,104.849075,3.166,43.058422,0.579559,60.728832,10.417477,45.522697,1434.599976,49.902493,17.219999,12.26725,9.932377,1939.199951,129.1203,271.986816,55.148323,34.220001,591.007202,3.1271,75.210793,33.244965,89.436913,191.035172,15.37,21.642704,80.78965,70.902,38.026569,65.68,88.917847,187.224426,654.686462,16.146503,107.435951,85.146629,0.303497,5.2621,1.000032,1.37294,0.79263,6.8726,7.8361,93.246597,159.794998,1505.25,17.842899,9.60055,3.7268,9.39787,1.28332,1.000068,44.319,16.964399,117.360001,80.557304,77.170166,32.650002,26.48,89.057098,45.560001,138.366409,84.004341,204.616364,77.72805,67.728416,0.165358,40.933849,339.731354,1.447323,469.75,65.410004,332.5,1168.5,608.0,24.059999
2026-03-20,0.266119,96.328537,0.089896,50.888123,171.531403,11.161945,111.060562,17.087854,45.364613,103.718071,6.327059,1.832264,0.70811,9.566223,,474.497101,89.701248,11.584517,19.74473,642.18335,71.438026,47.012482,70522.585938,108.311295,16.635649,50.26358,112.190002,3255.0,80.243271,46.454197,96.830986,98.32,47.792686,67.309998,35.174366,28.940001,29.542522,452.657623,170.979797,0.094171,1.499886,8.974889,99.650002,55.352291,92.132057,178.627991,90.28936,949.900635,,8.408894,2146.49707,16.1,0.9132,0.86229,182.822998,1.157756,37.448822,80.7612,43.230743,34.729378,127.361298,61.119999,0.90126,49.647762,10.568673,100.035164,9.230234,212.013,1.34257,4574.899902,80.120003,357.75,413.380005,0.093181,91.275002,5.3425,4.6084,17.566393,76.240402,39.77,92.655647,64.393761,46.59,23.586426,241.015884,91.343796,309.75,21.839411,89.653374,27.969999,26.846298,10.159042,234.050003,9.113235,104.859558,56.176323,118.938072,52.849312,91.773865,54.846497,103.926682,3.095,41.335304,0.58683,59.090397,10.153397,43.55825,1424.800049,48.934189,17.33,12.047657,9.696342,1970.599976,126.086578,260.659363,53.564888,33.849998,580.084412,3.2862,73.425896,32.705807,87.452011,188.228729,15.7,20.927164,80.613342,69.360001,35.945419,61.52,89.853569,180.579453,645.300964,15.598545,106.575378,83.531097,0.309914,5.2199,1.000166,1.37358,0.7887,6.8998,7.8336,93.082298,157.923996,1489.839966,17.7381,9.49005,3.68146,9.28704,1.2775,1.00002,44.303699,16.7227,121.43,79.799614,76.858498,34.970001,25.41,86.295639,44.259998,135.481262,81.009445,194.538956,75.306465,66.242271,0.165519,39.635139,348.127319,1.445461,465.5,65.510002,328.0,1161.25,595.25,26.780001
2026-03-21,0.257769,,0.086838,,,,,,,,,1.794554,,9.204108,,461.908539,,,,630.133789,,,68711.523438,,,,,,,,,,,,,,,,,0.091216,1.464167,,,,,,,,,8.182469,2076.689941,,,,,,,,,,,,0.880207,,,,,,,,,,,0.091506,,,,,,,,,,,,,,,,,,,,8.807412,,54.667313,,,,,,,,,,,,,,,,,,,,,,,,,,,,,,,,,,87.46537,,,,,,0.311758,,1.000046,,,,,,,,,,,,,0.999817,,,,,,,,,,,,,,,0.162072,,341.296417,1.406576,,,,,,
2026-03-22,0.250595,,0.085567,,,,,,,,,1.768171,,9.018503,,468.155121,,,,626.601318,,,67845.210938,,,,,,,,,,,,,,,,,0.090104,1.411508,,,,,,,,,8.030608,2053.04834,,,,,,,,,,,,0.847058,,,,,,,,,,,0.089125,,,,,,,,,,,,,,,,,,,,8.685225,,53.489571,,,,,,,,,,,,,,,,,,,,,,,,,,,,,,,,,,86.128349,,,,,,0.310487,,0.999981,,,,,,,,,,,,,0.999858,,,,,,,,,,,,,,,0.155912,,362.067413,1.384883,,,,,,
2026-03-23,0.261601,96.689796,0.087431,51.128796,171.250046,11.450866,109.52356,17.392317,46.092133,104.942665,6.534606,1.784296,0.70078,9.548535,,477.808838,89.711044,11.785193,19.837769,638.536804,71.711403,47.209141,70914.859375,107.252014,17.11956,51.190098,99.940002,3180.0,79.239746,46.996311,99.062569,88.129997,47.890553,67.18,35.615368,27.75,29.284853,458.694489,174.107361,0.094188,1.419803,9.218508,98.949997,57.013657,94.347,179.476807,91.17141,957.625366,,8.579186,2152.145996,16.280001,0.91073,0.8671,184.072006,1.156016,38.546795,83.098503,43.930717,36.502499,128.896362,61.549999,0.923005,49.755116,10.734419,100.626747,9.609813,212.259995,1.333156,4407.299805,83.379997,358.450012,404.040009,0.093198,90.800003,5.4395,4.056,18.076382,76.742752,40.049999,92.948616,65.024879,47.630001,23.944237,246.219879,91.87291,307.0,22.191345,90.490135,27.35,27.322128,10.233663,235.300003,9.102709,105.549873,55.664776,119.524017,52.868519,92.154015,55.223995,104.417328,2.891,41.393715,0.583121,58.993443,10.308203,43.606873,1411.300049,50.112125,16.59,12.406992,9.856845,1860.300049,128.35202,266.092651,54.317898,34.060001,586.743164,2.9749,73.210136,33.312359,88.962471,190.235397,15.52,21.083994,80.730888,69.049004,37.182598,62.470001,91.42408,177.614166,652.07666,15.881657,106.546379,84.076088,0.307762,5.3119,1.000119,1.37098,0.78782,6.8857,7.83364,93.895302,159.233994,1504.209961,17.938601,9.56655,3.69113,9.34285,1.28197,0.999896,44.292801,17.07795,110.559998,80.188171,77.053299,33.139999,26.02,86.96656,44.59,137.747223,80.371185,193.605682,76.255341,68.035545,0.166846,39.93103,350.70639,1.431878,459.5,65.580002,326.600006,1163.5,587.75,26.15
2026-03-24,0.266189,96.426178,0.08724,51.533127,165.292679,11.325666,110.316849,17.087854,45.355038,103.884613,6.584921,1.785528,0.70061,9.611779,,477.649292,89.720825,11.575395,19.818388,638.252808,71.525909,47.032154,70517.859375,105.908295,16.946083,51.054981,104.489998,3235.0,76.57016,46.582333,98.189774,92.349998,47.685017,67.620003,34.771717,28.24,29.443419,457.900146,172.370926,0.095103,1.400362,9.199018,99.43,56.227741,93.785881,178.442642,90.706161,955.218811,,8.657418,2155.704346,15.97,0.91307,0.86459,183.929993,1.160712,38.184071,82.829956,43.77298,36.324192,126.901749,60.400002,0.923605,49.735596,10.812416,100.006073,9.29504,212.735992,1.342426,4402.0,83.5,360.299988,404.130005,0.094186,91.050003,5.4225,4.2909,17.915831,76.481911,39.279999,92.636124,65.429184,46.389999,24.186001,247.543259,91.613167,317.850006,22.054482,90.559875,27.51,27.245993,10.078607,235.375,9.246527,105.335976,56.382774,118.957596,52.695595,91.851837,55.273666,103.69117,2.943,41.237957,0.58536,58.615349,10.180717,43.499897,1411.199951,50.880775,16.879999,12.476862,9.828521,1892.0,128.391418,262.777771,53.889275,34.0,582.731689,3.148,73.141487,32.734688,87.209946,190.463654,15.88,20.956568,80.613342,69.274002,36.376995,62.950001,90.822426,174.462921,649.887756,15.863392,106.198273,83.706261,0.306072,5.2329,1.000006,1.37307,0.7864,6.88,7.8348,93.243698,158.479004,1485.359985,17.783649,9.72825,3.66328,9.32815,1.27519,0.999602,44.3386,16.833229,114.540001,80.032738,76.936401,33.84,26.120001,86.392647,44.299999,137.051529,80.695221,195.204163,76.492546,68.253517,0.173772,39.606632,339.625641,1.415424,462.5,65.730003,322.399994,1155.0,590.0,26.950001
2026-03-25,0.270307,96.767899,0.087459,51.379097,162.294586,11.527911,108.879021,17.182999,45.259312,104.335258,6.68555,1.765099,0.69969,9.671002,,473.349457,89.711044,11.684855,19.86684,647.328125,71.799271,47.277981,71309.882812,106.300621,17.347822,50.99707,102.220001,3133.0,74.982056,46.335915,98.566658,90.32,47.714382,68.18,34.704613,28.17,29.641624,460.849091,174.067871,0.096119,1.361277,9.315956,99.599998,57.123085,95.154236,179.12558,91.530052,956.625122,,8.669734,2168.021484,16.41,0.91521,0.8657,184.341003,1.161467,38.693848,84.292015,44.502525,37.185993,127.097313,61.689999,0.927548,49.69656,10.763668,100.151535,9.646845,212.932007,1.341634,4552.299805,86.32,361.875,416.290009,0.09467,90.900002,5.529,4.0063,18.397491,76.723442,40.169998,93.124405,65.932106,47.419998,24.069954,250.568161,91.921013,316.100006,21.907843,88.567581,27.48,27.103247,10.010769,234.425003,9.374694,105.715179,56.621643,118.79158,52.330524,92.339233,56.27702,104.014999,2.952,40.877758,0.583809,58.227551,10.235353,43.499897,1416.0,51.245136,16.83,12.736381,10.007909,1925.199951,128.401276,262.473724,54.990051,34.150002,586.563538,3.0124,72.994377,32.205162,88.914062,191.386597,15.55,20.951639,80.7015,72.361,35.6577,65.209999,91.708221,177.692444,653.50946,15.963849,106.517372,84.51403,0.314579,5.2326,0.999851,1.37572,0.788,6.8918,7.82761,94.299698,158.718002,1497.310059,17.729099,9.68642,3.67393,9.303,1.27741,0.999616,44.339298,16.90616,113.389999,80.256172,77.024071,33.209999,25.98,86.323845,44.790001,138.313721,81.205826,195.323303,78.271675,69.33345,0.177429,39.586971,340.549713,1.414238,467.25,67.099998,319.799988,1171.75,597.75,25.33
2026-03-26,0.254774,96.221138,0.084025,51.802685,163.895508,11.460495,109.05751,17.049799,45.958115,105.726402,6.69184,1.697249,0.69429,9.100454,,461.90448,89.730621,11.529786,19.847458,628.99469,71.379471,46.943649,68791.625,107.526642,17.521299,51.305916,108.010002,3164.0,75.966103,46.099361,100.708977,94.480003,47.636078,69.410004,34.733372,28.440001,29.592075,456.053314,172.41037,0.092022,1.322859,9.345189,99.900002,55.183174,93.185394,179.574356,90.589836,954.089844,,8.209181,2059.578369,15.46,0.91512,0.86512,184.270996,1.15615,37.909576,82.263039,43.59552,36.452969,127.586189,59.66,0.867776,49.657524,10.734419,100.56855,9.43391,212.983994,1.336362,4376.299805,82.389999,363.524994,400.640015,0.091138,90.824997,5.4465,4.2734,18.340824,76.240402,38.82,92.372444,65.458763,46.610001,24.304878,246.209915,91.343796,307.649994,21.761204,89.64341,27.74,27.512459,9.875096,235.100006,8.914506,104.888741,54.568012,119.289642,50.8414,91.666626,54.67762,103.62249,2.999,40.98484,0.580639,58.431149,10.116971,43.324848,1341.300049,50.062214,17.02,12.676491,10.121206,1838.300049,127.790588,262.846436,53.889275,33.82,572.563477,3.1302,72.935539,32.012604,90.114685,189.630035,15.87,20.931931,80.525208,67.670998,35.149399,60.77,86.443932,177.917542,641.838623,15.936454,106.130585,83.803596,0.311187,5.2368,1.000085,1.38142,0.79155,6.901,7.81806,94.693703,159.384003,1500.969971,17.777241,9.67963,3.69544,9.34869,1.28104,0.999483,44.354599,16.97765,117.260002,79.66362,76.761086,35.490002,25.67,86.205917,43.810001,135.600525,81.16655,194.131882,79.655434,68.521027,0.173888,39.606632,328.386017,1.360114,467.0,68.019997,322.100006,1173.75,605.0,27.440001
2026-03-27,0.246024,96.211372,0.081326,51.484993,164.477661,11.065638,107.51059,16.602621,44.072308,104.119736,6.559764,1.673212,0.68874,8.787352,,472.406036,89.760002,11.292623,19.702091,613.292419,71.379471,46.864986,66338.375,105.996567,17.210865,49.63625,112.57,3165.0,76.57016,45.015133,99.796516,99.639999,47.49905,69.459999,34.474525,29.1,29.958754,448.189514,173.071396,0.090017,1.290625,9.082081,100.150002,54.91457,92.338791,178.706055,90.095497,953.703613,,8.089079,1991.271973,15.01,0.91664,0.86493,184.223999,1.153509,37.331181,80.98996,43.496929,36.284573,126.090233,57.470001,0.839129,49.540401,10.607673,99.763626,9.174685,212.962006,1.333565,4492.5,85.790001,361.450012,414.700012,0.089046,90.775002,5.467,4.4955,17.793055,76.047203,37.400002,92.382225,65.458763,45.82,23.95249,241.891495,91.064819,301.700012,21.722099,88.159157,28.07,26.627417,9.564985,238.5,8.56382,104.635956,53.683521,117.746635,49.506001,91.744614,54.459064,103.661736,3.095,40.829082,0.57618,58.838329,9.862,43.315125,1390.900024,49.692856,17.4,12.237306,9.847404,1870.599976,126.963203,260.884949,53.178154,33.709999,561.377502,3.2501,72.86689,31.280886,87.635979,187.029907,15.76,20.793962,80.691704,69.544998,33.88345,63.439999,83.018829,176.341904,630.894043,15.562016,106.043571,83.346169,0.31087,5.2351,0.999944,1.38519,0.79468,6.9107,7.8257,94.309502,159.703995,1508.359985,17.9139,9.69045,3.7037,9.4215,1.28582,0.99935,44.455551,17.077749,124.199997,79.576195,76.839012,38.23,24.709999,85.498344,43.259998,133.791702,80.430107,194.370178,78.508896,68.213882,0.167344,39.331379,325.196136,1.325014,462.0,67.410004,315.299988,1159.25,605.0,31.049999
2026-03-28,0.245659,,0.081566,,,,,,,,,1.665733,,8.749664,,480.668396,,,,610.701233,,,66319.695312,,,,,,,,,,,,,,,,,0.090887,1.257209,,,,,,,,,8.03129,1992.69458,,,,,,,,,,,,0.800515,,,,,,,,,,,0.089752,,,,,,,,,,,,,,,,,,,,8.428157,,53.840645,,,,,,,,,,,,,,,,,,,,,,,,,,,,,,,,,,82.015602,,,,,,0.316514,,0.999725,,,,,,,,,,,,,0.999196,,,,,,,,,,,,,,,0.167867,,329.687164,1.3328,,,,,,
2026-03-29,0.239562,,0.081017,,,,,,,,,1.642721,,8.595704,,452.05484,,,,605.676208,,,65954.921875,,,,,,,,,,,,,,,,,0.090397,1.25801,,,,,,,,,7.928077,1982.559692,,,,,,,,,,,,0.799361,,,,,,,,,,,0.088014,,,,,,,,,,,,,,,,,,,,8.405262,,53.29501,,,,,,,,,,,,,,,,,,,,,,,,,,,,,,,,,,81.422401,,,,,,0.321441,,0.999988,,,,,,,,,,,,,0.999229,,,,,,,,,,,,,,,0.164481,,326.991791,1.327276,,,,,,
2026-03-30,0.243194,96.699562,0.08215,51.273197,165.292679,11.084901,109.027756,16.87854,44.311623,105.471695,6.628946,1.665753,0.68509,8.789219,,459.704315,89.769814,11.411205,19.682707,608.553528,71.7407,46.992821,66691.445312,109.458839,17.594345,50.012646,112.779999,3155.0,77.632156,45.754379,100.411438,102.879997,47.763313,70.190002,34.417004,29.26,30.057251,448.854767,172.83461,0.090711,1.242303,9.150294,100.510002,54.466896,92.604576,179.018265,90.250603,954.743469,,8.059518,2023.514893,15.27,0.91908,0.86803,184.126999,1.149201,37.615475,81.079468,43.812412,36.423252,125.425354,57.889999,0.814262,49.608727,10.802667,101.305611,9.211718,212.097,1.323837,4526.0,85.790001,363.299988,414.579987,0.087141,90.474998,5.476,4.3643,17.906385,76.134148,37.68,93.036514,65.547516,45.419998,24.246147,238.418839,91.161011,292.549988,21.81986,90.011986,28.280001,26.884363,9.826642,239.550003,8.610696,105.306808,53.197754,118.869713,49.621288,92.329475,54.588211,103.965919,2.887,40.780403,0.57279,59.284298,9.916637,42.887222,1418.0,49.103889,17.5,12.466879,9.979584,1885.599976,126.845009,260.021881,53.713932,33.700001,557.08667,3.3515,73.445511,31.406048,88.275009,186.642883,15.55,20.862946,80.799438,70.323997,34.410927,63.52,82.444054,178.455795,628.784668,15.863392,106.701073,84.455643,0.319454,5.238,0.999692,1.38995,0.7998,6.9116,7.83214,94.781799,160.233994,1507.02002,18.143221,9.73653,3.72526,9.47533,1.28982,0.999124,44.445202,17.1574,129.830002,79.945328,76.985107,37.880001,25.18,85.822647,43.330002,133.364365,80.145348,193.903534,79.220551,68.491295,0.167303,39.527985,321.292786,1.322583,455.75,68.470001,314.899994,1159.75,607.0,30.610001
2026-03-31,0.241563,96.924126,0.094052,50.676327,167.44664,11.162486,110.485428,17.144943,45.138149,106.882416,6.802884,1.704373,0.68459,8.909309,,466.334564,89.769814,11.675733,19.779619,617.049194,71.896904,47.248482,68233.3125,112.783806,17.921898,50.775753,118.349998,3300.0,79.220261,47.696133,102.652946,101.379997,47.694805,70.0,35.136024,28.950001,29.997555,459.905853,177.797272,0.092208,1.25162,9.219167,99.959999,56.496346,95.616905,182.117676,91.04541,970.777161,,8.176494,2104.708252,15.83,0.91639,0.8697,183.123001,1.146,38.889912,83.983696,44.916595,38.027977,128.211929,59.029999,0.831028,49.725842,10.948912,103.002754,9.424652,210.544998,1.31728,4647.600098,91.769997,369.125,430.290009,0.087573,90.425003,5.5875,4.1634,18.288185,76.858681,38.419998,93.202538,66.07016,46.84,24.324455,246.767136,92.084557,298.350006,21.966497,92.143745,28.200001,27.369465,9.884787,243.024994,8.777545,105.967957,53.917908,119.260345,50.879833,92.553665,55.810112,104.162186,2.884,40.916695,0.571739,59.577412,10.425666,42.614925,1471.199951,50.721058,17.32,12.616722,10.182657,1950.0,130.193909,265.661133,55.058239,34.119999,575.946228,3.3123,74.200661,31.937857,90.531685,190.463654,15.52,21.178305,80.867989,74.690002,36.048424,68.139999,83.106461,182.546509,647.062134,16.173334,106.710747,84.368057,0.313209,5.264,0.999674,1.39283,0.79988,6.9116,7.8357,94.355904,159.841003,1516.130005,18.139601,9.7287,3.74045,9.55705,1.292,0.999024,44.4739,17.19087,127.25,80.382454,77.209122,34.349998,25.99,87.168999,44.450001,137.468964,80.817329,196.29631,80.288025,70.294479,0.167265,40.137474,333.049225,1.340259,457.75,68.879997,316.399994,1171.0,616.25,25.25
2026-04-01,0.248058,96.989761,0.102377,50.146847,165.933044,11.201277,109.325241,16.869024,42.094585,103.649498,6.783557,1.675671,0.692051,9.123949,,454.311554,89.793396,11.478578,19.818388,610.622986,71.9263,47.319439,68078.554688,112.136467,17.566269,49.914814,101.160004,3345.0,78.752602,46.720325,102.322731,100.120003,47.790031,70.760002,35.534851,28.68,30.057251,462.179626,178.034058,0.092191,1.25502,9.209328,99.650002,56.934071,97.07386,184.351212,91.420395,986.365173,,8.188356,2138.737061,16.16,0.9232,0.87387,183.475006,1.157421,39.409492,86.012672,45.695438,38.008163,129.541687,59.360001,0.836467,49.6759,11.057025,103.963387,9.359846,209.940994,1.324328,4813.100098,96.010002,370.75,437.820007,0.088456,90.925003,5.624,4.0568,18.230915,77.046997,38.639999,93.121216,66.287109,46.709999,24.324455,248.319366,92.350563,297.799988,21.946947,91.008141,27.99,27.24334,9.942934,244.050003,8.937802,106.081207,53.805855,119.680275,49.871075,92.605515,55.631298,104.597061,2.819,41.325569,0.575609,60.259071,10.142872,43.110901,1478.400024,51.599514,17.1,12.646691,10.037605,1969.300049,131.326645,270.917847,55.253071,34.25,583.061035,3.0914,74.641975,32.054951,90.688675,191.078934,15.29,21.266998,80.865044,75.866997,35.794704,68.139999,81.195259,184.073196,651.937378,16.041843,106.710747,84.284996,0.315662,5.1928,0.999888,1.39029,0.79763,6.8942,7.8384,93.484299,158.578995,1503.329956,17.884581,9.67646,3.70253,9.44559,1.28434,0.9998,44.454899,16.865191,124.089996,80.493645,77.274628,33.57,25.57,87.483475,44.950001,138.830521,81.044632,197.438065,80.525238,70.532265,0.169253,40.255436,336.565369,1.347766,454.25,67.110001,318.200012,1168.5,597.5,24.540001
2026-04-02,0.239358,97.215096,0.106244,50.416401,168.562424,11.18188,106.142166,17.211542,42.03624,100.347992,6.847979,1.665391,0.6924,8.751992,,444.056213,89.813026,11.725021,19.847458,583.136841,72.083046,47.270161,66888.570312,110.881027,17.482038,50.658348,109.029999,3245.0,82.601074,45.882511,103.307373,111.540001,47.770401,70.919998,36.176872,29.33,30.156746,461.762573,179.257462,0.090374,1.236357,9.258523,100.029999,56.297379,96.473358,185.384369,91.527534,990.71283,,7.873071,2056.852539,15.63,0.92021,0.87125,183.897995,1.159057,39.115391,84.829102,45.577133,37.98835,130.881195,58.360001,0.816586,49.715069,11.233938,104.678955,9.730166,211.041,1.330265,4679.700195,94.589996,372.899994,429.410004,0.08792,90.349998,5.563,4.3611,18.269094,77.231438,37.970001,93.336754,66.740723,46.650002,25.009651,250.040771,92.592407,295.399994,22.093586,90.878639,28.34,27.602316,10.02046,246.199997,8.628461,106.530289,52.260174,121.955704,50.562794,92.791374,55.472351,104.774162,2.8,41.637096,0.57501,60.580433,10.237137,43.762474,1491.400024,51.210197,17.52,12.786544,10.056944,1963.800049,131.760025,274.948669,55.116692,34.349998,583.729553,3.288,75.495193,32.318417,91.159637,191.624771,15.0,21.592213,80.904327,72.735001,35.189671,65.790001,78.951317,184.640823,652.524475,16.173334,107.145859,84.802872,0.315331,5.1545,0.999919,1.38764,0.79395,6.8705,7.8371,92.642601,158.688004,1512.089966,17.8232,9.715,3.69543,9.40514,1.2826,0.999892,44.486401,16.817539,137.919998,80.708244,77.333298,33.529999,25.35,88.6726,44.82,138.512482,82.289795,200.88327,81.207237,69.878365,0.163015,40.904243,326.091766,1.318691,452.25,68.940002,315.200012,1163.5,598.25,23.870001
2026-04-03,0.246168,,0.122998,,,,,,,,,1.688223,0.69115,8.911928,,443.206848,,,,588.100037,,,66931.101562,,,,,,,,,,,,,,,,,0.091535,1.237379,,,,,,,,,8.083104,2053.385254,,0.92171,0.87232,184.056,1.154175,,,,,,,0.834768,,,,,210.960999,1.323031,,,,,0.087662,,,,,,,,,,,,,,,,,,,,8.658192,,53.20805,,,,,,,,0.57178,,,,,,,,,,,,,,,,,,,,,,,,,,80.368546,,,,,,0.31517,5.1564,0.99992,1.3917,0.79863,6.8851,7.8369,92.973602,159.490997,1509.219971,17.84712,9.71151,3.70265,9.40844,1.2849,0.999804,44.555801,16.93516,,,,,,,,,,,,,0.162933,,315.462036,1.317907,,,,,,
2026-04-04,0.247949,,0.120332,,,,,,,,,1.713108,,8.984412,,441.318512,,,,593.283691,,,67290.515625,,,,,,,,,,,,,,,,,0.092018,1.25174,,,,,,,,,8.635146,2065.351562,,,,,,,,,,,,0.83789,,,,,,,,,,,0.087512,,,,,,,,,,,,,,,,,,,,8.6929,,53.574547,,,,,,,,,,,,,,,,,,,,,,,,,,,,,,,,,,80.80838,,,,,,0.31757,,0.999933,,,,,,,,,,,,,0.999844,,,,,,,,,,,,,,,0.161927,,325.147308,1.315574,,,,,,
2026-04-05,0.250427,,0.121356,,,,,,,,,1.694721,,9.055031,,427.599487,,,,601.535583,,,68981.898438,,,,,,,,,,,,,,,,,0.092267,1.243014,,,,,,,,,8.731225,2108.995605,,,,,,,,,,,,0.842404,,,,,,,,,,,0.087953,,,,,,,,,,,,,,,,,,,,8.811627,,54.114513,,,,,,,,,,,,,,,,,,,,,,,,,,,,,,,,,,81.854492,,,,,,0.318852,,0.999811,,,,,,,,,,,,,0.9996,,,,,,,,,,,,,,,0.16257,,330.988495,1.325496,,,,,,
2026-04-06,0.24609,97.038757,0.118951,50.310501,170.900742,11.24007,105.219963,17.411345,41.86121,100.739868,6.796442,1.702661,0.68855,8.906013,,435.148315,89.832695,11.876678,19.847458,600.385742,71.975281,47.191315,68859.828125,110.086563,17.313581,50.775753,109.769997,3235.0,84.34507,46.197926,105.266701,112.410004,47.67223,71.669998,36.186604,29.48,30.286089,463.460449,179.553452,0.090595,1.242512,9.229007,99.980003,56.814693,96.955727,184.666077,91.498322,1006.27124,,8.424281,2107.761475,16.200001,0.92205,0.8728,183.901001,1.151,39.419292,85.107582,45.76445,38.176563,131.076736,60.720001,0.857934,49.744453,11.224109,104.669151,9.933843,210.681,1.318635,4684.700195,93.82,372.024994,427.649994,0.087441,90.474998,5.5835,4.3284,18.355,77.367332,39.52,93.091805,66.711143,47.25,24.931343,251.105453,92.776184,298.049988,21.95672,90.699333,28.49,27.379168,10.156135,248.024994,8.805132,106.364326,53.542976,121.89711,52.071125,92.595734,55.462418,104.734802,2.811,41.374249,0.56867,60.210384,10.406813,43.665222,1476.199951,51.33997,17.549999,12.696639,10.047276,1958.199951,130.361374,275.478271,55.330997,34.389999,587.242065,3.3082,75.151939,31.742697,92.12117,192.448486,14.97,21.602066,80.825745,72.661003,35.83374,66.089996,80.151573,186.167496,655.608765,16.229687,107.097519,84.666077,0.316599,5.1579,0.999463,1.39457,0.80115,6.8824,7.8372,92.971001,159.779999,1509.26001,17.8804,9.75862,3.7127,9.47351,1.28752,0.999741,44.584099,16.96929,138.940002,80.571686,77.264854,32.709999,25.530001,88.800346,45.040001,139.208191,81.973557,199.473419,82.353783,69.739655,0.155693,41.051697,326.20224,1.321221,454.0,69.949997,316.600006,1166.75,595.25,24.17
2026-04-07,0.263792,97.156303,0.117527,50.76297,168.902008,11.278861,104.476257,17.173485,42.911388,100.16185,6.751347,1.805186,0.69169,9.474906,,446.135986,89.842514,11.753456,19.86684,620.898682,72.083046,47.220879,71940.703125,110.567162,17.313581,50.580086,109.269997,3028.0,82.727737,46.326061,102.939384,112.949997,47.711491,71.309998,36.235237,29.370001,30.27614,462.576752,179.977676,0.095036,1.317573,9.258523,99.639999,57.013657,96.817902,186.653641,91.54702,997.565979,,8.855558,2241.806641,15.95,0.92108,0.87205,184.296005,1.154121,39.321262,85.047913,45.665863,38.097313,129.991425,60.09,0.91794,49.783627,11.342051,104.963226,9.75794,211.322998,1.323416,4684.700195,94.970001,368.899994,431.809998,0.091998,90.775002,5.5445,4.4774,18.221371,77.386765,39.099998,93.326973,66.750587,47.360001,25.078171,251.65274,92.785858,286.100006,22.142464,90.400482,28.530001,27.553804,10.049534,248.199997,9.295584,106.481468,55.407417,121.389297,51.86937,92.791374,55.243866,104.852882,2.87,42.114113,0.571451,60.599903,10.274842,44.190372,1442.0,51.394875,17.52,12.736596,9.931233,1929.099976,131.218292,273.860046,55.29203,34.439999,587.331909,3.3052,75.838448,32.308662,92.101555,192.021744,14.58,21.641487,80.884689,71.825996,36.653465,65.940002,85.64801,186.500244,655.897278,16.210901,107.223221,84.656296,0.315464,5.1383,0.999733,1.39116,0.7981,6.8823,7.83673,92.816597,159.682999,1507.849976,17.7665,9.7052,3.69564,9.44744,1.28494,0.999616,44.605099,16.860861,138.080002,80.727753,77.362617,33.860001,26.030001,88.928101,44.919998,139.267822,82.655434,200.138626,80.26825,68.719177,0.163616,41.012375,344.635498,1.38149,449.0,69.720001,311.799988,1158.25,598.0,25.780001
2026-04-08,0.250711,97.411034,0.114169,50.551174,170.93956,11.657086,106.152084,17.287659,43.601784,102.699211,6.931726,1.779778,0.707679,9.055965,,441.431702,89.842514,11.743979,19.963751,601.172241,72.2202,47.585556,71123.359375,115.412384,18.071636,51.40189,94.75,3196.0,83.322052,47.489143,107.007217,94.410004,47.976551,71.669998,37.422005,28.559999,30.027405,475.762634,183.144714,0.092397,1.268966,9.60289,99.129997,60.127472,100.598091,189.959671,92.637901,1007.835876,,8.419402,2190.335449,16.719999,0.92367,0.87202,185.483002,1.168661,40.919209,88.926834,47.14468,39.186943,134.66507,62.139999,0.883619,49.803215,11.420678,105.267097,9.4802,212.695007,1.340177,4777.200195,98.18,370.674988,434.529999,0.088954,90.199997,5.7595,3.8084,18.813158,77.843002,40.419998,93.53273,67.795876,49.27,25.264151,259.17514,93.327568,294.049988,22.162018,93.598122,27.860001,27.495594,9.962315,249.0,8.860472,106.891502,53.968433,123.137367,52.496864,92.987015,56.922737,105.039825,2.724,42.396435,0.580929,61.145237,10.133446,44.161198,1586.900024,53.795662,17.01,13.365934,10.511441,2050.600098,135.345337,284.41275,56.392807,34.849998,604.794495,3.0059,76.358223,33.401554,95.025398,196.457825,14.23,22.015976,80.96328,75.223999,37.678123,67.470001,82.581696,189.896133,672.602722,16.511452,107.242561,84.929871,0.31791,5.1506,0.999815,1.3842,0.7904,6.8567,7.83372,92.860199,158.716003,1499.130005,17.514099,9.58215,3.6453,9.33047,1.27576,0.99994,44.567902,16.446581,124.580002,80.991119,77.470161,30.51,27.120001,90.529976,46.84,143.690445,83.060616,203.236313,82.12645,71.176254,0.157809,41.720165,325.720123,1.342373,447.25,67.419998,314.100006,1162.0,580.25,21.040001
2026-04-09,0.253818,97.46981,0.112048,50.406776,174.578003,12.025615,106.082672,17.135427,42.775257,102.669815,6.976821,1.800158,0.703938,9.351434,,443.246735,89.852341,11.658671,19.924986,602.827515,72.249588,47.437721,71767.828125,114.657158,18.249453,51.343189,95.919998,3162.0,84.34507,47.479282,112.457542,97.870003,47.72131,73.260002,37.791653,28.709999,30.116949,478.483185,185.630966,0.09253,1.299742,9.917738,98.82,59.9683,100.361824,189.634979,93.027512,1021.611572,,8.445351,2189.144043,16.77,0.92267,0.87049,184.964996,1.165936,40.801567,87.743263,46.96722,40.157703,136.112137,62.830002,0.904235,49.793415,11.528791,105.267097,9.387621,212.470001,1.339405,4818.0,98.349998,372.524994,437.910004,0.089407,90.675003,5.748,3.937,19.004059,77.930367,40.91,93.503326,68.071991,49.07,25.450132,260.657715,93.414627,293.700012,22.553053,92.472473,28.08,26.894066,10.001079,249.774994,8.94277,106.891502,54.502483,122.678383,51.589413,93.084831,56.833328,105.275948,2.67,42.834511,0.58254,61.544498,10.142872,44.462673,1553.0,54.489445,17.120001,13.625662,10.811216,2096.600098,135.946167,287.619751,56.032379,34.849998,608.885742,3.0007,76.838768,33.45034,96.487335,196.57692,13.92,22.222929,80.982925,76.277,36.829121,68.389999,83.297729,194.720856,676.483032,16.661726,107.290901,84.71492,0.320369,5.1002,0.999821,1.38505,0.7914,6.8287,7.83225,92.274803,158.641998,1477.599976,17.4464,9.56745,3.64705,9.31543,1.27455,0.999968,44.484699,16.418221,126.959999,81.039902,77.509277,29.4,26.790001,91.178581,46.540001,144.058167,83.95002,204.864594,85.121323,70.730415,0.154554,42.005245,347.105103,1.344144,444.0,67.699997,317.600006,1165.25,574.5,19.49
2026-04-10,0.254259,97.303268,0.110059,50.34901,173.957047,12.103198,103.405312,17.211542,41.433361,98.418037,6.996147,1.806976,0.70757,9.404664,,443.92453,89.88179,11.715542,19.857149,605.991516,72.141815,47.309586,72979.046875,112.626869,18.343039,51.851925,95.199997,3246.0,84.072273,46.611904,111.462959,96.57,47.868568,73.220001,37.820835,28.5,30.176645,475.85199,186.341324,0.093734,1.305347,10.016129,98.650002,60.246853,100.588242,190.805878,93.017769,1020.294495,,8.496587,2245.148682,17.049999,0.9246,0.87048,185.990005,1.169126,40.78196,87.653748,46.996796,40.940254,135.779694,63.849998,0.914549,49.822803,11.548449,106.894279,9.378363,213.666,1.343003,4787.399902,99.389999,374.149994,437.130005,0.089584,90.724998,5.8705,3.7616,19.223595,77.619728,41.560001,93.346565,67.657822,49.34,25.469711,260.001007,93.095398,300.100006,22.650812,90.868683,28.120001,27.379168,10.068916,251.774994,9.087807,106.608383,54.966801,123.430351,51.241882,92.898972,56.803528,105.118515,2.648,42.922131,0.585048,62.080093,10.246563,44.53075,1528.099976,54.554337,16.969999,13.605681,10.830556,2049.100098,135.128647,289.316406,56.168758,34.889999,609.763855,3.0373,76.88781,33.138088,99.126656,195.157745,13.75,22.291916,80.953461,76.323997,37.492706,69.080002,84.828476,196.286682,676.035339,16.605373,107.348923,84.50972,0.319232,5.0958,0.999829,1.38227,0.79087,6.8314,7.8332,92.469803,159.112,1473.280029,17.371201,9.4963,3.62787,9.28304,1.27329,1.000237,44.6381,16.377939,124.82,80.913086,77.431053,29.75,27.16,91.37513,46.689999,144.087967,83.9599,206.105652,84.676529,70.928566,0.155177,42.093716,344.147125,1.356606,441.0,67.089996,331.799988,1175.75,571.0,19.23
2026-04-11,0.249663,,0.108299,,,,,,,,,1.778451,,9.37684,,437.61203,,,,607.391418,,,73054.273438,,,,,,,,,,,,,,,,,0.093112,1.28747,,,,,,,,,8.43575,2285.390137,,,,,,,,,,,,0.901195,,,,,,,,,,,0.088382,,,,,,,,,,,,,,,,,,,,9.069446,,55.072063,,,,,,,,,,,,,,,,,,,,,,,,,,,,,,,,,,84.948769,,,,,,0.318956,,0.999787,,,,,,,,,,,,,1.000201,,,,,,,,,,,,,,,0.153628,,338.659515,1.355449,,,,,,
2026-04-12,0.236272,,0.101946,,,,,,,,,1.725262,,9.033397,,421.125305,,,,592.21405,,,70753.40625,,,,,,,,,,,,,,,,,0.090834,1.223253,,,,,,,,,8.132961,2192.201172,,,,,,,,,,,,0.858515,,,,,,,,,,,0.085209,,,,,,,,,,,,,,,,,,,,8.737157,,53.489849,,,,,,,,,,,,,,,,,,,,,,,,,,,,,,,,,,81.535233,,,,,,0.321491,,0.99975,,,,,,,,,,,,,0.999963,,,,,,,,,,,,,,,0.150436,,335.119751,1.324998,,,,,,
2026-04-13,0.248573,97.499207,0.109239,50.11797,175.557968,12.132293,109.027756,17.306688,42.541882,104.511612,7.137874,1.77988,0.70199,9.668938,,438.565094,89.88179,11.857722,19.876532,615.05127,72.298569,47.349014,74484.640625,119.482765,18.511496,52.40958,99.360001,3278.0,84.841965,48.494514,114.844551,99.080002,47.907837,74.529999,37.966747,28.959999,30.286089,478.711578,189.281448,0.094126,1.230543,10.045646,98.370003,60.754215,101.208427,189.821945,93.533997,1046.637573,,8.58728,2370.714844,17.08,0.92535,0.8716,186.423996,1.167515,41.115273,87.872559,47.184116,41.12846,136.640121,63.900002,0.919459,49.842396,11.489477,106.835464,9.600554,213.867996,1.339441,4767.399902,98.779999,374.475006,435.359985,0.087872,90.5,5.976,3.8341,19.347679,77.91095,41.59,93.55233,67.046425,49.349998,25.410978,263.752289,93.424309,300.850006,22.680141,97.762024,28.41,27.864271,10.097989,250.649994,9.362851,107.018425,54.650387,122.942055,52.091412,93.123955,56.972408,105.275948,2.627,42.610607,0.58043,61.661354,10.303122,44.170921,1569.800049,54.923687,17.27,13.755525,10.820886,2061.800049,135.089233,290.522736,57.54229,35.049999,616.070312,3.116,76.81916,33.821148,99.784035,197.321213,13.68,22.341188,81.012383,75.523003,38.127018,68.279999,86.656563,196.423706,682.641785,16.736864,107.600319,84.763786,0.320522,5.005,0.999707,1.38727,0.79261,6.8278,7.83226,94.508797,159.679993,1482.180054,17.4305,9.53555,3.64589,9.32459,1.27767,1.000239,44.6996,16.547779,128.470001,81.156952,77.548378,28.620001,27.540001,91.719086,46.790001,145.499222,83.416382,205.490097,84.913757,71.42395,0.156273,42.290329,346.788361,1.376666,440.25,66.5,331.899994,1162.25,582.25,19.120001
2026-04-14,0.239667,97.753914,0.107788,49.626987,172.87291,12.277762,113.856903,17.725321,44.136593,110.321075,7.131432,1.745031,0.70993,9.307277,,436.274841,89.891647,12.179994,19.905605,614.037231,72.474907,47.526421,74181.609375,123.906235,18.68931,53.837948,94.790001,3557.0,84.05278,50.455978,116.117615,91.279999,47.898022,74.339996,38.530945,28.84,30.146797,482.047699,193.168686,0.093012,1.165226,10.242426,98.120003,61.918167,102.025497,191.966934,93.952812,1047.162598,,8.317727,2323.308594,17.49,0.92154,0.8704,187.341995,1.176886,41.360359,88.926834,47.391148,41.336479,138.282715,64.709999,0.88394,49.842396,11.577934,108.031349,9.933843,215.186005,1.351534,4850.100098,100.75,375.875,445.089996,0.085039,90.5,6.0705,3.6243,19.958557,78.143929,42.130001,93.856071,66.967537,49.700001,25.910192,267.384125,93.704826,302.649994,23.071178,100.043205,28.200001,28.320267,10.32088,252.550003,9.022783,107.369873,54.311543,123.381516,54.437256,93.378296,57.637997,105.35466,2.599,42.912395,0.587199,62.138523,10.689607,44.277897,1579.400024,54.903721,17.18,14.095166,11.110991,2084.600098,136.281067,298.143005,58.935307,35.209999,627.256287,3.0395,78.03524,34.435902,100.098,198.144913,13.88,22.557997,81.071335,79.390999,39.678646,72.040001,83.774628,198.625656,690.959717,16.924707,107.842049,85.213249,0.323715,4.9944,0.999659,1.3785,0.7832,6.8303,7.8298,94.9468,159.214005,1476.839966,17.278,9.43715,3.6064,9.17673,1.2715,1.00023,44.702999,16.380501,123.849998,81.381294,77.636375,28.110001,27.969999,92.593727,47.529999,147.178833,84.335426,209.481354,86.366699,71.721176,0.154802,42.693375,344.335632,1.361828,443.0,66.440002,329.700012,1158.0,592.0,18.360001
2026-04-15,0.245906,97.597176,0.112675,49.415199,173.441284,12.132293,119.528931,18.048809,46.295292,116.855499,7.228064,1.765007,0.71293,9.43299,,440.576569,89.901466,12.483309,19.905605,622.665344,72.376938,47.42786,74805.078125,127.692177,18.829691,54.718456,94.93,3477.0,83.42923,51.313503,115.868965,91.290001,48.035461,75.110001,37.888927,28.889999,30.107,481.283203,193.070023,0.094919,1.180588,10.134196,98.059998,61.878372,101.700638,192.2621,93.748276,1042.814941,,8.446429,2359.437012,17.969999,0.92132,0.86912,187.354996,1.179941,41.527016,88.588669,47.124962,41.069023,137.920959,65.360001,0.915114,49.813007,11.332222,107.972542,10.294905,215.565002,1.357534,4823.600098,97.769997,373.5,440.459991,0.08708,90.699997,6.072,3.7532,19.748569,78.105103,42.560001,93.650307,66.582939,49.98,25.724213,268.050812,93.646782,304.25,22.953867,103.450035,28.299999,29.552425,10.068916,252.600006,9.261513,107.330833,55.132885,122.768623,55.827393,93.192421,57.64793,105.157875,2.61,43.116833,0.59035,62.284588,10.962975,45.347649,1578.099976,53.965366,17.23,13.985282,10.965939,2112.899902,137.669876,294.053345,60.425735,35.220001,636.037537,3.0692,77.986198,34.826218,99.136467,198.214386,13.51,22.548143,81.051682,79.490997,40.625233,71.839996,84.919334,197.304474,696.412109,17.046806,107.745361,84.841942,0.327141,4.9848,0.999687,1.37661,0.78091,6.8157,7.83358,93.165398,158.792007,1469.420044,17.254,9.43261,3.59085,9.17131,1.27079,1.000026,44.731701,16.31908,122.589996,81.313034,77.626595,28.33,28.57,92.662514,47.57,147.705582,83.870964,209.818909,86.524841,71.047462,0.157777,42.67371,344.887421,1.391667,451.25,67.599998,334.399994,1167.0,593.75,18.17
2026-04-16,0.259244,97.460022,0.115864,49.723259,175.018997,12.229273,119.796661,17.868036,46.625904,113.857697,7.131432,1.809356,0.71758,9.727563,,455.035248,89.911278,12.284259,19.915297,635.583374,72.26918,47.398293,75152.132812,125.671707,18.511496,54.953255,99.389999,3367.0,84.63736,50.544689,117.410576,94.690002,48.025642,75.699997,38.03484,29.110001,30.26619,482.186768,196.38504,0.099196,1.330998,10.124358,98.220001,62.127079,101.405312,193.72818,93.456085,1060.562012,,8.748908,2348.64502,17.82,0.92244,0.86984,187.503006,1.180916,41.527016,88.926834,47.164398,41.078934,138.488052,65.629997,0.999484,49.822803,11.342051,107.864716,10.156034,215.544006,1.35737,4808.299805,97.660004,373.075012,440.079987,0.09058,94.050003,6.0665,3.8329,19.634027,77.998322,42.73,93.483742,66.435028,50.0,25.714424,268.608032,93.550056,296.450012,23.217817,101.627083,28.51,29.950211,10.001079,250.300003,9.580833,106.832932,56.369068,121.691093,51.608723,93.172874,58.303585,105.256271,2.647,43.545177,0.591219,62.946777,10.934694,45.299023,1570.5,53.735771,17.35,13.835441,10.811216,2094.100098,140.033813,295.926544,59.860737,35.299999,639.100952,3.1637,78.113693,35.06041,98.645889,199.117493,13.66,22.745243,81.022224,78.606003,39.825024,71.239998,88.994209,197.050034,698.123413,16.858963,107.513298,84.304543,0.326997,4.9924,0.999759,1.37313,0.78131,6.818,7.83243,93.386803,158.809006,1474.060059,17.243601,9.37955,3.58487,9.15049,1.27065,1.000067,44.727798,16.35,125.839996,81.088669,77.548378,28.290001,28.389999,93.517502,47.59,147.874527,84.503426,212.976166,86.297516,70.750237,0.16912,43.066929,343.447327,1.452635,448.5,69.330002,332.700012,1163.75,598.5,17.940001
2026-04-17,0.258863,97.822502,0.111017,49.203407,178.703598,12.607499,123.574707,18.162983,47.287125,115.385986,7.189411,1.8351,0.7159,9.741256,,453.848694,89.940742,12.511744,20.031591,643.450134,72.553284,47.634838,77126.875,126.60347,18.923277,56.79253,90.379997,3186.0,86.430077,51.924618,118.544395,83.849998,47.976551,77.400002,38.715771,28.290001,29.818464,490.924072,200.893845,0.099545,1.336267,10.390012,98.099998,63.310925,102.694908,197.63443,94.157364,1078.11084,,8.782898,2421.071777,18.379999,0.9226,0.87098,187.557999,1.178273,42.340694,89.702621,47.568607,40.771854,142.125275,67.480003,0.985865,49.803215,11.587762,110.305489,10.544871,215.319,1.352612,4879.600098,100.339996,371.325012,445.929993,0.090814,93.400002,6.1035,3.3974,20.159002,78.289543,43.939999,93.99324,66.622391,51.279999,26.458351,274.409058,93.907967,289.299988,23.647957,103.200996,27.879999,30.512928,9.981696,249.949997,9.625117,107.428452,56.476791,126.4757,52.921631,93.466331,58.899635,105.639977,2.674,43.944317,0.588609,63.384983,11.113797,45.532421,1590.400024,54.963615,16.84,13.985282,11.033629,2124.5,142.9198,303.262451,61.117374,35.459999,647.463013,3.0048,79.369003,36.114273,101.589371,201.618362,13.31,23.090166,81.17939,81.737999,42.235405,73.629997,88.874161,201.825806,706.56073,17.037413,107.793716,85.076454,0.327863,4.98709,0.999644,1.37004,0.7832,6.8211,7.82256,93.047897,159.195007,1477.920044,17.249399,9.35376,3.5955,9.19189,1.27312,1.000253,44.848499,16.3993,116.040001,81.430084,77.743912,27.93,29.280001,95.011269,48.200001,149.911911,84.098251,209.014709,88.244667,71.939148,0.174413,43.725563,348.265808,1.47705,448.75,68.160004,331.799988,1167.25,591.25,17.48
2026-04-18,0.249508,,0.106781,,,,,,,,,1.785286,,9.341825,,444.242828,,,,630.322449,,,75726.210938,,,,,,,,,,,,,,,,,0.094904,1.273912,,,,,,,,,8.511456,2351.100586,,,,,,,,,,,,0.942683,,,,,,,,,,,0.088858,,,,,,,,,,,,,,,,,,,,9.292867,,55.729435,,,,,,,,,,,,,,,,,,,,,,,,,,,,,,,,,,86.202713,,,,,,0.329665,,0.999681,,,,,,,,,,,,,1.000287,,,,,,,,,,,,,,,0.170518,,349.727448,1.434683,,,,,,
2026-04-19,0.242524,,0.101601,,,,,,,,,1.758123,,9.010206,,435.474091,,,,616.524475,,,73856.351562,,,,,,,,,,,,,,,,,0.09306,1.240328,,,,,,,,,8.237988,2264.916992,,,,,,,,,,,,0.906811,,,,,,,,,,,0.087354,,,,,,,,,,,,,,,,,,,,9.070685,,54.072124,,,,,,,,,,,,,,,,,,,,,,,,,,,,,,,,,,83.580948,,,,,,0.329205,,0.999666,,,,,,,,,,,,,1.000198,,,,,,,,,,,,,,,0.166713,,347.677948,1.394653,,,,,,
2026-04-20,0.248288,97.812698,0.103458,49.338184,178.017639,12.733573,126.261978,18.191526,47.62746,116.355858,7.099222,1.799463,0.7135,9.279477,,443.750916,89.950569,12.492788,20.036461,629.255188,72.504303,47.575703,75872.523438,126.515205,18.773539,57.633904,95.480003,3298.0,85.309624,51.796478,121.418739,89.610001,48.045277,77.599998,39.153515,28.67,30.017454,491.033325,201.179977,0.095246,1.2807,10.340816,98.050003,62.853306,102.291298,199.848297,94.079445,1093.312622,,8.397281,2315.212402,17.620001,0.92,0.8707,186.843994,1.174122,42.14463,88.847267,47.322136,40.910534,143.679886,66.440002,0.922776,49.832603,11.558277,110.109444,10.46155,214.583252,1.348436,4828.799805,99.129997,368.875,442.089996,0.089713,94.224998,6.036,3.5409,20.321268,78.221596,43.25,93.90506,66.405441,50.529999,26.879255,275.971252,93.8209,292.200012,23.52087,103.51976,28.1,31.182369,9.942934,249.600006,9.291103,107.418686,55.036503,127.98819,53.056778,93.378296,58.909569,105.689186,2.689,43.915115,0.586521,63.219444,11.104371,45.230946,1559.599976,55.372898,17.1,14.135124,11.198021,2070.699951,142.850845,306.155609,60.903065,35.43,645.40741,3.1168,79.555344,36.533859,102.364487,202.25351,13.47,23.139441,81.140083,79.950996,43.016102,72.150002,85.332954,203.127396,705.147766,17.140728,107.726028,85.0569,0.329265,5.0063,0.999709,1.3705,0.78366,6.817,7.83118,92.603302,159.160995,1465.150024,17.372299,9.3796,3.60222,9.19242,1.27355,1.000253,44.854198,16.417299,121.32,81.449577,77.724358,28.389999,29.58,95.355217,47.889999,149.554123,83.653557,207.952347,88.867363,72.038223,0.173657,43.882851,353.437195,1.424871,452.0,69.629997,325.100006,1165.75,597.0,18.870001
2026-04-21,0.24965,97.450203,0.10323,49.540348,171.255981,12.607499,126.192566,18.039293,46.489773,117.404106,7.086337,1.844161,0.71742,9.38675,,448.563171,89.960411,12.20843,20.016979,631.792175,72.278969,47.408146,76352.773438,126.034599,18.698668,57.232784,98.480003,3220.0,82.737473,51.343075,119.588699,92.129997,47.937294,78.260002,38.51149,29.209999,30.176645,488.08313,198.575317,0.095151,1.279801,10.144036,98.410004,61.928112,100.046806,198.549484,93.631401,1083.775757,,8.429166,2327.970459,17.35,0.91741,0.87086,187.186005,1.178439,41.232918,86.669098,46.277107,40.405346,140.443542,65.32,0.926347,49.832603,11.371536,108.933159,10.239357,214.931,1.353125,4719.600098,92.989998,366.575012,429.570007,0.090365,95.400002,6.0015,3.7288,20.159002,78.017746,42.509998,93.493538,65.675713,49.799999,26.370255,273.145355,93.588745,289.0,23.159163,104.047722,28.58,30.881605,9.70066,247.425003,9.398225,107.008644,55.549175,124.300873,52.178295,92.996796,57.777077,105.512077,2.697,43.214184,0.59064,62.323547,10.849856,44.686348,1531.699951,55.143303,17.4,13.915356,10.840226,2024.300049,139.787582,302.389587,60.66927,35.330002,642.952698,3.2098,78.466751,35.792259,100.235374,201.013,13.43,22.755096,81.022224,76.411003,42.528168,68.489998,86.029465,200.387192,700.53125,17.131336,107.542313,84.587906,0.332833,4.9524,0.99976,1.3644,0.77851,6.8174,7.82993,93.123596,158.843994,1469.26001,17.309799,9.30229,3.5886,9.11966,1.27004,1.000165,44.885502,16.354,128.25,81.176453,77.59726,28.91,29.059999,93.664909,47.09,147.844711,81.143448,204.914246,86.969627,70.601624,0.179046,43.037437,385.058685,1.431825,453.75,72.139999,325.299988,1174.5,605.0,19.5
2026-04-22,0.24856,97.587372,0.103131,49.97356,172.774902,12.578404,127.977463,18.172497,45.361801,118.589523,7.112106,1.868827,0.71562,9.348435,,460.831482,89.960411,12.312694,20.016979,637.931763,72.357353,47.486996,78203.101562,127.241005,18.736105,57.027332,101.910004,3339.0,83.799469,50.544689,116.764091,92.959999,48.006012,76.330002,38.025112,29.51,30.256241,491.46051,198.170807,0.095738,1.271295,9.927578,98.589996,63.052269,100.381516,197.644257,93.874893,1091.639038,,8.458968,2376.088135,18.129999,0.91664,0.8693,187.166,1.174426,41.487801,87.285751,46.484142,40.20723,138.145844,68.690002,0.928505,49.881573,11.322393,107.952934,10.211583,215.287003,1.350968,4753.0,94.480003,366.799988,435.26001,0.090803,95.050003,6.12,3.9379,19.901287,78.143929,44.75,93.591507,65.941971,49.98,26.115753,275.10556,93.743515,302.399994,23.041849,105.512054,28.635,30.726374,9.787879,246.850006,9.298734,107.213676,55.568554,123.16404,52.757519,93.212006,57.916153,105.580956,2.722,42.464581,0.58981,61.680828,10.94412,43.772198,1547.099976,55.033493,17.59,13.625662,10.772535,2072.600098,139.29509,298.937378,61.039444,35.490002,653.709717,3.3579,77.476234,35.38242,98.312286,200.923676,13.57,22.498869,81.061493,77.892998,41.991444,70.370003,86.915825,197.372971,707.625305,17.131336,107.706688,84.753998,0.329701,5.008,0.999759,1.36576,0.78055,6.8208,7.83035,93.622803,159.373001,1485.800049,17.320299,9.33162,3.60668,9.17993,1.27329,1.000192,44.919201,16.466339,129.399994,81.264244,77.646156,28.540001,29.190001,92.888542,47.23,149.176483,79.157104,198.272064,84.251511,70.086418,0.17672,42.722862,366.749084,1.430028,454.25,71.68,320.600006,1164.5,599.25,18.92
2026-04-23,0.250009,97.430618,0.104736,50.214233,175.420761,12.743272,123.72345,17.715807,45.099258,112.446968,7.112106,1.913723,0.7158,9.392235,,460.610107,89.980042,12.047294,19.987761,638.726257,72.229996,47.398293,78268.953125,119.982979,18.661234,55.765278,105.07,3369.0,85.270653,48.326954,119.350006,95.849998,47.956924,76.800003,38.706047,29.889999,30.315937,489.71225,197.322311,0.097203,1.241378,9.976772,98.800003,62.027596,99.662888,197.319565,93.4366,1104.52356,,8.520036,2331.513916,17.49,0.91865,0.86704,186.686005,1.170604,41.095665,86.59948,46.139084,39.711945,139.485367,67.669998,0.930988,49.891369,11.401021,109.295853,9.794972,215.296997,1.350038,4724.0,92.190002,366.625,431.040009,0.090843,95.650002,6.0755,3.9882,20.111277,78.017746,44.049999,93.444542,66.415306,49.41,26.722641,274.15033,93.579071,316.350006,23.305799,101.248543,28.950001,30.522631,9.720039,247.074997,9.355892,106.920784,56.23465,124.557899,52.14933,93.006577,56.892937,105.600632,2.614,43.107098,0.59058,62.401451,10.699034,45.075344,1484.599976,56.251358,17.84,13.725555,10.704844,2022.599976,140.201248,304.831604,59.169102,35.380001,650.027527,3.4621,79.182671,35.450729,98.694946,200.913742,13.6,22.814228,81.022224,75.464996,41.044857,68.379997,86.14106,199.310699,704.879211,17.037413,107.880737,84.568352,0.328863,4.9849,0.999998,1.36697,0.78482,6.8242,7.83195,93.800499,159.488007,1477.959961,17.3407,9.29625,3.62436,9.20219,1.27572,1.000408,44.920101,16.462299,134.720001,81.098427,77.567924,28.51,28.92,93.841805,47.09,148.232315,81.953796,206.751022,85.437599,69.551407,0.17544,43.214382,379.09845,1.439062,455.5,71.660004,320.600006,1159.75,610.75,19.309999
2026-04-24,0.250448,97.567772,0.10989,49.963936,174.636826,12.791761,123.217728,17.763378,46.091095,112.887825,7.163643,1.988635,0.712962,9.396147,,456.367462,89.999695,12.037815,19.987761,636.402954,72.357353,47.477139,77455.3125,119.316025,18.792257,56.479462,105.330002,3349.0,84.120979,47.627132,118.425049,94.400002,47.996193,77.0,38.462856,29.860001,30.355736,488.92746,197.322311,0.098456,1.253992,10.055485,98.510002,63.410408,100.184624,194.682602,93.69957,1098.056519,,8.533679,2315.690186,17.52,0.9186,0.86759,186.647995,1.168388,41.517212,86.848129,46.326405,39.563358,138.92804,67.610001,0.941603,49.891369,11.509134,108.844948,9.739425,215.119003,1.346638,4740.899902,94.339996,367.625,433.25,0.090973,94.300003,6.0235,3.8874,19.949011,78.124512,44.02,93.630707,66.809753,49.580002,26.556236,275.274689,93.724167,309.799988,23.159163,101.437813,28.860001,30.930115,9.668437,248.300003,9.377435,106.998894,56.519524,124.221794,52.187946,93.153313,57.429382,105.639977,2.523,42.707954,0.585381,61.671093,10.623622,45.133698,1501.5,56.001793,17.790001,13.945324,10.830556,2015.0,139.964874,302.350372,59.081429,35.540001,662.460938,3.4626,78.64328,34.611546,100.284431,200.496933,13.93,22.764954,81.110619,76.383003,41.142437,68.790001,86.23188,196.864075,710.341492,17.103159,108.103127,84.724686,0.323644,5.0308,0.999843,1.36984,0.78624,6.826,7.83234,94.1129,159.746994,1479.949951,17.4147,9.32708,3.6306,9.2564,1.2778,1.000242,44.9758,16.62604,132.399994,81.205719,77.685257,28.77,29.299999,93.65509,46.959999,149.414993,82.635681,207.25737,84.884094,68.293144,0.173104,43.08659,368.399536,1.433676,455.0,71.910004,324.299988,1163.75,608.25,18.709999
2026-04-25,0.25027,,0.115345,,,,,,,,,2.031604,,9.36588,,453.087158,,,,628.657288,,,77612.015625,,,,,,,,,,,,,,,,,0.098048,1.246564,,,,,,,,,8.446558,2318.829102,,,,,,,,,,,,0.937701,,,,,,,,,,,0.091246,,,,,,,,,,,,,,,,,,,,9.346175,,56.047924,,,,,,,,,,,,,,,,,,,,,,,,,,,,,,,,,,86.151176,,,,,,0.324008,,0.999733,,,,,,,,,,,,,1.000167,,,,,,,,,,,,,,,0.169772,,372.531097,1.424219,,,,,,
2026-04-26,0.252328,,0.120024,,,,,,,,,2.003289,,9.465227,,455.034668,,,,636.11145,,,78657.539062,,,,,,,,,,,,,,,,,0.099289,1.262298,,,,,,,,,8.528615,2369.729004,,,,,,,,,,,,0.944242,,,,,,,,,,,0.092358,,,,,,,,,,,,,,,,,,,,9.494079,,56.307533,,,,,,,,,,,,,,,,,,,,,,,,,,,,,,,,,,86.970383,,,,,,0.323531,,0.999955,,,,,,,,,,,,,1.000292,,,,,,,,,,,,,,,0.170916,,391.798889,1.431575,,,,,,
2026-04-27,0.248151,97.42083,0.116823,50.079456,171.785156,12.937233,122.295532,17.706293,44.301903,109.899811,7.144317,1.98797,0.71435,9.267021,,449.692474,90.009521,12.066251,20.026718,626.964233,72.239784,47.358871,77366.625,118.060585,18.829691,56.772964,108.230003,3218.0,81.295525,47.03574,118.315636,96.370003,48.084545,77.330002,37.976479,30.09,30.465179,488.550049,193.711319,0.098978,1.234196,10.065324,98.480003,63.310925,99.800705,196.945663,93.533997,1079.329102,,8.3907,2303.063965,17.27,0.9206,0.86616,186.807999,1.170645,41.291733,87.206184,45.951767,39.513828,136.434784,66.949997,0.921894,49.959919,11.469821,108.972374,9.720909,215.647003,1.35151,4693.700195,92.589996,370.575012,429.890015,0.08977,94.375,6.018,3.9747,19.929922,78.153641,43.560001,93.415146,66.366005,49.380001,26.654119,275.762299,93.743515,304.100006,23.344904,100.312164,29.209999,31.745089,9.648963,250.425003,9.320954,106.696243,55.549923,123.95488,52.072102,92.987015,56.743923,105.679337,2.55,42.454845,0.587089,61.106285,10.548209,45.386543,1477.699951,56.171497,17.950001,14.145114,10.859566,1981.099976,137.916122,299.594482,58.701515,35.540001,662.810181,3.491,78.407906,35.118958,99.950836,200.258759,13.83,22.646692,81.090981,75.002998,41.444962,68.330002,84.817787,196.991302,711.565369,17.215864,108.074112,84.304543,0.325239,4.9791,0.99982,1.3676,0.7863,6.8359,7.8349,94.250298,159.576004,1474.689941,17.41346,9.28503,3.62422,9.2418,1.2771,0.999889,45.012798,16.58639,134.720001,81.039902,77.607025,27.809999,29.860001,93.144058,46.880001,149.395126,83.702957,208.498428,84.350349,68.293144,0.166139,42.752354,380.031158,1.400906,460.75,72.260002,333.799988,1177.25,621.5,18.02
2026-04-28,0.246805,97.381645,0.111885,50.666702,174.822998,12.985724,122.533508,18.001238,39.294113,110.712944,7.12499,1.953849,0.71909,9.173841,,453.384399,90.019341,12.236866,20.007238,624.311035,72.2202,47.309586,76350.671875,119.188515,18.726746,57.878487,111.260002,3305.0,83.955353,47.03574,119.30027,99.93,48.104183,77.339996,38.521217,30.34,30.564672,488.142761,191.974884,0.099379,1.229135,10.094841,98.620003,62.664288,99.387245,198.97258,93.456085,1066.008911,,8.394287,2289.419678,17.370001,0.92058,0.86591,186.785004,1.172347,41.066257,87.08683,45.892612,39.315716,137.881851,66.480003,0.918628,49.950127,11.342051,110.168259,10.017165,215.733994,1.353821,4608.399902,88.540001,372.075012,421.910004,0.088946,94.150002,5.9145,3.9712,19.987192,78.04686,43.27,93.326973,66.602669,49.23,27.544876,272.54834,93.637108,306.399994,23.266695,101.009468,29.469999,33.103374,9.795013,252.675003,9.239625,106.745056,55.718464,128.887772,52.757519,93.006577,56.386292,105.571121,2.559,42.873455,0.591261,61.88533,10.708459,46.115921,1461.099976,55.632442,18.07,14.095166,10.917587,1942.300049,139.403427,291.415192,58.389786,35.400002,656.14447,3.5604,78.760963,34.972588,101.805229,199.236557,14.11,22.873356,81.041862,73.205002,42.791649,66.199997,84.038979,198.420135,708.102905,17.262825,108.035446,84.392487,0.32301,4.9996,0.999953,1.36215,0.78529,6.8228,7.8367,94.258499,159.356995,1473.0,17.377001,9.27682,3.61884,9.21105,1.27397,0.999902,45.0298,16.5278,139.600006,80.991119,77.587486,27.389999,30.299999,93.999039,46.779999,148.540421,86.539177,212.698166,84.468964,68.114807,0.161844,43.16523,378.116028,1.380665,465.25,73.379997,333.399994,1173.0,649.0,17.83
2026-04-29,0.244517,96.950577,0.110322,51.148048,174.617218,13.073005,121.254333,17.763378,39.916439,108.606644,6.918842,1.927167,0.718721,9.120579,,447.695404,90.019341,12.094687,20.046202,617.329773,71.896912,47.1716,75776.132812,117.530937,17.856386,56.35228,118.029999,3335.0,83.663071,47.124451,116.724304,106.879997,47.966743,76.860001,38.628223,31.08,30.962652,485.411133,191.955154,0.104018,1.211277,10.085002,98.919998,62.365837,98.373291,194.948273,93.017769,1078.556519,,8.33583,2253.415771,16.85,0.92448,0.86644,186.942001,1.171783,40.527073,86.340881,45.340527,38.285526,137.402756,65.709999,0.914883,49.930538,11.283079,108.423447,9.887553,215.776001,1.352448,4561.5,86.220001,372.274994,417.410004,0.08864,95.099998,5.8785,4.1987,20.101732,77.784752,42.75,92.886055,65.616547,49.029999,27.476355,270.727417,93.346916,305.25,23.110281,98.937477,29.940001,31.919725,9.434758,256.875,9.118187,106.149544,55.303509,128.225449,51.888683,92.546829,56.455833,105.315308,2.647,42.367229,0.588841,61.632145,10.623622,45.444897,1461.800049,55.033493,18.5,14.304946,10.965939,1885.300049,136.734161,288.42395,57.435135,35.459999,660.155884,3.7411,77.8489,34.650574,101.66787,198.889236,14.68,22.725533,80.933807,71.569,41.386406,64.839996,83.026871,195.816925,707.993408,16.952883,107.706688,83.737816,0.323058,4.9943,0.999785,1.3679,0.78899,6.8374,7.8356,94.6455,159.552002,1471.98999,17.3846,9.3139,3.62444,9.25772,1.276,0.999559,45.060692,16.528061,150.630005,80.620461,77.401733,28.01,29.35,93.261993,46.25,148.023605,86.341537,210.573486,83.114853,67.728416,0.159579,42.899811,376.215363,1.369252,466.5,75.309998,328.0,1182.25,642.25,18.809999
2026-04-30,0.24618,97.08773,0.110123,52.10112,179.046585,13.141297,127.640327,18.229582,39.39135,115.013718,7.047684,1.888245,0.713114,9.088105,,441.126709,90.029167,12.464352,20.046202,615.066711,72.004669,47.358871,76304.320312,123.170624,17.77216,57.193649,114.010002,3494.0,86.498268,49.352039,98.543327,105.07,47.986374,79.860001,39.377247,31.1,30.405481,493.337891,198.249725,0.106493,1.203423,10.035806,98.080002,63.659119,100.726059,197.968964,93.309982,1072.376831,,8.336297,2256.251221,17.08,0.9238,0.86624,187.182007,1.16847,41.428982,88.618507,46.484142,39.325623,140.140457,66.529999,0.922333,49.989307,10.565601,108.70771,10.415259,216.054993,1.34886,4629.600098,88.290001,373.75,423.660004,0.087336,93.449997,5.926,4.1384,20.168545,78.027443,43.32,93.062424,67.578926,49.419998,28.161552,276.588165,93.66613,300.899994,23.110281,103.938141,29.639999,32.268997,9.337393,258.475006,9.104363,106.266685,55.170101,127.7015,53.906307,92.713112,57.19096,105.403854,2.767,43.226025,0.584051,62.826271,11.047812,45.678299,1526.400024,56.69059,18.530001,14.03523,11.09165,1979.0,139.886078,296.622894,59.34444,35.689999,666.312622,3.7715,76.348412,35.021378,103.110168,201.89624,14.58,23.080311,81.022224,73.533997,41.386406,66.660004,83.023758,199.359634,715.03772,17.244041,107.871056,83.659653,0.326478,5.0175,0.99975,1.36713,0.79056,6.8375,7.8369,94.916603,160.184006,1487.380005,17.5259,9.32055,3.64381,9.30455,1.28029,0.999604,45.166,16.805731,147.089996,80.815544,77.499489,27.219999,29.889999,94.667305,47.23,150.269699,86.825768,215.785934,80.436279,67.827484,0.158355,43.646923,379.809265,1.36743,464.75,76.360001,322.299988,1182.0,623.75,16.889999
2026-05-01,0.248119,97.21553,0.108564,51.61977,177.968643,13.063251,129.365738,18.315212,40.247051,116.581192,7.112106,1.896314,0.72008,9.084211,,450.330353,90.058739,12.597052,20.046202,615.331055,72.104927,47.391468,78179.0,123.92585,17.847027,58.083939,108.169998,3521.0,86.965942,48.731071,100.154549,101.940002,47.938122,81.849998,39.046509,30.809999,30.375635,491.718719,198.012939,0.108394,1.202725,10.30146,98.209999,63.798389,100.509491,196.965347,93.486046,1074.555664,,8.403803,2295.09375,17.42,0.91674,0.86228,184.149002,1.17291,41.497608,87.822838,46.355976,39.05817,138.859604,68.300003,0.918511,49.986355,10.526288,113.040329,10.693,213.535004,1.360267,4644.5,87.110001,371.399994,423.179993,0.088132,92.824997,5.932,3.9464,20.168545,78.124054,44.470001,93.133202,67.194344,49.119999,27.926628,277.891632,93.760475,302.0,22.856106,103.280685,29.33,32.637676,9.522387,253.0,9.092688,106.43821,55.395008,127.0886,54.253841,92.767113,57.339973,105.373268,2.78,43.383965,0.590699,62.405735,11.179782,45.688023,1539.199951,56.590759,18.370001,14.065198,10.975609,1996.599976,139.285248,295.740204,59.510048,35.68,672.708984,3.5952,77.132988,34.650574,104.21888,201.280945,14.95,23.050747,81.035027,75.950996,41.815788,68.290001,83.723503,198.11676,717.0177,17.187687,108.212173,83.958771,0.326664,4.9695,0.999841,1.35796,0.7814,6.8273,7.83267,94.759102,156.977997,1474.01001,17.4599,9.25929,3.62705,9.23074,1.2728,0.999805,45.140999,16.666599,142.800003,80.870392,77.500488,27.43,30.200001,94.401962,47.130001,150.50824,86.983871,215.359024,79.902542,68.095001,0.159526,43.568275,379.287903,1.384695,468.25,76.650002,320.799988,1187.75,624.5,16.99
2026-05-02,0.250082,,0.112803,,,,,,,,,1.883349,,9.180719,,445.41806,,,,617.827637,,,78657.25,,,,,,,,,,,,,,,,,0.108446,1.226863,,,,,,,,,8.523934,2316.231934,,,,,,,,,,,,0.931182,,,,,,,,,,,0.08856,,,,,,,,,,,,,,,,,,,,9.174351,,55.365639,,,,,,,,,,,,,,,,,,,,,,,,,,,,,,,,,,84.276611,,,,,,0.330181,,0.999739,,,,,,,,,,,,,0.999748,,,,,,,,,,,,,,,0.159912,,383.10022,1.393152,,,,,,
2026-05-03,0.249435,,0.11328,,,,,,,,,1.875399,,9.084866,,443.232208,,,,617.482361,,,78538.226562,,,,,,,,,,,,,,,,,0.108274,1.210111,,,,,,,,,8.490041,2321.635742,,,,,,,,,,,,0.923856,,,,,,,,,,,0.087724,,,,,,,,,,,,,,,,,,,,9.131504,,55.286594,,,,,,,,,,,,,,,,,,,,,,,,,,,,,,,,,,83.899574,,,,,,0.338539,,0.999877,,,,,,,,,,,,,0.999778,,,,,,,,,,,,,,,0.157955,,391.480103,1.387578,,,,,,
2026-05-04,0.249894,96.910789,0.111753,51.908577,177.253281,12.838863,128.106384,18.248611,40.003952,117.541267,7.079895,1.889265,0.721293,9.170582,,443.707031,90.07843,12.606531,20.065681,622.659058,71.859207,47.263031,79827.90625,121.847054,17.706648,57.311054,114.440002,3812.0,87.862289,49.253475,97.70787,106.419998,47.849495,80.580002,37.986202,31.33,30.544775,486.295166,195.852264,0.110172,1.228135,10.065324,98.470001,63.768543,99.131294,195.154892,93.006737,1072.743164,,8.68314,2346.396973,17.77,0.91597,0.86335,183.942993,1.172663,40.664318,87.643806,45.76445,38.671848,136.229462,69.720001,0.934271,49.986355,10.349375,112.207138,10.757805,213.016006,1.358142,4533.299805,85.650002,366.600006,414.709991,0.087679,91.625,5.795,4.0732,19.910833,77.870331,45.400002,92.789131,66.612534,48.630001,27.946203,276.498596,93.468689,302.200012,22.87566,102.932037,29.459999,31.958532,9.337393,251.75,9.353217,106.095177,54.948448,127.582878,53.829079,92.423531,56.922737,105.254898,2.867,43.49255,0.59065,62.053658,11.123224,45.589363,1474.699951,56.091637,18.68,13.875399,10.675834,1946.900024,136.675049,289.669464,59.324963,35.66,671.441711,3.7382,77.231056,34.289528,103.41433,200.109894,15.29,22.902922,80.936508,73.071999,40.976547,65.940002,84.089859,197.206604,714.390991,16.915316,108.017807,83.321297,0.341152,4.951929,0.999831,1.35881,0.78113,6.8275,7.8349,94.903,156.845993,1471.72998,17.4466,9.2839,3.61888,9.21148,1.27277,0.999777,45.185299,16.577209,147.610001,80.664734,77.451416,27.719999,29.67,93.812325,46.57,149.633636,86.756592,215.587372,79.309502,66.925896,0.157476,43.332348,406.225342,1.391959,473.75,78.019997,320.700012,1207.5,629.5,18.290001
2026-05-05,0.262138,97.08773,0.120031,51.889328,174.548615,13.277881,129.207062,18.410357,42.5905,120.460693,7.099222,1.884043,0.716748,9.404042,,461.299194,90.08828,12.663403,20.094904,630.391235,71.986984,47.312435,80927.054688,121.480789,17.893822,57.262135,109.870003,4003.0,86.810043,50.55455,102.163605,102.269997,47.859337,82.459999,38.102932,31.200001,30.584572,489.672485,194.056641,0.114884,1.27931,10.468723,98.480003,65.061829,100.450424,197.181808,93.437134,1068.04895,,9.015387,2361.182617,17.9,0.91653,0.86401,183.781006,1.169194,41.556427,88.777649,45.794029,39.335526,136.679214,71.080002,0.974145,49.996181,10.388689,113.010925,10.646709,212.682007,1.353143,4568.5,85.809998,371.825012,418.269989,0.09031,92.800003,5.943,4.0302,20.340355,77.987427,46.279999,92.926765,67.056282,49.16,28.04409,281.155334,93.585411,305.850006,23.012522,101.607162,29.51,32.540657,9.37634,253.225006,9.765988,106.487213,56.376831,128.670288,55.373672,92.580597,56.843266,105.333794,2.788,43.838039,0.58724,62.171013,11.226914,45.500572,1507.099976,57.269569,18.59,14.304946,10.994948,1960.699951,138.162369,293.062836,60.21143,35.900002,680.153015,3.6206,77.368355,34.689606,106.102707,201.697754,15.37,22.971905,80.975914,73.108002,42.684307,65.910004,86.319191,197.989517,720.122009,17.15012,107.940056,83.782234,0.344649,4.9848,0.999813,1.36211,0.78397,6.83,7.83305,95.259399,157.194,1476.050049,17.519899,9.27065,3.64064,9.28655,1.27684,0.999832,45.214401,16.788,144.169998,80.801834,77.480858,27.700001,30.26,94.10714,47.009998,151.184036,85.758476,212.767685,79.447868,67.678871,0.159874,43.420822,411.950623,1.413149,465.5,78.400002,322.600006,1195.75,616.5,17.379999
2026-05-06,0.266713,97.50058,0.119525,50.820732,176.547729,13.66812,128.443512,18.229582,44.564445,121.3424,7.054127,1.90087,0.72039,9.612005,,465.632385,90.07843,12.578095,20.104643,647.57373,72.291672,47.579178,81427.53125,123.430901,18.052919,58.543758,101.269997,4064.0,87.920753,50.071571,104.600334,95.080002,48.026749,81.709999,39.182693,30.209999,30.29604,495.721832,197.006592,0.112427,1.318335,10.498241,98.019997,67.141014,103.177269,199.740067,94.170776,1077.457275,,9.379567,2350.802002,17.719999,0.9154,0.8635,184.738998,1.171577,42.615189,91.18457,46.770046,39.523739,140.64888,70.919998,1.111538,50.006016,10.496803,114.46167,10.572645,213.947006,1.356871,4694.299805,92.440002,372.399994,430.959991,0.091372,91.699997,6.1365,3.7856,20.69352,78.221626,46.189999,93.388794,67.006973,50.029999,28.132185,285.374237,93.896645,299.450012,23.266695,100.401817,29.040001,34.044472,9.532125,253.475006,9.994213,107.016479,56.683311,128.808685,55.344715,93.061615,58.323452,105.550842,2.73,44.134174,0.590329,62.601334,11.085519,45.451244,1546.0,58.247856,18.030001,14.574661,10.849896,2048.699951,140.752838,303.0271,60.640045,36.18,694.282776,3.4593,77.554688,35.353149,108.859764,203.295532,14.81,23.277411,81.08429,76.810997,43.630894,70.129997,89.14502,201.121185,730.131287,17.215864,108.017807,84.419708,0.346231,4.9273,0.999874,1.36035,0.78138,6.8301,7.83565,95.182999,157.677002,1473.959961,17.3377,9.24636,3.62178,9.23816,1.27406,0.999878,45.229599,16.576229,133.949997,81.154381,77.628044,27.09,31.559999,95.414185,48.18,154.105957,85.600365,214.922165,82.343895,69.145203,0.161533,43.981155,415.714691,1.42472,452.75,76.510002,319.799988,1179.0,606.0,17.389999
2026-05-07,0.262623,97.264664,0.12833,51.369473,176.165543,13.551048,126.718117,18.039293,44.32135,120.646843,7.028358,1.884843,0.72351,9.502644,,450.060272,90.098137,12.350608,20.124125,637.021973,72.104927,47.500149,80009.992188,121.094734,17.921898,58.171989,100.059998,4356.0,88.729424,48.30724,105.952965,94.809998,48.174461,83.0,39.153515,30.25,30.395533,492.602783,192.172211,0.10781,1.308385,10.488401,98.25,66.245667,101.287186,200.615768,93.808853,1056.462036,,9.212197,2291.107666,17.299999,0.91492,0.86428,183.850998,1.174743,41.664261,90.498291,45.61657,38.434109,140.081787,69.800003,1.096912,49.996181,10.398519,113.383415,10.137519,212.692001,1.359176,4710.899902,91.720001,366.325012,431.679993,0.090032,91.5,6.1275,3.8166,20.683975,77.928886,45.400002,93.103706,66.16877,49.82,28.357321,280.856812,93.565948,291.049988,23.002747,99.953545,29.18,33.539967,9.493178,250.050003,9.851704,106.575417,56.431557,128.867996,54.639984,92.845642,57.945957,105.550842,2.769,43.936752,0.595359,60.430191,10.736738,45.510441,1517.800049,56.710552,18.049999,14.504736,10.820886,2048.100098,140.152008,303.3703,59.646427,36.0,693.454529,3.456,76.358223,35.216537,108.339752,201.995468,14.54,23.100023,81.01532,79.700996,44.187134,71.599998,88.404785,197.098938,727.892639,16.952883,107.901192,83.997993,0.348977,4.932272,0.999794,1.36369,0.77886,6.811,7.83408,94.608002,156.507996,1444.449951,17.254,9.29213,3.60245,9.23755,1.2677,0.999798,45.227901,16.3995,134.970001,80.889969,77.549538,26.85,32.040001,94.726265,47.540001,152.7742,85.531181,211.427338,82.867744,68.412041,0.157998,43.646923,399.72345,1.387125,452.75,75.089996,321.299988,1177.0,601.75,17.08
2026-05-08,0.27326,97.490753,0.133355,51.176933,172.990494,13.785192,132.082748,18.086868,44.982567,123.683823,7.086337,1.949504,0.72086,9.89698,,450.381317,90.117859,12.227386,20.114386,649.009338,72.291672,47.559422,80186.765625,122.520187,17.903179,58.142639,101.290001,4113.0,88.242271,49.904011,106.002693,95.419998,48.036598,84.730003,39.357792,30.299999,30.534826,492.821411,192.695114,0.109456,1.371437,10.616309,97.839996,67.588692,102.340515,202.022812,94.053398,1061.730591,,9.76527,2306.972168,17.48,0.91548,0.86533,183.968994,1.173158,41.811314,91.721649,46.040497,38.751091,140.111115,69.809998,1.285771,50.025669,10.398519,113.393219,10.035682,212.580002,1.355565,4730.700195,94.589996,367.375,433.769989,0.09261,90.875,6.249,3.8991,21.256674,78.202118,45.450001,93.349472,66.050446,49.84,28.122398,282.757324,93.87719,289.700012,22.953867,102.125153,29.18,33.860134,9.473704,248.899994,10.33021,107.02626,58.233158,127.830017,52.380291,93.169594,57.93602,105.560715,2.757,43.788685,0.593849,60.557323,10.699034,46.556202,1482.599976,56.69059,18.07,14.704526,10.946598,2047.199951,141.924957,305.047394,60.523151,36.130001,709.709717,3.5267,76.09343,35.392181,108.467308,202.551239,14.69,23.188715,81.08429,80.394997,44.64579,73.010002,91.949821,197.803574,733.902161,16.671118,108.260765,84.419708,0.350614,4.9449,0.999823,1.36607,0.7802,6.8014,7.83378,94.252998,156.828995,1454.790039,17.2775,9.29458,3.60545,9.27693,1.26914,0.999876,45.223751,16.438299,133.589996,81.173973,77.647667,27.049999,32.16,94.952301,47.720001,154.225204,86.232826,213.095322,81.711319,68.303055,0.163314,43.65675,400.177917,1.418285,456.25,75.260002,322.5,1194.25,607.5,17.190001
2026-05-09,0.270789,,0.128706,,,,,,,,,1.935894,,9.951961,,449.927612,,,,649.737366,,,80664.367188,,,,,,,,,,,,,,,,,0.108717,1.346077,,,,,,,,,9.585741,2326.727295,,,,,,,,,,,,1.202274,,,,,,,,,,,0.09282,,,,,,,,,,,,,,,,,,,,10.371932,,58.008904,,,,,,,,,,,,,,,,,,,,,,,,,,,,,,,,,,93.145515,,,,,,0.350155,,0.999694,,,,,,,,,,,,,0.999724,,,,,,,,,,,,,,,0.162593,,410.191925,1.420107,,,,,,
2026-05-10,0.282501,,0.12909,,,,,,,,,2.014864,,10.231649,,463.610168,,,,663.663452,,,82138.929688,,,,,,,,,,,,,,,,,0.112518,1.382378,,,,,,,,,9.959734,2369.043945,,,,,,,,,,,,1.147623,,,,,,,,,,,0.097416,,,,,,,,,,,,,,,,,,,,10.712529,,60.381748,,,,,,,,,,,,,,,,,,,,,,,,,,,,,,,,,,96.426987,,,,,,0.350676,,0.999784,,,,,,,,,,,,,0.999851,,,,,,,,,,,,,,,0.169473,,409.830383,1.472807,,,,,,
2026-05-11,0.280534,97.235176,0.123054,51.446484,173.911667,13.453488,129.365738,17.772892,44.729752,122.077156,7.060569,2.043792,0.7237,10.136426,,450.177155,90.137566,11.961986,20.114386,669.973633,72.114754,47.401344,81728.296875,120.174118,17.163843,57.66325,104.209999,4632.0,88.339699,48.750786,103.665428,98.07,47.967663,87.769997,39.707981,31.059999,30.863157,493.7948,193.612656,0.111275,1.3629,10.429368,97.940002,67.538948,102.12394,200.704315,93.877327,1075.734009,,9.782613,2339.36084,17.67,0.91518,0.86557,184.570007,1.176886,41.693672,91.761436,45.991203,38.295429,141.36264,71.349998,1.128017,50.035496,10.241261,113.138351,9.961617,213.229996,1.359471,4728.700195,97.599998,368.399994,434.649994,0.096931,90.875,6.4135,3.9686,20.788971,78.045982,46.470001,93.034897,66.484329,48.419998,28.30838,283.91153,93.682663,298.600006,22.94409,99.076942,29.530001,33.239201,9.191343,249.399994,10.593592,106.761642,58.53215,128.235321,50.721886,92.93399,58.313522,105.501526,2.91,43.729458,0.59504,60.987648,10.482224,46.378616,1513.800049,56.940151,18.549999,14.354894,10.666163,2115.5,141.905289,305.547516,59.7341,36.25,711.765259,3.5998,76.220924,35.021378,106.652153,202.442078,14.91,23.208426,81.00547,85.485001,43.152721,78.0,97.350151,196.707504,735.573669,16.182724,108.173294,83.909729,0.35107,4.9133,0.999818,1.3683,0.77777,6.8005,7.82869,94.425301,156.858002,1460.550049,17.2146,9.20696,3.60082,9.24267,1.26802,0.99979,45.352501,16.425911,138.660004,80.997696,77.598618,27.41,31.040001,95.021088,47.779999,154.364349,86.657768,213.303818,81.108391,67.500534,0.168626,43.814037,416.294342,1.476816,460.75,74.68,327.899994,1199.75,622.25,18.379999
2026-05-12,0.270914,96.950111,0.122111,52.052982,175.234589,13.492513,130.823395,17.858522,45.215942,121.146477,6.951053,2.104504,0.724622,9.835984,,439.384308,90.147408,12.009379,20.104643,664.541138,71.898521,47.233398,80477.492188,121.520386,17.154484,57.731735,107.769997,4503.0,89.148369,49.322472,105.018051,102.18,47.869186,86.32,39.824715,31.690001,30.863157,494.569641,192.65564,0.110016,1.33465,10.390012,98.290001,65.479652,101.533287,200.723999,93.632782,1070.197998,,9.394248,2274.643555,17.24,0.91657,0.86574,185.197006,1.177995,41.115273,91.562508,45.941906,37.879391,141.567963,70.360001,1.092357,50.045326,10.221604,113.265785,9.980133,213.893997,1.36047,4686.700195,97.139999,365.899994,432.929993,0.093765,90.925003,6.485,4.1588,20.769882,77.93866,45.799999,92.720329,66.435028,47.52,27.858109,281.165283,93.546494,294.799988,23.022297,99.086906,30.17,33.695198,9.201079,247.699997,10.283821,106.39901,58.006672,127.741051,51.323185,92.492233,57.826744,105.284477,2.843,43.92688,0.59653,61.1539,10.529356,47.010025,1485.699951,56.421062,18.91,14.254999,10.608144,2110.0,141.59993,305.282745,59.373669,36.099998,705.72821,3.6977,76.113045,34.59203,105.47477,202.263428,15.01,23.237989,80.946358,85.129997,42.596481,78.550003,94.284294,201.26799,734.459351,16.173334,107.988655,83.350723,0.348989,4.9064,0.999776,1.36784,0.77816,6.7948,7.8282,95.391403,157.231003,1474.449951,17.191601,9.17965,3.59595,9.21588,1.26898,0.999749,45.3853,16.430599,144.300003,80.782249,77.490669,26.77,31.23,95.021088,47.360001,153.40033,87.487877,215.944794,80.871178,67.242943,0.162391,43.823868,411.251587,1.436101,467.25,76.300003,332.899994,1213.5,665.0,17.99
2026-05-13,0.264659,96.989441,0.118,52.180565,170.38382,13.453488,130.49617,17.868036,45.96468,120.676224,7.054127,2.041115,0.72378,9.751031,,433.96582,90.147408,11.914593,20.114386,671.382812,71.928017,47.322308,79277.117188,118.412094,17.248072,57.134953,105.629997,4309.0,87.316681,48.455086,106.400536,101.019997,47.800251,86.809998,38.803318,31.370001,30.962652,493.824615,190.721878,0.11271,1.327873,10.30146,98.480003,66.862465,102.21254,200.281235,93.456703,1066.880371,,9.255027,2257.576416,17.02,0.91594,0.86677,185.028,1.173544,41.330948,92.586945,46.237675,36.433159,139.240921,69.300003,1.048079,50.055157,10.221604,111.873856,9.924584,213.404999,1.3537,4706.700195,96.230003,367.325012,430.5,0.093476,90.900002,6.6355,3.9667,20.578979,77.977684,45.119999,92.720329,66.158913,47.98,27.858109,281.264771,93.546494,296.25,22.562828,97.054764,29.879999,33.413837,9.278974,252.800003,10.2116,106.457809,56.96645,127.859673,49.470818,92.61985,59.396343,105.205559,2.864,43.393833,0.595242,60.16613,10.529356,47.355324,1531.0,56.371147,18.700001,14.284967,10.453421,2187.100098,139.866379,297.848816,58.8866,36.23,713.182312,3.6187,75.19117,34.738396,104.866447,201.380173,15.38,23.080311,80.975914,88.888,42.186611,79.349998,91.085472,196.276886,738.568542,16.070021,107.988655,83.164391,0.349568,4.9097,0.999763,1.36973,0.78041,6.792,7.82818,95.633003,157.671005,1492.98999,17.2285,9.18265,3.62195,9.29277,1.27179,0.99955,45.4002,16.511629,142.039993,80.850792,77.539726,27.33,30.690001,94.234901,47.16,154.443848,89.286453,219.312088,80.26825,66.63858,0.158898,43.460144,397.826874,1.426346,466.5,75.260002,342.700012,1215.25,665.0,17.870001
2026-05-14,0.270159,96.959953,0.118612,52.867538,167.081406,13.677876,134.383286,18.020267,44.895054,125.91748,7.067011,2.045645,0.7255,9.896735,,434.675323,90.167114,11.971464,20.124125,677.939758,71.908356,47.391468,81051.25,121.223412,17.238714,57.682819,105.720001,4189.0,85.066055,49.322472,105.147354,101.169998,47.839649,83.940002,38.560131,31.15,31.082045,497.460175,190.258179,0.11529,1.362991,10.330977,98.879997,67.031586,101.848305,199.041458,93.456703,1069.257324,,9.46953,2280.934814,17.360001,0.91578,0.86612,184.929993,1.171605,41.419178,91.562508,45.971485,36.779858,139.025818,70.889999,1.053354,50.064987,10.172463,111.569984,9.99865,213.518005,1.352631,4685.299805,93.949997,367.575012,427.209991,0.094907,90.449997,6.5675,3.9056,20.559893,77.919121,46.169998,92.661346,66.385719,48.360001,27.877686,283.03595,93.488152,294.450012,22.660589,99.186516,29.629999,33.734009,9.191343,252.074997,10.473087,106.389214,58.159058,125.773827,49.160469,92.541328,57.717468,105.225296,2.894,43.17667,0.593169,60.596447,10.614195,47.286263,1456.599976,56.730518,18.6,14.254999,10.540452,2083.5,140.516449,297.191711,58.730736,36.290001,718.251404,3.6057,75.436348,34.406624,103.983406,202.114563,14.99,22.991617,80.946358,84.912003,42.41106,75.510002,92.148727,198.469055,744.398987,16.098196,107.881752,83.282074,0.353626,5.0249,0.999777,1.37047,0.7815,6.7908,7.8292,95.695801,157.850998,1489.839966,17.1674,9.16221,3.62213,9.32108,1.27227,0.999742,45.4305,16.387091,143.0,80.752869,77.490669,26.68,31.07,93.674736,46.779999,155.060043,88.901047,216.931076,79.714745,66.519684,0.162194,43.16523,395.776001,1.484111,451.5,74.82,342.700012,1174.5,647.0,17.26
2026-05-15,0.261488,96.35051,0.113218,53.044189,167.208801,13.424221,134.244461,17.982208,43.728191,120.90155,6.983263,1.927992,0.72143,9.536875,,426.515961,90.186829,11.952507,20.075424,672.111328,71.495537,46.996292,79065.679688,116.699562,16.9018,57.232784,109.260002,4002.0,84.432762,47.331436,106.360748,105.419998,47.8298,80.610001,37.314999,31.190001,31.072094,492.337738,185.986145,0.113359,1.31739,10.134196,99.269997,64.733528,100.135406,197.536026,92.644798,1049.212646,,9.252147,2223.328857,16.76,0.91451,0.87085,184.699005,1.166208,40.556484,90.577866,44.926453,35.888344,133.853531,68.839996,1.011445,50.07481,9.985722,110.923035,10.165293,212.074005,1.339136,4561.899902,87.349998,368.674988,417.290009,0.092822,98.75,6.2515,4.0534,20.407169,77.538551,44.82,91.924065,65.133347,47.990002,27.339317,276.220001,93.099098,284.600006,22.484621,96.786079,29.84,33.336224,9.152397,253.899994,10.06618,105.712944,57.49334,124.271217,48.927708,91.854164,56.267082,104.692551,2.96,43.156929,0.59035,59.774933,10.567062,46.694324,1422.900024,55.313004,18.610001,14.045219,10.40507,1981.300049,138.418457,286.835144,58.214443,35.93,707.414673,3.7019,74.592934,33.899212,102.815826,200.030502,14.8,22.636837,80.847832,77.161003,41.425442,69.040001,89.200356,195.748428,735.444397,16.004276,107.493019,82.046379,0.351979,5.0041,0.999668,1.37237,0.78418,6.7851,7.83226,95.7099,158.382004,1493.339966,17.230431,9.27355,3.63416,9.40155,1.27647,0.999341,45.542,16.4844,148.229996,80.302399,77.314034,26.93,30.58,92.289078,45.959999,152.575439,86.420586,212.936157,78.8153,64.508438,0.154635,42.496765,381.6026,1.433731,455.75,73.879997,334.299988,1177.0,635.75,18.43
2026-05-16,0.255041,,0.110234,,,,,,,,,2.042764,,9.290909,,415.733795,,,,656.216064,,,78131.4375,,,,,,,,,,,,,,,,,0.109362,1.268148,,,,,,,,,9.039798,2179.751953,,,,,,,,,,,,0.971909,,,,,,,,,,,0.091215,,,,,,,,,,,,,,,,,,,,9.719931,,56.178093,,,,,,,,,,,,,,,,,,,,,,,,,,,,,,,,,,86.536484,,,,,,0.355061,,0.999689,,,,,,,,,,,,,0.999468,,,,,,,,,,,,,,,0.151783,,388.564636,1.414036,,,,,,
2026-05-17,0.251876,,0.107621,,,,,,,,,2.02882,,9.18,,404.511383,,,,648.794128,,,77429.351562,,,,,,,,,,,,,,,,,0.108775,1.248543,,,,,,,,,8.850236,2127.645264,,,,,,,,,,,,0.940162,,,,,,,,,,,0.090025,,,,,,,,,,,,,,,,,,,,9.554132,,54.564796,,,,,,,,,,,,,,,,,,,,,,,,,,,,,,,,,,85.172951,,,,,,0.355425,,0.99974,,,,,,,,,,,,,0.9994,,,,,,,,,,,,,,,0.149235,,389.098358,1.400943,,,,,,
2026-05-18,0.251354,96.340683,0.10879,53.44656,173.725464,13.746168,132.94545,17.810949,45.390972,121.185654,7.021916,2.07235,0.71302,9.233906,,378.50412,90.186829,11.867201,20.086193,643.056213,71.446396,47.124725,76954.171875,115.858147,17.070257,58.622021,112.099998,3791.0,87.608971,46.269035,106.072319,108.660004,47.711628,83.699997,37.869473,31.379999,31.15169,493.967682,185.976288,0.104651,1.249747,10.439206,98.970001,64.634048,101.060768,198.913544,92.55677,1052.361816,,8.92367,2128.516113,16.0,0.91433,0.87254,184.483002,1.16144,41.507408,90.428673,45.971485,36.393536,136.170807,66.870003,0.958645,50.104294,10.211778,112.658043,9.924584,211.417007,1.330849,4558.0,87.139999,368.799988,418.429993,0.09009,98.525002,6.272,4.1145,20.874878,77.616615,43.529999,91.884735,65.715157,47.84,28.141975,274.598083,93.14772,276.200012,22.94409,95.787979,29.91,33.122776,9.405549,253.375,9.592829,105.516922,54.310062,126.78215,49.451424,91.775627,55.988926,104.653084,3.024,43.759071,0.58326,60.351948,10.378534,47.671024,1417.800049,54.624214,18.719999,14.424819,10.724185,1968.099976,140.171722,290.444244,58.17548,35.849998,704.371155,3.7607,75.838448,34.416386,106.455933,201.261093,14.73,22.912777,80.887245,77.072998,41.893856,69.940002,85.296898,196.139877,734.927002,15.976098,107.366692,81.948303,0.35543,5.0604,0.999824,1.37613,0.78729,6.8092,7.83014,95.970299,158.843994,1497.150024,17.3419,9.3176,3.65641,9.45169,1.28124,0.999321,45.492359,16.713631,149.289993,80.204468,77.294411,26.299999,31.65,93.370094,45.849998,152.764267,87.10247,211.810394,77.233856,64.746223,0.147098,43.007946,383.39856,1.389199,477.0,75.629997,334.5,1213.0,664.5,17.82
2026-05-19,0.248224,95.967155,0.112589,53.819489,179.33078,13.638852,130.598358,17.668234,44.574169,118.6483,6.970379,2.040782,0.71729,9.098962,,369.65274,90.206535,11.762936,20.06661,639.450012,71.210495,47.016052,76750.90625,113.106224,16.649117,57.399097,111.279999,3907.0,89.966774,45.196705,105.584976,107.769997,47.672237,82.330002,37.898651,31.610001,31.16164,490.956268,183.786011,0.102923,1.224282,10.340816,99.300003,63.927723,100.332291,199.070999,92.194824,1038.30896,,8.958278,2109.963867,15.93,0.91427,0.86768,185.149994,1.165515,41.21331,89.802078,45.636288,35.551552,137.187653,66.82,0.937084,50.104294,10.015207,112.569817,9.804232,213.376007,1.343201,4511.200195,83.779999,369.575012,411.5,0.088479,97.925003,6.165,4.1625,20.798515,77.431213,43.5,91.530838,65.813766,47.27,28.053877,271.642853,92.924019,270.149994,22.826778,92.743759,29.940001,32.424229,9.191343,254.550003,9.449772,104.987679,54.385937,126.999634,49.005299,91.373146,56.207481,104.248611,3.114,44.262501,0.58743,60.723591,10.41624,48.085384,1360.199951,53.675873,18.84,14.264988,10.637153,1933.800049,140.299759,291.738831,57.220825,35.790001,700.030518,3.6962,75.848244,34.162678,106.78952,200.090042,15.01,23.001471,80.828125,74.828003,39.590816,66.900002,84.208603,196.57048,730.031738,15.807039,107.007111,81.418716,0.355939,5.005625,0.99972,1.37387,0.78447,6.8,7.83029,96.270203,158.860992,1492.319946,17.27265,9.2549,3.63642,9.37845,1.27834,0.999044,45.572701,16.5728,152.960007,79.851913,77.186478,26.620001,30.32,93.635422,45.59,151.690918,87.309998,217.18013,76.373932,64.013062,0.143485,43.194721,398.911133,1.360587,475.25,75.440002,332.299988,1209.5,667.25,18.059999
2026-05-20,0.249001,96.547104,0.117498,53.38768,180.330338,14.185186,131.683777,17.791922,46.51894,119.627975,7.073453,1.989201,0.71066,9.283246,,372.68045,90.226227,11.857722,20.06661,648.819275,71.603645,47.342068,77457.773438,115.650269,16.808212,58.602459,105.019997,3889.0,90.259064,44.998127,111.651932,98.260002,47.760864,81.599998,38.550404,30.879999,30.952702,497.177887,188.097504,0.103574,1.247423,10.586792,99.110001,65.121513,102.005814,201.747284,92.85022,1059.995239,,8.990284,2126.983398,16.139999,0.91552,0.8664,184.589996,1.160712,42.036793,90.71711,46.395412,36.403442,139.084473,67.57,0.968765,50.153435,10.251091,113.765701,10.146777,213.035004,1.339603,4535.299805,86.360001,370.725006,417.399994,0.088722,97.275002,6.2905,3.9471,21.285309,77.928886,43.990002,92.150162,66.267387,48.02,28.553093,278.478699,93.488152,268.299988,23.27647,94.161064,29.42,33.2295,9.237335,253.274994,9.621927,105.801147,53.906731,128.769135,49.67448,92.04068,56.247215,104.505112,3.004,44.716576,0.583339,60.870285,10.482224,48.332027,1373.800049,54.394615,18.42,14.914305,11.014289,1949.800049,142.506104,297.03479,58.467724,35.990002,711.625671,3.4874,76.240532,35.15799,108.899017,202.283279,14.73,23.277411,80.936508,75.850998,40.459335,68.730003,86.041939,199.741302,737.513855,16.098196,107.259781,82.291565,0.358917,5.0582,0.999647,1.37471,0.7888,6.8145,7.8327,96.565804,159.035004,1507.849976,17.4028,9.26645,3.65922,9.397,1.28201,0.998998,45.584301,16.696609,144.270004,80.390526,77.402336,26.02,31.6,94.824539,46.009998,153.678604,87.557053,217.787842,79.961845,65.301056,0.143638,43.676414,404.456207,1.365368,465.75,74.660004,330.899994,1199.75,660.5,17.440001
2026-05-21,0.250257,96.665054,0.114593,53.171772,180.095123,14.155919,130.349411,17.829979,46.528664,121.469757,7.054127,2.049808,0.715001,9.441242,,380.534851,90.226227,11.867201,20.056824,657.349854,71.682281,47.401344,77539.171875,117.372696,16.826929,58.827477,102.580002,3767.0,89.674484,44.809475,110.886101,96.349998,47.731323,77.980003,39.017326,30.700001,30.952702,500.030365,191.669037,0.105494,1.287756,10.606469,99.190002,65.688568,102.566933,201.88504,92.918686,1073.291748,,8.970267,2131.410645,16.15,0.91498,0.86532,184.686996,1.162534,42.203445,90.876244,46.671459,36.660988,140.70755,67.559998,1.005882,50.143608,10.290405,116.265297,10.119003,213.429993,1.3434,4542.5,85.989998,369.125,416.98999,0.089786,95.125,6.257,3.8316,21.390305,77.967926,44.0,92.209145,66.55336,48.029999,28.416054,281.085663,93.565948,273.399994,23.511093,94.580276,29.190001,33.122776,9.325403,249.149994,9.74058,106.016769,54.131657,128.522003,49.480518,92.178123,55.59156,104.653084,3.018,44.4007,0.58683,60.8605,10.538784,47.611828,1383.400024,54.444527,18.309999,14.844378,11.08198,1955.099976,142.456863,299.113922,59.237289,36.049999,712.982727,3.3796,76.828957,35.187263,110.292267,203.156616,14.9,23.306974,80.926651,76.414001,41.50351,69.449997,87.156204,200.524216,738.97644,16.286039,107.259781,82.595573,0.365024,5.0117,0.999715,1.37477,0.78692,6.8005,7.8314,96.528297,158.888,1499.77002,17.3048,9.25468,3.65086,9.32817,1.27781,0.999033,45.591301,16.45768,142.539993,80.439491,77.421982,25.290001,31.629999,95.001434,46.099998,154.255035,86.964119,215.197601,79.803703,65.509109,0.146462,43.745224,391.926239,1.372087,462.25,73.870003,328.399994,1194.25,647.5,16.76
2026-05-22,0.242423,96.763351,0.111563,53.505444,180.163742,14.116896,127.96946,17.687263,47.034302,121.881233,7.047684,2.070719,0.71483,9.146642,,360.163696,90.245941,11.7345,20.037247,649.468933,71.751083,47.480385,75488.242188,117.313301,16.798855,58.984009,103.540001,3796.0,89.109398,45.107346,112.507278,96.599998,47.731323,77.419998,38.978413,30.540001,30.932802,503.021942,189.45903,0.102255,1.25734,10.537597,99.32,65.539337,102.360207,201.865372,93.094772,1074.655273,,8.774955,2064.636963,15.57,0.9136,0.86492,184.746002,1.162115,42.0662,91.114944,46.424988,36.027023,140.111115,65.980003,0.961824,50.143608,10.251091,117.382759,9.980133,213.582001,1.343256,4523.200195,85.019997,349.850006,413.820007,0.087873,95.75,6.342,3.8878,21.361668,77.977684,42.959999,92.287781,66.464615,48.389999,28.670555,283.702576,93.614578,272.350006,23.56975,93.861641,29.215,32.957844,9.423257,249.300003,9.415353,106.212791,52.621891,129.639069,48.132458,92.354813,55.174328,104.741882,2.907,44.420441,0.587851,60.655128,10.397387,47.256668,1358.0,54.843826,18.200001,14.764462,11.130331,1931.599976,143.707764,299.368927,59.032719,36.119999,716.006226,3.4539,77.319313,35.304359,109.850746,205.012421,14.7,23.346395,80.906952,75.892998,42.225651,68.360001,84.307091,200.044678,741.881775,16.239079,107.269508,83.0467,0.361893,5.0171,0.999695,1.37759,0.7865,6.8025,7.83391,96.173897,159.018005,1504.400024,17.297701,9.22735,3.64715,9.33677,1.27773,0.998809,45.713799,16.437201,140.919998,80.517838,77.392532,25.43,31.98,95.099709,45.610001,154.612823,87.141998,215.35701,78.22226,65.112808,0.143417,43.804207,381.188293,1.333704,463.25,73.980003,331.899994,1196.5,646.25,16.700001
2026-05-23,0.245876,,0.114695,,,,,,,,,2.106691,,9.384603,,355.501404,,,,655.709656,,,76673.367188,,,,,,,,,,,,,,,,,0.102982,1.291695,,,,,,,,,8.992743,2115.951416,,,,,,,,,,,,0.981177,,,,,,,,,,,0.089682,,,,,,,,,,,,,,,,,,,,9.558396,,53.435867,,,,,,,,,,,,,,,,,,,,,,,,,,,,,,,,,,85.658485,,,,,,0.362472,,0.999696,,,,,,,,,,,,,0.998834,,,,,,,,,,,,,,,0.147963,,386.860809,1.357494,,,,,,
2026-05-24,0.242129,,0.111632,,,,,,,,,2.048562,,9.207113,,346.848694,,,,656.098267,,,76981.125,,,,,,,,,,,,,,,,,0.102194,1.24464,,,,,,,,,8.907691,2097.993896,,,,,,,,,,,,0.955468,,,,,,,,,,,0.08838,,,,,,,,,,,,,,,,,,,,9.429,,52.765041,,,,,,,,,,,,,,,,,,,,,,,,,,,,,,,,,,85.249695,,,,,,0.365106,,0.999655,,,,,,,,,,,,,0.998747,,,,,,,,,,,,,,,0.147495,,392.713806,1.350033,,,,,,
2026-05-25,0.243461,,0.112597,,,,,,,,,2.135595,0.71572,9.30256,,351.337708,,,,662.303833,,,77279.929688,,,,,,,,,,,,,,,,,0.102067,1.261219,,,,,,,,,8.937219,2111.370361,,0.91067,0.86352,185.044998,1.164226,,,,,,,0.982259,,,,,214.274994,1.348163,,,,,0.088065,,,,,,,,,,,,,,,,,,,,9.497779,,52.656631,,,,,,,,0.5873,,,,,,,,,,,,,,,,,,,,,,,,,,85.010506,,,,,,0.371637,5.0257,0.999685,1.38021,0.78229,6.7945,7.83467,95.719498,158.945999,1512.829956,17.259501,9.24961,3.63769,9.31025,1.27688,0.999046,45.727402,16.347561,,,,,,,,,,,,,0.149738,,385.983002,1.349385,,,,,,16.59
2026-05-26,0.239801,97.038589,0.108454,52.337589,181.241669,14.448598,129.363571,17.906094,47.131546,122.733536,7.112106,2.209373,0.71703,9.130167,,343.154846,90.265656,11.914593,20.047033,655.596375,71.957497,47.648331,75825.734375,116.927246,17.070257,59.297077,99.580002,4169.0,88.310471,45.325783,113.09407,93.889999,47.918427,77.370003,38.871414,30.030001,31.012398,502.157288,191.077072,0.100909,1.248418,10.881963,99.169998,68.04631,103.492287,203.656143,93.554527,1072.505493,,8.623986,2070.858154,15.62,0.9113,0.862,184.944,1.163738,42.889683,92.397972,46.750328,36.145893,140.785782,66.059998,1.006116,50.173096,10.260919,117.78466,10.026423,214.509003,1.349637,4502.299805,88.5,349.450012,414.0,0.08646,96.125,6.361,3.7146,22.058453,78.24115,42.990002,92.681,66.711143,48.549999,28.778227,289.065826,93.9161,274.0,23.990114,94.80983,28.889999,33.442947,9.276476,248.225006,9.374849,106.614624,51.859898,129.045929,49.635685,92.600235,55.730637,105.215424,2.894,44.479671,0.586211,61.075665,10.548209,47.690758,1385.800049,56.21143,17.91,15.104105,11.604167,1942.199951,144.732147,298.603943,59.617203,36.400002,728.719055,3.2205,77.466423,35.704437,112.391953,206.064362,14.54,23.494219,80.995613,76.305,43.025856,69.720001,83.586517,202.520645,746.806824,16.314217,107.697105,83.458603,0.375375,5.0104,0.999765,1.38041,0.78302,6.7945,7.83427,95.2528,158.953995,1514.790039,17.2917,9.24542,3.6329,9.29482,1.27745,0.998593,45.897499,16.310539,137.0,80.831207,77.559349,24.639999,32.700001,95.541946,45.98,156.411682,87.329758,217.309647,79.76416,66.083748,0.147444,43.95166,380.033569,1.327661,457.5,74.360001,328.600006,1186.0,635.5,17.01
2026-05-27,0.237062,97.117226,0.106357,51.709496,181.271072,14.487622,129.722061,17.944151,48.551228,124.007118,7.041243,2.128293,0.71708,9.037548,,333.921906,90.275505,11.914593,20.06661,648.159241,72.026291,47.638451,74344.703125,116.808449,17.388453,59.404694,94.290001,4140.0,88.534561,45.335712,115.272217,88.68,47.908581,76.160004,38.910324,29.49,30.853207,503.777313,189.143326,0.100416,1.228858,10.970513,99.209999,68.036362,103.137894,202.367188,93.887108,1065.130615,,8.451837,2022.198242,15.485,0.91359,0.86475,185.302994,1.163684,42.83086,91.791275,46.563011,35.769478,141.215958,65.220001,1.031027,50.163265,10.270747,118.666862,10.026423,214.261002,1.345533,4448.399902,85.440002,354.625,408.48999,0.085579,97.599998,6.305,3.5975,22.411617,78.192352,42.450001,92.720329,66.208221,48.549999,28.788017,288.926483,93.87719,269.850006,23.872805,94.849754,28.6,33.928051,9.315618,251.425003,9.128115,106.761642,51.922619,129.08548,49.577496,92.6493,55.094852,105.452194,3.04,44.262501,0.584249,60.821384,10.529356,47.088947,1395.599976,56.620712,17.6,15.473716,11.729879,1918.699951,144.318466,300.879242,59.451595,36.369999,727.890808,3.1337,77.427193,35.480003,112.8629,205.915512,14.14,23.405525,81.00547,74.598999,44.10907,67.5,82.368126,202.354279,746.677429,16.257862,107.755417,83.654739,0.367763,5.0445,0.999673,1.38078,0.78511,6.786,7.83581,95.904999,159.242996,1505.439941,17.296101,9.26015,3.63805,9.28766,1.2768,0.998451,45.8937,16.361759,131.029999,80.889969,77.588783,24.129999,33.310001,95.247116,45.889999,156.193039,87.013535,213.374481,82.729378,66.945709,0.163854,43.87302,392.916809,1.306151,452.5,75.260002,330.600006,1185.25,622.5,16.290001
2026-05-28,0.234416,97.31382,0.115296,51.464149,182.936981,14.614449,126.973671,17.89658,48.677639,123.438904,7.079895,2.061838,0.71332,8.912849,,299.863525,90.285347,11.933551,20.056824,637.493774,72.163902,47.677971,73536.554688,114.967232,17.107691,59.316647,93.709999,4099.0,88.748901,44.76976,112.745972,88.900002,47.780556,76.769997,39.435616,29.719999,30.883057,503.946228,188.86705,0.099413,1.212752,10.990192,99.019997,68.255226,103.059143,201.511154,94.131653,1064.35437,,8.239207,2007.552734,15.19,0.9151,0.86591,185.371994,1.161791,42.634796,92.199051,46.336262,35.769478,142.565262,63.84,0.957745,50.173096,10.231434,118.627655,9.99865,214.063004,1.341652,4499.299805,87.18,353.024994,412.769989,0.091015,96.974998,6.396,3.6187,22.220718,78.28994,41.560001,92.936592,65.863075,48.689999,28.75865,290.578278,93.974457,274.25,23.628405,93.851654,28.540001,33.336224,9.384115,249.75,8.988363,107.085075,51.587639,129.322739,49.742367,92.973251,54.627949,105.590309,3.285,44.272373,0.58924,60.33239,10.472796,46.408218,1377.599976,56.351185,17.719999,15.533653,11.76856,1921.599976,143.451675,303.29187,58.974274,36.419998,734.027588,3.1852,77.005486,35.138474,113.696884,206.669739,13.93,23.326685,81.044884,75.644997,44.255447,68.360001,81.985428,202.354279,750.79657,16.051235,108.046959,84.086266,0.352533,5.0729,0.999595,1.38431,0.78786,6.7788,7.83368,96.048897,159.567993,1503.109985,17.384199,9.27645,3.64349,9.29872,1.27792,0.998563,45.892799,16.369499,130.779999,81.027069,77.647667,23.700001,33.849998,94.883507,45.93,156.898666,84.780128,209.499115,81.652016,67.411369,0.203494,43.65675,353.83432,1.313527,455.75,76.699997,334.100006,1194.5,624.0,15.74
2026-05-29,0.232599,97.372787,0.122598,50.639782,183.21138,14.408474,128.168625,18.067839,48.308128,125.888092,7.060569,2.013386,0.71642,8.815866,,301.898376,90.314919,11.971464,20.037247,642.287292,72.203217,47.747128,73372.523438,115.788857,17.107691,58.710075,92.050003,3923.0,89.148369,45.107346,108.290237,87.360001,48.05629,76.150002,38.910324,29.48,30.843258,507.653442,187.456207,0.099639,1.192103,10.813089,98.910004,68.245277,103.167435,198.667572,94.327301,1062.96106,,8.194561,2011.978516,15.2,0.91329,0.86641,185.585999,1.165284,42.575974,92.457649,46.26725,35.571362,141.098633,63.900002,0.955126,50.163265,10.093836,117.265129,10.063455,214.119995,1.344447,4593.0,89.489998,348.424988,417.119995,0.099503,95.849998,6.3595,3.5373,21.934368,78.367996,41.630001,93.044731,65.675713,48.560001,28.631401,288.986206,94.120338,265.600006,23.540421,95.758034,28.27,33.248905,9.276476,248.25,9.015237,107.183075,51.830482,127.592773,49.66478,93.051788,54.737221,105.728424,3.29,43.936752,0.594569,60.195843,10.614195,46.131977,1361.0,56.21143,17.620001,15.233969,11.729879,1922.199951,141.314285,297.838989,59.402893,36.41,736.731812,3.1267,75.858055,34.611546,112.961021,207.245331,14.06,23.109877,81.08429,75.615997,44.304245,68.330002,81.932487,200.534012,752.667114,16.041843,108.076111,84.105873,0.343978,5.0517,0.999604,1.37829,0.78366,6.7795,7.8333,96.048203,159.270004,1495.290039,17.3083,9.24446,3.6242,9.24911,1.2755,0.99861,45.8918,16.219231,129.089996,81.134796,77.706551,23.290001,33.75,94.048172,46.009998,157.147125,83.426254,204.557785,79.329269,67.09433,0.261542,43.243874,397.166412,1.328327,446.75,77.720001,329.799988,1186.75,610.5,15.32
2026-05-30,0.235442,,0.124002,,,,,,,,,2.012363,,8.923661,,302.945343,,,,717.933777,,,73754.835938,,,,,,,,,,,,,,,,,0.100385,1.187094,,,,,,,,,8.192355,2019.458252,,,,,,,,,,,,0.970691,,,,,,,,,,,0.094968,,,,,,,,,,,,,,,,,,,,9.165183,,52.34655,,,,,,,,,,,,,,,,,,,,,,,,,,,,,,,,,,82.547295,,,,,,0.347655,,0.999717,,,,,,,,,,,,,0.998561,,,,,,,,,,,,,,,0.228917,,370.426971,1.338338,,,,,,
2026-05-31,0.235287,,0.12722,,,,,,,,,1.95207,,8.959919,,302.382111,,,,708.584229,,,73579.6875,,,,,,,,,,,,,,,,,0.100256,1.186327,,,,,,,,,8.171785,2004.341553,,,,,,,,,,,,0.93518,,,,,,,,,,,0.09646,,,,,,,,,,,,,,,,,,,,9.126694,,52.003757,,,,,,,,,,,,,,,,,,,,,,,,,,,,,,,,,,82.298302,,,,,,0.350858,,0.999584,,,,,,,,,,,,,0.998555,,,,,,,,,,,,,,,0.259189,,367.190033,1.331321,,,,,,
2026-06-01,0.230552,97.324471,0.119874,51.218803,183.769943,14.36924,127.680687,18.143953,47.287125,126.123215,7.034801,1.901782,0.71805,8.915918,,293.146179,90.323814,12.132601,20.076401,692.130798,72.170677,47.642159,71319.773438,115.759155,16.780136,57.849136,94.980003,3895.0,88.690445,44.779686,110.905991,92.160004,47.883442,76.639999,38.258579,29.99,31.131792,508.309387,182.523148,0.100736,1.15552,10.813089,99.199997,69.717628,102.813042,191.701263,94.314529,1045.773193,,8.073781,2003.221191,15.11,0.91074,0.86596,185.630005,1.16489,42.624992,92.427811,46.030636,35.333626,137.197449,62.200001,0.952601,50.229343,10.123321,116.412338,10.091228,214.337997,1.345153,4506.299805,86.68,351.549988,411.26001,0.092075,95.025002,6.524,3.6394,22.125269,78.308159,40.490002,92.883942,64.817795,47.990002,28.484573,287.543427,94.045044,260.600006,23.110281,94.829796,28.549999,32.98695,8.992702,249.0,9.037953,107.166359,50.720573,126.663528,50.052711,92.916832,55.035248,105.777885,3.179,42.663368,0.598168,58.496456,10.765018,44.770512,1360.5,55.882004,17.870001,15.743432,12.47448,1922.400024,136.931152,290.100983,59.120392,36.57,741.152405,3.0847,74.671394,33.850418,112.921768,207.622467,14.45,22.676258,81.037849,75.007004,43.660172,67.669998,81.087021,198.371201,754.716675,15.778861,108.123314,84.151161,0.343185,5.0392,0.999698,1.37963,0.78186,6.7662,7.83581,95.002998,159.352997,1506.839966,17.342501,9.23895,3.63069,9.23913,1.27687,0.998715,45.897701,16.229959,135.5,81.076782,77.674026,23.85,33.380001,92.465965,45.279999,157.624191,80.748154,196.617752,78.202492,66.48996,0.242088,42.536087,343.76416,1.294879,444.0,79.089996,326.5,1180.75,608.75,16.049999
2026-06-02,0.212552,97.354057,0.112242,51.748753,181.810043,14.653682,128.218414,18.048809,51.283634,125.672562,7.086337,1.819033,0.71643,8.167614,,268.973145,90.313919,12.047294,20.076401,650.429993,72.190384,47.731285,66703.65625,113.749657,17.135767,59.884079,96.0,4108.0,87.608971,44.174023,109.871628,93.760002,47.843933,77.040001,38.35585,30.120001,31.251184,510.903381,184.752884,0.092578,1.076834,11.000031,99.220001,70.433907,103.383995,192.606491,94.560104,1066.703247,,7.599774,1857.716309,14.38,0.9148,0.86441,185.744995,1.163548,42.713223,93.074303,46.26725,35.442589,139.123581,58.459999,0.861596,50.219479,10.201948,116.961266,10.091228,214.871994,1.346,4519.899902,88.050003,348.424988,411.950012,0.086868,95.699997,6.6495,3.6987,22.573881,78.367027,38.049999,92.952995,65.754601,48.029999,28.259438,290.210083,94.08416,259.200012,23.178711,94.270859,28.700001,33.88924,9.119912,247.675003,8.362441,107.156502,46.907112,127.484032,50.01392,92.926682,56.813461,105.936134,3.167,43.255638,0.59357,58.85009,10.567062,44.208168,1373.099976,56.790413,17.98,15.923243,12.909636,1937.400024,138.300262,293.376648,59.178841,36.68,744.565002,3.1443,74.563522,33.22591,112.882538,208.446152,14.38,22.735386,81.037849,75.310997,44.050514,67.989998,74.14286,199.183472,755.741577,16.060627,108.113472,84.328392,0.332315,5.0386,0.999724,1.38392,0.78614,6.765,7.837,95.551399,159.636002,1511.27002,17.352949,9.26865,3.63865,9.30675,1.27831,0.998735,45.9254,16.29298,137.270004,81.06694,77.664177,23.459999,34.220001,92.888542,45.349998,158.369568,79.186752,194.615326,80.535126,66.876358,0.222382,42.752354,325.648865,1.209894,440.5,78.410004,326.200012,1165.25,603.0,15.77
2026-06-03,0.200453,97.146935,0.106384,51.611359,178.586029,14.89889,123.826958,17.772892,49.854225,120.597847,7.015474,1.854498,0.717412,8.050356,,242.770859,90.333694,11.772414,20.076401,620.099426,72.052322,47.562931,64014.367188,109.166405,16.855007,59.580795,97.809998,4072.0,86.342392,41.940002,105.982803,96.019997,47.824181,76.730003,38.03484,30.290001,31.261135,505.148865,181.043228,0.091358,1.103539,11.078744,99.529999,69.558449,102.498024,193.846252,94.206467,1071.878418,,7.724002,1811.7323,13.58,0.91608,0.86379,185.908997,1.16221,41.928955,93.432358,45.76445,34.313339,139.856888,56.91,0.92816,50.239204,10.13315,117.059288,9.99865,215.190002,1.345424,4466.899902,85.0,342.625,407.869995,0.085157,96.050003,6.481,3.8481,22.764782,78.151245,37.0,92.716278,65.379883,47.360001,28.367111,286.23996,93.878807,253.100006,23.23737,90.358292,28.75,34.219109,8.992702,246.625,8.334986,106.861374,47.143551,131.023041,49.179867,92.709953,55.611427,105.847122,3.214,43.620872,0.592249,58.663448,10.321975,43.458374,1317.099976,57.189713,18.049999,16.063095,13.07403,1868.699951,139.689087,296.1521,56.363583,36.549999,742.619263,3.1316,74.83812,33.17712,111.714951,207.662155,14.24,22.745243,80.998322,73.475998,43.435722,66.209999,71.612381,199.203049,750.438416,15.900961,107.916855,83.993637,0.332937,5.0207,0.999692,1.38445,0.78825,6.7622,7.8369,95.263,159.968002,1516.599976,17.29825,9.28505,3.64362,9.32878,1.2798,0.998624,45.945099,16.253401,140.860001,80.889946,77.605087,23.52,34.0,92.780449,44.66,156.978165,78.109589,198.839371,79.181007,66.380981,0.209359,42.772015,362.389435,1.200251,431.5,78.709999,320.799988,1154.0,587.25,16.059999
2026-06-04,0.179649,97.304749,0.100214,52.259079,190.022018,15.369693,127.869888,17.982208,51.653137,127.847443,7.034801,1.804518,0.71345,7.68827,,245.171219,90.333694,12.037815,20.06661,603.534729,72.150955,47.612453,63801.574219,117.352905,17.266788,60.705887,95.029999,3965.0,91.379517,43.220837,108.379745,93.040001,47.992088,74.889999,38.910324,29.879999,31.131792,513.537231,186.173599,0.08838,1.036009,11.354237,99.410004,68.742691,103.315086,195.233612,94.402931,1083.970703,,7.251184,1769.580566,13.39,0.91833,0.86459,185.677002,1.160941,42.223053,93.621323,46.217957,34.452019,142.623917,55.27,0.864801,50.19976,10.103663,118.421806,10.156034,214.742996,1.342714,4505.0,86.400002,353.375,411.269989,0.08374,95.300003,6.511,3.6738,23.337482,78.29837,36.02,92.834648,65.794052,48.02,28.856535,290.55835,94.02549,247.149994,23.471991,95.278938,28.48,35.800545,9.129697,249.175003,8.000823,107.087646,45.554485,135.303482,50.45034,92.808464,55.363075,106.025169,3.336,43.413578,0.58712,58.692913,10.651901,43.083477,1318.800049,57.509151,17.85,16.822298,13.576877,1894.0,141.629471,300.75177,57.659184,36.529999,739.026917,3.0383,75.200981,33.391796,114.85466,209.230164,14.27,23.129585,81.05761,73.778999,45.982727,66.980003,68.718925,201.816025,753.274048,16.051235,107.926682,84.180702,0.332015,5.0774,0.999647,1.38932,0.79103,6.7692,7.83574,96.164497,159.940002,1530.109985,17.3263,9.30858,3.65265,9.38713,1.28296,0.998936,45.973801,16.3391,136.740005,80.998108,77.654335,22.67,34.919998,94.441269,44.860001,157.564545,78.168884,200.094635,78.765877,66.767372,0.201324,43.646923,372.61496,1.166647,424.5,76.290001,313.700012,1129.5,581.75,15.4
2026-06-05,0.156629,96.821472,0.093118,51.78801,190.227814,15.340267,127.491478,17.877552,49.863945,123.096024,7.073453,1.649682,0.713216,6.707765,,209.420242,90.373207,11.838764,20.027456,572.106873,71.825508,47.543129,60922.667969,114.185211,17.173203,60.97982,93.089996,3762.0,92.061516,43.171192,109.215202,90.540001,47.873566,73.75,39.21188,29.23,30.504976,506.580048,184.289169,0.08136,0.943703,11.423109,100.07,64.256012,100.667,195.026993,93.715302,1075.80957,,6.777918,1580.86084,11.87,0.9164,0.8649,185.768005,1.161265,41.281933,90.229759,45.725018,33.689278,142.076385,52.459999,0.731652,50.229343,10.152806,120.137207,9.906068,214.729996,1.3427,4365.299805,78.839996,353.899994,396.23999,0.080241,94.300003,6.2635,3.5874,23.499746,77.906029,34.139999,92.341469,65.261543,47.34,29.404694,280.249847,93.614777,246.5,23.946371,93.222855,28.379999,35.92667,9.070987,250.074997,7.350719,106.418655,43.241554,135.96582,50.246677,92.345459,54.081566,105.807549,3.229,44.380955,0.586989,59.76363,10.38796,43.872734,1247.099976,56.58078,17.459999,16.872244,13.586546,1792.0,142.36821,303.713593,56.363583,35.900002,703.552917,3.0459,76.220924,33.245426,116.787544,206.25293,14.14,23.33654,80.889626,68.943001,46.675591,61.57,63.486942,205.81868,733.83252,16.013664,107.405632,83.747482,0.320082,5.0607,0.999762,1.3906,0.7889,6.7735,7.8343,95.790298,159.990005,1533.069946,17.2777,9.3366,3.64621,9.3744,1.28469,0.999687,46.0644,16.3069,133.020004,80.545776,77.427795,24.309999,35.209999,95.11937,43.959999,152.734436,81.054504,206.151749,81.009552,65.984673,0.203077,43.941833,307.220825,1.096436,417.5,74.120003,308.5,1121.5,580.0,21.51
2026-06-06,0.157256,,0.092205,,,,,,,,,1.629354,,6.670939,,217.37767,,,,574.510803,,,60867.414062,,,,,,,,,,,,,,,,,0.081853,0.942808,,,,,,,,,6.787961,1568.7677,,,,,,,,,,,,0.732406,,,,,,,,,,,0.079793,,,,,,,,,,,,,,,,,,,,7.397984,,41.336964,,,,,,,,,,,,,,,,,,,,,,,,,,,,,,,,,,62.189804,,,,,,0.324006,,0.999721,,,,,,,,,,,,,0.99953,,,,,,,,,,,,,,,0.212627,,295.757751,1.093458,,,,,,
2026-06-07,0.164974,,0.094266,,,,,,,,,1.711827,,6.796094,,229.834732,,,,603.628967,,,63239.519531,,,,,,,,,,,,,,,,,0.086089,0.97062,,,,,,,,,7.09847,1686.39624,,,,,,,,,,,,0.771252,,,,,,,,,,,0.081811,,,,,,,,,,,,,,,,,,,,7.898484,,42.837921,,,,,,,,,,,,,,,,,,,,,,,,,,,,,,,,,,66.310631,,,,,,0.326557,,0.999743,,,,,,,,,,,,,0.999576,,,,,,,,,,,,,,,0.205856,,303.723969,1.154651,,,,,,
2026-06-08,0.170335,96.821472,0.092078,51.611359,185.308472,15.291226,127.033417,17.858522,48.872112,124.291222,6.976821,1.764024,0.70435,6.757891,,209.17276,90.383102,11.80085,20.027456,601.627747,71.805779,47.483715,63090.589844,113.036926,16.864367,63.132164,94.25,3831.0,89.430916,43.260555,104.848976,91.300003,47.784679,73.389999,39.075691,29.469999,30.713917,505.794861,179.711288,0.086288,0.973468,11.423109,100.050003,65.410011,101.277336,194.239838,93.597412,1057.686279,,7.101235,1690.14856,12.72,0.91769,0.86398,184.731995,1.15226,41.31134,91.453102,45.774311,33.372295,141.7733,55.169998,0.773727,50.229343,9.956237,119.686302,9.850521,213.800995,1.333565,4363.399902,78.669998,350.700012,397.269989,0.081343,94.025002,6.3295,3.5999,23.327936,78.013939,35.889999,92.242828,64.7882,47.209999,28.75865,282.697632,93.68322,245.899994,23.956253,93.033211,28.5,36.761044,8.924205,246.524994,7.987536,106.31044,43.063995,135.580276,50.071224,92.306046,53.574924,105.777885,3.147,44.430313,0.57967,58.948315,10.350253,43.211731,1200.900024,56.411076,17.620001,16.822298,13.654237,1749.400024,140.634659,305.086609,56.217464,36.049999,714.539368,3.0706,76.064003,33.138088,116.748299,206.034592,14.12,23.021181,80.929153,68.425003,47.807598,61.580002,66.794952,202.912109,735.49408,15.81643,107.287659,83.314285,0.326549,5.177,0.999769,1.39444,0.79642,6.7655,7.83413,94.950302,160.326996,1554.47998,17.4627,9.45434,3.68157,9.46195,1.2905,0.999656,46.091099,16.557501,135.149994,80.535942,77.447495,23.91,36.200001,93.822151,44.040001,153.52951,78.682762,199.247818,78.66703,65.736984,0.202385,43.283195,314.50882,1.168193,418.75,74.559998,302.700012,1115.75,583.25,18.92
2026-06-09,0.165267,97.01873,0.091191,51.15992,187.003784,15.614901,132.14183,18.105898,51.487835,127.9552,7.086337,1.775594,0.70405,6.63955,,203.529541,90.383102,11.933551,20.037247,592.850647,71.96357,47.523327,61643.78125,119.075333,17.201277,65.167107,91.449997,3831.0,90.190872,44.819405,107.991867,88.199997,47.873566,71.260002,40.554283,29.07,30.624371,506.291809,182.454086,0.084787,0.957792,11.511661,99.910004,65.479652,101.297028,199.228409,93.98053,1054.800049,,6.999167,1637.706665,12.48,0.92011,0.86455,184.649994,1.152844,41.21331,90.458511,45.626427,33.600128,144.931396,54.009998,0.762951,50.249069,10.093836,121.980057,10.063455,213.574005,1.333333,4286.399902,77.589996,354.149994,390.779999,0.079373,93.574997,6.3025,3.5418,23.356569,78.0924,35.139999,92.499283,65.074181,47.540001,29.169767,283.603088,93.800568,244.399994,24.895134,95.658218,28.34,37.440189,9.041628,248.024994,7.837041,106.654778,43.006329,137.320145,50.061485,92.493225,53.94249,105.876793,3.14,45.397694,0.580359,60.166374,10.51993,45.056614,1213.599976,57.06992,17.379999,17.072035,13.683248,1708.599976,145.303436,316.639648,57.055222,36.009998,706.316956,3.0211,78.015625,34.143158,118.121925,207.6026,14.08,23.563204,80.968674,65.094002,50.286285,59.009998,64.962059,209.639893,733.335083,16.11698,107.474449,83.806564,0.322616,5.2031,0.999645,1.39563,0.79817,6.7655,7.83612,95.688301,160.173996,1528.880005,17.467699,9.47015,3.67605,9.44013,1.28878,0.999309,46.106602,16.5261,131.300003,80.712936,77.536148,24.27,38.450001,95.984177,44.360001,153.350632,81.499207,205.992371,79.546715,66.341347,0.192394,44.207253,311.237396,1.137252,419.5,74.910004,301.100006,1113.75,585.25,19.870001
2026-06-10,0.160767,96.959549,0.086791,51.78801,188.640289,15.556051,130.588394,18.115412,50.865505,125.70195,7.015474,1.761141,0.702311,6.38733,,194.644623,90.39299,11.952507,19.988302,586.173828,71.904396,47.434204,61449.289062,117.283607,17.060898,64.061592,93.099998,3757.0,90.980049,43.796719,103.665428,90.029999,47.883442,71.099998,40.544556,29.17,30.644268,497.187866,178.35965,0.082955,0.915945,11.452627,99.949997,64.325653,99.987747,197.644257,93.666183,1033.392334,,6.957727,1620.137695,12.28,0.92173,0.86241,185.001999,1.153536,40.45845,88.80748,45.163067,33.461449,146.270935,53.880001,0.734443,50.249069,9.740011,121.176262,10.183809,214.455994,1.33722,4133.299805,73.809998,354.375,374.579987,0.077716,93.175003,6.249,3.6126,22.860231,77.945267,35.080002,92.410507,65.133347,47.299999,29.081671,280.647827,93.614777,248.399994,25.082909,94.839775,28.52,37.275249,8.91442,250.100006,7.562988,106.408821,41.718655,138.180191,50.236931,92.512924,53.753742,105.659187,3.185,45.703697,0.58075,61.011166,10.482224,45.244064,1230.800049,55.203194,17.43,17.211885,13.460835,1688.0,143.579727,317.630188,56.334362,35.810001,692.207214,3.1099,78.555016,33.743088,116.434334,204.962784,13.92,23.582914,80.968674,64.598999,49.817875,57.66,63.160954,210.560028,721.773621,16.013664,107.366302,83.570267,0.320752,5.1901,0.999741,1.39538,0.79926,6.7725,7.8373,95.360298,160.384003,1525.810059,17.45402,9.51005,3.6741,9.48299,1.28739,0.999067,46.119999,16.4487,134.300003,80.604774,77.516434,25.68,38.279999,95.994003,44.549999,150.98526,83.357086,210.565109,75.820435,65.231689,0.182808,44.226913,334.723541,1.097237,419.0,75.330002,301.899994,1123.0,587.5,22.219999
2026-06-11,0.170336,97.521713,0.088633,51.336571,185.514252,15.850304,133.346756,18.143953,51.312801,130.120285,6.944611,2.022842,0.69942,6.640157,,205.246323,90.40287,11.961986,20.007881,605.041565,72.318604,47.711479,63561.054688,119.65937,17.023464,64.795341,90.379997,3710.0,89.674484,44.233593,106.828209,87.709999,47.982216,72.489998,40.583466,28.85,30.584572,506.242096,180.392059,0.085975,0.950443,11.649407,99.860001,67.150963,103.098526,199.405518,94.569931,1038.21936,,7.246432,1672.28064,12.7,0.92276,0.86308,185.171005,1.153562,41.438786,91.681862,46.237675,34.481739,146.916229,55.290001,0.757137,50.278652,9.720354,122.254517,10.017165,214.487,1.336202,4114.0,77.720001,359.649994,386.320007,0.079272,92.775002,6.259,3.5131,23.232487,78.406258,36.049999,93.051628,65.922241,47.790001,28.827171,288.966309,94.152618,253.949997,25.448578,95.119247,28.26,37.546913,8.806782,251.475006,7.882299,107.313927,42.508427,136.519424,50.431873,93.113853,53.982227,105.896576,3.087,45.516148,0.579431,60.814701,10.529356,44.671852,1234.599976,57.079906,17.24,17.711361,13.88632,1662.599976,144.978394,318.45401,56.98703,36.25,715.587097,3.1014,79.133636,33.869934,119.161957,208.158356,13.79,23.582914,81.11689,63.884998,50.071602,60.82,66.822006,212.578354,734.041504,15.910352,107.749718,84.65329,0.316496,5.1921,0.999793,1.39468,0.79995,6.7725,7.83555,95.644501,160.526993,1525.050049,17.421101,9.46685,3.68445,9.51604,1.2881,0.999033,46.150902,16.58268,128.830002,81.13578,77.742989,24.41,38.970001,95.925209,45.380001,154.652573,82.902496,209.877701,76.522202,66.678207,0.19166,44.158096,388.35379,1.141586,411.75,74.449997,301.700012,1115.0,586.75,19.440001
2026-06-12,0.16984,97.403374,0.087059,51.15992,185.177887,15.909152,133.316879,18.324726,51.701756,132.15799,6.918842,1.978096,0.70479,6.564854,,202.007355,90.43251,12.047294,19.998093,603.506592,72.229843,47.790699,63543.199219,121.550087,17.182562,64.844254,87.330002,3779.0,89.791405,45.425072,108.966553,84.879997,47.873566,72.940002,40.748833,28.549999,30.664167,509.919464,181.733841,0.085964,0.956363,11.728119,99.75,67.528999,103.383995,201.993286,94.658356,1050.828979,,7.140161,1665.127808,12.57,0.92033,0.86289,185.365005,1.157595,41.478001,92.209,46.493999,34.769001,147.248672,55.349998,0.748035,50.288521,9.808809,123.352371,10.239357,214.774994,1.341382,4238.799805,80.029999,357.424988,386.540009,0.077816,92.525002,6.4305,3.4044,23.75746,78.406258,36.040001,92.893822,66.366005,48.330002,29.052307,291.493683,94.172173,257.200012,25.606705,96.057465,28.110001,37.226742,8.76764,249.875,7.855693,107.245056,43.046124,137.339905,50.704796,92.975937,54.469002,105.886688,3.12,45.989964,0.583281,61.610371,10.538784,45.155273,1276.199951,57.658886,17.059999,18.160889,14.021703,1709.199951,146.505096,319.660309,57.561771,36.360001,719.798096,3.0498,79.475174,34.240742,120.496338,210.04393,13.7,23.819431,81.097137,67.859001,49.915459,61.290001,66.749275,216.713959,738.011353,15.966705,107.75956,84.446533,0.315253,5.1138,0.999814,1.39724,0.79505,6.7755,7.83561,95.760101,160.130005,1517.380005,17.246611,9.48805,3.66771,9.44221,1.28408,0.999516,46.240799,16.2805,125.43,81.076782,77.723289,23.290001,38.27,96.809677,45.689999,155.328369,83.604141,213.424301,78.469353,67.451004,0.188186,44.590641,353.223999,1.132059,412.75,74.279999,301.299988,1113.5,584.5,17.68
2026-06-13,0.171751,,0.089672,,,,,,,,,1.949691,,6.71546,,208.730759,,,,609.543762,,,64421.324219,,,,,,,,,,,,,,,,,0.087871,0.979933,,,,,,,,,7.180169,1680.2146,,,,,,,,,,,,0.78409,,,,,,,,,,,0.078292,,,,,,,,,,,,,,,,,,,,7.97742,,44.286201,,,,,,,,,,,,,,,,,,,,,,,,,,,,,,,,,,68.872787,,,,,,0.317074,,0.999767,,,,,,,,,,,,,0.999579,,,,,,,,,,,,,,,0.187062,,338.373047,1.150045,,,,,,
2026-06-14,0.182785,,0.092468,,,,,,,,,2.004925,,6.77577,,210.019821,,,,616.085938,,,65710.398438,,,,,,,,,,,,,,,,,0.088766,0.994522,,,,,,,,,7.212156,1724.613281,,,,,,,,,,,,0.793674,,,,,,,,,,,0.081084,,,,,,,,,,,,,,,,,,,,8.166222,,45.358803,,,,,,,,,,,,,,,,,,,,,,,,,,,,,,,,,,71.166183,,,,,,0.320144,,0.999687,,,,,,,,,,,,,0.999354,,,,,,,,,,,,,,,0.190968,,340.222717,1.185829,,,,,,
2026-06-15,0.178558,97.492134,0.095155,50.286484,183.773071,15.840493,135.537491,18.168608,50.933571,132.608658,6.867305,1.96561,0.70752,6.8372,,224.553757,90.43251,11.886157,20.027456,617.421875,72.289017,47.800602,66289.5,123.371498,16.957952,64.550758,83.169998,3882.0,87.468185,45.911594,111.393341,80.75,47.96246,73.43,40.194366,28.219999,30.723864,515.266541,183.640762,0.088109,1.010305,11.747797,99.629997,69.75,104.080002,201.363556,95.002159,1059.318481,,7.420029,1794.961182,13.76,0.92117,0.86269,185.595993,1.160308,41.84,94.059998,46.209999,34.639999,144.94574,57.959999,0.794552,50.288521,9.592584,122.244713,10.119003,215.132004,1.344972,4351.600098,85.269997,361.549988,396.549988,0.082542,96.574997,6.4825,3.2665,23.681101,78.504341,37.740002,92.992447,66.650002,49.259998,28.553093,293.872498,94.318863,262.950012,25.053261,97.893974,28.0,37.226742,8.660003,250.625,8.29522,107.22538,45.803589,135.758224,49.993252,93.113853,54.93,106.005386,3.147,45.338463,0.585538,61.040634,10.444519,44.602795,1346.800049,58.068169,16.889999,18.480553,13.925,1770.0,146.268707,317.720215,57.717636,36.689999,742.409668,2.9472,78.465401,33.95776,120.162743,211.264603,13.68,23.632189,81.136665,70.066002,50.208218,63.470001,73.979332,213.369858,751.025452,15.797646,107.907021,84.397301,0.318474,5.0609,0.999703,1.39636,0.7939,6.766,7.83463,95.110298,159.955002,1509.5,17.1663,9.49405,3.65455,9.38442,1.28121,0.999339,46.264439,16.1684,121.209999,81.125938,77.772537,21.700001,38.330002,96.131592,45.700001,157.743439,82.477562,212.019623,80.844505,68.43,0.213826,44.226913,348.503662,1.238213,415.5,74.370003,302.0,1119.25,589.75,16.200001
2026-06-16,0.172148,97.610489,0.094505,50.031319,182.496872,16.056278,137.897522,18.168608,50.330688,133.568512,6.976821,1.988793,0.7073,6.869506,,215.517151,90.44239,11.961986,20.06661,604.34613,72.397499,47.86002,65600.640625,126.578789,17.163843,64.306175,78.959999,4142.0,86.86692,46.497402,115.441292,76.050003,48.150127,75.010002,40.077633,27.9,30.475128,518.24823,189.152969,0.087115,1.011779,11.826509,99.540001,68.639999,104.309998,200.645279,94.962868,1089.474487,,7.368972,1790.398193,13.54,0.9209,0.864,185.710007,1.15942,41.77,94.120003,46.509998,34.41,144.698639,57.130001,0.806631,50.268791,9.631898,120.940994,9.980133,214.949997,1.341599,4354.399902,87.239998,366.875,397.630005,0.080547,94.800003,6.489,3.1702,23.767004,78.49453,37.169998,93.229164,66.730003,49.41,28.386688,291.319122,94.299301,277.25,24.806187,98.782288,27.745001,36.955086,8.591504,255.300003,8.264544,107.353279,45.63327,134.878418,50.158951,93.291176,54.130001,106.005386,3.239,45.565502,0.582791,61.070099,10.453945,44.888901,1355.900024,58.397594,16.67,19.359625,14.205435,1812.099976,144.969025,316.918457,58.058582,36.52,728.299866,2.8805,78.109016,33.61623,121.055588,210.559982,13.82,23.661755,81.156418,69.899002,49.603188,63.389999,73.413788,212.944427,746.548157,15.929136,107.907021,84.860054,0.316611,5.0751,0.999748,1.399,0.79443,6.757,7.8345,94.741699,160.229004,1513.310059,17.2127,9.5319,3.66496,9.39687,1.2823,0.998962,46.284401,16.184349,115.470001,81.214439,77.811935,21.82,37.82,96.367439,45.700001,157.017929,82.902496,212.697052,84.82959,68.150002,0.216048,44.335049,345.531616,1.215989,413.75,72.919998,304.799988,1130.0,596.0,16.41
2026-06-17,0.166591,97.255424,0.098931,49.668205,179.15303,15.938579,138.325729,17.661213,47.851109,127.007843,6.905958,1.899185,0.70655,6.751519,,212.252045,90.452271,11.696586,20.037247,600.958679,72.131218,47.84021,64418.445312,123.747665,16.68655,61.694008,79.550003,4144.0,84.540749,45.365498,113.173645,76.790001,47.922955,76.900002,39.007599,27.709999,30.514927,513.139587,185.805923,0.085797,1.002178,11.678924,100.089996,68.559998,103.779999,194.377579,94.579758,1083.34375,,7.306785,1747.885498,13.07,0.92075,0.86473,186.240997,1.160995,41.360001,94.449997,45.919998,34.110001,142.247467,55.889999,0.79784,50.258926,9.523784,118.098335,9.845266,215.360992,1.342642,4381.399902,84.360001,367.424988,388.600006,0.081093,94.650002,6.4815,3.1946,23.499746,78.200287,36.360001,92.735992,65.980003,49.060001,27.887472,289.124878,93.937477,277.850006,24.203327,96.985695,27.77,35.072891,8.386012,255.725006,8.077258,107.008949,44.86039,131.586533,49.330448,92.788765,53.0,105.817459,3.145,44.548767,0.583121,59.498405,10.19943,44.040451,1349.099976,57.878506,16.540001,18.31073,14.021703,1790.699951,139.829834,309.405518,57.152634,36.450001,720.965576,2.9096,76.594353,31.684151,120.044998,207.404114,13.85,23.0606,80.909386,70.695999,47.719769,60.610001,71.930984,207.631454,737.225342,15.64737,107.189346,84.997902,0.321474,5.1019,0.999781,1.39957,0.79311,6.7572,7.83259,94.888603,160.419006,1510.959961,17.206511,9.46936,3.64845,9.35749,1.28225,0.999054,46.305401,16.188601,114.230003,80.850609,77.526291,22.700001,36.459999,93.95974,44.889999,155.447647,81.182983,205.773193,83.050705,67.110001,0.225529,43.224216,336.683868,1.185085,421.0,71.540001,304.799988,1132.0,612.75,18.440001
2026-06-18,0.163428,97.541443,0.096227,49.727085,174.166946,16.272062,136.921646,17.592911,49.62085,127.98748,6.976821,1.808222,0.70185,6.306979,,199.327728,90.491798,11.715542,20.027456,578.014709,72.328453,47.879822,62896.472656,122.539986,16.929874,63.298477,79.849998,4143.0,80.874069,44.481819,114.37709,76.599998,47.96246,76.050003,39.513432,27.629999,30.763662,513.762512,186.868637,0.083425,0.972536,12.111841,100.849998,70.790001,104.410004,196.758728,95.021812,1086.996216,,7.202653,1709.533447,12.88,0.91986,0.8651,184.806,1.150735,41.52,96.260002,45.459999,33.73,143.641083,54.77,0.797485,50.298378,9.592584,118.010109,9.893434,213.608002,1.330123,4245.899902,82.510002,366.600006,387.119995,0.080193,95.025002,6.3745,3.1273,23.872,78.474907,35.619999,93.071358,66.360001,49.580002,27.809166,294.820007,94.260185,275.100006,24.094614,96.826004,27.82,35.713226,8.47408,254.800003,8.001661,107.304085,43.80323,130.983505,49.681339,93.074448,52.77,106.163643,3.233,44.420441,0.577481,59.174244,10.246563,43.931927,1274.5,58.457489,16.5,19.039963,14.234446,1705.199951,139.432968,314.889252,56.724014,36.73,739.036926,2.9949,76.109261,32.318417,122.792252,208.36676,13.59,23.04089,81.018082,66.254997,49.339699,59.509998,69.626495,209.085846,744.890259,15.684941,107.543266,85.411415,0.320401,5.1221,0.99972,1.40998,0.79941,6.7572,7.83496,94.858902,160.600006,1525.420044,17.297701,9.61075,3.6862,9.50866,1.28796,0.998911,46.440048,16.36376,114.870003,81.10627,77.664177,21.9,37.810001,93.910591,44.84,157.256012,80.63945,205.872803,83.676788,67.279999,0.234616,43.116081,318.896362,1.145422,417.5,69.690002,301.299988,1122.75,605.75,16.4
2026-06-19,0.162094,,0.095443,,,,,,,,,1.807146,0.70131,5.905744,,198.422821,,,,581.163757,,,63540.835938,,,,,,,,,,,,,,,,,0.083528,0.960579,,,,,,,,,7.596183,1710.982422,,0.92226,0.86786,184.815002,1.145856,,,,,,,0.791134,,,,,212.927002,1.320202,,,,,0.080484,,,,,,,,,,,,,,,,,,,,7.941855,,44.058811,,,,,,,,0.57549,,,,,,,,,,,,,,,,,,,,,,,,,,69.720604,,,,,,0.323619,5.1815,0.999702,1.41407,0.8049,6.7686,7.83681,94.339897,161.289001,1537.560059,17.35474,9.7407,3.71258,9.58222,1.29044,0.999177,46.419891,16.4403,,,,,,,,,,,,,0.218208,,315.020264,1.136384,,,,,,
2026-06-20,0.163076,,0.093593,,,,,,,,,1.80114,,6.233442,,199.798676,,,,587.613892,,,64239.675781,,,,,,,,,,,,,,,,,0.083596,0.968097,,,,,,,,,7.465083,1739.301392,,,,,,,,,,,,0.786262,,,,,,,,,,,0.080503,,,,,,,,,,,,,,,,,,,,7.976893,,44.4907,,,,,,,,,,,,,,,,,,,,,,,,,,,,,,,,,,73.172653,,,,,,0.326378,,0.999768,,,,,,,,,,,,,0.998801,,,,,,,,,,,,,,,0.216021,,320.588409,1.149052,,,,,,
2026-06-21,0.156634,,0.089253,,,,,,,,,1.754095,,6.105951,,194.809937,,,,583.751648,,,63237.539062,,,,,,,,,,,,,,,,,0.082172,0.941066,,,,,,,,,7.286614,1704.580566,,,,,,,,,,,,0.781025,,,,,,,,,,,0.078026,,,,,,,,,,,,,,,,,,,,7.775336,,44.439747,,,,,,,,,,,,,,,,,,,,,,,,,,,,,,,,,,72.418159,,,,,,0.32727,,0.999821,,,,,,,,,,,,,0.998809,,,,,,,,,,,,,,,0.209833,,320.234192,1.124419,,,,,,
2026-06-22,0.158422,97.275154,0.089431,49.717274,174.542862,16.291677,134.641296,17.407516,49.329132,124.583458,6.925284,1.794858,0.70029,6.232519,,197.262497,90.491798,11.582843,20.028444,589.918701,72.131218,47.800602,63952.105469,122.015343,16.855007,63.503937,77.900002,4525.0,81.928734,44.253452,109.284821,74.82,47.883442,75.209999,39.386974,27.41,30.803459,515.317261,194.208313,0.082406,0.934948,12.052807,101.019997,71.209999,104.580002,199.956528,94.697639,1110.633179,,7.168093,1726.510864,13.06,0.92615,0.86786,185.042999,1.146276,41.540001,96.970001,45.689999,34.27,144.38237,56.02,0.788525,50.308239,9.533612,119.31382,9.758567,213.205002,1.320795,4202.700195,81.440002,370.424988,384.589996,0.07864,94.650002,6.3565,3.0931,23.986538,78.406258,36.5,92.716278,66.379997,49.919998,27.838531,297.403259,94.172173,277.0,24.400988,96.716217,27.98,35.897564,8.405583,255.824997,7.865104,107.018776,44.540558,130.617752,49.36758,92.84787,52.860001,106.153755,3.253,44.578381,0.57346,59.508232,10.171151,44.49427,1257.099976,59.136299,16.360001,18.700319,14.089393,1670.300049,142.697067,316.967926,56.04076,36.779999,737.181824,2.987,76.58445,32.562366,122.802063,208.825027,13.35,23.326685,80.939041,65.527,48.373592,58.91,71.908165,212.291443,742.546143,15.628587,107.100868,84.761589,0.333652,5.1514,0.999653,1.41743,0.80797,6.7686,7.83645,94.330299,161.432999,1531.329956,17.3472,9.69788,3.70944,9.58876,1.29242,0.998771,46.452099,16.450121,112.690002,80.919449,77.585388,21.85,37.580002,94.922813,44.689999,157.15625,82.0625,210.654755,81.510338,67.099998,0.202647,43.652565,317.22879,1.128631,411.5,71.150002,299.799988,1115.75,597.5,17.280001
2026-06-23,0.151362,97.354057,0.094365,50.688854,177.461319,16.28187,130.060638,17.456303,50.175106,119.516998,7.028358,1.717159,0.699462,6.48574,,194.540283,90.501694,11.658671,20.008768,577.59967,72.210121,47.909534,62668.019531,118.857552,16.986027,62.946278,77.080002,4545.0,83.121391,42.605244,110.995506,73.209999,47.942707,73.959999,39.737167,27.120001,30.415432,514.858765,193.671997,0.078841,0.909072,12.102002,101.410004,67.169998,102.459999,201.599701,94.560104,1110.623413,,7.056702,1665.436768,12.52,0.9242,0.86258,184.621994,1.142714,40.98,92.75,45.57,34.150002,146.042847,54.25,0.78622,50.298378,9.661383,121.235069,9.854899,214.026993,1.324714,4149.399902,77.660004,368.149994,377.320007,0.077489,94.224998,6.141,3.1546,23.690645,78.337601,35.310001,92.834648,66.360001,49.07,28.435631,294.55072,94.123276,287.950012,24.895134,93.322662,27.76,36.091606,8.609254,255.149994,7.623378,107.146683,42.133804,132.357605,49.044022,92.936523,51.810001,106.094406,3.147,45.427307,0.571171,60.441425,10.180578,45.786678,1230.699951,57.708805,16.18,18.3407,13.954011,1660.900024,144.105881,318.027069,54.551105,36.34,712.907166,2.959,77.881317,32.864868,121.889587,208.107727,13.42,23.632189,80.998322,62.02,48.8908,55.73,69.643684,214.4384,731.762878,15.722508,107.061539,84.869896,0.328894,5.1565,0.999723,1.41584,0.8088,6.7745,7.8393,94.7006,161.570007,1539.050049,17.363899,9.69118,3.73427,9.61963,1.29352,0.99876,46.466572,16.394501,111.260002,80.998108,77.664177,22.98,37.650002,96.170898,44.259998,153.93454,84.365074,216.851364,84.124001,66.150002,0.195092,44.267387,318.381958,1.10941,409.75,70.589996,302.899994,1117.0,586.75,19.49
2026-06-24,0.147513,97.827461,0.089721,49.452297,172.593948,16.321102,122.08432,17.417273,49.825054,112.67926,6.925284,1.648605,0.69156,6.444727,,190.060638,90.511566,11.573363,19.989094,563.770813,72.535561,48.028366,60995.132812,111.849037,16.349636,62.750614,73.739998,4902.0,80.962776,40.768383,111.433121,70.339996,48.001968,72.089996,39.484249,26.450001,30.286089,516.752258,191.705475,0.076011,0.886469,11.993772,101.610001,67.25,102.260002,200.281235,94.864632,1089.792847,,6.979036,1619.924927,11.92,0.92133,0.86204,183.882004,1.137954,40.549999,92.610001,45.450001,33.849998,144.164932,52.049999,0.74837,50.318108,9.55327,122.156494,9.671866,213.300003,1.32001,4008.800049,74.589996,372.924988,365.920013,0.07547,93.849998,5.943,3.1762,23.461565,78.317978,33.869999,93.43631,66.599998,49.630001,29.013153,295.917145,94.064598,291.549988,25.12244,91.336433,27.4,35.819946,8.461667,256.0,7.415134,107.638588,41.02338,132.881531,48.828316,93.340424,51.43,106.292236,3.221,45.910992,0.56647,60.893284,10.105166,46.743652,1161.300049,58.307751,15.78,18.600426,13.866981,1580.599976,139.760376,314.691315,53.935383,36.34,709.88031,2.8818,79.06929,32.845348,127.325218,209.592148,13.42,23.650053,81.097137,58.051998,48.422386,51.779999,67.982498,219.790939,731.423706,15.60041,107.474449,86.031685,0.326965,5.1977,0.999656,1.42096,0.80971,6.79,7.8404,95.183701,161.598999,1535.25,17.5536,9.78981,3.75556,9.73439,1.29674,0.998444,46.470901,16.536699,106.290001,81.312782,77.792244,22.91,37.98,96.175858,44.630001,153.864716,85.550949,220.597229,85.276787,67.110001,0.185313,44.138474,314.282043,1.07226,407.0,69.459999,303.600006,1108.75,585.75,18.629999
2026-06-25,0.143429,97.886642,0.084856,50.149086,166.915344,16.605547,120.998909,17.553879,51.818443,111.2939,6.938169,1.608633,0.69,6.221861,,192.619217,90.521446,11.611279,19.979254,559.79895,72.584877,48.018459,59721.675781,113.027023,16.237331,64.247467,75.260002,5159.0,78.390182,41.602417,110.577782,71.919998,47.96246,73.400002,39.542618,26.93,30.365685,517.489807,191.129425,0.074787,0.841756,12.210231,101.43,67.959999,103.150002,201.402924,94.854813,1082.437988,,7.022762,1564.81665,11.74,0.92257,0.86245,183.669998,1.135422,41.07,93.389999,45.880001,34.18,145.479477,51.470001,0.734615,50.318108,9.435328,122.087883,9.748933,212.947998,1.316656,4047.600098,75.669998,373.299988,369.459991,0.073312,92.699997,6.0705,3.2982,23.843365,78.347397,33.52,93.495491,67.32,49.43,29.576803,298.131348,94.152618,288.799988,25.221272,92.474274,27.59,36.392365,8.363276,257.399994,7.232657,107.727127,40.853039,136.499649,49.210701,93.507904,50.779999,106.410927,3.343,45.772797,0.564462,60.942406,10.06746,46.980427,1180.199951,59.884987,16.110001,18.880131,14.089393,1601.699951,139.42305,317.482635,54.49152,36.529999,715.634277,3.0273,79.44548,32.68922,128.443741,210.957016,13.55,23.709599,81.11689,58.348,48.95911,52.360001,67.574089,223.095474,732.481079,15.60041,107.651413,86.002151,0.323397,5.2075,0.99972,1.42352,0.81258,6.79,7.83892,94.440697,161.763,1542.76001,17.620701,9.84825,3.77125,9.75354,1.29738,0.998613,46.505589,16.5644,109.309998,81.411125,77.841476,22.48,38.080002,96.354309,44.810001,154.453201,86.400826,222.88858,85.584869,67.760002,0.178481,44.217808,307.476654,1.041641,414.75,70.809998,308.200012,1127.5,591.0,18.889999
2026-06-26,0.148206,97.975403,0.082935,50.482758,173.711853,16.713438,117.79245,17.749031,53.695152,107.988823,6.944611,1.595432,0.69005,6.580324,,196.778229,90.551102,11.791371,19.969418,566.858459,72.653915,48.038265,60016.429688,114.234711,16.312202,65.939995,71.989998,5014.0,81.435898,41.105968,112.109436,69.230003,48.120495,71.660004,40.145725,26.57,30.107,515.984924,191.685608,0.075662,0.850625,12.269265,101.360001,67.190002,102.540001,203.961166,94.835175,1086.110474,,7.239134,1576.616089,11.89,0.92102,0.86133,183.826996,1.13617,40.630001,92.800003,45.759998,34.669998,147.475998,51.98,0.743639,50.347691,9.740011,122.607399,10.018666,213.369995,1.318791,4096.299805,77.0,369.850006,373.630005,0.070758,92.925003,6.1415,3.2082,23.919724,78.29837,33.849998,93.732201,67.419998,49.560001,30.120674,299.04895,94.093948,286.75,25.586939,89.959053,27.27,36.906578,8.471505,257.450012,7.341349,107.727127,41.846115,139.109436,50.014706,93.517754,50.48,106.43071,3.231,46.858631,0.564331,62.003296,10.19943,47.414516,1209.0,58.737,15.87,19.039963,14.292466,1630.900024,138.867462,321.095581,54.362419,36.290001,705.784607,2.9571,80.989838,33.51865,129.640747,209.522415,13.98,24.037107,81.215706,59.216999,50.901081,53.279999,71.835381,224.480606,727.184265,15.797646,107.848038,86.012001,0.320117,5.1941,0.999851,1.42006,0.81052,6.79,7.83955,94.400398,161.804993,1546.47998,17.509899,9.86795,3.76613,9.74033,1.29681,0.998684,46.5793,16.501381,105.480003,81.529121,77.930138,22.620001,39.110001,97.821579,45.209999,153.555511,88.001755,226.475037,86.827103,66.800003,0.177479,44.862381,320.818481,1.047119,412.75,71.300003,307.0,1126.25,578.25,18.41
2026-06-27,0.1451,,0.085832,,,,,,,,,1.571922,,6.425016,,195.372009,,,,556.390869,,,59940.097656,,,,,,,,,,,,,,,,,0.07443,0.81492,,,,,,,,,7.11098,1571.588257,,,,,,,,,,,,0.726962,,,,,,,,,,,0.071831,,,,,,,,,,,,,,,,,,,,7.288497,,42.132332,,,,,,,,,,,,,,,,,,,,,,,,,,,,,,,,,,70.410698,,,,,,0.320754,,0.999645,,,,,,,,,,,,,0.998504,,,,,,,,,,,,,,,0.17377,,312.718079,1.046428,,,,,,
2026-06-28,0.143669,,0.087568,,,,,,,,,1.572425,,6.442762,,190.849396,,,,550.699707,,,59532.339844,,,,,,,,,,,,,,,,,0.073093,0.809566,,,,,,,,,7.048852,1570.361206,,,,,,,,,,,,0.71552,,,,,,,,,,,0.070944,,,,,,,,,,,,,,,,,,,,7.259969,,42.462593,,,,,,,,,,,,,,,,,,,,,,,,,,,,,,,,,,71.312943,,,,,,0.321632,,0.999583,,,,,,,,,,,,,0.99839,,,,,,,,,,,,,,,0.172844,,310.435364,1.047576,,,,,,
2026-06-29,0.145587,98.00499,0.085502,50.747734,166.865875,16.566313,114.347008,18.061274,54.054932,106.474823,6.777116,1.530434,0.689622,6.663014,,200.495697,90.560989,12.009379,19.969418,558.668213,72.693359,48.048168,60138.378906,113.719955,16.302843,65.617149,73.150002,4895.0,77.503075,40.232216,111.363503,70.75,48.120495,72.0,39.591255,26.559999,30.370001,519.901428,189.282089,0.073285,0.823738,12.062646,101.110001,67.43,103.449997,203.675827,95.110222,1080.009644,,7.132122,1610.205811,12.24,0.92224,0.8627,184.190002,1.138563,40.93,93.209999,46.150002,34.549999,146.537033,52.52,0.731065,50.347691,9.602412,122.940674,10.220966,213.501007,1.319714,4038.899902,75.68,367.475006,368.579987,0.071593,93.824997,6.0975,3.3317,23.786097,78.474907,34.18,93.761803,67.370003,49.18,30.249228,298.191193,94.269966,291.100006,25.527641,88.771309,27.35,37.255852,8.471505,257.399994,7.369506,107.923882,43.077484,139.040222,50.553978,93.557159,50.790001,106.53952,3.181,46.720436,0.56407,61.924709,10.510503,47.463844,1210.400024,58.599998,15.84,19.319668,14.050713,1574.5,137.795975,321.154968,54.630554,36.490002,723.326294,3.0614,80.484955,33.37228,129.395477,212.252151,14.29,23.927938,81.195946,58.174999,51.652496,52.68,74.946815,225.143494,739.16449,15.929136,108.044662,86.100609,0.320887,5.1707,0.99963,1.41898,0.81007,6.798,7.84181,94.360298,161.787003,1535.23999,17.5049,9.9325,3.76412,9.73475,1.29451,0.998544,46.616199,16.474701,107.080002,81.578285,77.949829,21.700001,39.509998,97.306053,45.220001,155.430695,88.24881,226.873535,86.171196,66.379997,0.17465,44.545048,315.859436,1.057271,402.0,69.07,304.700012,1108.75,569.5,17.65
2026-06-30,0.144162,97.620346,0.082817,50.885128,161.820435,16.566313,117.812363,18.08079,52.064934,110.146027,6.880189,1.509638,0.68824,6.526597,,199.491516,90.560989,11.999901,20.038279,545.686157,72.397499,47.959042,58558.859375,116.481781,16.302843,65.557823,72.919998,5002.0,74.644646,41.810925,109.672707,69.5,48.051353,72.220001,38.686592,26.66,30.610001,520.609131,178.35701,0.071994,0.820649,12.072558,101.190002,68.410004,103.879997,200.781036,94.736931,1037.433105,,6.885276,1569.583862,11.89,0.9224,0.86137,184.901001,1.142204,41.369999,93.269997,46.139999,34.5,143.611435,51.049999,0.715571,50.347691,9.513956,120.999817,10.115,214.593002,1.325399,4038.5,75.449997,364.600006,368.380005,0.069446,94.324997,6.1925,3.3168,23.49868,78.435677,33.290001,93.278496,66.599998,49.389999,29.873461,299.667358,94.240623,311.200012,25.053261,91.605919,27.52,36.872074,8.392793,258.200012,7.189456,107.304085,41.877335,137.349808,50.867737,93.113853,51.029999,106.450485,3.275,45.930737,0.565131,61.126591,10.539593,47.039619,1200.0,58.919998,15.88,19.399626,14.021194,1550.199951,134.402908,315.077332,55.315796,36.599998,735.633484,3.0144,78.94059,33.110359,127.2864,211.973206,14.34,23.501184,81.136665,59.477001,51.117332,53.470001,73.523308,221.275009,744.920227,15.832479,107.582596,85.086502,0.314963,5.181787,0.999594,1.4209,0.8076,6.7936,7.8403,94.790497,161.923004,1541.72998,17.472,9.92558,3.75382,9.70895,1.2921,0.998377,46.640701,16.419331,106.440002,81.273453,77.841476,21.290001,39.299999,95.600838,44.849998,156.547821,88.2687,226.116394,83.686729,66.239998,0.18867,43.662479,303.10611,1.03843,412.75,66.739998,304.700012,1116.75,580.75,16.450001
2026-07-01,0.15404,97.4729,0.084337,50.659409,164.303589,16.241096,117.941826,18.207636,52.222557,112.441765,6.789999,1.539453,0.6913,6.662941,,210.23494,90.588737,12.114866,20.028444,550.109497,72.29261,47.910408,60003.757812,118.342804,16.31246,66.991379,71.57,5006.0,75.433174,42.029362,108.962708,68.580002,48.009743,73.279999,39.564037,26.450001,30.52,520.61908,175.119217,0.072177,0.827668,11.824763,101.389999,66.480003,103.019997,203.685745,94.717194,1008.799866,,7.005347,1608.960693,12.19,0.92296,0.86133,185.606995,1.141331,41.209999,93.050003,45.939999,34.18,145.578308,52.23,0.735966,50.380344,9.583401,119.120178,10.249866,215.479996,1.325065,4082.399902,75.07,364.149994,370.600006,0.071817,93.349998,6.1235,3.2179,23.14189,78.424835,34.0,93.051872,65.790001,49.209999,30.011902,298.540283,94.280945,324.299988,24.786421,92.384438,27.540001,38.535107,8.491184,241.824997,7.350116,107.078987,42.655479,138.338364,51.005001,92.952698,51.529999,106.459412,3.22,45.970222,0.56753,60.988476,10.471721,47.523037,1212.800049,57.68,15.78,18.580065,13.942479,1588.900024,135.722443,319.759308,55.871929,36.41,724.4151,2.9452,78.574303,33.327805,123.602966,212.610809,14.99,23.60043,81.10495,60.084999,51.561657,53.580002,77.383705,220.631912,743.91272,15.784151,107.382065,84.511368,0.315706,5.1747,0.999675,1.4205,0.8087,6.7936,7.84245,94.917999,162.628006,1548.609985,17.492901,9.90868,3.76486,9.70571,1.29415,0.998929,46.654701,16.3748,103.269997,81.147072,77.79007,21.52,40.060001,95.987488,44.82,155.71994,89.113609,229.32428,83.080521,65.910004,0.197589,43.81123,309.01236,1.052148,421.0,67.019997,306.600006,1126.25,592.0,16.59
2026-07-02,0.161293,97.581749,0.086481,51.091225,164.25412,16.398777,118.111107,18.27594,51.79895,115.677574,6.693368,1.557981,0.68921,6.79292,,220.192047,90.62838,12.085883,20.018604,558.014526,72.342094,47.880634,61485.300781,121.540184,16.591389,68.533676,71.800003,4949.0,75.502174,42.525814,112.053993,68.690002,48.098907,72.57,40.40205,26.57,30.33,526.080383,172.119781,0.07408,0.84035,11.97344,100.860001,65.699997,104.370003,209.505051,94.89476,997.255066,,7.069589,1698.169434,12.86,0.92064,0.85653,184.916,1.137799,42.310001,93.139999,47.16,34.43,147.604477,53.52,0.772302,50.39024,9.633004,120.386459,10.047566,215.826996,1.327933,4125.700195,78.43,360.625,378.130005,0.070797,93.849998,6.1145,3.1822,23.14189,78.543076,34.869999,93.140945,66.870003,49.560001,30.189898,296.80481,94.389107,315.649994,25.023611,93.66201,27.43,38.692551,8.510861,239.225006,7.741505,107.256699,43.490246,140.562607,50.946171,93.061455,50.91,106.618095,3.196,46.917858,0.56755,62.981308,10.491111,48.736523,1261.900024,57.150002,15.87,18.769962,14.188465,1616.599976,138.331711,326.292267,56.676346,36.34,711.858215,2.9173,80.148361,33.812103,126.593277,214.105194,14.85,23.888239,81.204056,60.643002,52.746529,55.02,80.643982,223.659409,742.935181,15.929136,107.540901,84.501488,0.317174,5.2206,0.999798,1.42173,0.80915,6.7942,7.8438,95.417503,162.539001,1551.810059,17.55435,9.90955,3.77088,9.71954,1.29556,0.998818,46.6772,16.3948,103.980003,81.295166,77.888931,21.23,40.580002,97.177162,45.330002,155.769821,91.966431,235.172211,81.897919,66.739998,0.198926,44.307056,316.977478,1.086496,425.0,66.949997,307.700012,1131.75,590.5,16.15
2026-07-03,0.179919,,0.089352,,,,,,,,,1.596565,0.6916,6.946294,,229.236877,,,,573.4422,,,62544.199219,,,,,,,,,,,,,,,,,0.07749,0.880648,,,,,,,,,7.229232,1756.518677,,0.91864,0.8561,184.403,1.14227,,,,,,,0.80688,,,,,215.347,1.33387,,,,,0.07326,,,,,,,,,,,,,,,,,,,,7.962462,,44.799492,,,,,,,,0.569291,,,,,,,,,,,,,,,,,,,,,,,,,,82.28006,,,,,,0.322886,5.2222,0.99979,1.41903,0.80441,6.7886,7.84281,95.5271,161.449005,1542.130005,17.476299,9.85304,3.75219,9.6839,1.29269,0.998956,46.723499,16.2633,,,,,,,,,,,,,0.203934,,323.482819,1.133933,,,,,,
2026-07-04,0.192031,,0.090563,,,,,,,,,1.593089,,6.964108,,236.188187,,,,574.972961,,,63088.304688,,,,,,,,,,,,,,,,,0.077589,0.883578,,,,,,,,,7.259088,1779.032959,,,,,,,,,,,,0.796254,,,,,,,,,,,0.077204,,,,,,,,,,,,,,,,,,,,8.000991,,44.827072,,,,,,,,,,,,,,,,,,,,,,,,,,,,,,,,,,81.649635,,,,,,0.324988,,0.999833,,,,,,,,,,,,,0.999071,,,,,,,,,,,,,,,0.206699,,328.321899,1.156787,,,,,,
2026-07-05,0.189366,,0.090936,,,,,,,,,1.592956,,6.917266,,243.875519,,,,588.93512,,,63547.882812,,,,,,,,,,,,,,,,,0.077734,0.879405,,,,,,,,,7.226755,1783.005981,,,,,,,,,,,,0.798909,,,,,,,,,,,0.076111,,,,,,,,,,,,,,,,,,,,8.054323,,45.716084,,,,,,,,,,,,,,,,,,,,,,,,,,,,,,,,,,81.423042,,,,,,0.328998,,0.999937,,,,,,,,,,,,,0.999183,,,,,,,,,,,,,,,0.202741,,327.942749,1.155893,,,,,,
2026-07-06,0.184032,97.631233,0.088411,50.953827,160.376038,16.339647,121.656128,18.11006,49.129204,120.556023,6.628946,1.599434,0.6937,6.922483,,241.787384,90.618462,12.027917,20.057951,585.433533,72.371773,47.860783,63995.015625,122.173721,16.793369,69.176308,71.989998,5602.0,73.846252,43.727219,107.36721,68.550003,48.108818,73.949997,39.662628,27.0,30.65,528.282898,172.517044,0.076583,0.884512,11.814852,100.849998,67.57,105.459999,210.407196,95.042717,994.090149,,7.115944,1797.57373,13.55,0.91923,0.85649,184.647995,1.143772,42.66,95.269997,47.220001,34.919998,144.441666,55.43,0.79326,50.429825,9.444511,119.268562,9.951233,215.578995,1.33531,4167.5,78.739998,360.5,382.130005,0.073206,93.349998,6.178,3.2984,23.04278,78.700745,36.119999,93.200317,67.029999,49.880001,29.685577,298.121368,94.54644,363.950012,24.756771,95.787979,27.549999,38.712234,8.412471,239.100006,8.015685,107.286308,44.82526,139.158859,51.26973,93.209755,52.02,106.687531,3.245,46.36507,0.5706,62.340046,10.588073,48.361626,1260.400024,57.830002,16.1,18.640032,14.070392,1631.699951,139.095657,320.709534,57.719101,36.470001,722.067627,3.0033,79.039581,33.861519,126.781403,214.194839,15.22,23.689751,81.24369,61.919998,50.890232,56.110001,81.915176,222.610672,749.419067,16.151447,107.69973,84.442192,0.329455,5.1844,0.999868,1.42042,0.8038,6.7886,7.84282,95.214798,161.451996,1531.0,17.476681,9.82816,3.7483,9.64024,1.2917,0.999347,46.807598,16.23041,104.349998,81.344528,77.948235,20.65,40.700001,96.40387,45.709999,157.405609,91.658287,231.81488,81.232079,67.300003,0.199844,43.920311,323.392487,1.143798,440.75,68.150002,315.0,1182.25,606.0,15.57
2026-07-07,0.174493,97.185921,0.086046,51.886147,163.482452,16.103127,118.828079,18.022242,48.676037,119.437836,6.590293,1.572764,0.69553,6.689054,,239.472458,90.638283,11.950629,20.087463,576.79657,72.084816,47.662273,63297.394531,119.669266,16.495207,67.811958,74.160004,5667.0,76.113289,43.69743,110.637985,70.440002,48.019653,76.940002,40.303459,27.35,30.68,526.648438,173.708878,0.074184,0.850632,11.646351,101.139999,65.720001,104.160004,212.766632,94.638283,1018.065552,,6.966792,1768.511475,13.51,0.92112,0.85418,185.453003,1.144178,42.049999,93.07,47.130001,34.639999,146.013184,55.529999,0.7735,50.41993,9.504035,120.801964,10.066833,217.102005,1.339789,4157.399902,75.760002,360.649994,377.48999,0.070967,93.449997,6.1715,3.3017,23.14189,78.592354,36.150002,92.725304,67.169998,49.330002,29.863573,295.418427,94.448112,331.600006,24.993963,94.959549,27.76,38.180851,8.42231,238.425003,7.857584,106.506371,43.898998,140.088104,51.38739,92.774742,51.779999,106.360237,3.265,46.829014,0.570161,63.149021,10.500808,48.953564,1270.599976,56.439999,16.32,18.380171,13.932639,1651.199951,142.47879,325.351898,57.083515,36.209999,708.691528,2.9539,79.930565,33.94059,126.018982,213.925858,15.14,23.967636,81.124771,60.931,49.636242,54.459999,80.648705,224.77742,745.85791,16.064459,107.382065,83.552811,0.331504,5.1436,0.999681,1.42078,0.80508,6.7958,7.8423,95.6035,162.087997,1528.76001,17.3813,9.78098,3.74571,9.62461,1.29168,0.999334,46.818501,16.1987,108.919998,80.91011,77.770294,20.870001,39.439999,97.553902,45.5,155.939377,93.507164,236.696457,81.092949,67.160004,0.188438,44.515301,334.894592,1.11178,442.5,68.790001,318.399994,1196.75,609.25,16.129999
2026-07-08,0.1669,97.0177,0.084596,52.308147,163.274704,15.83704,117.643082,17.934423,47.326389,116.766068,6.532315,1.56081,0.69226,6.466151,,235.158844,90.638283,11.902325,20.087463,568.306091,71.936386,47.473694,62257.574219,117.422195,16.379789,66.022491,78.019997,5959.0,75.797874,42.764107,106.090805,73.519997,47.871044,76.209999,39.376717,27.799999,30.799999,520.987793,175.09935,0.072311,0.825134,11.547233,101.050003,66.230003,103.360001,208.255936,94.490318,1011.138672,,6.895014,1742.677612,13.11,0.9222,0.85423,185.117004,1.140381,41.310001,92.540001,46.490002,34.41,142.316666,54.169998,0.763475,50.41993,9.513956,119.139961,10.1728,216.686005,1.334891,4082.399902,73.529999,362.049988,374.450012,0.069184,94.5,6.0545,3.6575,22.557148,78.493813,35.23,92.537285,66.989998,48.650002,29.299921,292.715515,94.300613,324.25,24.677708,93.123039,28.165001,37.728191,8.353436,237.625,7.628395,106.299042,43.623161,136.282166,50.3083,92.62645,52.849998,106.032951,3.212,46.286098,0.567659,62.379509,10.432936,48.697056,1213.400024,56.040001,16.620001,17.760504,13.539062,1576.400024,139.889359,317.512329,56.358551,36.150002,710.699463,3.1034,78.920792,33.525475,122.989059,211.405334,15.11,23.60043,81.10495,58.164001,47.760193,52.830002,77.787025,216.763428,743.55365,15.900141,107.262939,83.365051,0.328216,5.1709,0.99976,1.42035,0.80882,6.7934,7.8416,95.593399,162.363007,1519.859985,17.5242,9.80587,3.77065,9.69913,1.29362,0.999189,46.851898,16.3209,112.209999,80.781761,77.710991,21.23,38.060001,95.967659,45.080002,155.410736,91.857101,233.020325,76.680542,66.110001,0.180965,43.781479,320.275635,1.089973,434.75,71.389999,314.5,1195.0,599.5,16.9
2026-07-09,0.16651,97.156242,0.084648,51.964661,163.235138,16.172112,119.33593,17.963697,47.789406,120.387802,6.583852,1.549835,0.69363,6.682907,,237.77243,90.648193,11.863681,20.097301,568.468445,72.065033,47.662273,63193.148438,120.91655,16.225899,66.170792,76.300003,6309.0,75.581024,43.866222,109.301758,72.080002,47.900761,76.160004,39.228832,27.58,30.76,522.402954,178.108704,0.072859,0.825099,11.745469,100.940002,66.779999,103.919998,208.612808,94.65802,1029.948853,,7.028223,1744.484619,13.19,0.92293,0.85249,185.632996,1.142204,41.540001,93.519997,46.41,34.959999,141.021881,54.959999,0.780895,50.439724,9.404828,119.436745,10.1728,217.692993,1.339621,4140.799805,75.779999,356.149994,378.179993,0.069891,94.324997,6.215,3.5716,22.953583,78.582497,35.810001,92.735199,66.75,49.02,29.04282,296.465698,94.398941,356.950012,24.638178,96.087402,28.1,37.639626,8.42231,235.25,7.731356,106.338531,43.765083,134.443451,50.919289,92.754967,53.189999,106.062698,3.012,45.910992,0.571579,62.320316,10.413544,48.174175,1243.900024,56.419998,16.42,17.990379,13.912961,1618.800049,140.246521,316.106781,56.63662,36.299999,722.527161,3.0387,78.6436,33.634197,125.395172,212.70047,15.12,23.620277,81.174324,60.377998,47.720699,54.139999,78.045464,217.376862,749.848022,15.900141,107.332436,83.493515,0.331904,5.1635,0.999762,1.4167,0.80806,6.8025,7.8388,95.861801,162.539001,1503.349976,17.568001,9.75935,3.7692,9.69024,1.29343,0.99908,46.868099,16.400299,109.010002,80.880493,77.79007,20.809999,38.09,96.255165,45.139999,156.597687,91.191101,231.247025,79.383636,66.440002,0.186224,43.860809,313.975525,1.093337,427.75,70.449997,319.5,1179.75,611.25,15.84
2026-07-10,0.166518,97.057281,0.085625,51.719315,166.786728,16.319935,119.833824,18.324728,47.168766,120.536224,6.719136,1.586429,0.69444,6.737388,,245.262619,90.687843,12.124527,20.10714,575.031982,72.005653,47.721828,64127.140625,121.847054,16.399025,66.062035,76.010002,5919.0,78.518318,44.392456,109.411446,71.410004,47.980022,79.919998,39.623188,27.52,30.799999,523.987549,179.181351,0.074047,0.876396,11.775205,100.970001,66.900002,104.330002,207.809799,94.687607,1046.21106,,7.065027,1795.693237,13.53,0.92209,0.85232,185.628998,1.143341,41.490002,94.550003,46.599998,35.93,142.287018,55.615002,0.78774,50.449619,9.523877,119.644501,10.404,217.778,1.341562,4113.700195,75.529999,354.600006,377.01001,0.070284,94.775002,6.2335,3.5533,22.973404,78.543076,36.23,92.656029,66.910004,49.299999,29.270256,295.218933,94.330101,343.0,24.588762,96.756142,28.1,37.787235,8.42231,235.199997,7.962952,106.091713,44.751579,133.702026,52.072292,92.656113,53.130001,106.132126,2.94,46.167645,0.576229,62.458435,10.626857,47.651295,1266.300049,56.689999,16.440001,18.170284,13.942479,1618.099976,139.760376,317.304474,57.262276,36.34,724.754822,2.9846,78.821793,33.723148,124.474312,213.497467,14.88,23.709599,81.144585,59.808998,48.066288,53.950001,78.066612,216.446838,753.079956,16.083788,107.342354,83.473755,0.330241,5.1339,0.999879,1.41624,0.80654,6.7921,7.8358,95.390198,162.363007,1505.910034,17.5382,9.71202,3.78533,9.65941,1.292,0.999349,46.947701,16.315001,108.699997,80.771896,77.710991,20.34,38.349998,96.483185,45.540001,157.226089,90.117569,230.719009,78.051964,67.730003,0.190549,44.078976,322.076233,1.103923,438.0,70.860001,323.100006,1196.5,632.0,15.03
2026-07-11,0.165967,,0.084344,,,,,,,,,1.580665,,6.552605,,244.406555,,,,574.889465,,,63802.027344,,,,,,,,,,,,,,,,,0.073269,0.854136,,,,,,,,,6.967896,1788.099609,,,,,,,,,,,,0.771659,,,,,,,,,,,0.068541,,,,,,,,,,,,,,,,,,,,7.923887,,44.695614,,,,,,,,,,,,,,,,,,,,,,,,,,,,,,,,,,76.824165,,,,,,0.329852,,0.999839,,,,,,,,,,,,,0.999488,,,,,,,,,,,,,,,0.186809,,322.775635,1.097581,,,,,,
2026-07-12,0.161959,,0.083473,,,,,,,,,1.565078,,6.401956,,239.962509,,,,573.948303,,,63758.21875,,,,,,,,,,,,,,,,,0.072683,0.844208,,,,,,,,,6.84481,1805.788086,,,,,,,,,,,,0.770815,,,,,,,,,,,0.067552,,,,,,,,,,,,,,,,,,,,7.991987,,43.969948,,,,,,,,,,,,,,,,,,,,,,,,,,,,,,,,,,76.87384,,,,,,0.331304,,0.999787,,,,,,,,,,,,,0.999386,,,,,,,,,,,,,,,0.186417,,324.532013,1.085738,,,,,,
2026-07-13,0.157231,96.691139,0.083404,52.690887,167.686996,16.13269,118.330185,18.188122,47.365795,119.190445,6.641831,1.535979,0.69422,6.444194,,236.234467,90.687843,12.047239,20.10714,566.633667,71.738495,47.533241,62239.121094,120.807655,16.177807,66.279541,83.300003,5696.0,78.695732,43.826508,108.434196,78.139999,47.930489,79.830002,40.03727,28.33,30.99,522.681946,176.708313,0.071851,0.835563,11.775205,101.279999,64.5,103.239998,209.207626,94.085884,1034.58667,,6.872227,1773.500732,13.37,0.92304,0.8519,184.612,1.140446,41.23,92.720001,46.360001,35.389999,143.63121,54.130001,0.748224,50.449619,9.523877,120.534851,10.413633,216.699005,1.338688,4005.699951,73.370003,354.350006,367.130005,0.066554,94.775002,6.233,3.8236,22.864384,78.355858,35.220001,92.31958,67.010002,48.790001,29.774576,292.715515,94.162949,341.399994,24.816071,96.726196,28.690001,38.338295,8.461667,234.725006,7.873746,105.598083,43.488796,134.334702,51.747086,92.201332,52.529999,106.023026,2.897,46.750046,0.575871,63.306866,10.529896,47.789413,1242.699951,56.23,16.9,18.310207,13.952318,1602.199951,141.040222,318.591248,57.153034,36.169998,710.999084,3.1663,79.138588,34.345821,123.137589,213.427719,14.75,23.858467,81.055397,57.633999,47.75032,52.16,74.861389,217.159195,747.31427,15.909804,107.123962,82.979652,0.324048,5.1078,0.999809,1.41634,0.80936,6.7766,7.83946,95.324997,161.878006,1498.47998,17.500521,9.77983,3.79437,9.67893,1.29251,0.998716,46.986542,16.3549,117.790001,80.416466,77.552818,21.02,38.310001,96.988808,45.110001,155.410736,91.509186,233.667892,76.710358,67.080002,0.180521,44.326889,321.288635,1.06548,437.75,73.040001,316.799988,1202.0,627.0,17.16
2026-07-14,0.165226,96.978119,0.084658,52.81847,167.02417,16.438196,119.425552,18.334486,46.794411,119.042023,6.835094,1.56199,0.691821,6.697113,,236.490585,90.697762,12.134189,20.126812,581.755676,71.936386,47.602718,64956.113281,123.302208,16.447117,66.951828,84.730003,5660.0,77.917061,45.15699,108.015381,79.339996,47.890858,79.599998,39.948536,28.629999,31.02,522.901245,171.931061,0.074441,0.851735,11.993264,100.940002,65.669998,103.959999,209.425735,94.2733,1018.672668,,7.09533,1889.479858,14.18,0.9272,0.85272,184.875,1.138433,41.389999,93.889999,46.310001,36.029999,143.809113,56.220001,0.784688,50.439724,9.583401,120.801964,10.394366,216.798004,1.334793,4069.699951,74.879997,348.799988,372.149994,0.067305,95.099998,6.33,4.0143,23.171621,78.513527,36.580002,92.576866,67.120003,48.73,29.893238,293.742828,94.300613,337.200012,24.954432,97.02562,28.809999,38.810635,8.5207,231.425003,8.339828,105.844902,45.434525,132.149994,52.318661,92.606667,53.23,106.072617,2.904,46.750046,0.576339,62.912243,10.655945,47.64143,1298.599976,56.709999,17.08,18.690006,14.2475,1631.5,141.367615,315.69101,57.480759,36.279999,718.940857,3.2273,79.524673,35.096981,122.751419,212.65065,14.88,23.848543,81.194138,58.771999,49.241283,53.169998,77.762444,218.930176,749.967712,16.054792,107.223236,83.088356,0.32572,5.1479,0.999855,1.41494,0.81473,6.7795,7.8375,96.298897,162.429001,1497.699951,17.518801,9.77825,3.80429,9.71448,1.29409,0.999251,47.022598,16.467831,120.169998,80.663284,77.701103,20.66,39.130001,96.731041,45.34,156.37825,91.847153,235.112427,77.147614,67.760002,0.1845,44.108723,330.935303,1.11112,433.75,73.040001,319.600006,1207.25,631.25,16.5
2026-07-15,0.165099,97.116653,0.085093,52.210011,166.826309,16.448051,121.317566,18.461334,47.976585,123.485069,6.789999,1.554509,0.69765,6.696101,,223.152237,90.707664,12.240458,20.13665,580.104065,72.05513,47.672199,64712.375,125.767067,16.466352,68.15799,84.949997,5737.0,78.331039,45.782516,108.79319,79.599998,48.02956,80.559998,39.889381,28.790001,30.99,524.157043,174.870911,0.074044,0.846423,12.201411,100.5,65.57,104.650002,211.269669,94.431137,1017.737122,,7.077261,1916.943726,14.52,0.92429,0.85274,185.289993,1.142465,41.5,93.5,46.77,35.880001,142.959106,56.540001,0.788522,50.439724,9.504035,120.930565,10.4907,217.276993,1.33971,4051.800049,74.0,349.950012,372.350006,0.067897,95.175003,6.2935,3.9483,23.587877,78.641617,36.810001,92.804474,67.010002,48.720001,29.487804,294.999512,94.467766,334.450012,24.796305,100.75853,28.83,39.243618,8.5207,230.125,8.534941,106.21019,45.123379,131.770004,52.634014,92.764862,54.150002,105.884178,2.924,46.809273,0.581351,62.409103,10.762602,47.305996,1283.199951,56.639999,17.17,18.80994,14.316378,1631.5,142.290283,311.484192,58.543377,36.23,716.992859,3.3009,79.18808,34.68187,123.761391,212.172455,14.85,23.828693,81.263512,57.110001,50.149685,52.209999,77.264069,219.65242,752.940308,16.103121,107.282791,83.246468,0.324338,5.0879,0.99977,1.40515,0.80906,6.77,7.83749,96.425301,162.186996,1487.880005,17.4188,9.68491,3.78316,9.65576,1.29068,0.999301,47.025799,16.346701,121.379997,80.890366,77.82962,20.059999,39.849998,97.018547,45.720001,156.886948,91.737816,232.412613,78.548859,68.209999,0.188284,44.188057,329.894073,1.112767,447.5,72.919998,318.899994,1202.25,677.5,15.67
2026-07-16,0.160671,97.106758,0.08228,52.946053,167.113205,16.615587,122.821205,18.744303,49.395191,124.118378,7.02,1.508662,0.70081,6.506521,,221.613434,90.717575,12.424017,20.13665,572.193237,72.045235,47.602718,63789.28125,127.667679,16.726044,69.848595,84.230003,5216.0,77.601646,46.298824,110.977028,78.949997,48.05928,77.690002,41.476677,28.459999,30.879999,523.040833,172.41774,0.072341,0.856767,12.171676,100.730003,64.190002,103.809998,221.450989,94.293037,1004.341187,,6.935715,1863.193359,14.13,0.92293,0.84694,185.880997,1.147026,41.240002,91.910004,46.970001,35.330002,148.582977,55.93,0.768718,50.449619,9.752053,124.017151,10.702633,219.386993,1.354129,3992.100098,71.400002,346.600006,364.959991,0.066557,100.275002,6.296,4.0307,23.459038,78.63176,36.389999,92.745094,66.870003,48.689999,30.081121,294.820007,94.477608,321.299988,25.725302,102.555115,28.959999,39.76516,8.796196,227.074997,8.331952,106.13121,44.942398,134.860001,54.733067,92.695656,54.139999,105.745331,2.858,48.586094,0.58478,64.865623,10.849865,49.200207,1263.5,56.779999,16.959999,18.699999,14.365575,1635.699951,148.877991,321.204468,58.324894,36.09,705.205139,3.2847,81.554123,37.14291,123.781197,214.254623,14.44,24.414238,81.263512,55.897999,51.087711,50.389999,75.271973,226.063614,748.860413,16.518747,107.183525,83.21682,0.32299,5.0909,0.999868,1.40371,0.80466,6.7682,7.83826,96.498596,162.072006,1486.199951,17.370001,9.64971,3.76565,9.59107,1.28836,0.999159,47.036598,16.318001,119.300003,80.831139,77.809845,20.559999,40.759998,99.209541,45.689999,155.729935,94.471359,240.581787,78.479294,68.949997,0.185034,45.080544,334.908783,1.086289,441.5,72.43,322.899994,1195.0,674.75,16.73
2026-07-17,0.166643,97.176033,0.082715,53.024563,168.241013,16.595879,119.96328,18.705273,49.474007,124.365761,6.98,1.508457,0.69994,6.579825,,219.730438,90.737404,12.288764,20.146486,567.764832,72.094711,47.572945,63899.460938,125.628487,16.427879,69.057663,88.099998,5533.0,78.035339,45.742798,111.525482,82.489998,48.019653,77.07,41.299213,28.98,30.870001,519.181885,172.695831,0.072511,0.848896,12.439294,100.75,63.290001,103.330002,220.281174,94.233849,1015.149536,,7.041003,1840.988159,13.91,0.92527,0.84919,185.832001,1.144466,41.16,90.489998,46.939999,35.23,146.438202,55.82,0.763888,50.449619,9.633004,124.670074,10.529233,218.820007,1.34789,4018.800049,71.32,345.950012,368.410004,0.065873,101.650002,6.22,4.0646,23.726631,78.483963,36.349998,92.863846,66.940002,48.91,29.784464,293.274048,94.37928,328.450012,25.814247,100.74855,28.985001,39.607712,8.614174,224.425003,8.257075,106.190453,45.143532,132.960007,54.565533,92.715424,52.950001,105.70565,2.911,48.951328,0.58418,64.826141,10.655945,49.535641,1244.0,56.299999,17.25,18.99984,14.641079,1605.800049,148.610107,314.810089,58.106411,35.970001,694.606201,3.3927,81.85112,37.0243,125.424881,212.570953,14.83,24.424162,81.253601,56.037998,50.890232,50.779999,75.011597,226.271378,741.448792,16.431755,107.481331,83.523155,0.322554,5.1136,0.999924,1.4037,0.80831,6.7725,7.8405,96.652199,162.376007,1478.849976,17.4067,9.66494,3.77825,9.63988,1.29007,0.999344,47.1021,16.401171,123.959999,80.900253,77.819733,21.65,40.34,99.159966,45.720001,154.383377,95.525017,242.335175,76.084267,69.190002,0.185518,45.040874,330.563141,1.088625,444.75,74.809998,320.200012,1204.5,682.75,18.77
2026-07-18,0.166622,,0.08311,,,,,,,,,1.497483,,6.571647,,220.103989,,,,570.285522,,,64796.601562,,,,,,,,,,,,,,,,,0.072469,0.835961,,,,,,,,,7.006991,1861.39209,,,,,,,,,,,,0.748933,,,,,,,,,,,0.067047,,,,,,,,,,,,,,,,,,,,8.344861,,47.002655,,,,,,,,,,,,,,,,,,,,,,,,,,,,,,,,,,75.460907,,,,,,0.325645,,0.999895,,,,,,,,,,,,,0.999356,,,,,,,,,,,,,,,0.187692,,335.856323,1.092157,,,,,,
2026-07-19,0.165983,,0.082803,,,,,,,,,1.474976,,6.455795,,214.877792,,,,570.404175,,,64690.804688,,,,,,,,,,,,,,,,,0.07231,0.818213,,,,,,,,,6.946716,1871.508545,,,,,,,,,,,,0.718492,,,,,,,,,,,0.066455,,,,,,,,,,,,,,,,,,,,8.371107,,47.04229,,,,,,,,,,,,,,,,,,,,,,,,,,,,,,,,,,76.355263,,,,,,0.327045,,0.999882,,,,,,,,,,,,,0.999211,,,,,,,,,,,,,,,0.187964,,335.896881,1.095921,,,,,,
2026-07-20,0.169784,96.928642,0.083234,53.456375,165.273102,16.655008,117.742661,18.519878,49.30653,120.001869,6.83,1.494021,0.69791,6.576215,,219.90477,90.747314,12.143848,20.165277,570.733276,71.916595,47.463764,65230.027344,122.361801,16.072006,67.129784,89.220001,5520.0,77.059532,44.422249,109.650772,83.230003,48.098907,77.370003,40.993587,29.139999,30.940001,516.320862,175.049683,0.072139,0.826142,12.637529,100.989998,63.560001,102.57,219.28981,94.076019,1012.47229,,6.912312,1903.758911,14.33,0.92384,0.84987,185.707993,1.142766,40.869999,90.43,46.389999,35.48,145.56842,56.689999,0.7346,50.459518,9.553639,124.244682,10.4618,218.492996,1.344628,4015.899902,70.739998,352.0,367.600006,0.066686,101.275002,6.299,4.119,23.84556,78.513527,36.889999,92.566971,66.650002,48.549999,29.744909,291.548553,94.34977,334.399994,25.725302,96.786079,29.25,39.007446,8.560059,226.524994,8.583472,105.785667,47.337593,133.710007,53.796864,92.507812,54.080002,105.52713,2.86,48.289955,0.584,64.303276,10.539593,48.914104,1261.0,55.700001,17.379999,19.299679,14.601721,1592.199951,146.318298,312.325562,57.123241,35.970001,695.335449,3.389,81.316528,36.480698,126.593277,211.624512,14.82,24.314993,81.223869,56.801998,50.159557,50.98,77.791916,225.7668,740.251831,16.045126,107.262939,82.900597,0.326636,5.127,0.999982,1.40191,0.80842,6.7725,7.83972,96.284798,162.511993,1487.390015,17.540461,9.64432,3.79734,9.66747,1.29212,0.999365,47.14114,16.55352,125.510002,80.673164,77.740646,21.23,39.740002,98.624619,45.5,153.894638,95.674118,243.919189,76.094208,68.43,0.188386,44.852463,337.400818,1.112113,449.5,74.68,323.5,1226.0,674.0,18.65
2026-07-21,0.173348,96.720825,0.084473,53.38768,161.642349,16.822544,117.901993,18.490606,49.858212,119.516998,6.88,1.484065,0.700079,6.561357,,223.698593,90.747314,12.163171,20.165277,573.596863,71.758278,47.473694,66505.125,122.896355,16.148952,67.535133,91.010002,5607.0,75.107903,44.293171,107.825912,84.910004,47.8116,78.959999,40.333038,29.57,31.32,519.8797,178.088837,0.073282,0.845816,12.85559,101.18,65.339996,104.059998,219.428604,94.085884,1022.992065,,6.987452,1928.383789,14.53,0.92462,0.8498,185.473007,1.141813,41.330002,92.739998,46.77,35.619999,143.858536,57.830002,0.768344,50.459518,9.633004,124.244682,10.587033,218.227005,1.343165,4076.399902,74.190002,349.549988,374.809998,0.069498,101.5,6.511,4.1266,24.222174,78.483963,37.669998,92.339363,66.68,48.779999,29.517471,295.767548,94.300613,331.950012,25.794481,96.925812,29.440001,38.928722,8.687966,226.675003,8.647924,105.489487,46.815903,132.240005,53.402676,92.34964,54.0,105.299011,2.865,48.418282,0.585292,64.115829,10.597769,49.920403,1279.5,56.200001,17.65,19.739445,14.818189,1626.099976,148.758942,306.604248,57.530415,36.220001,708.231995,3.4059,81.267029,36.708023,128.682541,211.963226,14.88,24.344767,81.154503,58.834999,50.179306,53.080002,78.108604,224.381653,746.426514,16.045126,107.094177,82.673317,0.329459,5.1044,0.999994,1.40713,0.81003,6.7725,7.84065,96.489601,162.487,1475.01001,17.415001,9.66958,3.79431,9.6848,1.29086,0.999357,47.180599,16.499901,128.850006,80.495445,77.691216,20.66,39.970001,98.664268,45.689999,155.739899,97.035927,245.443436,75.249489,68.610001,0.191894,44.822716,357.225006,1.142473,452.75,74.300003,326.700012,1219.5,678.0,17.049999
2026-07-22,0.174208,96.5625,0.084296,53.799862,164.283798,16.704283,118.539299,18.402788,48.902618,118.319649,6.78,1.467589,0.70008,6.617034,,219.968079,90.767136,12.037579,20.155388,570.753967,71.639549,47.443916,66100.796875,121.579781,16.062389,66.645348,94.07,5328.0,76.389275,43.766933,107.696281,86.830002,47.861137,79.870003,40.540073,29.860001,31.389999,519.839783,177.194977,0.072952,0.834191,12.786206,101.139999,64.989998,104.25,214.461868,93.79982,1023.847961,,6.936787,1933.490112,14.52,0.92654,0.85224,186.067001,1.140381,41.310001,92.190002,47.240002,36.619999,143.364349,57.380001,0.761968,50.469414,9.603243,123.710472,10.4618,218.313004,1.337918,4151.899902,76.68,341.174988,379.119995,0.072779,101.449997,6.451,4.1488,24.281639,78.355858,37.34,92.131546,67.489998,48.220001,29.17137,293.024689,94.153107,316.649994,25.834013,95.348808,29.459999,38.033245,8.54038,223.199997,8.623255,105.311775,47.070957,131.570007,52.860668,92.092583,53.57,105.011391,2.925,48.339314,0.582622,64.155304,10.481417,49.930267,1302.900024,56.599998,17.809999,19.669481,14.818189,1643.199951,143.560211,308.534454,57.351654,36.189999,704.615723,3.4147,81.395729,36.342327,129.504379,211.903458,14.74,24.215748,81.095039,60.019001,49.488132,53.919998,77.906265,223.817719,745.558594,15.929136,106.984978,82.455894,0.32877,5.0875,1.000047,1.41051,0.8124,6.7656,7.84137,96.340897,163.186005,1479.719971,17.4034,9.6318,3.79445,9.70594,1.2919,0.999536,47.197701,16.459999,131.679993,80.337479,77.612129,20.719999,38.509998,98.168564,45.5,155.620209,96.598557,244.118423,75.20974,69.910004,0.187253,44.634296,352.305267,1.141614,462.0,75.480003,331.600006,1233.0,705.75,16.639999
2026-07-23,0.168321,96.324989,0.083161,53.907814,162.88887,16.369211,118.499466,18.15885,49.375488,120.011772,6.76,1.419088,0.69897,6.261688,,212.090347,90.767136,11.883003,20.145498,566.945496,71.491119,47.354584,65044.8125,123.242813,15.860406,67.070465,100.690002,5301.0,73.501266,44.094589,107.696281,92.190002,47.702625,79.839996,40.431625,30.309999,31.49,514.646118,178.118637,0.069133,0.815331,12.558235,101.43,64.599998,102.900002,212.201553,93.247414,1028.635132,,6.829052,1877.10022,14.11,0.92912,0.85317,186.098999,1.141175,40.59,91.099998,46.700001,36.169998,143.730042,56.389999,0.727334,50.469414,9.484195,123.492828,10.192066,218.117996,1.337524,4050.199951,75.019997,343.774994,371.519989,0.071139,102.150002,6.305,4.3416,23.74645,78.070114,36.650002,91.884148,67.279999,47.630001,29.11204,291.329102,93.808952,309.399994,25.438696,95.787979,29.860001,37.738029,8.432148,225.399994,8.464209,104.907005,46.927826,132.75,52.348225,91.825638,53.349998,104.396477,2.916,48.013561,0.581429,63.849468,10.374759,50.285435,1255.300049,57.509998,18.059999,18.95986,14.355735,1599.099976,143.976898,311.810852,57.242413,36.060001,691.239746,3.4964,80.366158,35.561516,127.623055,211.126373,14.69,24.1562,81.035576,57.798,52.934135,52.060001,75.859802,222.808548,736.351501,15.784151,106.707016,82.189079,0.328605,5.062488,0.999842,1.40855,0.8142,6.7725,7.8399,96.557098,163.080994,1475.630005,17.4009,9.59133,3.79008,9.6958,1.29101,0.999173,47.212399,16.393551,139.490005,80.090645,77.513283,21.780001,39.0,97.841408,45.040001,153.914581,97.334129,246.12088,73.023407,68.489998,0.182253,44.574802,355.654297,1.106883,464.0,75.589996,329.899994,1237.5,696.25,18.700001
2026-07-24,0.163824,96.443741,0.085851,53.966702,164.887268,16.526892,122.094284,18.324728,50.183308,125.18708,6.77,1.392531,0.69672,6.296838,,210.577835,90.796867,11.921647,20.165277,564.337463,71.550484,47.443916,64098.496094,128.687271,16.052771,68.326057,96.779999,5376.0,73.826538,45.07756,110.20919,89.309998,47.861137,78.550003,41.496395,30.1,31.41,517.138306,197.724213,0.069521,0.808287,12.736649,101.470001,63.330002,103.410004,211.259766,93.355927,1079.083984,,6.551451,1860.176758,14.04,0.9293,0.85456,186.389008,1.137682,41.119999,91.209999,47.23,35.73,145.993439,55.830002,0.718771,50.4991,9.523877,124.729439,10.240233,218.105972,1.331274,4070.800049,75.230003,345.325012,371.899994,0.070718,102.849998,6.32,4.1806,24.281639,78.070114,36.349998,92.062271,67.43,48.02,29.448252,290.41153,93.79911,313.799988,25.794481,99.171547,29.620001,38.790955,8.434128,227.074997,8.332545,104.87738,46.325607,133.880005,52.693142,92.053032,53.330002,104.684105,2.871,48.744034,0.577411,64.717636,10.442632,51.02536,1246.699951,57.689999,17.950001,19.079798,14.503326,1593.400024,146.467133,319.204987,58.116344,35.98,683.517761,3.3959,81.326431,38.546391,131.781769,212.770203,14.77,24.672276,81.114861,58.655998,53.921528,52.59,73.879913,227.33992,737.099609,15.9678,106.716949,82.268135,0.330511,5.0969,0.999958,1.40849,0.81687,6.7725,7.8411,96.8769,163.832001,1474.040039,17.51322,9.61228,3.80511,9.75649,1.29276,0.999121,47.316799,16.815941,136.690002,80.159767,77.572594,21.440001,39.720001,99.943176,45.299999,153.804871,99.928513,251.122009,73.073097,69.339996,0.17777,45.566456,363.668518,1.09093,464.25,74.330002,331.299988,1248.0,678.0,18.58
2026-07-25,0.164636,,0.084101,,,,,,,,,1.384427,,6.765278,,209.615997,,,,568.46875,,,64311.8125,,,,,,,,,,,,,,,,,0.071675,0.813887,,,,,,,,,6.700495,1873.222412,,,,,,,,,,,,0.734918,,,,,,,,,,,0.070868,,,,,,,,,,,,,,,,,,,,8.372911,,46.506744,,,,,,,,,,,,,,,,,,,,,,,,,,,,,,,,,,74.428566,,,,,,0.331279,,0.999949,,,,,,,,,,,,,0.999065,,,,,,,,,,,,,,,0.178055,,363.935974,1.097328,,,,,,
2026-07-26,0.165712,,0.084771,,,,,,,,,1.398408,,6.734387,,216.812881,,,,574.503845,,,65340.300781,,,,,,,,,,,,,,,,,0.073297,0.826027,,,,,,,,,7.089821,1953.411255,,,,,,,,,,,,0.744077,,,,,,,,,,,0.070139,,,,,,,,,,,,,,,,,,,,8.812352,,47.793957,,,,,,,,,,,,,,,,,,,,,,,,,,,,,,,,,,76.602165,,,,,,0.332097,,1.000036,,,,,,,,,,,,,0.999151,,,,,,,,,,,,,,,0.182299,,353.738556,1.111665,,,,,,
2026-07-27,0.155428,96.671349,0.079999,53.22084,164.956528,16.635296,123.717422,18.43206,50.626625,126.424011,6.69,1.301175,0.69944,6.396116,,211.720535,90.806778,12.037579,20.165277,565.730469,71.698914,47.563015,63724.898438,131.261032,15.985443,68.424927,88.360001,5100.0,73.067574,45.951305,112.801888,82.610001,47.890858,79.339996,41.683716,29.01,31.27,519.630493,194.426804,0.070334,0.757369,12.796119,101.510002,63.619999,103.910004,209.019272,93.671585,1041.812134,,6.79082,1890.613525,14.71,0.9301,0.85345,186.432999,1.139497,41.779999,91.510002,47.369999,35.869999,146.566681,56.509998,0.694087,50.52879,9.543718,125.768188,10.452167,218.434998,1.335131,4077.0,75.730003,338.25,374.630005,0.068117,102.974998,6.339,4.1116,24.74745,78.10952,36.77,92.309669,66.870003,48.889999,29.299921,292.146973,93.86795,324.549988,26.071203,101.437241,29.34,38.781116,8.409394,225.225006,8.362134,105.153816,45.999119,133.460007,53.018345,92.310089,54.259998,104.93206,2.767,48.576221,0.579851,64.61898,10.588073,50.70966,1289.599976,57.48,17.34,19.299679,14.78867,1620.599976,146.100037,320.72934,58.602962,36.049999,681.409973,3.3273,81.514519,38.259762,133.613586,214.374161,14.58,24.57303,81.134682,58.472,53.161236,52.93,74.141846,229.209839,737.259277,16.025795,106.60775,82.762245,0.324865,5.0825,0.999879,1.40865,0.81626,6.7718,7.84178,96.567299,163.610992,1458.01001,17.4382,9.57601,3.78641,9.67581,1.28924,0.999108,47.351002,16.709061,124.760002,80.288116,77.602242,21.379999,39.5,99.675499,45.790001,154.05423,99.511024,247.406021,74.712845,70.050003,0.171725,45.378036,346.334808,1.065265,451.75,71.459999,320.799988,1208.5,660.0,18.67
2026-07-28,0.161589,96.898949,0.079905,53.780231,169.665604,16.576168,124.165535,18.578426,53.197853,126.562546,6.73,1.303604,0.698719,6.564202,,214.052673,90.816689,12.221136,20.175167,570.487183,71.877029,47.6325,63871.363281,132.547897,16.004679,69.16642,84.089996,5201.0,74.664352,46.139961,114.317612,79.260002,47.950306,79.209999,41.900612,28.6,31.040001,525.242859,191.86438,0.07075,0.760904,12.954707,101.379997,62.360001,103.889999,208.355057,93.898468,1029.938843,,6.740109,1919.948486,14.49,0.9314,0.85543,186.190002,1.136945,41.919998,89.830002,47.82,36.049999,150.441132,55.540001,0.705398,50.51889,9.474274,124.769012,10.587033,217.641998,1.328992,4038.699951,74.209999,343.075012,369.369995,0.068354,103.099998,6.322,4.1509,25.242992,78.257324,36.139999,92.586761,66.790001,49.380001,29.715242,292.605774,94.015442,339.399994,25.932842,102.465294,29.23,38.043083,8.389607,227.475006,8.425876,105.469742,46.134525,135.639999,54.516258,92.606667,54.41,105.130409,2.662,48.595963,0.577041,64.845879,10.685033,50.946434,1266.5,57.099998,17.059999,19.359648,14.946101,1612.199951,145.961136,327.113831,59.278271,35.970001,674.786865,3.3345,80.158264,38.27953,134.653275,216.874771,14.55,24.632576,81.204056,57.296001,52.381191,51.700001,73.699127,234.186432,739.024841,16.103121,106.875786,83.246468,0.32447,5.123026,0.999795,1.41242,0.819284,6.7657,7.84166,95.774101,163.770996,1464.439941,17.441799,9.65976,3.7994,9.72048,1.2911,0.998746,47.354401,16.77857,120.489998,80.4757,77.720879,21.24,40.060001,100.08197,46.110001,153.954483,97.552811,242.653976,75.199799,71.459999,0.173757,45.62595,341.48645,1.067959,458.5,70.760002,320.299988,1212.0,662.5,18.209999
2026-07-29,0.162014,96.532814,0.077265,53.799862,177.342606,16.566313,119.26622,18.256424,52.971272,123.29705,6.6,1.281163,0.69746,6.420719,,211.139908,90.826599,12.027917,20.145498,571.402039,71.619751,47.453838,63908.167969,128.093338,15.773842,72.142273,90.739998,5185.0,77.956482,44.38253,115.324768,84.459999,47.801693,78.019997,41.8316,29.42,31.030001,513.798706,186.898422,0.070074,0.762654,13.02409,100.800003,61.07,103.370003,206.649918,93.277008,1003.226501,,6.673552,1908.519043,14.24,0.93302,0.85689,186.570007,1.138654,41.939999,89.349998,47.900002,35.470001,151.0737,55.290001,0.678201,50.479305,9.444511,124.432648,10.355833,217.709,1.328727,4036.300049,73.57,344.274994,371.079987,0.067828,100.675003,6.2735,4.3701,25.31237,78.079964,36.0,92.200813,66.309998,49.169998,29.774576,287.818298,93.79911,325.799988,25.705536,99.091698,29.549999,38.800797,8.359927,227.899994,8.324051,104.867516,45.410442,137.380005,53.530788,92.171677,55.07,104.90229,2.725,48.220856,0.578219,64.65844,10.452328,50.680061,1245.699951,54.990002,17.57,19.229717,15.074014,1590.099976,144.324142,326.094299,58.682411,35.740002,661.041138,3.3978,80.29686,38.239994,134.237396,214.922104,14.5,24.57303,81.253601,57.862999,53.141487,51.77,73.597206,233.108002,727.653137,15.9678,106.984978,81.872856,0.325332,5.1371,0.999775,1.41061,0.81946,6.771,7.84073,95.598701,163.863998,1453.160034,17.4368,9.68185,3.79712,9.69135,1.2924,0.998779,47.3834,16.70203,129.309998,80.228874,77.710991,22.530001,40.650002,99.794472,45.93,151.829941,97.135323,240.173325,75.110359,71.059998,0.171817,45.57637,353.061523,1.072859,449.0,69.169998,315.299988,1178.0,660.75,20.66
2026-07-30,0.169685,96.602089,0.078964,53.809677,172.593948,16.369211,119.744209,18.373516,51.710285,122.822075,6.5,1.280539,0.695928,6.434085,,217.02301,90.836517,11.998935,20.155388,592.012817,71.659325,47.523315,64725.308594,126.776772,14.39844,70.857018,89.029999,5112.0,75.413467,45.037842,111.345993,83.589996,47.8116,79.410004,40.658382,29.32,30.84,519.8797,191.874313,0.070552,0.768038,12.796119,100.010002,63.59,106.239998,207.770157,93.503891,1042.548584,,6.766526,1917.372925,14.51,0.93271,0.85783,187.253998,1.146723,42.880001,93.290001,48.68,36.529999,146.487625,56.360001,0.713302,50.538685,9.345304,122.76075,10.1728,218.279007,1.33673,4100.100098,76.779999,346.475006,377.160004,0.06843,98.425003,6.4445,4.2094,24.866381,78.306595,36.700001,92.240402,67.0,49.700001,29.339478,291.82782,94.064613,323.049988,25.211388,100.788475,29.24,38.909042,8.191739,231.225006,8.456819,105.055099,45.543644,133.320007,53.649044,92.230988,55.5,104.89238,2.758,47.52,0.580258,63.56337,10.462024,49.723091,1302.199951,56.099998,17.5,18.699999,14.818189,1651.900024,145.038467,314.226074,59.506683,35.990002,682.83844,3.2847,79.554375,37.933601,131.940201,214.573425,14.43,24.215748,81.273422,58.814999,52.934135,53.5,74.468002,227.992905,739.852783,15.687493,106.955193,81.823448,0.328341,5.1271,0.99976,1.40358,0.81339,6.7661,7.84198,95.7286,163.300003,1442.280029,17.442101,9.59316,3.76905,9.64088,1.28869,0.999154,47.369888,16.660431,127.480003,80.347343,77.770294,21.07,40.150002,98.634529,46.560001,155.051666,91.370026,234.743835,75.637062,72.080002,0.171885,44.921879,360.452942,1.083825,445.75,68.349998,314.100006,1177.25,663.5,17.09
2026-07-31,0.167964,96.354691,0.078768,54.290558,171.505707,16.349405,125.061745,18.305212,50.685734,126.750557,6.62,1.22373,0.702519,6.378219,,210.014297,90.866249,11.979612,20.165277,586.427002,71.471329,47.414139,62813.746094,126.459999,13.984858,69.324608,90.120003,5397.0,75.206474,45.693153,111.176468,84.669998,47.880951,80.5,40.875278,29.450001,30.92,522.680908,187.23613,0.06952,0.758052,13.123207,99.800003,64.089996,105.580002,207.205078,93.375656,1014.432983,,6.598349,1860.345947,14.07,0.9287,0.85602,184.580002,1.152353,42.849998,92.389999,48.41,36.650002,146.31958,54.709999,0.71451,50.52879,9.27586,122.76075,10.182433,215.608002,1.346094,4107.0,74.099998,348.024994,371.540009,0.068682,98.849998,6.436,4.1215,24.906023,78.316452,35.639999,91.983101,66.809998,49.799999,29.388918,290.441437,94.084282,332.100006,25.181738,101.237617,29.309999,38.200531,8.023551,231.75,8.161295,104.897125,44.244831,132.339996,53.61948,91.865189,55.799999,104.773354,2.747,47.52,0.587541,63.27705,10.42324,49.950001,1275.599976,56.360001,17.559999,19.089792,14.818189,1650.300049,143.470917,320.877838,59.248482,36.080002,687.273865,3.2216,79.485077,37.330696,132.336258,214.204803,14.66,24.096655,81.263512,57.591,52.262707,52.360001,72.78968,226.934265,745.179626,15.445849,106.845993,81.27993,0.325694,5.0781,0.999796,1.40112,0.80577,6.755,7.8428,95.684799,160.182999,1420.599976,17.344601,9.53055,3.73565,9.53815,1.28204,0.998982,47.5014,16.5,129.169998,80.228874,77.720879,20.51,39.389999,98.099167,46.029999,155.460617,92.950516,233.558304,74.394829,71.949997,0.171993,44.693798,358.341766,1.060535,440.75,67.120003,312.200012,1172.0,639.25,15.99
2026-08-01,0.174216,,0.079004,,,,,,,,,1.222931,,6.184267,,207.919724,,,,574.959656,,,62763.320312,,,,,,,,,,,,,,,,,0.069072,0.780547,,,,,,,,,6.507294,1843.417725,,,,,,,,,,,,0.700216,,,,,,,,,,,0.069067,,,,,,,,,,,,,,,,,,,,8.056002,,44.184437,,,,,,,,,,,,,,,,,,,,,,,,,,,,,,,,,,71.86628,,,,,,0.327536,,0.999783,,,,,,,,,,,,,0.999057,,,,,,,,,,,,,,,0.170835,,363.851654,1.059743,,,,,,
2026-08-02,0.189354,,0.08596,,,,,,,,,1.263899,,6.541451,,212.520035,,,,587.568298,,,63482.0,,,,,,,,,,,,,,,,,0.070679,0.797758,,,,,,,,,6.617614,1882.521973,,,,,,,,,,,,0.717549,,,,,,,,,,,0.06996,,,,,,,,,,,,,,,,,,,,8.369573,,44.634689,,,,,,,,,,,,,,,,,,,,,,,,,,,,,,,,,,73.448822,,,,,,0.326407,,0.999789,,,,,,,,,,,,,0.998888,,,,,,,,,,,,,,,0.173981,,364.101471,1.08461,,,,,,
2026-08-03,0.19359,96.581093,0.090189,54.113907,171.149567,16.398918,128.875641,18.705273,52.242264,137.120972,6.81,1.360634,0.704588,6.565612,,213.119843,90.879166,12.308085,20.204838,588.795166,71.642113,47.602196,63460.898438,134.679993,14.013712,69.61132,83.769997,5939.0,75.640167,48.56263,108.164963,80.339996,47.81934,81.349998,41.24992,28.879999,30.629999,529.559265,189.91774,0.070144,0.823357,13.261972,99.959999,64.32,106.019997,206.679657,93.874992,1026.535034,,6.590913,1858.25647,14.11,0.93153,0.85563,181.899002,1.154401,43.380001,92.910004,48.23,36.419998,147.989944,55.59,0.722975,50.565525,9.494114,122.32547,10.683367,212.582001,1.349164,4090.5,76.050003,347.825012,371.709991,0.070447,97.525002,6.514,3.8772,24.866381,78.528336,36.16,92.169792,66.43,50.16,30.150341,295.448364,94.377937,319.5,25.112558,106.357887,28.709999,38.377659,7.974085,231.100006,8.174552,105.21244,44.247856,133.470001,54.940018,92.005104,55.900002,104.868835,2.781,47.490002,0.589838,62.890671,10.66564,49.009998,1250.900024,57.540001,17.25,19.379637,14.877225,1618.0,143.014542,322.59024,60.996338,36.27,699.341309,2.9667,79.49498,37.251625,130.415344,216.296951,15.01,24.106579,81.284386,57.667,53.496948,52.459999,73.473701,226.726501,755.793213,15.436184,106.860001,81.547829,0.328508,5.0727,0.999874,1.4013,0.807,6.7509,7.84181,95.402199,157.582001,1435.699951,17.302719,9.48374,3.72856,9.50253,1.28112,0.999076,47.5341,16.458321,122.120003,80.419235,77.819115,20.35,39.93,98.21814,45.900002,157.206131,90.306427,232.223343,74.802284,72.709999,0.171162,44.802883,362.279175,1.074632,449.25,68.690002,313.399994,1168.75,651.0,15.86
2026-08-04,0.19279,96.97831,0.089399,53.976513,173.375488,16.389015,132.63974,19.173637,48.144058,141.415588,6.79,1.374178,0.69976,6.681906,,213.211166,90.879166,12.520627,20.224617,592.807922,71.930077,47.731552,64055.953125,137.199997,13.869439,69.868362,79.360001,5924.0,76.546982,50.280342,108.304565,75.769997,47.97834,81.129997,41.289356,28.309999,30.690001,538.740479,192.56955,0.070043,0.856392,13.182678,99.889999,66.0,107.32,202.406876,94.34066,1046.529663,,6.58104,1868.385864,14.15,0.93246,0.85696,181.279007,1.150735,43.84,94.610001,48.34,36.09,148.118439,55.889999,0.717951,50.575459,9.672688,121.504356,11.049434,211.516998,1.3427,4152.600098,77.919998,351.200012,374.160004,0.069382,97.849998,6.6185,3.7705,24.75736,78.765984,36.389999,92.596779,66.57,50.529999,30.130564,300.924042,94.674568,324.100006,24.717241,108.004761,28.35,38.731915,8.073019,231.949997,8.142042,105.856941,44.830284,133.210007,56.319672,92.580635,56.09,105.177124,2.682,47.169998,0.5867,62.316055,10.859561,48.740002,1355.300049,58.580002,16.9,19.119774,14.759151,1747.300049,137.954712,323.174255,62.84351,36.52,723.096497,2.8522,78.633698,36.569653,126.939835,219.405258,15.04,24.027182,81.383797,60.056,55.1064,53.84,73.717758,223.501114,769.419373,15.716491,107.050003,82.172905,0.326935,5.1029,0.999839,1.40463,0.81037,6.7523,7.84171,95.331596,157.529007,1428.5,17.326799,9.5384,3.7442,9.56645,1.2821,0.99917,47.540001,16.523001,115.779999,80.825745,77.987808,20.450001,40.91,98.069427,46.259998,160.038849,90.306427,230.699097,75.557564,73.349998,0.168639,44.792961,350.668518,1.073209,442.25,68.18,310.600006,1155.0,638.5,16.5
2026-08-05,0.191271,97.027954,0.088181,53.348423,166.272308,16.389015,129.19429,18.851637,49.355785,138.308426,6.66,1.352836,0.70467,6.655212,,214.322525,90.889107,12.288764,20.254286,593.221313,71.949936,47.751453,64597.5,136.029999,13.407765,69.215851,79.449997,5882.0,72.781723,49.486023,111.475624,75.220001,48.008156,81.839996,41.358372,28.48,30.700001,541.113098,193.602463,0.069982,0.841903,13.143031,99.690002,65.720001,107.43,200.959488,94.291122,1051.177368,,6.516193,1906.526001,14.48,0.93303,0.85735,181.858002,1.153243,43.639999,95.160004,48.369999,36.110001,148.296341,56.419998,0.719578,50.555595,9.801657,120.524963,10.6352,212.106003,1.345098,4305.200195,83.68,353.325012,389.640015,0.069053,96.599998,6.703,3.7962,24.906023,78.736267,36.740002,92.656357,66.059998,50.310001,30.160231,298.989105,94.595467,326.899994,24.57888,105.449615,28.379999,38.033245,8.112592,234.175003,8.149438,105.837105,45.274605,134.559998,55.294785,92.620316,56.009998,105.236794,2.688,47.360001,0.58763,62.117916,10.636553,48.689999,1364.699951,58.650002,16.98,19.079798,14.700115,1737.400024,139.651245,324.015625,62.615097,36.439999,716.553345,2.8388,78.277306,36.609188,126.365547,218.907135,15.15,24.027182,81.41362,62.098999,54.138756,56.07,73.96138,222.422684,767.883179,15.668161,107.0,82.351494,0.327045,5.1437,0.999882,1.40655,0.80912,6.7532,7.8422,95.097198,157.692001,1428.430054,17.254999,9.53575,3.7239,9.51468,1.28181,0.998987,47.568199,16.3827,114.879997,80.795998,77.987808,19.77,39.91,98.069427,46.169998,159.759567,91.976379,236.357727,75.647003,72.830002,0.164625,44.822716,365.913635,1.061014,436.75,67.75,309.299988,1151.5,642.25,15.81
2026-08-06,0.200788,96.749908,0.087253,54.005951,169.368805,15.834464,127.451653,19.144365,47.75985,136.725143,6.69,1.351534,0.70573,6.430217,,212.498306,90.908989,12.675202,20.274065,591.652893,71.741409,47.651951,64262.113281,133.449997,13.311584,68.029465,82.489998,5776.0,73.846252,48.532845,109.421417,77.290001,48.02803,81.959999,41.259777,28.860001,30.940001,536.507568,191.248611,0.068988,0.820353,12.528501,99.970001,65.019997,107.360001,198.887527,94.073151,1047.853271,,6.488265,1902.057495,14.4,0.93225,0.85799,182.141006,1.155735,43.52,95.150002,48.299999,35.810001,147.802155,56.060001,0.702268,50.565525,9.86118,116.646957,11.4444,212.278,1.346965,4299.600098,83.919998,348.049988,389.670013,0.068178,95.5,6.687,3.882,23.171621,78.676865,36.490002,92.298874,66.040001,50.119999,30.031679,297.473083,94.53614,321.649994,24.14403,103.153976,28.610001,36.685104,8.2511,231.225006,8.179027,105.460327,45.402657,133.630005,55.964905,92.29287,55.91,105.077682,2.64,47.0,0.588751,61.781071,10.966218,48.68,1372.900024,58.349998,17.23,18.44014,14.119589,1729.0,138.044006,323.679077,62.06889,36.349998,713.906128,2.9385,76.188461,36.07547,123.008865,217.761444,15.57,23.828693,81.314217,61.438999,53.832661,55.849998,72.576523,219.474335,766.65625,15.397521,106.870003,81.875244,0.32686,5.1385,0.999791,1.40102,0.80667,6.7497,7.8433,95.077301,157.600006,1421.160034,17.232,9.52255,3.71863,9.48032,1.28068,0.999045,47.55061,16.3048,118.870003,80.587784,77.878662,19.530001,38.939999,97.196999,45.900002,159.510208,91.707993,235.112427,74.742653,72.5,0.161185,44.43597,369.518311,1.033666,439.0,67.699997,310.700012,1157.25,631.25,15.15
2026-08-07,0.2011,96.918716,0.088894,53.348423,170.694473,16.022615,126.903969,19.52491,49.001137,135.418961,6.76,1.361226,0.70334,6.427259,,214.749725,90.93882,12.955371,20.274065,592.197144,71.890358,47.711651,64880.191406,137.130005,13.609748,68.91925,83.550003,5782.0,74.506645,47.450584,106.360054,78.18,47.888901,83.220001,41.180908,28.91,30.93,537.933044,192.480164,0.069623,0.817798,12.41947,99.599998,65.639999,108.550003,200.989227,94.360474,1037.661987,,6.475673,1913.279419,14.47,0.93619,0.85648,182.539993,1.152472,44.02,96.900002,48.639999,35.34,147.802155,56.529999,0.683511,50.575459,9.821498,117.418602,11.983866,213.139008,1.345533,4399.700195,89.889999,351.649994,398.470001,0.068062,95.5,6.5705,3.9024,23.082424,78.825386,36.799999,92.517334,65.949997,50.369999,30.031679,300.774445,94.733894,335.549988,24.173677,102.614998,28.209999,37.364098,8.2511,231.699997,8.180773,105.64872,45.568085,134.960007,58.355972,92.550858,56.57,105.356133,2.662,46.84,0.58683,61.929676,11.286187,48.459999,1374.099976,58.689999,17.25,18.170284,14.523005,1750.099976,139.055969,325.06485,62.754131,36.5,722.277405,2.9853,76.346863,36.312679,119.652184,219.265778,16.450001,23.927938,81.433495,63.332001,55.649464,57.5,73.642654,220.542877,771.344604,15.900141,107.080002,82.113373,0.327403,5.1218,0.999873,1.40137,0.81241,6.7488,7.8443,95.311897,158.408997,1422.300049,17.20413,9.53365,3.72975,9.51174,1.28343,0.999417,47.659801,16.3419,117.980003,80.726593,78.00766,19.559999,39.5,97.583641,46.23,160.886673,92.801414,236.028976,73.351357,73.550003,0.161257,44.604549,377.902618,1.021237,439.0,68.160004,308.100006,1156.5,639.75,14.9
2026-08-08,0.199216,,0.087481,,,,,,,,,1.386771,,6.476943,,215.967026,,,,600.422058,,,64904.6875,,,,,,,,,,,,,,,,,0.070391,0.814157,,,,,,,,,6.509641,1915.532959,,,,,,,,,,,,0.710179,,,,,,,,,,,0.068973,,,,,,,,,,,,,,,,,,,,8.30067,,45.980061,,,,,,,,,,,,,,,,,,,,,,,,,,,,,,,,,,75.972237,,,,,,0.32876,,0.999851,,,,,,,,,,,,,0.99917,,,,,,,,,,,,,,,0.164418,,377.063812,1.038614,,,,,,
2026-08-09,0.194654,,0.082339,,,,,,,,,1.372104,,6.41631,,214.525314,,,,601.766296,,,64844.886719,,,,,,,,,,,,,,,,,0.069255,0.798158,,,,,,,,,6.418802,1908.682739,,,,,,,,,,,,0.700813,,,,,,,,,,,0.06858,,,,,,,,,,,,,,,,,,,,8.179047,,45.40329,,,,,,,,,,,,,,,,,,,,,,,,,,,,,,,,,,76.212128,,,,,,0.329588,,1.000024,,,,,,,,,,,,,0.999293,,,,,,,,,,,,,,,0.16217,,394.693054,1.028915,,,,,,
2026-08-10,0.191055,96.561234,0.082379,54.025581,167.301178,15.557187,131.464706,19.495636,47.631783,136.22049,6.65,1.399174,0.706349,6.431668,,213.113647,90.93882,12.868422,20.274065,598.687317,71.642113,47.552444,63910.585938,141.660004,13.628984,67.129784,87.720001,5821.0,72.555023,47.46051,102.461044,82.129997,48.02803,82.720001,40.411911,29.93,31.32,537.305054,189.997192,0.069688,0.804778,12.022999,99.809998,65.169998,108.010002,200.116821,93.964165,1038.418335,,6.387618,1871.278687,14.14,0.93391,0.8566,182.468994,1.155642,43.869999,96.050003,48.490002,35.189999,144.955627,55.650002,0.702367,50.565525,9.642925,115.875305,11.743032,212.998993,1.349071,4419.700195,90.489998,350.75,402.540009,0.06761,95.699997,6.5945,4.1898,22.467949,78.696671,36.23,92.110214,65.790001,50.139999,29.557026,299.198578,94.575699,332.299988,23.827776,103.830002,28.799999,36.557182,8.043338,233.274994,8.289069,105.063705,45.110874,132.339996,57.940136,92.20356,56.93,105.266632,2.794,45.860001,0.5888,61.31543,11.198923,47.389999,1377.199951,58.299999,17.83,17.710529,14.27702,1744.5,137.666992,322.402161,62.386684,36.5,720.119629,3.1354,75.346985,36.045818,118.770935,219.395294,16.469999,23.590506,81.373856,65.106003,54.35598,59.41,75.945206,218.207932,771.115173,16.093454,106.860001,81.418839,0.330553,5.0826,0.999836,1.39509,0.80817,6.7474,7.84519,95.210297,157.891006,1407.0,17.138399,9.49685,3.71731,9.48295,1.27862,0.999051,47.691502,16.151859,125.919998,80.379578,77.88858,19.549999,38.889999,96.274994,45.560001,160.557526,91.399841,234.156036,70.906639,73.190002,0.161314,44.029392,396.805756,1.011531,438.25,69.459999,303.700012,1157.75,640.5,15.46
2026-08-11,0.186915,96.640678,0.080891,54.319996,167.736465,15.41855,139.689957,19.485878,47.405197,141.613495,6.72,1.436965,0.70553,6.318287,,213.638779,90.948753,12.907066,20.293846,616.498657,71.701698,47.582294,63551.875,147.169998,14.08104,66.724434,88.910004,5543.0,72.584595,48.016537,102.341377,83.199997,47.888901,83.089996,40.264023,29.969999,31.33,535.600403,189.510529,0.071831,0.789648,11.904058,99.82,65.43,108.089996,199.888809,93.954262,1027.490601,,6.375777,1881.373535,14.18,0.93502,0.85454,183.761993,1.154641,43.990002,96.279999,48.299999,33.98,144.846909,55.23,0.710341,50.565525,9.662766,115.489479,11.800833,215.022003,1.351132,4441.100098,90.120003,350.174988,400.959991,0.066374,95.875,6.612,4.2525,22.091337,78.726372,35.939999,92.219444,65.940002,50.09,29.458141,300.205933,94.61525,335.75,23.689413,110.970001,28.83,35.858509,8.122486,232.75,8.769977,105.093452,45.465885,131.740005,58.44508,92.312706,55.619999,105.346191,2.767,45.369999,0.588821,61.31543,11.324971,45.57,1366.099976,58.700001,17.91,17.780493,14.10975,1745.800049,138.401169,321.79837,63.528751,36.52,717.702148,3.1366,75.059891,35.769073,120.870094,219.863541,16.73,23.372166,81.383797,64.768997,55.047153,58.549999,76.195061,217.198761,768.651306,16.103121,106.889999,81.547829,0.334765,5.106,0.999995,1.39336,0.80982,6.7474,7.84512,95.396698,159.156006,1417.310059,17.133301,9.48945,3.72283,9.4851,1.28032,0.999191,47.723301,16.185499,127.610001,80.419235,77.918343,19.299999,38.799999,95.55127,45.52,160.407913,86.439705,225.160004,72.019684,72.580002,0.161871,43.712063,377.191589,1.021882,436.75,68.449997,303.399994,1147.5,630.25,15.28
2026-08-12,0.182406,96.749908,0.078937,54.669998,168.60704,15.576993,138.026978,19.388304,47.346092,140.86145,6.9,1.397641,0.7064,6.315254,,212.387299,90.968636,12.839439,20.313625,609.67981,71.771202,47.582294,63402.433594,146.410004,13.734784,67.179214,88.980003,5619.0,72.909866,47.927174,105.243202,83.269997,47.908779,83.209999,40.638664,30.110001,31.43,535.470825,195.717957,0.069592,0.773348,12.122116,100.010002,66.459999,108.5,201.693085,94.063248,1064.085693,,6.234,1878.13501,14.16,0.93619,0.85445,183.850006,1.154374,43.869999,97.790001,48.369999,33.860001,145.054459,55.110001,0.669257,50.575459,9.652845,115.954453,11.723766,215.156006,1.350986,4467.5,90.959999,346.350006,404.920013,0.065955,95.675003,6.597,4.304,22.59679,78.825386,35.889999,92.308807,66.089996,49.950001,29.448252,301.921448,94.773445,340.100006,23.896957,110.900002,28.9,35.661701,8.102698,230.574997,8.670757,105.222359,44.851692,132.330002,57.930233,92.471474,55.080002,105.39592,2.804,45.810001,0.588,62.008934,11.315275,45.869999,1370.199951,58.490002,17.969999,18.070337,14.611561,1761.099976,139.621475,320.293793,63.260612,36.560001,722.946716,3.1537,74.98069,35.966747,122.771217,220.252075,16.42,23.610355,81.433495,65.555,55.728455,59.060001,75.52549,218.217819,770.576477,15.909804,106.919998,81.468452,0.335819,5.1735,0.999812,1.3919,0.81102,6.745,7.84641,95.379898,159.264999,1412.180054,17.073,9.48855,3.72349,9.51707,1.27969,0.998873,47.750198,16.1852,127.300003,80.508469,77.97789,18.77,39.23,96.473274,45.77,161.116089,88.47744,230.270004,73.560051,72.290001,0.15931,44.118641,392.430695,1.004374,457.0,68.959999,311.0,1164.75,652.75,14.55
2026-08-13,0.182254,97.008095,0.078755,54.349998,172.326843,15.715631,142.976074,19.700546,47.700741,147.887192,6.91,1.502087,0.70639,6.44785,,206.522705,90.968636,13.080964,20.343294,610.036682,71.969795,47.671848,63402.171875,149.320007,13.946384,68.395264,87.07,5648.0,74.644646,51.044872,104.275925,81.25,48.018093,82.360001,41.16119,29.780001,31.32,536.228394,196.234421,0.070089,0.772068,12.181587,99.959999,66.68,108.690002,203.289185,94.479362,1068.673828,,6.236653,1883.991333,14.23,0.9374,0.8539,183.673004,1.153004,43.959999,98.470001,48.259998,33.77,147.663788,55.09,0.676543,50.595318,9.672688,117.616455,12.176534,215.046997,1.349783,4420.399902,88.269997,342.825012,398.959991,0.065454,95.474998,6.5925,4.2506,22.547237,79.003609,35.880001,92.646431,65.940002,49.98,29.962458,302.709381,94.961319,333.100006,24.104498,115.300003,28.799999,36.409573,8.201632,226.225006,8.868176,105.64872,44.812222,134.199997,58.643101,92.769165,54.419998,105.574928,2.727,46.240002,0.586112,62.365593,11.54798,46.009998,1322.599976,58.310001,17.77,18.200266,14.78867,1725.199951,140.097702,325.381622,64.531784,36.709999,731.307983,3.128,76.089462,35.996395,123.474243,221.895889,16.82,23.878315,81.542847,64.873001,56.903454,58.16,76.177322,219.118164,775.953186,15.803483,107.160004,81.944695,0.334273,5.1954,0.999911,1.39406,0.8129,6.7433,7.8463,95.344299,159.328003,1416.459961,17.058901,9.49185,3.73326,9.57761,1.27988,0.999025,47.757999,16.137871,125.029999,80.776169,78.096962,18.860001,39.669998,97.732353,45.650002,161.973877,89.749779,234.440002,73.848244,72.389999,0.159299,44.743382,393.509399,1.008125,448.0,68.669998,309.899994,1168.25,652.75,14.63
2026-08-14,0.179853,96.799568,0.079385,54.959999,173.701965,15.913686,140.167938,19.388304,47.4249,142.513977,6.83,1.509395,0.70637,6.469155,184.059998,204.612274,90.988518,12.916727,20.343294,607.579773,71.800987,47.482796,62975.59375,143.929993,13.927148,67.673546,88.519997,5734.0,74.89106,48.93,104.146294,82.400002,48.047901,83.599998,40.894997,30.0,31.35,535.121887,198.786911,0.070002,0.764257,12.25097,99.669998,66.610001,108.639999,201.306458,94.172234,1096.859131,,6.200866,1880.650024,14.18,0.93897,0.85493,183.884995,1.153536,44.16,98.209999,48.259998,33.93,146.181213,54.740002,0.679821,50.605247,9.841339,117.121811,11.906799,215.067993,1.349073,4437.299805,89.970001,340.825012,401.480011,0.065797,95.400002,6.5995,4.2829,22.6959,78.924393,35.630001,92.388245,65.919998,49.779999,29.95257,304.295258,94.892105,338.100006,24.124264,114.010002,29.139999,35.730587,8.221419,223.625,8.966767,105.222359,43.765976,133.490005,58.217361,92.4814,54.630001,105.276573,2.733,46.0,0.585449,62.157543,11.363755,46.529999,1322.5,58.59,17.91,18.240246,14.887065,1750.0,139.919113,322.619934,63.707512,36.75,730.309021,3.1841,75.940964,35.808609,124.286179,221.935745,16.6,23.927938,81.513023,64.987999,55.38287,58.48,75.327309,217.24823,774.416992,15.755153,106.989998,81.398994,0.332455,5.1998,0.999911,1.39271,0.81412,6.7428,7.8472,95.401199,159.425995,1416.849976,17.030001,9.50415,3.73529,9.55716,1.28027,0.999002,47.8797,16.1833,126.599998,80.538216,78.03743,18.629999,39.0,97.980202,45.490002,161.834244,90.97242,235.520004,73.17247,72.360001,0.157898,44.892132,399.433472,0.998038,459.0,69.050003,308.700012,1173.75,674.75,14.25
2026-08-15,0.176132,,0.079432,,,,,,,,,1.473887,,6.333706,,203.469147,,,,607.104248,,,63024.320312,,,,,,,,,,,,,,,,,0.06955,0.759434,,,,,,,,,6.21083,1880.908325,,,,,,,,,,,,0.675846,,,,,,,,,,,0.065408,,,,,,,,,,,,,,,,,,,,9.463849,,44.066128,,,,,,,,,,,,,,,,,,,,,,,,,,,,,,,,,,75.272301,,,,,,0.330915,,0.9999,,,,,,,,,,,,,0.998978,,,,,,,,,,,,,,,0.157878,,410.364136,1.0014,,,,,,
2026-08-16,0.174847,,0.078322,,,,,,,,,1.45405,,6.321758,,203.671051,,,,602.47937,,,62818.652344,,,,,,,,,,,,,,,,,0.069482,0.757911,,,,,,,,,6.099434,1873.942993,,,,,,,,,,,,0.666062,,,,,,,,,,,0.064596,,,,,,,,,,,,,,,,,,,,9.384518,,44.116589,,,,,,,,,,,,,,,,,,,,,,,,,,,,,,,,,,74.539017,,,,,,0.330807,,0.999783,,,,,,,,,,,,,0.998872,,,,,,,,,,,,,,,0.156214,,409.802582,0.991973,,,,,,
2026-08-17,0.174011,96.571167,0.078492,54.689999,170.387787,15.755242,133.974091,19.163879,46.242725,139.862,6.83,1.416925,0.70852,6.344063,,205.121292,91.0084,12.733169,20.353184,605.172363,71.652054,47.413143,64506.253906,140.570007,13.696312,65.933517,90.870003,6044.0,73.373131,48.540001,104.634918,84.5,48.037968,84.07,40.559792,30.559999,31.540001,532.52002,196.56218,0.070348,0.760923,12.25097,99.639999,67.32,108.449997,201.792236,93.825455,1092.390381,63.66,6.188834,1912.202148,14.4,0.94053,0.85436,184.279007,1.157394,43.959999,98.169998,48.16,33.970001,145.182953,55.939999,0.671844,50.595318,9.702449,116.755768,11.569633,215.669998,1.354665,4473.700195,91.889999,339.975006,405.48999,0.065946,81.724998,6.604,4.4371,22.606701,78.825386,36.419998,92.189651,65.620003,49.580002,29.359255,303.267944,94.773445,345.100006,24.07485,108.830002,29.450001,35.455051,8.152165,224.550003,9.538204,104.805908,44.523277,131.119995,57.573807,92.332558,55.060001,104.978226,2.69,46.16,0.589091,61.820702,11.150442,46.57,1334.099976,58.73,18.209999,18.130304,14.759151,1781.5,139.512344,321.016388,62.674683,36.759998,729.110229,3.2701,75.604378,35.442913,122.890045,219.96315,16.870001,23.749298,81.513023,66.121002,55.402615,59.57,75.944069,219.31604,770.756042,15.697159,106.769997,80.714394,0.331065,5.2217,0.999989,1.38719,0.81265,6.7428,7.84656,95.450302,159.223007,1415.369995,17.01906,9.4397,3.7202,9.51565,1.279,0.999154,47.857399,16.1912,130.289993,80.329994,77.997734,18.82,37.900002,97.137512,45.259998,161.415314,90.624512,235.300003,72.486763,71.139999,0.157825,44.455803,415.661591,1.002619,465.0,71.440002,312.100006,1201.0,674.75,15.19
2026-08-18,0.174264,96.670471,0.077861,55.310001,170.486725,15.913686,133.287003,19.193151,45.159069,138.842773,6.82,1.413273,0.71082,6.331231,,203.461594,91.018341,12.771812,20.313625,603.528198,71.711624,47.353439,64680.710938,140.589996,13.638603,65.439186,91.019997,5905.0,72.969002,48.369999,106.878586,84.940002,48.06778,84.120003,40.382332,30.48,31.27,531.244019,193.920288,0.070213,0.750794,12.379823,99.650002,65.339996,107.269997,200.424149,93.766014,1079.929932,,6.076594,1916.459595,14.44,0.93889,0.85477,184.531006,1.158279,43.68,95.370003,48.16,33.700001,145.212601,56.23,0.631272,50.615181,9.86118,116.221558,11.4733,215.901993,1.355032,4420.600098,88.949997,339.225006,398.549988,0.067278,80.724998,6.4825,4.4501,22.715721,78.74617,36.599998,92.279022,65.879997,49.380001,29.388918,299.447937,94.664688,363.399994,23.936487,107.190002,29.360001,35.582977,8.18898,224.899994,9.535988,104.944717,44.319794,130.169998,57.237171,92.362328,54.900002,104.789276,2.776,45.830002,0.590591,61.632462,11.063177,46.439999,1291.199951,57.310001,18.200001,18.290218,15.123211,1726.400024,138.917084,319.818695,62.575371,36.490002,716.763123,3.3017,75.426186,36.609188,124.850578,218.966904,17.469999,23.659977,81.532898,63.941002,56.123413,57.439999,77.031204,218.267288,765.549011,15.697159,107.019997,81.021973,0.33263,5.2025,0.999837,1.38697,0.81058,6.7399,7.84405,95.694099,159.339996,1414.72998,17.030001,9.41584,3.7207,9.5067,1.27735,0.999242,47.903301,16.221991,130.660004,80.379578,78.017586,18.860001,37.75,96.780609,45.049999,159.649857,90.654335,235.440002,72.904152,70.860001,0.154736,44.257473,412.439178,1.001354,463.25,69.690002,313.0,1200.75,664.5,15.84
2026-08-19,0.186875,97.137184,0.0821,54.900002,172.623627,16.200867,133.630005,19.32,49.799103,141.603607,6.9,1.493088,0.70815,6.767146,,213.384323,91.028282,12.810456,20.343294,626.471802,72.049225,47.502697,69266.1875,145.089996,13.907912,66.457504,91.620003,6046.0,73.580124,49.400002,108.902878,85.830002,48.077717,87.0,40.875278,30.76,30.940001,532.599792,191.040039,0.074972,0.789031,12.607795,98.830002,66.110001,107.660004,200.553024,94.231674,1077.079956,,6.534265,2251.458008,15.88,0.94022,0.85516,184.692993,1.157943,44.040001,94.779999,48.57,34.259998,146.191101,59.599998,0.673076,50.615181,9.930626,116.300697,11.6178,215.966003,1.353675,4545.299805,97.330002,336.850006,413.839996,0.070585,81.5,6.4875,4.4523,22.94367,78.924393,38.779999,92.725861,66.010002,49.540001,29.863573,300.934021,94.882217,359.5,24.035316,110.459999,29.01,36.173401,8.567087,223.425003,10.544009,105.668549,46.733158,131.470001,57.593605,92.848549,55.389999,105.097565,2.814,46.240002,0.58729,62.365593,10.98561,46.919998,1331.900024,56.779999,18.33,18.380171,15.575825,1802.599976,140.186996,321.828064,63.270542,36.470001,715.334595,3.2551,75.634079,37.123142,127.078461,221.238373,17.549999,23.818768,81.572662,65.734001,56.923203,60.009998,85.374481,220.809998,767.154968,16.006462,107.510002,82.371338,0.334243,5.2143,0.999873,1.38979,0.81224,6.7426,7.84371,95.816399,159.550003,1413.579956,17.05983,9.40582,3.73116,9.53455,1.27829,0.999379,47.910099,16.25276,130.910004,80.726593,78.087044,18.309999,38.380001,97.762093,45.5,160.288208,91.300446,235.729996,75.378677,71.849998,0.170095,44.614468,421.967834,1.104403,473.0,69.860001,318.899994,1222.25,680.25,14.89
2026-08-20,0.199049,96.809486,0.088056,54.91,173.840469,16.339502,129.979996,19.300486,52.153599,138.763611,6.94,1.512614,0.712504,7.298631,,222.988556,91.028282,12.839439,20.363073,654.907532,71.830772,47.413143,73032.757812,141.350006,13.802113,67.011147,93.779999,6088.0,74.309517,47.990002,108.942764,87.830002,48.117466,87.019997,40.599228,31.110001,31.16,525.860901,192.976761,0.080422,0.849381,12.657353,98.900002,66.620003,107.349998,199.403046,93.795738,1082.609985,,6.96105,2326.384766,17.549999,0.9312,0.85828,184.763,1.167379,43.919998,94.269997,48.540001,34.139999,145.548645,63.27,0.735859,50.6549,10.039753,115.994019,11.4733,215.244003,1.359989,4571.399902,99.849998,335.299988,415.26001,0.073451,80.224998,6.46,4.4803,22.884207,78.775871,41.200001,92.348526,65.809998,49.549999,29.932793,296.894592,94.694344,363.600006,23.87719,107.019997,29.24,36.173401,8.646688,223.350006,10.686914,105.162865,47.828125,132.059998,57.821327,92.580635,55.509998,104.888725,2.733,46.09,0.593581,62.583549,10.93713,46.75,1336.300049,56.040001,18.549999,18.550079,15.565986,1831.0,139.571869,319.462341,62.4562,36.459999,710.189941,3.2629,75.742973,36.619072,127.375511,219.455078,17.52,23.878315,81.532898,68.026001,57.367527,61.66,87.63694,217.564819,760.710999,15.861477,107.519997,81.696648,0.33742,5.1767,1.000062,1.38104,0.79777,6.7295,7.84003,95.496002,158.276001,1389.400024,16.951,9.32992,3.6948,9.4407,1.27131,0.99984,47.944901,16.090099,134.539993,80.409317,78.00766,18.440001,38.66,97.752182,45.689999,159.520172,92.125481,237.399994,74.842033,71.470001,0.18145,44.703716,408.694153,1.26844,478.75,71.18,315.700012,1220.75,682.75,16.01
2026-08-21,0.229211,96.670471,0.097473,54.75,173.919617,16.507851,132.690002,19.437092,52.695431,139.772949,6.93,1.601016,0.71194,7.841389,,287.439728,91.058105,12.839439,20.372963,686.966797,71.721558,47.413143,78335.1875,143.380005,13.725167,66.90239,94.389999,5990.0,74.427795,49.369999,109.311729,87.059998,48.02803,87.07,40.313316,31.26,31.370001,530.996094,189.321808,0.091627,0.938705,12.706912,98.800003,67.120003,108.239998,199.264252,93.845284,1065.390015,,8.321609,2515.281738,18.24,0.93449,0.85664,185.703995,1.168784,44.200001,95.18,48.939999,35.060001,145.103882,67.019997,0.809408,50.6549,10.079436,115.489479,11.4733,216.757996,1.36435,4680.600098,102.830002,334.75,423.359985,0.079763,80.875,6.5795,4.4948,23.003136,78.825386,43.68,92.169792,65.410004,49.639999,29.774576,299.178619,94.793228,358.75,23.738831,108.480003,29.35,35.996277,8.606887,223.050003,11.99742,105.02404,53.126881,131.309998,57.712418,92.402023,55.66,104.759438,2.773,45.830002,0.595401,62.018841,10.956522,46.610001,1348.5,56.389999,18.65,18.470123,15.526628,1887.300049,140.68306,319.214874,63.131512,36.59,712.697388,3.3479,75.297478,36.796978,127.236893,220.839859,17.610001,23.858467,81.513023,69.466003,56.725723,62.720001,93.65361,215.971924,763.823242,15.832479,107.129997,81.40892,0.34335,5.1931,1.000009,1.37814,0.79959,6.7225,7.84347,95.772202,158.882996,1390.790039,16.9454,9.34376,3.69177,9.47488,1.27144,0.999881,48.042599,16.101999,134.639999,80.359749,77.987808,18.209999,37.880001,97.653038,45.709999,160.358032,92.503204,239.220001,74.156326,72.489998,0.201851,44.703716,412.130798,1.453796,483.75,69.349998,317.700012,1225.0,681.5,15.13
2026-08-22,0.226257,,0.092467,,,,,,,,,1.577346,,7.499445,,276.811127,,,,695.701721,,,77083.414062,,,,,,,,,,,,,,,,,0.091952,0.921354,,,,,,,,,7.898844,2424.251221,,,,,,,,,,,,0.762266,,,,,,,,,,,0.077535,,,,,,,,,,,,,,,,,,,,11.657118,,52.503609,,,,,,,,,,,,,,,,,,,,,,,,,,,,,,,,,,93.912529,,,,,,0.344231,,0.999943,,,,,,,,,,,,,0.999777,,,,,,,,,,,,,,,0.195825,,432.583862,1.463727,,,,,,
2026-08-23,0.226862,,0.094073,,,,,,,,,1.60475,,7.606296,,274.235657,,,,701.846741,,,77755.265625,,,,,,,,,,,,,,,,,0.093418,0.928811,,,,,,,,,7.947314,2463.815918,,,,,,,,,,,,0.774194,,,,,,,,,,,0.07988,,,,,,,,,,,,,,,,,,,,11.531239,,52.298508,,,,,,,,,,,,,,,,,,,,,,,,,,,,,,,,,,95.44223,,,,,,0.343963,,1.000079,,,,,,,,,,,,,0.999956,,,,,,,,,,,,,,,0.199628,,421.827942,1.522188,,,,,,
2026-08-24,0.22116,96.86908,0.091665,54.919998,176.481903,16.428627,132.789993,19.56394,53.237263,138.545898,6.89,1.520021,0.71714,7.537066,,270.699341,91.068047,12.984354,20.385891,703.638123,71.860565,47.442993,78964.484375,143.639999,13.580894,69.196075,92.169998,5820.0,75.305038,49.139999,110.80751,85.010002,48.057842,87.480003,40.333038,30.940001,31.25,532.422852,187.265915,0.08991,0.898318,12.627618,99.0,66.110001,108.029999,200.612503,93.974075,1055.199951,,7.748695,2481.831299,18.66,0.93528,0.85556,185.625,1.168156,44.130001,94.839996,49.099998,35.169998,144.5504,68.559998,0.753,50.664833,10.27785,116.280914,11.608167,216.953995,1.365355,4697.799805,103.540001,333.575012,426.690002,0.079155,81.125,6.599,4.2677,22.983315,78.91449,44.639999,92.358459,65.519997,49.349998,30.120674,297.193787,94.872322,377.75,23.936487,107.32,29.1,36.291489,8.785991,220.074997,11.619157,105.281853,51.621639,133.160004,58.33617,92.590546,54.93,104.829056,2.782,46.34,0.59775,62.583549,11.053482,46.59,1361.800049,55.919998,18.469999,18.310207,15.605343,1880.099976,142.230759,321.669678,63.260612,36.43,705.584778,3.2708,75.921173,37.231857,129.841049,221.098892,17.65,23.99741,81.513023,68.541,57.8316,62.200001,98.561668,218.386017,761.578796,15.745489,107.25,81.914932,0.344791,5.1373,1.000113,1.37928,0.80063,6.721,7.8392,95.700302,158.904007,1384.97998,16.915001,9.30415,3.68606,9.46962,1.26922,0.999951,48.045422,15.99379,132.210007,80.478722,78.00766,18.24,38.869999,98.247879,45.799999,159.689758,92.910751,240.009995,73.888,72.410004,0.193427,44.95163,441.407959,1.479044,491.5,67.129997,320.299988,1216.0,681.75,15.85
2026-08-25,0.209102,97.325859,0.089124,54.610001,176.659988,16.577168,133.179993,19.44685,52.114197,141.267151,6.86,1.523331,0.715482,7.328121,,265.598602,91.077988,12.936049,20.395836,694.025757,72.158455,47.671848,78564.976562,143.410004,13.494329,71.311798,88.580002,5759.0,75.196617,48.919998,109.939957,82.360001,48.22678,87.080002,40.047127,30.43,31.01,534.009155,191.010254,0.085716,0.851958,12.756472,98.919998,67.25,108.809998,201.02887,94.499184,1073.439941,,7.660568,2443.159424,18.6,0.93606,0.85547,185.673996,1.166834,44.450001,95.629997,49.389999,35.880001,143.186432,68.720001,0.711732,50.664833,10.188564,116.488663,11.608167,217.018997,1.363829,4694.5,105.519997,333.725006,428.070007,0.077743,80.449997,6.7095,4.2438,22.795008,79.132324,44.720001,92.854958,65.860001,50.23,29.873461,298.450531,95.119522,371.399994,23.77836,107.580002,28.82,36.606384,8.736239,218.100006,11.281881,105.956093,49.918304,131.979996,57.959938,93.047005,55.119999,104.998123,2.77,46.119999,0.596602,62.246708,11.014697,46.950001,1331.900024,55.630001,18.17,18.340193,15.910366,1852.599976,142.201004,319.393066,63.707512,36.560001,709.980164,3.2529,75.950867,37.182442,131.643143,220.939499,17.27,24.027182,81.592552,68.636002,59.075718,62.32,96.603539,216.664505,764.012756,15.581171,107.639999,82.817825,0.336103,5.1543,0.999953,1.38408,0.802,6.7219,7.83601,95.723099,159.139008,1380.76001,16.944201,9.29761,3.68814,9.49055,1.26988,0.999988,48.076599,15.9927,126.150002,80.885239,78.166428,18.01,39.939999,98.396591,45.880001,160.577469,93.2686,241.149994,75.39856,72.620003,0.182355,44.98138,439.087616,1.43325,500.5,67.519997,320.299988,1228.0,685.5,15.45
2026-08-26,0.212613,97.176903,0.090216,55.48,173.850357,16.389015,133.669998,19.417576,52.183155,140.4953,6.81,1.512941,0.716533,7.445693,,268.785034,91.087921,12.916727,20.415724,707.880493,72.069092,47.542496,79027.421875,143.199997,13.38853,69.502563,87.839996,5817.0,74.457367,48.990002,109.551048,82.230003,48.097595,87.769997,39.889381,30.5,31.08,533.001465,192.112671,0.087741,0.87589,12.508677,99.169998,67.169998,108.269997,199.046143,94.429825,1079.609985,,7.888644,2506.260986,18.65,0.93598,0.85536,185.880005,1.167474,44.32,95.43,48.860001,35.720001,142.415497,68.309998,0.716508,50.674763,10.27785,116.320488,11.714133,217.283005,1.364703,4653.299805,102.419998,332.75,421.320007,0.078606,80.900002,6.5945,4.26,22.230089,79.112534,44.459999,92.666283,66.199997,49.75,29.557026,298.151306,95.099747,357.600006,23.748713,108.5,29.120001,36.242287,8.825791,218.475006,11.616966,105.87677,50.525509,131.5,57.851028,92.858475,55.099998,104.868835,2.842,45.66,0.5976,61.681995,10.908041,46.970001,1325.099976,56.209999,18.18,18.360182,15.67422,1835.699951,141.466827,314.146881,63.330132,36.549999,710.629517,3.3201,75.614273,36.836514,129.108307,221.278214,17.59,23.898165,81.562729,67.989998,57.940216,61.59,102.167435,214.804459,764.182373,15.378189,107.510002,82.649155,0.336046,5.1464,0.999947,1.38362,0.80172,6.7203,7.83804,93.546097,159.223007,1381.48999,16.943501,9.3148,3.68401,9.45215,1.26886,0.999993,48.110699,15.92424,127.349998,80.786087,78.12674,17.83,38.950001,97.762093,45.66,160.457779,92.940575,241.559998,76.362526,72.410004,0.185498,44.713631,438.171967,1.422429,514.0,67.220001,328.700012,1254.25,730.5,15.21
2026-08-27,0.213815,97.147118,0.091275,55.310001,172.297165,16.270184,133.440002,19.39806,51.503403,140.920822,6.9,1.561833,0.71815,7.526351,,269.708252,91.087921,12.936049,20.415724,712.170593,72.029373,47.462891,80257.539062,143.639999,13.28273,69.176308,89.699997,6155.0,73.954674,49.240002,108.234764,83.529999,48.117466,91.059998,39.406296,30.860001,31.219999,533.989197,190.791748,0.089143,0.881754,12.578058,99.160004,67.610001,108.019997,198.272888,94.251488,1076.449951,,7.84678,2510.410156,18.870001,0.93824,0.85717,185.600998,1.165488,44.580002,95.839996,48.630001,35.759998,141.1306,69.559998,0.704038,50.684696,10.168722,115.667557,11.781566,216.5,1.359693,4664.0,103.690002,333.75,422.600006,0.078751,80.625,6.587,4.2787,22.14089,79.082825,45.290001,92.57692,65.599998,49.529999,28.904377,299.028992,95.050301,341.899994,23.531286,109.32,29.4,36.104519,8.825791,220.300003,11.945157,105.827194,49.924355,128.789993,58.009441,92.798927,54.900002,104.809158,2.907,45.330002,0.594842,61.226269,10.93713,46.290001,1337.599976,56.060001,18.42,18.270231,15.457752,1845.300049,140.732666,308.039551,63.896194,36.580002,720.359375,3.3842,74.703499,36.688255,127.910202,220.620682,18.190001,23.669901,81.552788,69.429001,57.110806,62.77,109.208244,212.608032,769.189941,15.407187,107.440002,82.480476,0.337703,5.1474,0.999999,1.3875,0.80505,6.7225,7.8388,95.430298,159.255005,1383.48999,16.943001,9.34593,3.69553,9.52319,1.27141,1.000097,48.132401,15.9435,130.009995,80.746422,78.116814,17.35,38.720001,96.810349,45.529999,161.155991,92.334221,239.600006,76.283028,72.440002,0.187465,44.28722,454.925629,1.453033,510.25,68.0,330.200012,1256.5,742.75,14.51
2026-08-28,0.203063,96.809486,0.087137,55.240002,174.345016,16.389015,135.039993,19.466364,50.803951,141.039551,6.85,1.483301,0.71951,7.30519,,247.957779,91.107811,12.907066,20.405781,691.117004,71.800987,47.363388,77830.289062,142.389999,13.205783,68.533676,89.309998,6527.0,75.048767,49.09,108.553864,83.400002,48.077717,89.919998,39.455589,30.790001,31.41,533.82959,184.206894,0.085219,0.84879,12.587971,99.699997,67.139999,107.720001,198.272888,94.013702,1044.410034,,7.510296,2442.535889,18.370001,0.93664,0.85708,185.649994,1.165637,44.59,95.870003,48.549999,35.549999,141.249207,67.440002,0.686227,50.704556,10.168722,115.499374,11.810467,216.597,1.359712,4529.899902,99.650002,320.899994,408.890015,0.076098,81.900002,6.562,4.3567,22.081427,78.954102,43.900002,92.199577,64.959999,49.560001,28.914267,294.979584,94.892105,345.850006,23.501638,108.68,29.639999,35.632179,8.925293,219.25,11.433359,105.450409,49.318901,129.610001,57.969837,92.45163,55.23,104.640106,2.888,45.669998,0.59549,61.404598,10.956522,45.990002,1428.599976,55.310001,18.389999,18.480118,15.575825,1847.599976,139.591705,310.32608,63.260612,36.509998,715.684265,3.4899,74.762894,36.698143,128.058731,219.863541,17.559999,23.560732,81.403679,66.995003,56.814587,60.02,104.126953,212.28154,767.444275,15.281532,106.940002,82.23243,0.341351,5.1611,1.00001,1.38515,0.80376,6.7225,7.83853,95.470398,159.320999,1380.449951,16.963499,9.318,3.7164,9.51397,1.2708,0.999946,47.994099,15.9915,129.699997,80.458893,77.908424,17.66,38.200001,96.40387,45.259998,160.597412,91.260681,238.070007,75.547623,72.139999,0.179463,44.108723,471.93988,1.383189,512.0,70.589996,338.200012,1276.25,767.0,14.43
2026-08-29,0.201571,,0.087793,,,,,,,,,1.502436,,7.332238,,247.138412,,,,692.603943,,,78245.8125,,,,,,,,,,,,,,,,,0.085281,0.845836,,,,,,,,,7.526074,2457.686279,,,,,,,,,,,,0.682377,,,,,,,,,,,0.075499,,,,,,,,,,,,,,,,,,,,11.459595,,49.00639,,,,,,,,,,,,,,,,,,,,,,,,,,,,,,,,,,105.652023,,,,,,0.34085,,1.000019,,,,,,,,,,,,,1.000031,,,,,,,,,,,,,,,0.179692,,470.718292,1.396732,,,,,,
2026-08-30,0.192707,,0.08458,,,,,,,,,1.455228,,7.112916,,243.193039,,,,684.809143,,,77667.570312,,,,,,,,,,,,,,,,,0.082097,0.817379,,,,,,,,,7.183829,2417.938721,,,,,,,,,,,,0.659951,,,,,,,,,,,0.073428,,,,,,,,,,,,,,,,,,,,11.157139,,47.906338,,,,,,,,,,,,,,,,,,,,,,,,,,,,,,,,,,101.876694,,,,,,0.336045,,0.999924,,,,,,,,,,,,,0.999918,,,,,,,,,,,,,,,0.174895,,486.07608,1.359498,,,,,,
2026-08-31,0.197763,96.730049,0.085496,55.59,173.820679,15.871573,136.580002,19.583454,50.528111,141.672867,6.91,1.469113,0.7163,7.230127,,246.912537,91.117752,13.051981,20.455502,691.025269,71.731483,47.313637,78548.632812,143.240005,13.369293,67.218765,90.489998,6650.0,75.048767,48.389999,103.069328,85.760002,47.998215,91.699997,39.159821,31.299999,31.379999,530.347595,184.326065,0.082814,0.839961,12.201411,99.43,67.019997,107.449997,197.777206,93.894814,1046.719971,,7.284701,2466.820312,18.719999,0.93736,0.85584,185.557007,1.158896,44.23,95.879997,48.369999,36.029999,139.460251,68.610001,0.68264,50.694622,10.208405,114.787086,11.954967,216.798004,1.354041,4481.5,98.510002,321.450012,408.420013,0.073587,83.675003,6.5935,4.4953,21.734545,79.023415,44.669998,92.090355,65.139999,49.700001,28.81538,293.164307,94.981094,343.899994,23.432457,109.720001,29.9,35.720741,9.134247,220.75,11.315424,105.311592,48.528721,128.850006,58.33617,92.382172,54.720001,104.52076,2.935,45.200001,0.592,60.977711,11.199352,45.720001,1362.900024,54.700001,18.65,18.110315,15.054336,1788.400024,138.817856,303.872284,63.59827,36.380001,716.013916,3.437,74.020409,36.609188,125.514,218.568405,17.809999,23.401939,81.403679,66.221001,55.274254,60.130001,102.996902,210.065338,765.149963,15.175209,106.82,81.875244,0.332552,5.1912,1.000057,1.38991,0.80884,6.726,7.83975,95.380302,160.121994,1377.109985,17.030649,9.3613,3.74273,9.60635,1.27461,0.999826,48.246899,16.16873,133.699997,80.399399,77.928268,17.280001,37.380001,95.610756,44.740002,160.138596,90.624512,236.240005,73.202293,71.699997,0.177226,43.741814,517.640015,1.379048,515.0,70.5,334.600006,1275.25,756.5,14.92
2026-09-01,0.196518,96.428116,0.088155,55.860001,174.137268,15.493442,131.690002,19.427334,50.86306,137.635529,6.81,1.461459,0.7173,7.219493,,246.009842,91.127716,12.897406,20.435612,682.749146,71.535179,47.155025,77403.625,136.660004,13.28273,66.299309,94.650002,6552.0,74.753059,46.540001,97.84407,90.220001,47.866638,90.010002,39.169678,31.93,31.59,526.536377,182.021881,0.081645,0.870919,11.894146,99.669998,66.769997,106.489998,198.342285,93.630112,1027.589966,,7.244042,2417.842041,18.23,0.93904,0.85744,185.582001,1.161764,43.439999,95.220001,48.189999,36.57,138.491623,67.18,0.778496,50.685654,10.466344,115.776375,11.8201,216.427994,1.355014,4396.399902,94.669998,320.350006,396.75,0.074058,83.650002,6.5065,4.6773,21.447128,78.749626,43.759998,91.783409,64.790001,49.580002,28.80549,289.81308,94.664917,342.25,23.83766,106.410004,30.440001,35.642021,9.512353,212.074997,11.223751,104.767937,49.563438,129.360001,57.395588,92.032608,54.41,104.042091,2.904,45.240002,0.592231,61.05732,11.043941,46.790001,1317.199951,53.919998,19.049999,17.730518,14.975619,1761.5,138.579742,299.78421,61.502823,36.240002,706.903381,3.1351,75.297478,36.628956,122.246429,216.775146,18.360001,23.401939,81.347839,64.617996,53.901779,57.919998,99.986877,209.620102,759.893066,15.010891,106.809998,81.541595,0.322256,5.1817,0.999828,1.3851,0.8082,6.726,7.8389,95.114403,159.746994,1366.619995,16.998911,9.33991,3.72331,9.57601,1.27077,0.999441,48.267502,16.0921,141.0,80.04097,77.781837,17.799999,36.650002,95.471962,44.439999,158.901764,91.519127,240.419998,70.568756,71.25,0.175764,43.672398,504.491455,1.351637,521.5,72.370003,342.0,1306.75,764.0,16.34
2026-09-02,0.200664,96.497871,0.093013,55.790001,171.070419,15.672557,132.289993,19.534668,51.936871,136.616302,6.86,1.452094,0.71471,7.185411,,244.190689,91.137695,12.887745,20.445557,687.963257,71.575043,47.135075,77300.476562,136.820007,13.484712,66.33886,95.629997,6254.0,74.299652,47.139999,100.117653,91.010002,47.886574,86.379997,38.903484,31.93,31.5,529.39978,182.50853,0.081636,0.866429,12.181587,99.559998,67.150002,107.059998,195.784561,93.689827,1019.23999,,7.267474,2391.500977,18.049999,0.94097,0.85761,185.679993,1.159555,43.52,96.040001,48.220001,38.09,138.303833,67.290001,0.799104,50.715549,10.367137,116.676636,11.800833,216.447006,1.351534,4414.600098,97.629997,318.975006,402.779999,0.074548,83.775002,6.501,4.6822,21.912941,78.759583,43.790001,91.863136,64.779999,49.970001,28.518723,293.24411,94.664917,328.399994,23.798126,106.43,30.34,35.888031,9.651654,210.175003,11.104596,104.897377,49.622734,128.610001,57.296577,92.132195,54.540001,103.932388,2.956,45.07,0.58956,61.196629,11.034227,46.990002,1346.599976,54.279999,19.059999,18.180279,15.310161,1759.800049,135.514084,298.269745,61.691509,36.380001,708.501709,3.1038,75.049988,36.203957,121.434494,217.781372,18.700001,23.272923,81.397697,64.723,54.474464,59.07,100.38562,207.967834,763.264648,15.291198,106.860001,81.621269,0.325111,5.1522,0.99978,1.38941,0.8117,6.7202,7.84069,94.9552,160.195999,1372.859985,16.99007,9.32589,3.73895,9.6153,1.27306,0.999512,48.281898,16.15587,141.149994,80.110664,77.831635,17.280001,36.57,94.956429,44.700001,159.699722,91.509186,238.589996,70.837074,71.239998,0.175201,43.364983,495.344086,1.349814,518.75,70.5,339.200012,1301.75,754.75,15.2
2026-09-03,0.221227,96.607483,0.09329,55.419998,175.848755,15.503392,134.490005,19.52491,51.90731,140.040131,6.88,1.507003,0.71636,7.518126,,256.812622,91.157631,12.897406,20.475389,724.996216,71.674683,47.28471,81271.742188,137.679993,13.619366,67.456047,95.519997,6057.0,76.152718,47.75,99.120468,91.300003,47.936413,83.360001,39.189396,31.959999,31.41,535.695251,186.511093,0.087781,0.888001,11.953617,99.0,67.470001,108.209999,196.756104,93.98835,1040.829956,,7.58848,2508.020752,19.02,0.94181,0.85918,184.108002,1.158534,43.919998,97.900002,48.68,38.130001,139.341629,71.209999,0.791516,50.695618,10.446502,115.904991,11.877899,214.272003,1.348363,4539.899902,101.489998,325.850006,410.220001,0.07927,83.449997,6.577,4.5936,21.79401,78.859138,46.349998,91.962791,65.010002,49.919998,28.133068,294.421051,94.754402,324.350006,23.639999,109.760002,30.0,36.370213,9.711355,214.300003,11.835029,105.04673,51.480949,128.559998,57.494595,92.281586,54.369999,103.712997,2.913,45.18,0.58511,61.435444,11.053654,47.040001,1425.900024,54.689999,19.09,17.720524,14.837868,1828.400024,137.260239,302.625092,62.466133,36.470001,716.922913,3.1349,75.158882,36.579536,121.048325,219.225937,18.07,23.431715,81.467491,66.973,54.217743,60.549999,103.978355,209.273819,771.254822,15.349193,107.0,81.740791,0.330806,5.0927,0.999885,1.38449,0.81298,6.719,7.8416,94.487701,158.923004,1358.390015,16.9872,9.31613,3.7337,9.63081,1.2709,0.999992,48.315899,16.062771,142.089996,80.190315,77.911331,16.950001,36.540001,95.828865,45.189999,161.34549,91.558891,241.119995,70.548874,71.220001,0.184322,43.880642,520.805969,1.451319,515.25,69.5,345.200012,1306.25,736.0,14.32
2026-09-04,0.211275,96.65731,0.090531,55.720001,173.969086,15.523294,133.669998,19.554184,51.867908,138.684433,6.88,1.493698,0.72013,7.384825,,248.180527,91.187546,12.878083,20.495279,721.260437,71.694611,47.334587,79671.96875,136.149994,13.657839,66.922173,96.279999,6082.0,74.74321,46.970001,100.337036,91.480003,48.026127,82.419998,38.942921,31.9,31.440001,532.851868,187.10701,0.084815,0.899154,11.97344,99.160004,68.699997,108.349998,196.9048,94.008263,1035.97998,,7.445584,2456.078125,18.52,0.93897,0.85948,181.005005,1.162831,43.889999,98.279999,48.59,37.860001,137.631744,69.410004,0.759549,50.725517,10.565551,115.835732,11.983866,210.587997,1.35318,4476.600098,99.260002,324.825012,406.769989,0.078292,82.300003,6.597,4.5402,21.853474,78.809364,45.23,91.932892,65.080002,49.91,28.073734,295.238922,94.724571,324.25,23.6,107.730003,29.969999,36.54734,9.781007,212.949997,11.638563,105.026825,50.782017,128.320007,57.108459,92.341339,54.91,103.742912,2.975,44.630001,0.588561,60.947861,11.07308,46.380001,1390.099976,55.16,19.01,18.020365,15.014977,1821.0,136.258179,298.942871,62.05896,36.549999,718.211609,3.2146,74.505508,36.362095,122.276138,218.179871,18.07,23.272923,81.447548,66.046997,54.85955,59.82,101.949486,207.215912,768.282227,15.542507,106.970001,81.880226,0.331537,5.101,0.999869,1.37895,0.80751,6.719,7.84,94.494904,155.660004,1355.410034,16.91016,9.2829,3.71505,9.53402,1.26671,1.000192,48.429901,15.9775,141.960007,80.180359,77.881447,17.0,36.59,95.194359,45.27,161.315567,89.729897,236.169998,71.353851,71.730003,0.179496,43.563316,521.129883,1.398959,512.0,68.779999,345.299988,1293.75,716.0,14.53
2026-09-05,0.218532,,0.094403,,,,,,,,,1.556777,,7.594252,,257.241211,,,,766.911743,,,79823.867188,,,,,,,,,,,,,,,,,0.089684,0.915667,,,,,,,,,7.739308,2480.735596,,,,,,,,,,,,0.787378,,,,,,,,,,,0.080209,,,,,,,,,,,,,,,,,,,,12.049007,,54.685814,,,,,,,,,,,,,,,,,,,,,,,,,,,,,,,,,,103.18763,,,,,,0.333927,,0.999897,,,,,,,,,,,,,1.000088,,,,,,,,,,,,,,,0.184074,,553.799438,1.412473,,,,,,
2026-09-06,0.22312,,0.096423,,,,,,,,,1.595771,,7.907875,,260.689789,,,,752.500732,,,80350.046875,,,,,,,,,,,,,,,,,0.090819,0.976592,,,,,,,,,7.858617,2514.548828,,,,,,,,,,,,0.806881,,,,,,,,,,,0.081556,,,,,,,,,,,,,,,,,,,,13.22381,,54.974289,,,,,,,,,,,,,,,,,,,,,,,,,,,,,,,,,,106.447632,,,,,,0.335233,,0.999881,,,,,,,,,,,,,0.999957,,,,,,,,,,,,,,,0.186727,,539.596008,1.422825,,,,,,
2026-09-07,0.220622,,0.097398,,,,,,,,,1.631299,0.720638,8.086605,,259.023682,,,,740.027283,,,79115.851562,,,,,,,,,,,,,,,,,0.090627,1.062606,,,,,,,,,7.907286,2490.958008,,0.9406,0.85913,181.403,1.1614,,,,,,,0.83694,,,,,211.141006,1.351717,,,,,0.081933,,,,,,,,,,,,,,,,,,,,12.757635,,55.257076,,,,,,,,0.588291,,,,,,,,,,,,,,,,,,,,,,,,,,103.866234,,,,,,0.334485,5.1262,0.999922,1.38337,0.80993,6.7108,7.8406,94.430298,156.197006,1345.060059,16.885509,9.2979,3.70977,9.57512,1.26698,0.999779,48.423168,15.96013,,,,,,,,,,,,,0.193734,,519.703491,1.39775,,,,,,15.3
2026-09-08,0.219309,96.557663,0.100731,55.970001,173.850357,15.184966,131.809998,19.222425,50.015835,137.170441,6.79,1.858336,0.72209,8.005027,,258.341522,91.197517,12.694525,20.485334,752.429199,71.634827,47.274734,78438.578125,133.970001,13.340439,64.994286,97.919998,5886.0,74.881203,45.950001,99.728752,93.029999,47.846703,82.639999,39.100666,32.400002,31.16,526.815796,188.209442,0.089994,1.248196,11.86441,98.839996,68.830002,107.760002,198.510818,93.898796,1041.209961,,8.598304,2484.941406,18.719999,0.94059,0.8583,178.897003,1.162764,43.57,97.959999,48.349998,38.610001,137.542786,68.220001,0.845479,50.745445,10.724282,115.994019,11.7334,208.419998,1.354683,4439.0,98.410004,328.875,399.720001,0.079064,84.25,6.739,4.5678,21.873297,78.769547,44.389999,91.843208,65.25,49.09,27.905628,293.902405,94.664917,318.450012,23.76,105.730003,30.120001,35.573139,9.582004,217.024994,12.516329,105.026825,54.281452,127.889999,56.357491,92.152115,53.950001,103.732941,2.916,44.450001,0.58828,60.718998,10.849676,47.029999,1355.599976,54.810001,19.299999,17.630571,14.867385,1848.199951,137.389191,298.537048,61.443233,36.490002,717.612244,3.2525,75.168785,36.994652,119.473961,215.918365,18.1,23.29277,81.417641,66.296997,52.134346,59.369999,103.325127,209.630005,764.062683,15.349193,107.050003,81.870262,0.338823,5.1267,0.999924,1.38049,0.80899,6.7108,7.8399,94.491898,153.854996,1343.569946,16.9473,9.26509,3.70457,9.5899,1.26545,0.999877,48.448898,15.98319,146.029999,80.110664,77.841599,17.299999,35.259998,95.105141,44.950001,160.507645,89.332298,237.25,69.435844,71.370003,0.187742,43.533566,500.077148,1.416248,511.0,70.18,341.799988,1302.5,730.25,15.72
2026-09-09,0.211945,96.33844,0.099099,56.189999,173.553558,15.453638,130.979996,19.183393,49.59222,132.96489,6.76,1.857424,0.72204,7.79491,,251.824341,91.197517,12.617237,20.475389,722.735229,71.475395,47.115124,78259.523438,129.070007,13.340439,63.560738,101.209999,5924.0,74.102524,44.110001,99.32988,96.050003,47.886574,83.730003,38.341526,32.849998,31.33,522.864868,187.792313,0.086163,1.122182,11.963528,98.769997,68.480003,106.559998,196.200943,93.709724,1043.060059,,8.019215,2466.913818,18.58,0.94072,0.85851,178.453995,1.162737,43.040001,97.0,47.830002,38.07,134.053818,68.040001,0.820171,50.735481,10.664758,113.926414,11.540732,207.852005,1.354463,4460.700195,99.470001,329.700012,403.350006,0.076547,83.074997,6.8035,4.801,21.843565,78.630165,44.290001,91.584099,64.769997,48.669998,27.866076,289.882904,94.495888,319.200012,23.57,104.089996,30.469999,34.717018,9.407875,215.850006,11.803999,104.857544,53.137539,127.480003,56.029255,91.843384,53.34,103.194435,2.822,44.130001,0.585871,59.813484,10.820537,47.189999,1367.300049,54.189999,19.6,17.830465,15.034656,1914.400024,134.591415,291.608124,60.51965,36.389999,715.564392,3.2106,74.584694,36.63884,121.295868,213.836197,18.4,23.054583,81.387726,67.942001,51.769009,60.720001,101.608063,204.529999,760.511536,15.339526,106.800003,81.402161,0.338875,5.0848,0.999891,1.37775,0.80911,6.7105,7.8414,94.822998,153.477997,1339.209961,16.9098,9.21637,3.70752,9.58326,1.26442,0.999714,48.4631,16.00687,149.970001,79.961311,77.781837,17.559999,34.68,94.123657,44.57,159.480286,88.845222,235.899994,69.346397,70.970001,0.181167,43.047653,512.019897,1.394423,507.75,70.010002,343.299988,1295.25,711.25,16.459999
2026-09-10,0.204717,95.71067,0.091334,55.75,171.129776,15.483492,127.910004,19.202909,48.823811,129.264008,6.68,1.791704,0.72209,7.428786,,223.668365,91.207489,12.539948,20.475389,709.133362,71.017021,46.855755,76568.125,125.410004,12.965328,62.997204,107.629997,5961.0,72.811302,43.07,97.953758,102.480003,47.737053,84.639999,38.528847,33.619999,31.92,519.55249,184.107574,0.082914,1.09603,12.072558,99.089996,67.0,105.660004,195.001373,92.953445,1023.809998,,7.576235,2437.098633,18.559999,0.94227,0.85858,178.651993,1.163386,42.619999,96.440002,47.529999,38.560001,134.864273,67.059998,0.779788,50.755413,10.555631,113.609833,11.454033,208.072998,1.355197,4407.299805,96.029999,332.575012,396.359985,0.074818,83.150002,6.467,5.0575,21.942673,78.271759,43.68,90.86657,64.059998,48.110001,27.252981,286.950562,94.088234,315.299988,23.290001,100.870003,31.110001,34.29388,9.432751,217.824997,11.459658,103.911629,52.120342,124.480003,55.502083,91.106407,52.799999,102.436531,2.834,43.849998,0.584481,59.27615,10.742831,46.950001,1281.300049,53.360001,20.049999,18.070337,15.074014,1797.099976,133.351273,291.608124,59.486828,36.240002,707.952332,3.3932,74.555,36.569653,121.147339,212.371704,18.73,22.885866,81.178345,64.283997,50.979095,57.5,98.689911,204.669998,755.95282,15.097883,106.330002,80.455963,0.339871,5.1034,0.999836,1.38048,0.81,6.7105,7.8422,95.111801,153.572998,1339.170044,16.89039,9.19512,3.70766,9.59018,1.26421,0.999609,48.487301,16.03952,158.380005,79.353958,77.482979,18.16,34.369999,93.310707,44.029999,158.123764,89.898888,235.710007,68.193611,70.5,0.174749,42.690659,508.065796,1.335322,514.0,71.279999,348.799988,1316.0,723.25,17.84
2026-09-11,0.206164,95.640915,0.093352,55.91,175.947693,15.47354,128.979996,19.261456,50.380337,130.263428,6.63,1.64165,0.7156,7.455604,,228.013275,91.237404,12.607576,20.475389,726.968445,70.967201,46.87571,77173.796875,128.509995,12.840293,63.96608,104.610001,5933.0,74.536224,42.34,96.497856,100.050003,47.577564,82.379997,38.982361,33.16,31.99,524.580872,187.295715,0.084284,1.040002,12.092381,99.120003,67.839996,106.699997,196.409119,92.883781,1037.719971,,7.625316,2514.733887,19.16,0.94409,0.85938,179.345001,1.160995,42.869999,98.559998,47.939999,38.189999,136.040451,67.25,0.785355,50.765377,10.615154,113.134979,11.454033,208.675995,1.350931,4408.899902,97.099998,337.825012,398.769989,0.074393,81.525002,6.4695,4.9593,22.041782,78.251846,43.77,90.697159,64.050003,48.57,27.233206,288.137482,94.068352,313.649994,23.190001,101.080002,31.01,34.343086,9.502402,219.675003,11.53927,103.871803,53.266113,124.790001,55.919842,91.006805,52.959999,102.885284,2.831,43.869999,0.580562,59.206493,10.762257,46.990002,1310.900024,54.080002,19.790001,17.830465,15.034656,1793.5,134.68071,293.488831,59.804619,36.369999,714.135864,3.3072,74.620003,37.597557,120.790878,214.065323,18.15,23.024811,81.128502,64.554001,52.410816,58.119999,102.396248,204.830002,762.39679,15.097883,105.839996,80.545609,0.338483,5.1028,0.999748,1.38353,0.81322,6.7061,7.84119,95.694504,154.481995,1348.170044,16.98494,9.27215,3.72411,9.68576,1.26805,0.999685,48.592098,16.20256,154.899994,79.254395,77.42321,17.299999,35.439999,93.984856,44.080002,159.530167,89.451569,235.619995,68.879318,70.760002,0.178238,43.057571,521.281372,1.356175,510.25,69.010002,347.0,1280.25,707.0,15.84
2026-09-12,0.207418,,0.092778,,,,,,,,,1.604753,,7.400791,,226.424377,,,,727.453125,,,77270.46875,,,,,,,,,,,,,,,,,0.084853,1.018839,,,,,,,,,7.613163,2525.94458,,,,,,,,,,,,0.801351,,,,,,,,,,,0.074698,,,,,,,,,,,,,,,,,,,,11.504168,,53.638432,,,,,,,,,,,,,,,,,,,,,,,,,,,,,,,,,,101.785591,,,,,,0.339846,,0.999864,,,,,,,,,,,,,0.99979,,,,,,,,,,,,,,,0.180086,,539.085693,1.36656,,,,,,
2026-09-13,0.203602,,0.094506,,,,,,,,,1.581603,,7.291378,,220.877014,,,,716.330505,,,76838.15625,,,,,,,,,,,,,,,,,0.082421,0.999594,,,,,,,,,7.427154,2477.020752,,,,,,,,,,,,0.952547,,,,,,,,,,,0.075058,,,,,,,,,,,,,,,,,,,,11.201868,,53.734257,,,,,,,,,,,,,,,,,,,,,,,,,,,,,,,,,,99.245773,,,,,,0.338307,,0.999889,,,,,,,,,,,,,0.999656,,,,,,,,,,,,,,,0.177138,,518.122314,1.340613,,,,,,
2026-09-14,0.208578,95.551231,0.096001,55.48,175.047424,15.403884,128.309998,19.32,51.188156,130.144699,6.57,1.580731,0.7152,7.561276,,223.320862,91.237404,12.636559,20.495279,720.235901,70.917381,46.815853,78163.382812,128.289993,12.667165,63.768353,105.68,5995.0,73.106995,41.82,96.268509,101.389999,47.607464,80.639999,39.159821,33.150002,31.969999,523.283875,177.919998,0.083632,1.003841,12.211323,99.459999,65.989998,105.849998,195.863876,92.764366,998.719971,,7.564202,2514.406982,19.17,0.94677,0.85714,177.876999,1.159393,42.709999,97.580002,47.91,37.720001,137.779999,68.690002,0.935685,50.785309,10.664758,113.303154,11.5889,207.513,1.352576,4351.899902,94.139999,343.575012,392.839996,0.077706,79.599998,6.33,4.9615,22.170624,78.182152,44.740002,90.617432,63.389999,48.43,27.282648,287.160004,93.949036,307.350006,23.219999,102.269997,30.809999,34.352924,9.3631,222.25,11.510757,103.851891,53.121048,125.599998,56.069038,90.847466,53.32,102.825455,2.896,43.759998,0.581199,58.977627,10.762257,47.34,1294.599976,53.02,19.780001,17.940407,15.074014,1775.900024,134.125122,292.399994,59.586136,36.209999,708.441772,3.3171,74.529999,37.983021,120.998817,214.204803,18.16,22.91564,81.098579,63.513,51.324684,56.84,102.495056,204.970001,758.995239,14.9239,105.82,80.605362,0.338063,5.111208,0.999891,1.3867,0.81665,6.708,7.84201,95.032799,153.423996,1344.640015,16.975599,9.29113,3.7262,9.70342,1.26713,0.999846,48.6087,16.17828,156.660004,79.194664,77.393326,17.49,35.009998,93.518898,43.990002,158.323257,88.566895,234.210007,68.769997,70.260002,0.191181,42.760075,512.889221,1.421013,512.0,69.360001,349.700012,1285.25,707.0,17.1
2026-09-15,0.195423,95.511368,0.088838,55.299999,175.809189,15.36408,127.0,19.370001,52.143749,127.75,6.51,1.51821,0.713781,7.273459,,216.967178,91.247375,12.626898,20.535055,712.160645,70.897453,46.755997,75612.507812,126.699997,12.792201,63.115841,108.75,5895.0,73.25,41.419998,97.146034,105.830002,47.438011,81.099998,39.366859,33.68,32.240002,520.031372,179.270004,0.080076,0.944337,12.280705,99.650002,65.760002,105.400002,196.865143,92.535492,1006.97998,,7.192347,2399.086914,18.200001,0.94374,0.85538,178.289993,1.154854,42.529999,96.919998,47.799999,37.779999,137.300003,66.199997,0.815389,50.795277,10.644916,112.709587,11.559999,208.429001,1.350093,4332.799805,94.129997,340.274994,394.149994,0.074256,79.074997,6.3685,5.262,21.932762,78.032814,43.110001,90.507812,63.119999,47.59,27.33209,285.140015,93.760124,299.649994,22.99,100.0,31.110001,33.949467,9.37305,220.699997,10.891036,103.831978,51.253685,124.489998,56.238132,90.867378,52.91,102.586121,2.919,43.200001,0.577861,58.420391,10.752543,47.130001,1289.199951,52.84,20.1,18.180279,14.975619,1773.199951,134.769989,296.679993,58.75193,36.150002,703.80658,3.4652,74.050003,38.170811,119.52346,213.158752,17.940001,22.856094,81.068672,63.236,51.156826,57.529999,96.888367,204.100006,755.513916,14.691922,105.790001,80.386246,0.332822,5.138,0.999932,1.38997,0.8171,6.7082,7.8431,95.835403,154.384995,1345.609985,17.1208,9.32611,3.7547,9.76123,1.27027,0.99933,48.624298,16.248119,161.860001,79.164795,77.353477,17.530001,34.529999,93.290871,43.59,157.625046,88.030128,232.759995,67.480003,70.690002,0.176112,42.710491,505.879517,1.284692,535.75,69.879997,360.100006,1318.75,728.5,17.200001
2026-09-16,0.19608,95.471512,0.088767,54.73,174.503296,15.354131,124.529999,19.370001,52.724983,124.209999,6.5,1.520194,0.71255,7.472396,,220.993576,91.247375,12.655881,20.515167,725.575928,70.857597,46.855755,76150.320312,123.449997,12.782583,63.313572,105.830002,5979.0,73.220001,40.009998,97.913872,102.43,47.537689,80.440002,39.130241,33.16,32.119999,514.035156,181.070007,0.080866,1.019073,12.161764,100.309998,65.720001,105.019997,196.16127,92.605148,1016.159973,,7.372333,2416.119873,18.15,0.94496,0.85638,179.143997,1.153762,42.43,97.010002,47.459999,37.48,136.429993,66.099998,0.805947,50.785309,10.704441,111.215759,11.53,209.173004,1.347346,4387.5,92.800003,338.475006,391.73999,0.07388,78.675003,6.4315,5.2465,21.566061,78.072639,43.040001,90.418121,62.990002,47.459999,26.906879,283.920013,93.849609,295.850006,22.59,96.839996,31.040001,33.870743,9.328274,218.449997,11.047363,104.001244,51.684353,121.900002,55.939735,90.85743,52.310001,102.536255,2.891,41.650002,0.575129,56.868088,10.791396,46.91,1300.099976,52.75,19.799999,17.830465,14.641079,1783.199951,133.740005,294.679993,58.205723,36.110001,703.986389,3.485,73.260002,38.388252,118.751129,211.485031,17.969999,22.707226,80.998878,64.288002,51.097584,57.049999,98.641861,202.940002,752.18219,14.479276,105.389999,80.555557,0.335408,5.1429,0.999836,1.3924,0.819066,6.7112,7.8445,95.992699,155.266006,1363.569946,17.1464,9.34843,3.75927,9.7791,1.27313,0.999178,48.655102,16.267241,156.169998,79.20462,77.323593,17.67,34.82,92.676208,43.400002,157.006653,87.68222,234.5,68.169998,70.709999,0.183583,42.452663,497.881836,1.299341,534.25,69.190002,360.899994,1320.5,730.75,17.709999
2026-09-17,0.202604,95.989677,0.090458,55.009998,173.701965,15.513344,126.0,19.65,55.503094,125.32,6.45,1.579061,0.70881,7.611246,,233.902893,91.267319,12.858762,20.56489,738.001953,71.216316,46.995415,76403.773438,125.410004,12.984566,63.204819,104.82,5772.0,73.739998,40.169998,98.362602,101.910004,47.447975,78.410004,39.623188,33.049999,32.02,517.157959,184.259995,0.081718,1.081493,12.14194,100.220001,66.910004,106.040001,199.888809,93.202225,1025.939941,,7.508953,2447.106689,18.469999,0.94656,0.85703,178.970993,1.146986,42.689999,97.910004,47.950001,37.740002,139.029999,66.529999,0.840003,50.825172,10.863172,110.562836,11.74,208.789001,1.338294,4399.700195,95.919998,334.825012,398.359985,0.074608,78.900002,6.5865,5.1139,21.704811,78.371315,43.299999,90.936333,63.599998,48.009998,26.847549,285.429993,94.197601,290.549988,22.57,98.190002,30.83,33.870743,9.502402,215.649994,11.390056,104.708199,53.929024,121.169998,56.725513,91.435051,52.669998,102.87532,2.901,41.66,0.571991,57.037247,11.024514,47.369999,1290.199951,52.91,19.709999,17.980385,14.818189,1791.400024,135.179993,300.76001,58.672482,36.240002,716.173706,3.5073,73.120003,37.983021,119.424446,212.511169,17.42,22.796545,81.11853,65.470001,51.690018,58.970001,101.603394,204.470001,760.710999,14.575933,105.709999,81.45195,0.334661,5.1509,0.999858,1.39882,0.82532,6.706,7.84408,96.132301,156.014008,1376.599976,17.24028,9.41926,3.79898,9.85238,1.27781,0.999141,48.667301,16.37639,155.309998,79.632751,77.502907,16.98,34.82,93.003365,43.779999,158.812012,87.185211,232.259995,69.169998,71.589996,0.183484,42.581577,517.575134,1.295872,530.5,68.68,368.700012,1319.75,727.0,15.44
2026-09-18,0.22454,95.620987,0.097888,54.98,172.11908,15.503392,125.910004,19.4,52.508251,123.800003,6.42,1.718701,0.71155,8.198013,,255.106857,91.287262,12.636559,20.545,761.016418,70.947273,46.935558,80901.460938,124.959999,12.763348,62.453438,103.870003,5327.0,73.059998,40.099998,96.577637,100.300003,47.428043,77.379997,38.992218,32.93,32.23,515.880005,182.119995,0.087411,1.134346,12.132029,100.220001,67.029999,104.970001,200.622406,92.923584,1021.340027,,8.147628,2611.347168,19.92,0.94662,0.85915,179.197998,1.147605,42.150002,97.0,47.27,37.52,136.710007,70.660004,0.943022,50.825172,10.783806,109.721939,11.29,208.539001,1.3358,4424.899902,95.480003,333.575012,401.170013,0.079114,78.099998,6.615,5.0578,21.645348,78.182152,46.02,90.487885,63.169998,48.02,26.610222,284.100006,94.008698,294.549988,22.530001,98.809998,30.82,33.683777,9.383,215.925003,12.228726,104.250168,58.002792,118.93,55.889999,90.917175,53.07,102.596085,2.912,41.549999,0.57282,56.380505,10.849676,46.66,1306.199951,52.959999,19.66,18.030359,14.749312,1803.5,134.839996,296.309998,58.166,36.150002,720.699036,3.5276,72.949997,37.943485,120.741379,211.494995,17.360001,22.568283,80.998878,66.556,51.423424,59.93,112.59922,205.320007,761.690002,14.440613,105.269997,80.92408,0.338275,5.1241,0.999701,1.39903,0.82488,6.7074,7.8459,95.799202,156.128998,1379.530029,17.163441,9.41739,3.7934,9.82161,1.27591,0.999659,48.77618,16.255051,153.820007,79.344009,77.373398,17.09,34.900002,92.111115,43.310001,158.550003,86.171318,228.869995,68.059998,70.620003,0.193083,42.174999,563.447021,1.396153,527.5,67.699997,354.600006,1303.5,714.25,14.81
2026-09-19,0.227764,,0.104943,,,,,,,,,1.74545,,10.086184,,255.225983,,,,762.044373,,,81233.679688,,,,,,,,,,,,,,,,,0.087722,1.123093,,,,,,,,,8.565478,2631.962646,,,,,,,,,,,,0.961784,,,,,,,,,,,0.081429,,,,,,,,,,,,,,,,,,,,12.428622,,58.332253,,,,,,,,,,,,,,,,,,,,,,,,,,,,,,,,,,111.014938,,,,,,0.339733,,0.999888,,,,,,,,,,,,,0.999637,,,,,,,,,,,,,,,0.19623,,546.730469,1.410446,,,,,,
2026-09-20,0.227967,,0.108729,,,,,,,,,1.76654,,11.337066,,252.711395,,,,772.348145,,,81142.609375,,,,,,,,,,,,,,,,,0.087283,1.134866,,,,,,,,,8.525611,2642.997559,,,,,,,,,,,,0.942495,,,,,,,,,,,0.08652,,,,,,,,,,,,,,,,,,,,12.512976,,58.736786,,,,,,,,,,,,,,,,,,,,,,,,,,,,,,,,,,111.132912,,,,,,0.342542,,0.999957,,,,,,,,,,,,,0.999754,,,,,,,,,,,,,,,0.197324,,562.97583,1.409852,,,,,,
2026-09-21,0.244812,95.870102,0.112448,54.349998,172.732452,15.602901,127.910004,19.440001,52.547657,126.669998,6.43,1.809748,0.71216,11.227929,,267.012848,91.307205,12.723508,20.559999,798.890137,71.146568,47.095169,86602.914062,126.410004,12.763348,63.402546,100.339996,5351.0,73.220001,40.860001,98.771454,95.779999,47.447975,79.849998,39.159821,32.580002,32.060001,519.780029,186.330002,0.099622,1.20628,12.161764,100.43,68.830002,106.129997,200.820694,93.321632,1057.26001,,8.877773,2776.468262,20.85,0.94424,0.85726,180.276993,1.147974,42.599998,97.959999,47.689999,38.07,137.460007,75.309998,0.985149,50.845104,10.863172,109.444931,11.43,210.266006,1.338867,4383.899902,94.43,337.475006,398.380005,0.093191,78.150002,6.6865,4.8895,22.111158,78.33149,49.009998,90.836678,63.330002,48.5,26.77833,285.579987,94.167778,276.399994,22.540001,100.830002,30.690001,34.038033,9.6,220.949997,13.13433,104.638489,62.002445,118.860001,56.279999,91.21595,54.0,102.576141,2.836,41.630001,0.5723,56.370552,10.869102,46.830002,1302.900024,53.080002,19.440001,18.220257,14.906743,1798.5,135.820007,296.670013,58.77,36.419998,741.469971,3.4699,72.919998,38.26965,120.483932,212.679993,17.48,22.756849,81.048737,65.824997,52.272579,59.630001,118.75013,204.979996,773.5,14.498608,105.68,81.471878,0.344562,5.1407,1.00001,1.39941,0.82267,6.6975,7.84473,96.0131,157.046005,1384.859985,17.227501,9.40779,3.7979,9.83484,1.27602,0.999869,48.773201,16.238501,148.160004,79.573006,77.453094,16.940001,35.580002,93.003365,43.669998,160.889999,86.509285,232.759995,67.150002,70.839996,0.215184,42.59,589.423584,1.533043,543.0,68.32,366.600006,1328.0,726.75,14.87
2026-09-22,0.254126,95.909958,0.112141,53.669998,173.375488,15.702409,124.150002,19.360001,53.050079,124.720001,6.41,1.842378,0.7119,11.283516,,345.198944,91.307205,12.655881,20.57,788.155701,71.156532,47.14505,86172.28125,124.010002,12.63831,63.580505,99.25,5402.0,72.370003,40.23,100.03788,94.589996,47.438011,79.690002,38.016182,32.439999,31.9,518.0,185.649994,0.100367,1.216406,12.201411,100.599998,69.099998,106.5,201.683182,93.251976,1059.26001,,9.421466,2752.632568,20.76,0.94108,0.85736,180.395996,1.14646,42.650002,98.779999,47.669998,38.259998,134.990005,75.010002,1.041872,50.815208,10.83341,109.276756,11.31,210.388,1.33709,4376.399902,97.830002,337.274994,400.070007,0.098989,79.275002,6.7595,4.9421,22.081427,78.321533,48.830002,90.846642,63.290001,48.290001,26.83766,287.209991,94.177719,272.299988,22.549999,98.440002,30.620001,34.185638,9.725,218.774994,13.032178,104.638489,62.877068,119.150002,56.0,91.076523,54.25,102.466446,2.965,41.599998,0.571161,56.251144,10.820537,46.470001,1292.900024,53.57,19.360001,18.25024,14.946101,1822.599976,135.880005,289.709991,58.740002,36.419998,747.460022,3.4875,73.529999,37.785347,120.355209,212.800003,17.59,22.737,81.078644,65.931999,51.818378,60.73,118.507423,205.949997,773.380005,14.595265,105.559998,81.422073,0.341979,5.1104,0.999825,1.40328,0.8208,6.6953,7.84484,95.711998,157.369003,1373.680054,17.215969,9.43995,3.7871,9.8356,1.27613,0.999818,48.807301,16.219999,144.080002,79.602875,77.473015,16.48,35.279999,92.815002,43.740002,161.240005,86.340302,230.389999,67.860001,71.879997,0.216106,42.5,573.513123,1.57176,536.75,67.370003,368.899994,1325.5,717.25,14.21
2026-09-23,0.238348,95.072929,0.10428,53.580002,168.953308,15.752163,124.360001,19.15,51.089645,121.480003,6.26,1.694849,0.71121,10.268763,,337.46286,91.327141,12.501305,20.530001,767.254211,70.558655,46.825829,84383.007812,119.269997,12.090073,61.65263,103.080002,5528.0,70.230003,39.919998,101.354164,92.160004,47.298458,78.910004,37.6021,32.880001,32.459999,514.299988,181.449997,0.09269,1.100174,12.132029,101.099998,67.709999,104.800003,200.850433,92.207108,1037.660034,,8.731962,2684.691895,20.209999,0.93956,0.85792,180.266006,1.144794,41.869999,97.050003,47.09,37.369999,133.839996,73.580002,0.935329,50.815208,10.704441,108.218216,11.17,210.104004,1.334312,4318.399902,93.559998,336.524994,392.880005,0.090435,79.875,6.678,4.7764,21.952583,77.754059,47.880001,89.879974,62.369999,48.049999,26.630001,281.920013,93.432014,275.899994,22.209999,97.209999,31.07,33.496807,9.53,220.925003,12.353864,103.443649,61.826874,117.779999,55.080002,90.160278,53.169998,101.758408,3.023,41.330002,0.572449,55.335682,10.635984,46.169998,1257.900024,53.389999,19.610001,18.21026,14.828028,1745.699951,133.960007,286.730011,57.529999,36.32,741.210022,3.587,72.730003,37.70628,119.553169,211.309998,17.75,22.42,80.879242,64.382004,49.349895,58.16,114.975349,204.160004,767.809998,14.208635,104.809998,80.137245,0.341916,5.0999,0.99986,1.40657,0.82082,6.6996,7.8426,95.689796,157.464005,1350.359985,17.285601,9.43884,3.79732,9.83024,1.27495,0.999736,48.836201,16.1618,148.830002,78.796394,77.124352,16.790001,34.16,91.449997,43.220001,159.330002,86.12162,229.869995,69.309998,70.57,0.202155,41.84,552.54303,1.500557,529.0,67.25,370.299988,1318.0,708.5,15.18
2026-09-24,0.248015,94.614548,0.113297,53.400002,165.470947,16.030787,120.690002,19.129999,49.730141,120.110001,6.26,1.783476,0.703408,10.188395,,337.870331,91.317177,12.462661,20.51,776.498718,70.199936,46.785927,84379.0625,117.209999,11.916945,61.563648,106.599998,5590.0,67.629997,39.419998,100.676079,94.610001,47.148937,79.510002,37.079578,33.18,32.77,512.679993,181.0,0.09575,1.155396,12.310441,101.290001,67.25,104.5,200.751297,91.729454,1034.76001,,9.384996,2687.301514,20.33,0.93913,0.85968,180.128998,1.138187,41.869999,95.809998,47.16,36.91,132.229996,73.410004,0.990396,50.845104,10.615154,109.167931,11.17,209.520996,1.324152,4298.0,92.349998,337.625,391.690002,0.093047,79.199997,6.7185,4.7303,22.012049,77.544991,47.810001,89.381699,62.220001,47.560001,26.5,281.660004,93.143677,275.350006,22.25,95.639999,31.07,33.506649,9.49,219.074997,13.206987,102.706833,71.91227,117.260002,54.759998,89.493019,52.82,101.309647,3.297,41.18,0.56745,55.136669,10.490287,46.330002,1270.199951,53.07,19.799999,18.590059,14.96578,1749.099976,133.820007,284.559998,56.759998,36.220001,741.099976,3.5646,72.919998,37.548138,120.77108,210.259995,17.58,22.35,80.849327,63.457001,50.238552,57.619999,117.009117,204.699997,767.179993,13.88,104.300003,79.101418,0.340131,5.1643,0.999912,1.41048,0.82504,6.7111,7.84248,95.741203,158.264999,1362.5,17.5413,9.48319,3.84426,9.91508,1.28022,0.999656,48.850899,16.368179,153.089996,78.358307,76.99485,16.9,34.380001,91.169998,42.98,159.050003,86.310486,233.610001,69.25,69.260002,0.216539,41.650002,564.603577,1.533114,527.5,66.93,376.100006,1317.5,707.0,15.67
2026-09-25,0.258472,94.783951,0.116365,53.049999,167.222031,16.110394,121.690002,19.200001,49.188313,122.010002,6.24,1.789765,0.7008,10.652304,,343.063751,91.357063,12.472322,20.530001,776.799011,70.379295,46.825829,84034.921875,118.419998,12.022745,62.680832,104.32,5619.0,67.839996,40.029999,101.523689,92.410004,47.08913,78.910004,37.286617,32.619999,32.490002,517.48999,178.610001,0.098948,1.211589,12.379823,100.970001,67.980003,105.559998,199.779755,91.729454,1008.080017,,9.493789,2690.475586,20.309999,0.94199,0.861,180.636993,1.137475,42.259998,97.93,47.32,36.82,133.350006,73.050003,1.047935,50.855068,10.773885,109.336113,11.25,209.785004,1.321074,4321.200195,92.870003,334.924988,393.410004,0.095475,78.224998,6.6955,4.6847,22.220179,77.515121,47.57,89.690628,62.380001,47.860001,26.620001,281.970001,93.074074,278.600006,22.440001,96.669998,30.9,33.683777,9.48,218.875,13.918909,102.766571,72.39415,118.349998,55.099998,89.971054,52.619999,100.890808,3.196,41.299999,0.565691,55.266029,10.5,46.279999,1263.699951,53.470001,19.5,18.410154,15.182248,1774.699951,133.050003,287.970001,57.52,36.34,744.5,3.3934,73.230003,37.034187,120.26609,211.110001,17.5,22.309999,80.968971,64.245003,50.366909,58.139999,122.009743,204.820007,771.349976,13.88,104.540001,79.001823,0.338151,5.1905,0.999852,1.4146,0.82804,6.7111,7.8427,96.161301,158.811005,1367.359985,17.73868,9.51568,3.84667,9.92771,1.27975,0.999783,48.949402,16.4305,148.330002,78.497696,77.104431,16.610001,34.73,90.989998,43.099998,160.029999,86.071915,231.369995,69.989998,69.309998,0.220227,41.560001,557.142029,1.568413,528.25,67.260002,373.899994,1319.0,703.25,14.87
2026-09-26,0.254308,,0.118326,,,,,,,,,1.867475,,10.859573,,335.880829,,,,773.235657,,,84406.453125,,,,,,,,,,,,,,,,,0.096766,1.242884,,,,,,,,,9.435839,2695.213135,,,,,,,,,,,,1.136443,,,,,,,,,,,0.093547,,,,,,,,,,,,,,,,,,,,14.154918,,72.634254,,,,,,,,,,,,,,,,,,,,,,,,,,,,,,,,,,121.425644,,,,,,0.334283,,0.999837,,,,,,,,,,,,,0.999703,,,,,,,,,,,,,,,0.216586,,559.451965,1.528098,,,,,,
2026-09-27,0.255515,,0.119542,,,,,,,,,1.887389,,10.911216,,332.838501,,,,778.8974,,,84458.085938,,,,,,,,,,,,,,,,,0.097034,1.271122,,,,,,,,,9.600055,2686.926758,,,,,,,,,,,,1.13984,,,,,,,,,,,0.095921,,,,,,,,,,,,,,,,,,,,14.037887,,71.325241,,,,,,,,,,,,,,,,,,,,,,,,,,,,,,,,,,122.058701,,,,,,0.333382,,0.99992,,,,,,,,,,,,,0.999782,,,,,,,,,,,,,,,0.216128,,547.554688,1.518358,,,,,,
2026-09-28,0.247124,94.315613,0.135994,52.93,166.203049,16.269608,119.0,19.129999,47.937176,118.339996,6.2,1.734614,0.70091,10.593069,,310.383514,91.367027,12.433679,20.469999,763.800964,70.03054,46.72607,83502.609375,114.559998,11.936182,61.721836,105.279999,5589.0,67.099998,39.52,102.710342,92.599998,47.178841,79.059998,36.862679,32.490002,32.610001,514.02002,177.179993,0.093875,1.180516,12.528501,101.199997,67.199997,105.040001,200.691818,90.893555,1011.070007,,9.280425,2688.668701,20.15,0.94401,0.8601,179.156998,1.137799,42.130001,96.830002,47.27,36.209999,131.679993,72.529999,1.062016,50.845104,10.654837,108.653503,11.16,208.289993,1.322926,4168.399902,87.889999,331.899994,377.910004,0.121871,78.25,6.566,4.7553,22.458038,77.196541,47.209999,89.222244,62.02,47.09,26.540001,280.019989,92.626656,288.75,22.49,93.239998,30.98,33.378719,9.37,217.449997,15.442647,102.029755,69.224548,118.339996,55.07,89.293839,52.540001,100.332352,3.0,41.400002,0.565141,55.076965,10.461147,46.68,1209.800049,53.080002,19.370001,18.71999,15.467591,1721.199951,132.440002,284.790009,56.689999,36.130001,736.530029,3.3377,73.330002,36.757442,120.889893,209.740005,17.459999,22.25,80.86927,61.220001,48.698219,54.950001,118.836731,204.529999,765.609985,13.841337,104.089996,78.304634,0.33541,5.1875,0.999943,1.41548,0.82972,6.7128,7.8441,95.7883,157.462997,1354.51001,17.748659,9.52109,3.84129,9.93352,1.27848,0.999507,48.971401,16.34145,150.009995,78.049652,76.895233,16.790001,34.099998,90.589996,42.93,158.809998,86.519226,232.960007,70.830002,68.290001,0.232367,41.349998,541.102173,1.496279,523.0,67.110001,361.700012,1288.25,688.75,16.07
2026-09-29,0.244299,94.265785,0.125327,52.259998,165.559998,16.190001,119.0,19.360001,47.75,118.970001,6.23,1.722239,0.70164,11.435551,,307.669556,91.386978,12.530289,20.459999,758.085999,69.980721,46.746025,83622.429688,114.0,11.84,61.010002,102.589996,5408.0,67.07,39.68,103.956825,89.379997,47.208744,75.129997,37.335911,32.0,32.43,512.880005,176.559998,0.093856,1.192495,12.36,101.370003,67.400002,104.540001,200.899994,90.833847,1015.27002,,9.088567,2676.722168,20.280001,0.94585,0.85784,178.921005,1.137268,41.900002,96.510002,46.849998,36.470001,133.490005,72.709999,1.058205,50.855068,11.002062,108.218216,11.11,208.557999,1.325434,4179.700195,89.07,333.649994,382.890015,0.102316,79.375,6.5435,4.8979,22.24,77.017334,47.330002,89.142517,61.860001,46.939999,26.57,279.01001,92.378082,289.450012,22.42,93.18,30.99,33.299999,9.48,217.225006,14.597478,101.970016,66.794907,118.43,55.939999,89.154404,52.099998,100.003265,3.011,41.34,0.566351,54.868,10.5,46.540001,1201.599976,52.91,19.09,18.699999,15.32,1680.099976,132.610001,285.579987,56.630001,36.07,737.929993,3.2782,72.660004,36.965,120.879997,209.5,17.82,22.25,80.919121,60.667999,48.402,55.48,119.055466,204.279999,764.200012,13.88,104.010002,77.916199,0.334387,5.2229,0.999988,1.41771,0.83172,6.7103,7.84467,95.981598,157.360992,1359.560059,17.972031,9.53583,3.84188,9.95931,1.27728,0.999561,48.996201,16.40556,143.350006,78.029739,76.925117,16.68,33.889999,90.529999,42.66,158.449997,86.390007,232.899994,72.440002,67.489998,0.222415,41.34,541.756165,1.490032,522.0,67.849998,360.100006,1297.75,692.75,16.040001
2026-09-30,0.246593,94.206001,0.123955,51.869999,163.690002,16.16,116.059998,19.1,47.459999,116.169998,6.2,1.741337,0.6989,10.933303,,305.883698,91.376999,12.453001,20.43,768.18158,69.901001,46.755997,83553.851562,112.089996,11.45,61.110001,103.529999,5367.0,66.650002,39.66,102.122009,90.419998,47.128998,74.790001,37.050003,32.32,32.529999,508.549988,175.529999,0.094472,1.221615,12.36,101.449997,66.790001,103.889999,197.449997,90.395996,1011.580017,,8.889,2683.679443,20.120001,0.94601,0.85717,178.509995,1.134083,41.310001,97.459999,46.529999,37.25,131.509995,72.639999,1.042124,50.875,11.26,107.130005,10.99,208.246994,1.323276,4186.700195,87.800003,336.424988,380.839996,0.104699,78.724998,6.559,4.9569,22.389999,76.868004,47.34,89.002998,61.560001,46.68,26.33,277.890015,92.219002,290.700012,22.209999,91.300003,31.09,33.27,9.46,218.675003,14.358115,101.740997,67.170303,117.739998,55.049999,89.253998,52.189999,100.820999,3.026,41.09,0.564079,54.299999,10.49,46.310001,1201.400024,52.5,19.299999,18.76,15.42,1702.300049,129.839996,282.839996,56.290001,36.040001,739.77002,3.4378,71.879997,36.27,119.529999,208.020004,17.629999,22.040001,80.959,60.098,48.919998,54.509998,117.994812,200.759995,762.630005,13.5,104.040001,77.467995,0.337378,5.2029,1.00001,1.41913,0.83422,6.703,7.8461,96.050697,157.404007,1350.5,18.043619,9.59845,3.8487,9.99165,1.27774,0.999428,49.008141,16.390989,145.660004,77.969994,76.955002,16.940001,33.880001,89.629997,42.52,157.850006,85.019997,230.240005,71.839996,67.220001,0.226336,40.91,544.454407,1.488394,500.75,67.849998,357.100006,1293.0,675.75,16.34
2026-10-01,0.246267,94.419998,0.122357,52.259998,161.059998,16.370001,114.339996,19.16,47.029999,116.57,6.28,1.708507,0.69457,10.999374,,309.375,91.410004,12.46,20.459999,771.184387,70.089996,46.790001,84853.101562,112.239998,11.3,60.240002,102.309998,5381.0,66.120003,40.389999,102.309998,92.870003,47.200001,74.029999,37.529999,32.75,32.849998,508.619995,176.490005,0.094328,1.177009,12.51,102.099998,66.809998,102.82,194.839996,90.260002,1012.330017,,8.869795,2705.537109,20.370001,0.94654,0.85394,178.464005,1.132721,40.82,97.379997,45.889999,37.139999,133.080002,73.610001,1.020031,50.860001,11.49,108.029999,11.11,208.975998,1.326436,4202.299805,86.739998,338.875,382.76001,0.102678,77.5,6.482,4.642,22.51,76.900002,47.959999,89.300003,61.310001,46.360001,26.4,279.019989,92.300003,288.25,22.209999,91.239998,31.16,33.299999,9.54,219.300003,14.382877,102.029999,68.063057,116.379997,55.66,89.550003,52.110001,101.339996,2.967,40.200001,0.563479,53.529999,10.44,45.23,1168.800049,53.040001,19.559999,18.809999,15.42,1705.5,128.179993,284.0,56.09,36.099998,742.030029,3.4026,71.800003,36.02,120.940002,209.0,18.940001,21.860001,81.099998,60.724998,48.77,55.02,118.397827,200.809998,763.98999,13.18,104.309998,77.709999,0.334826,5.1791,0.999984,1.42357,0.83566,6.7045,7.8462,95.927101,157.557999,1356.839966,18.0772,9.62355,3.84967,10.00757,1.27788,0.999646,49.028,16.41964,150.020004,78.129997,77.129997,17.08,33.560001,89.169998,42.060001,157.800003,83.730003,226.940002,71.489998,66.209999,0.219093,40.68,544.096008,1.494038,502.25,66.970001,352.100006,1284.0,682.75,16.389999
2026-10-02,0.244375,94.25,0.127378,52.639999,162.199997,16.51,114.019997,18.860001,47.369999,117.550003,6.2,1.651691,0.69287,10.804361,,311.313995,91.43,12.32,20.48,768.148499,69.940002,46.860001,84497.210938,111.75,10.9,60.450001,102.25,5670.0,66.440002,39.82,102.5,91.110001,47.290001,75.150002,37.52,32.540001,32.91,511.100006,178.550003,0.092966,1.154904,12.57,101.93,67.669998,103.959999,195.779999,90.139999,1025.719971,,8.834058,2668.151123,20.110001,0.93414,0.8522,177.625,1.124986,41.299999,98.919998,46.18,38.189999,133.25,73.330002,1.034181,50.889999,11.24,106.690002,10.97,208.410995,1.319958,4162.299805,87.779999,334.625,380.140015,0.102454,77.875,6.492,4.5011,22.559999,76.910004,47.73,89.050003,61.759998,46.52,26.040001,281.519989,92.389999,288.75,22.24,90.290001,31.08,33.630001,9.56,218.850006,13.798003,101.830002,69.830254,115.269997,55.110001,89.220001,51.240002,100.959999,3.035,40.950001,0.56018,54.130001,10.3,45.720001,1161.099976,53.880001,19.440001,19.07,15.53,1683.199951,128.910004,283.809998,56.259998,36.240002,749.580017,3.3124,71.599998,36.689999,121.660004,209.729996,19.93,21.950001,81.050003,59.977001,48.810001,54.740002,118.615143,200.949997,769.640015,13.05,104.110001,77.480003,0.334649,5.2226,0.99993,1.42204,0.83053,6.7045,7.8464,96.2248,157.927002,1360.589966,18.314341,9.63083,3.89002,10.04254,1.28019,0.999773,49.118599,16.698971,147.369995,77.980003,77.019997,16.719999,33.73,89.5,41.959999,159.130005,84.010002,227.710007,71.790001,66.349998,0.215501,40.810001,539.814087,1.484988,497.75,68.209999,344.700012,1278.25,683.0,15.31
2026-10-03,0.244208,,0.131483,,,,,,,,,1.718984,,11.123674,,319.706879,,,,787.266113,,,84763.578125,,,,,,,,,,,,,,,,,0.092826,1.184778,,,,,,,,,8.852537,2687.255371,,,,,,,,,,,,1.066759,,,,,,,,,,,0.101937,,,,,,,,,,,,,,,,,,,,14.115564,,70.269508,,,,,,,,,,,,,,,,,,,,,,,,,,,,,,,,,,119.645058,,,,,,0.335461,,0.999943,,,,,,,,,,,,,0.999801,,,,,,,,,,,,,,,0.215984,,554.861633,1.486502,,,,,,
2026-10-04,0.25925,,0.13247,,,,,,,,,1.75111,,11.108187,,318.778412,,,,795.264099,,,86480.304688,,,,,,,,,,,,,,,,,0.095875,1.205378,,,,,,,,,9.01373,2726.509033,,,,,,,,,,,,1.058414,,,,,,,,,,,0.104058,,,,,,,,,,,,,,,,,,,,14.274962,,70.709846,,,,,,,,,,,,,,,,,,,,,,,,,,,,,,,,,,121.528595,,,,,,0.335636,,0.999859,,,,,,,,,,,,,0.99979,,,,,,,,,,,,,,,0.223753,,546.637024,1.520184,,,,,,
2026-10-05,0.2728,94.199997,0.1301,52.959499,161.929993,16.3801,114.529999,18.885,47.654999,116.824997,6.16,1.777,0.696427,10.977,,315.929993,91.440002,12.32,20.48,790.97998,69.910103,46.810001,86355.171875,110.645699,10.965,60.119999,101.18,5771.0,66.144997,39.549999,99.989998,89.519997,47.088299,79.980003,37.514999,32.470001,33.1399,510.105011,178.809998,0.09595,1.2083,12.455,102.320999,68.589996,103.68,196.910004,90.264999,1023.179993,,8.968,2720.030029,20.514999,0.93086,0.84746,176.904999,1.119069,41.09,99.214996,46.060001,42.959999,133.535004,75.095001,1.1118,50.889999,11.26,106.745003,10.975,,1.320062,4170.100098,86.740097,328.299988,379.665009,0.10238,70.75,6.6485,4.521,22.405001,76.989998,48.91,88.989998,61.830002,46.494999,26.285,282.32901,92.489998,293.450012,22.205,89.610001,31.375,33.509998,9.535,219.175003,14.054,101.830002,71.553001,115.82,55.009899,89.217903,51.944099,101.025002,3.041,40.742001,0.559347,54.025002,10.28,46.23,1185.5,54.130001,19.349899,18.99,15.385,1736.0,128.839996,283.820007,55.490101,36.330002,753.429993,3.0712,71.459999,36.66,121.379997,210.369995,20.57,21.98,81.089996,61.610001,48.689999,55.18,120.5,201.125,772.640015,13.06,104.084999,77.160103,0.336567,4.9848,0.999927,,0.83205,6.6963,,96.282997,,1341.160034,,9.60455,3.91312,,1.28042,0.99968,49.153198,16.6633,144.799896,78.014999,77.099998,16.424999,33.705002,89.595001,41.849998,159.740005,83.769997,229.130005,71.599998,66.360001,0.219569,40.845001,549.713013,1.5146,498.75,69.510002,347.200012,1286.25,694.5,15.67
